WELL,DEPT,GR,RHOB,NPHI,RT,VP,E_STAT,NU_STAT,UCS,IS_CORE,FACIES,VSH_TRUE,PHI_TRUE,PP_MPA,SV_MPA,SIG_EFF_MPA,E_DYN,NU_DYN,IS_HC
AGB-01,1000.0,70.22,2.046,0.4217,0.437,1515.8,1.368,0.3969,1.72,0,2,0.5401,0.3745,10.339,22.727,12.389,1.908,0.4164,0
AGB-01,1001.0,70.53,2.0977,0.3805,0.613,1869.7,2.4799,0.3541,2.14,0,2,0.5201,0.3343,10.349,22.75,12.401,3.5437,0.3953,0
AGB-01,1002.0,68.69,2.0818,0.3893,0.499,1660.6,1.7866,0.3592,2.02,0,2,0.5419,0.3548,10.359,22.773,12.414,2.5141,0.4079,0
AGB-01,1003.0,68.79,2.0214,0.4143,0.356,1522.8,1.3064,0.3891,1.3,0,2,0.4941,0.3948,10.37,22.796,12.426,1.8197,0.4209,0
AGB-01,1004.0,67.49,2.0229,0.4192,0.401,1485.6,1.2497,0.3884,1.35,0,2,0.507,0.3957,10.38,22.818,12.438,1.7386,0.4206,0
AGB-01,1005.0,72.03,2.0716,0.4109,0.503,1450.0,1.2751,0.3807,1.9,0,2,0.5964,0.3585,10.39,22.841,12.451,1.7748,0.416,0
AGB-01,1006.0,73.92,2.0458,0.4331,0.476,1450.0,1.2596,0.3733,1.83,0,2,0.5766,0.384,10.401,22.864,12.463,1.7526,0.416,0
AGB-01,1007.0,62.55,2.0069,0.4262,0.557,1579.7,1.367,0.407,1.62,0,2,0.5033,0.3879,10.411,22.886,12.476,1.9061,0.4228,0
AGB-01,1008.0,76.69,2.0389,0.4302,0.939,1450.0,1.2557,0.3884,1.58,0,2,0.6146,0.3879,10.421,22.909,12.488,1.7467,0.416,0
AGB-01,1009.0,71.53,2.037,0.4011,1.079,1553.6,1.2653,0.393,1.41,0,2,0.5337,0.3863,10.432,22.932,12.5,1.7603,0.4284,0
AGB-01,1010.0,71.06,2.0592,0.4088,0.548,1671.2,1.5001,0.3966,1.6,0,2,0.5495,0.3655,10.442,22.955,12.513,2.097,0.4267,0
AGB-01,1011.0,74.12,2.0686,0.4256,0.3,1450.0,1.2739,0.3855,1.51,0,2,0.5787,0.3772,10.452,22.977,12.525,1.7721,0.416,0
AGB-01,1012.0,63.57,1.9905,0.4159,0.308,1450.0,1.2271,0.3738,1.43,0,2,0.5123,0.3915,10.463,23.0,12.538,1.7052,0.416,0
AGB-01,1013.0,70.77,2.0121,0.4428,0.354,1450.0,1.2403,0.3718,1.13,0,2,0.5512,0.3948,10.473,23.023,12.55,1.7237,0.416,0
AGB-01,1014.0,70.16,2.1184,0.3866,0.48,1897.0,2.1934,0.3802,2.15,0,2,0.5486,0.3372,10.483,23.046,12.562,3.1108,0.4158,0
AGB-01,1015.0,68.9,2.0305,0.4125,0.518,1615.1,1.8131,0.3722,1.68,0,2,0.4846,0.3734,10.494,23.068,12.575,2.5497,0.3958,0
AGB-01,1016.0,72.24,2.0048,0.4117,0.512,1450.0,1.2365,0.3796,1.46,0,2,0.5781,0.3888,10.504,23.091,12.587,1.7175,0.416,0
AGB-01,1017.0,67.92,2.1098,0.3988,0.359,1782.0,1.9922,0.367,2.13,0,2,0.5564,0.3421,10.514,23.114,12.6,2.8116,0.4128,0
AGB-01,1018.0,68.66,2.0275,0.4175,0.523,1602.8,1.2654,0.401,1.28,0,2,0.5377,0.3921,10.525,23.136,12.612,1.7581,0.4333,0
AGB-01,1019.0,74.22,2.0592,0.4053,0.427,1603.8,1.4467,0.379,1.88,0,2,0.5717,0.3596,10.535,23.159,12.624,2.0173,0.4227,0
AGB-01,1020.0,64.75,2.0341,0.4126,0.385,1749.1,1.7222,0.3926,1.77,0,2,0.5147,0.3676,10.545,23.182,12.637,2.4151,0.4209,0
AGB-01,1021.0,76.24,2.0584,0.4101,0.457,1691.0,1.6634,0.3704,1.79,0,2,0.5464,0.3589,10.556,23.205,12.649,2.3294,0.419,0
AGB-01,1022.0,73.97,2.0177,0.4462,0.404,1450.0,1.2455,0.3797,1.42,0,2,0.5157,0.3915,10.566,23.227,12.661,1.7285,0.416,0
AGB-01,1023.0,72.0,2.0632,0.4034,0.525,1666.4,1.7179,0.4031,1.65,0,2,0.5455,0.3567,10.576,23.25,12.674,2.4074,0.4126,0
AGB-01,1024.0,68.21,2.028,0.4251,0.3,1450.0,1.2521,0.3783,1.28,0,2,0.619,0.3944,10.587,23.273,12.686,1.7373,0.416,0
AGB-01,1025.0,75.13,1.9643,0.4782,0.331,1450.0,1.2141,0.3978,0.97,0,2,0.5984,0.4296,10.597,23.296,12.699,1.6828,0.416,0
AGB-01,1026.0,67.46,2.0067,0.4233,0.3,1490.2,1.2442,0.3848,1.44,0,2,0.5122,0.4019,10.607,23.318,12.711,1.7253,0.4211,0
AGB-01,1027.0,68.4,2.0999,0.3762,0.397,1756.3,2.6399,0.34,1.99,0,2,0.4685,0.3469,10.618,23.341,12.723,3.7723,0.3643,0
AGB-01,1028.0,77.12,2.0541,0.4315,0.417,1450.0,1.2689,0.3764,1.42,0,2,0.5981,0.3829,10.628,23.364,12.736,1.7597,0.416,0
AGB-01,1029.0,68.27,2.0308,0.4153,0.3,1490.0,1.2595,0.3984,1.52,0,2,0.5579,0.3757,10.638,23.386,12.748,1.746,0.4211,0
AGB-01,1030.0,73.95,2.0199,0.4185,0.401,1450.0,1.2488,0.3768,1.36,0,2,0.5503,0.3955,10.649,23.409,12.761,1.7303,0.416,0
AGB-01,1031.0,71.83,2.0402,0.423,0.452,1589.9,1.2768,0.4135,1.41,0,2,0.5601,0.3727,10.659,23.432,12.773,1.7698,0.4319,0
AGB-01,1032.0,67.95,1.981,0.4346,0.308,1450.0,1.2258,0.3605,1.3,0,2,0.5766,0.3932,10.669,23.455,12.785,1.6971,0.416,0
AGB-01,1033.0,37.19,2.168,0.3194,0.566,2742.5,8.2426,0.218,3.82,0,0,0.1183,0.2963,10.68,23.477,12.798,13.8584,0.239,0
AGB-01,1034.0,29.47,2.1443,0.2911,0.779,2654.8,7.9358,0.1982,3.09,0,0,0.1019,0.3075,10.69,23.5,12.81,13.182,0.2228,0
AGB-01,1035.0,34.57,2.1172,0.3128,0.708,2567.7,7.0116,0.2378,2.98,0,0,0.1345,0.3267,10.7,23.523,12.823,11.2681,0.266,0
AGB-01,1036.0,33.38,2.1015,0.3184,0.522,2589.3,7.3169,0.2111,2.32,0,0,0.0866,0.3317,10.711,23.546,12.835,11.8781,0.2436,0
AGB-01,1037.0,33.6,2.1443,0.2923,0.34,2594.1,7.7013,0.1832,3.27,0,0,0.102,0.3142,10.721,23.568,12.847,12.6705,0.2183,0
AGB-01,1038.0,37.18,2.1424,0.3259,0.389,2380.1,6.9411,0.1535,2.54,0,0,0.1373,0.3187,10.731,23.591,12.86,11.1194,0.1848,0
AGB-01,1039.0,27.24,2.1671,0.2799,0.773,2781.8,8.6858,0.1882,3.08,0,0,0.0599,0.3018,10.742,23.614,12.872,14.8396,0.2128,0
AGB-01,1040.0,31.66,2.1496,0.3107,0.3,2624.4,7.6744,0.2246,2.89,0,0,0.109,0.3159,10.752,23.636,12.884,12.603,0.238,0
AGB-01,1041.0,29.77,2.1636,0.3099,0.456,2765.9,8.2002,0.2295,2.26,1,0,0.0756,0.3165,10.762,23.659,12.897,13.7302,0.2524,0
AGB-01,1042.0,35.03,2.0823,0.32,0.3,2535.5,6.7512,0.2537,1.86,0,0,0.0966,0.3472,10.773,23.682,12.909,10.7366,0.269,0
AGB-01,1043.0,33.02,2.1286,0.3504,0.936,2479.4,6.8115,0.2443,2.35,0,0,0.1198,0.3381,10.783,23.705,12.922,10.851,0.2526,0
AGB-01,1044.0,33.96,2.1609,0.2944,0.354,2818.6,8.1617,0.2322,3.28,0,0,0.1058,0.3091,10.793,23.727,12.934,13.6336,0.2735,0
AGB-01,1045.0,23.73,2.1304,0.2865,0.738,2859.3,8.6909,0.199,2.92,0,0,0.0251,0.3163,10.804,23.75,12.946,14.824,0.2382,0
AGB-01,1046.0,35.78,2.1618,0.3038,0.363,2659.0,7.688,0.2395,2.81,0,0,0.1409,0.3073,10.814,23.773,12.959,12.6106,0.2552,0
AGB-01,1047.0,39.46,2.0922,0.3281,0.392,2529.1,7.1785,0.2022,2.73,0,0,0.0834,0.3352,10.824,23.796,12.971,11.5642,0.2289,0
AGB-01,1048.0,30.96,2.1503,0.2933,0.977,2815.7,8.5421,0.2232,2.99,0,0,0.0486,0.3142,10.835,23.818,12.984,14.4691,0.2398,0
AGB-01,1049.0,24.44,2.1156,0.3331,0.468,2677.5,7.4533,0.262,1.95,0,0,0.0866,0.3337,10.845,23.841,12.996,12.1152,0.2708,0
AGB-01,1050.0,31.91,2.1567,0.311,0.464,2647.7,8.0873,0.1765,2.46,0,0,0.0542,0.3218,10.855,23.864,13.008,13.4497,0.209,0
AGB-01,1051.0,37.89,2.131,0.2997,0.593,2700.5,7.3429,0.2514,2.96,0,0,0.1762,0.3063,10.866,23.887,13.021,11.8848,0.2892,0
AGB-01,1052.0,22.25,2.1389,0.3046,0.64,2956.2,8.7449,0.2505,2.59,0,0,0.0373,0.3166,10.876,23.909,13.033,14.9218,0.2711,0
AGB-01,1053.0,33.62,2.1329,0.315,0.376,2772.5,8.0887,0.2245,2.6,0,0,0.0881,0.3143,10.886,23.932,13.046,13.4436,0.2584,0
AGB-01,1054.0,29.17,2.1504,0.2863,0.414,2632.8,8.1125,0.1762,2.79,0,0,0.0571,0.3175,10.897,23.955,13.058,13.4922,0.1953,0
AGB-01,1055.0,28.82,2.1611,0.2986,0.427,2739.2,8.2724,0.1951,3.46,0,0,0.0949,0.3056,10.907,23.977,13.07,13.84,0.2365,0
AGB-01,1056.0,22.97,2.1334,0.2991,0.539,2869.7,8.961,0.191,2.97,0,0,0.0405,0.3003,10.917,24.0,13.083,15.4167,0.2188,0
AGB-01,1057.0,39.0,2.1229,0.3193,0.605,2531.6,6.7534,0.2263,1.84,0,0,0.1302,0.3396,10.928,24.023,13.095,10.7061,0.2775,0
AGB-01,1058.0,30.32,2.122,0.3166,0.524,2574.1,7.4223,0.2204,2.63,0,0,0.0845,0.3316,10.938,24.046,13.107,12.0299,0.235,0
AGB-01,1059.0,27.02,2.1196,0.317,0.3,2762.0,8.084,0.2334,2.65,0,0,0.0499,0.3276,10.948,24.068,13.12,13.4173,0.2523,0
AGB-01,1060.0,35.49,2.158,0.3146,0.462,2660.5,7.2436,0.2587,2.91,0,0,0.1637,0.3169,10.959,24.091,13.132,11.6645,0.2897,0
AGB-01,1061.0,28.77,2.1954,0.2896,0.472,2951.2,9.2442,0.1993,2.97,0,0,0.0606,0.2942,10.969,24.114,13.145,16.0875,0.2448,0
AGB-01,1062.0,33.37,2.1291,0.314,0.397,2596.3,7.3453,0.2411,2.71,0,0,0.0909,0.335,10.979,24.137,13.157,11.8664,0.2541,0
AGB-01,1063.0,31.08,2.136,0.3384,0.771,2618.8,7.7993,0.1888,2.43,0,0,0.0618,0.3286,10.99,24.159,13.169,12.8013,0.2216,0
AGB-01,1064.0,36.61,2.1398,0.3247,0.3,2506.2,7.0998,0.2236,2.65,0,0,0.1263,0.3279,11.0,24.182,13.182,11.3718,0.2416,0
AGB-01,1065.0,34.51,2.1052,0.3163,0.531,2829.2,7.6747,0.2704,2.64,0,0,0.0845,0.3322,11.011,24.205,13.194,12.5374,0.2994,0
AGB-01,1066.0,25.97,2.1113,0.3199,0.377,2652.2,7.3354,0.2395,2.52,0,0,0.0778,0.3415,11.021,24.227,13.207,11.8408,0.2717,0
AGB-01,1067.0,22.55,2.1676,0.2833,0.619,2901.2,9.3229,0.201,4.11,0,0,0.0224,0.2982,11.031,24.25,13.219,16.2689,0.2072,0
AGB-01,1068.0,31.32,2.1341,0.3111,0.382,2725.3,7.796,0.237,2.85,0,0,0.0836,0.3269,11.042,24.273,13.231,12.788,0.2662,0
AGB-01,1069.0,25.62,2.1361,0.2933,0.467,2766.5,8.1719,0.2269,3.34,0,0,0.0962,0.309,11.052,24.296,13.244,13.592,0.2512,0
AGB-01,1070.0,25.29,2.2062,0.2831,0.7,3111.0,10.1769,0.2041,4.44,0,0,0.02,0.2791,11.062,24.318,13.256,18.5196,0.2265,0
AGB-01,1071.0,37.5,2.2131,0.2498,0.354,2990.9,9.5545,0.2255,3.89,0,0,0.0884,0.2752,11.073,24.341,13.269,16.8484,0.2382,0
AGB-01,1072.0,31.25,2.1438,0.3233,0.51,2729.7,8.1437,0.2091,2.57,0,0,0.0636,0.3217,11.083,24.364,13.281,13.5286,0.241,0
AGB-01,1073.0,26.57,2.1565,0.2958,0.476,2858.2,8.742,0.2282,2.44,0,0,0.051,0.3101,11.093,24.387,13.293,14.8701,0.2429,0
AGB-01,1074.0,29.59,2.1434,0.3049,0.483,2875.6,8.6793,0.2155,3.42,1,0,0.0492,0.3129,11.104,24.409,13.306,14.7256,0.2516,0
AGB-01,1075.0,28.57,2.1338,0.3096,0.575,2793.5,8.048,0.2587,2.98,0,0,0.0887,0.3185,11.114,24.432,13.318,13.3215,0.2701,0
AGB-01,1076.0,30.11,2.1207,0.3137,0.577,2676.6,7.7606,0.2235,2.83,0,0,0.0838,0.3245,11.124,24.455,13.33,12.711,0.2479,0
AGB-01,1077.0,37.57,2.1176,0.3395,0.68,2480.5,6.6737,0.2381,2.24,0,0,0.1298,0.3411,11.135,24.477,13.343,10.5369,0.2651,0
AGB-01,1078.0,32.85,2.1458,0.3295,1.069,2590.4,8.0207,0.1404,2.16,1,0,0.0614,0.3172,11.145,24.5,13.355,13.2639,0.1798,0
AGB-01,1079.0,25.3,2.1209,0.3105,0.54,2618.5,7.7111,0.1954,2.3,0,0,0.0398,0.34,11.155,24.523,13.368,12.6093,0.2267,0
AGB-01,1080.0,34.1,2.1132,0.3204,0.362,2600.0,7.5041,0.191,2.59,0,0,0.104,0.3223,11.166,24.546,13.38,12.1823,0.237,0
AGB-01,1081.0,29.01,2.1062,0.3094,0.543,2632.1,7.5209,0.2268,2.83,0,0,0.0975,0.3253,11.176,24.568,13.392,12.2178,0.2474,0
AGB-01,1082.0,33.07,2.1376,0.3364,0.357,2692.2,7.8634,0.2295,2.67,0,0,0.0972,0.3181,11.186,24.591,13.405,12.933,0.2491,0
AGB-01,1083.0,36.41,2.1752,0.2885,0.54,2768.6,8.4201,0.2385,3.62,0,0,0.1163,0.2961,11.197,24.614,13.417,14.1461,0.24,0
AGB-01,1084.0,24.86,2.1009,0.3172,0.359,2661.5,7.6714,0.2248,2.57,1,0,0.0646,0.3326,11.207,24.637,13.43,12.5329,0.2442,0
AGB-01,1085.0,48.88,2.0876,0.3333,0.497,2277.7,4.9274,0.2899,2.22,0,1,0.2786,0.3414,11.217,24.659,13.442,7.3993,0.3266,0
AGB-01,1086.0,37.3,2.0936,0.347,0.626,2257.6,5.3161,0.268,2.24,0,1,0.2387,0.3417,11.228,24.682,13.454,8.0691,0.2935,0
AGB-01,1087.0,39.86,2.1275,0.3176,0.535,2470.3,6.1599,0.269,2.64,0,1,0.2211,0.3266,11.238,24.705,13.467,9.5822,0.3023,0
AGB-01,1088.0,48.78,2.0723,0.3316,0.3,2471.7,5.1693,0.336,2.04,0,1,0.2712,0.3384,11.248,24.727,13.479,7.8167,0.3521,0
AGB-01,1089.0,44.0,2.0361,0.3943,0.3,1895.5,3.5414,0.2993,1.35,0,1,0.2888,0.3788,11.259,24.75,13.492,5.1374,0.3185,0
AGB-01,1090.0,47.57,2.1317,0.3189,0.669,2433.2,5.9926,0.2625,2.72,1,1,0.25,0.3209,11.269,24.773,13.504,9.28,0.3036,0
AGB-01,1091.0,47.12,2.1103,0.3479,0.3,2283.7,5.2432,0.2859,2.32,0,1,0.2673,0.3358,11.279,24.796,13.516,7.9488,0.3096,0
AGB-01,1092.0,44.54,2.1067,0.3273,0.66,2295.1,5.7782,0.2163,2.58,0,1,0.2281,0.3299,11.29,24.818,13.529,8.8953,0.2693,0
AGB-01,1093.0,46.33,2.0724,0.3879,0.509,2022.2,4.0395,0.2769,1.8,0,1,0.2989,0.3602,11.3,24.841,13.541,5.9357,0.3193,0
AGB-01,1094.0,48.83,2.0727,0.3555,0.418,2235.8,5.0539,0.2781,2.17,0,1,0.2649,0.3394,11.31,24.864,13.553,7.6261,0.3033,0
AGB-01,1095.0,55.16,2.0972,0.3763,0.325,2082.8,3.9574,0.3204,2.03,0,1,0.349,0.3473,11.321,24.887,13.566,5.8052,0.3444,0
AGB-01,1096.0,46.82,2.1316,0.334,0.717,2506.9,6.4014,0.2816,3.19,0,1,0.2432,0.3106,11.331,24.909,13.578,10.0489,0.2965,0
AGB-01,1097.0,52.26,2.0887,0.3504,0.462,2156.7,4.8484,0.2749,1.98,0,1,0.2801,0.3403,11.341,24.932,13.591,7.2802,0.2968,0
AGB-01,1098.0,36.54,2.1104,0.3084,0.35,2573.5,7.2048,0.2341,2.81,0,0,0.1227,0.3259,11.352,24.955,13.603,11.6141,0.2515,0
AGB-01,1099.0,30.27,2.1817,0.2568,0.493,3082.3,9.5668,0.2356,3.75,0,0,0.0442,0.2927,11.362,24.977,13.615,16.9596,0.2595,0
AGB-01,1100.0,24.98,2.1615,0.2568,0.439,2945.7,9.3729,0.1811,3.36,0,0,0.0359,0.2933,11.372,25.0,13.628,16.4695,0.2183,0
AGB-01,1101.0,28.39,2.1768,0.286,0.708,2935.2,9.4312,0.1887,3.2,0,0,0.02,0.2978,11.383,25.023,13.64,16.6228,0.2116,0
AGB-01,1102.0,21.48,2.1212,0.2942,0.425,2888.9,9.0572,0.2137,3.48,0,0,0.0352,0.2984,11.393,25.046,13.653,15.6982,0.2113,0
AGB-01,1103.0,38.03,2.1505,0.3072,0.4,2561.0,7.6739,0.1855,2.96,0,0,0.1207,0.3095,11.403,25.068,13.665,12.5916,0.2063,0
AGB-01,1104.0,31.72,2.1538,0.2837,0.6,2699.2,8.2963,0.1857,3.6,0,0,0.0779,0.3081,11.414,25.091,13.677,13.9391,0.2101,0
AGB-01,1105.0,33.93,2.1048,0.3091,0.329,2616.1,7.3282,0.2517,2.52,0,0,0.11,0.3272,11.424,25.114,13.69,11.8841,0.2553,0
AGB-01,1106.0,34.17,2.1188,0.3379,0.537,2688.0,7.4238,0.2517,2.48,0,0,0.1197,0.3246,11.434,25.137,13.702,12.0823,0.2762,0
AGB-01,1107.0,34.23,2.0982,0.3502,0.331,2382.3,6.1583,0.2371,1.9,1,0,0.1729,0.3387,11.445,25.159,13.715,9.6198,0.2656,0
AGB-01,1108.0,35.86,2.165,0.2979,0.502,2931.1,8.5004,0.2357,2.48,0,0,0.102,0.3048,11.455,25.182,13.727,14.4145,0.2839,0
AGB-01,1109.0,36.36,2.1017,0.3406,0.47,2589.4,6.5713,0.2779,2.39,0,0,0.1563,0.3375,11.465,25.205,13.739,10.4022,0.3022,0
AGB-01,1110.0,28.87,2.105,0.3009,0.322,2779.3,7.8936,0.2346,2.59,0,0,0.069,0.3279,11.476,25.227,13.752,13.0799,0.2676,0
AGB-01,1111.0,33.21,2.1381,0.3102,0.35,2728.9,7.9199,0.2301,2.73,0,0,0.0971,0.3174,11.486,25.25,13.764,13.1392,0.2551,0
AGB-01,1112.0,33.34,2.1999,0.2813,0.586,2818.6,9.0503,0.1946,4.28,0,0,0.0902,0.2828,11.496,25.273,13.776,15.7255,0.2002,0
AGB-01,1113.0,25.85,2.1462,0.3213,0.728,2819.0,8.2004,0.2513,3.09,0,0,0.0842,0.3163,11.507,25.296,13.789,13.7572,0.2663,0
AGB-01,1114.0,89.67,2.0381,0.4477,0.572,1450.0,1.2608,0.3883,1.61,0,3,0.824,0.3735,11.517,25.318,13.801,1.746,0.416,0
AGB-01,1115.0,101.29,1.9836,0.4795,1.155,1450.0,1.2277,0.3822,1.06,0,3,0.8809,0.4215,11.527,25.341,13.814,1.6993,0.416,0
AGB-01,1116.0,85.52,2.0139,0.4953,0.629,1450.0,1.2459,0.3863,1.39,0,3,0.8033,0.4054,11.538,25.364,13.826,1.7252,0.416,0
AGB-01,1117.0,101.65,1.9982,0.4836,0.536,1450.0,1.2363,0.403,1.13,0,3,0.8897,0.4195,11.548,25.387,13.838,1.7118,0.416,0
AGB-01,1118.0,89.61,2.0135,0.4721,0.627,1450.0,1.2454,0.3704,1.76,0,3,0.7905,0.4,11.558,25.409,13.851,1.7249,0.416,0
AGB-01,1119.0,98.72,1.9509,0.4941,0.622,1450.0,1.2075,0.3801,1.26,0,3,0.9018,0.4335,11.569,25.432,13.863,1.6713,0.416,0
AGB-01,1120.0,88.83,2.0357,0.4508,0.724,1450.0,1.2585,0.3944,1.47,0,3,0.7932,0.3981,11.579,25.455,13.876,1.7439,0.416,0
AGB-01,1121.0,88.99,1.991,0.4803,0.542,1450.0,1.2315,0.3709,1.36,0,3,0.8206,0.402,11.589,25.477,13.888,1.7056,0.416,0
AGB-01,1122.0,90.47,2.078,0.4347,0.679,1450.0,1.2838,0.3904,1.84,0,3,0.7968,0.3624,11.6,25.5,13.9,1.7802,0.416,0
AGB-01,1123.0,93.26,2.0095,0.4645,0.949,1450.0,1.2425,0.3788,1.29,0,3,0.8663,0.3968,11.61,25.523,13.913,1.7215,0.416,0
AGB-01,1124.0,98.35,2.0081,0.4798,1.018,1450.0,1.2416,0.3961,1.45,0,3,0.8824,0.4107,11.62,25.546,13.925,1.7203,0.416,0
AGB-01,1125.0,87.92,2.054,0.4291,0.931,1450.0,1.2692,0.369,1.53,0,3,0.7866,0.3719,11.631,25.568,13.938,1.7595,0.416,0
AGB-01,1126.0,98.86,1.9447,0.5,1.322,1450.0,1.2033,0.3659,1.01,0,3,0.9284,0.4534,11.641,25.591,13.95,1.6659,0.416,0
AGB-01,1127.0,92.95,2.0011,0.4638,0.69,1450.0,1.2373,0.3858,1.41,0,3,0.8439,0.391,11.652,25.614,13.962,1.7143,0.416,0
AGB-01,1128.0,96.89,1.995,0.4797,0.3,1450.0,1.2336,0.3762,1.35,0,3,0.8975,0.4157,11.662,25.637,13.975,1.7091,0.416,0
AGB-01,1129.0,98.64,1.9307,0.5,1.15,1450.0,1.1947,0.3886,1.05,0,3,0.98,0.4492,11.672,25.659,13.987,1.6539,0.416,0
AGB-01,1130.0,98.45,2.0336,0.452,0.758,1450.0,1.2569,0.3761,1.52,0,3,0.8897,0.3889,11.683,25.682,13.999,1.7421,0.416,0
AGB-01,1131.0,89.22,1.9705,0.4926,0.574,1450.0,1.2188,0.3936,1.25,0,3,0.8033,0.4169,11.693,25.705,14.012,1.6881,0.416,0
AGB-01,1132.0,94.53,1.9893,0.464,0.656,1450.0,1.2302,0.3896,1.42,0,3,0.8587,0.4025,11.703,25.727,14.024,1.7042,0.416,0
AGB-01,1133.0,102.24,1.9654,0.4711,1.478,1450.0,1.2157,0.371,1.29,0,3,0.9062,0.4096,11.714,25.75,14.037,1.6837,0.416,0
AGB-01,1134.0,94.92,1.9443,0.5,0.727,1450.0,1.203,0.3835,1.28,0,3,0.8604,0.4361,11.724,25.773,14.049,1.6656,0.416,0
AGB-01,1135.0,95.42,2.0042,0.4758,1.041,1450.0,1.2392,0.3843,1.22,0,3,0.904,0.3919,11.734,25.796,14.061,1.7169,0.416,0
AGB-01,1136.0,92.04,1.9997,0.4865,0.785,1450.0,1.2365,0.3944,1.27,0,3,0.8713,0.4085,11.745,25.818,14.074,1.7131,0.416,0
AGB-01,1137.0,100.23,2.0558,0.4521,0.725,1450.0,1.2704,0.3883,1.9,0,3,0.914,0.3792,11.755,25.841,14.086,1.7611,0.416,0
AGB-01,1138.0,94.46,2.0624,0.4582,1.066,1450.0,1.2744,0.3621,1.81,0,3,0.9019,0.3791,11.765,25.864,14.099,1.7668,0.416,0
AGB-01,1139.0,93.58,2.0344,0.4446,0.399,1450.0,1.2576,0.3819,1.54,0,3,0.8004,0.3816,11.776,25.887,14.111,1.7428,0.416,0
AGB-01,1140.0,93.09,2.0161,0.4819,0.591,1450.0,1.2466,0.3848,1.64,0,3,0.9017,0.3959,11.786,25.909,14.123,1.7271,0.416,0
AGB-01,1141.0,95.92,2.0063,0.4689,0.608,1450.0,1.2408,0.3854,1.27,0,3,0.8402,0.4003,11.796,25.932,14.136,1.7188,0.416,0
AGB-01,1142.0,93.12,2.086,0.4135,1.533,1450.0,1.2888,0.3722,1.76,0,3,0.8862,0.3539,11.807,25.955,14.148,1.787,0.416,0
AGB-01,1143.0,88.08,1.9463,0.4963,1.227,1450.0,1.2047,0.3878,1.18,0,3,0.8241,0.4263,11.817,25.977,14.161,1.6674,0.416,0
AGB-01,1144.0,84.05,2.0214,0.445,0.64,1450.0,1.25,0.3832,1.29,0,3,0.7846,0.4039,11.827,26.0,14.173,1.7316,0.416,0
AGB-01,1145.0,93.16,2.0176,0.4681,0.913,1450.0,1.2478,0.379,1.53,0,3,0.8286,0.3959,11.838,26.023,14.185,1.7284,0.416,0
AGB-01,1146.0,98.47,2.0191,0.4785,0.437,1450.0,1.2487,0.3841,1.55,0,3,0.916,0.3907,11.848,26.046,14.198,1.7297,0.416,0
AGB-01,1147.0,90.62,1.9933,0.4754,0.609,1450.0,1.2332,0.4063,1.27,0,3,0.7943,0.4069,11.858,26.068,14.21,1.7076,0.416,0
AGB-01,1148.0,88.11,2.0054,0.4481,0.542,1450.0,1.2406,0.3734,1.39,0,3,0.7555,0.4002,11.869,26.091,14.222,1.718,0.416,0
AGB-01,1149.0,93.25,1.9896,0.4783,0.547,1450.0,1.2311,0.3823,1.43,0,3,0.8218,0.4127,11.879,26.114,14.235,1.7044,0.416,0
AGB-01,1150.0,94.23,1.9541,0.5,0.496,1450.0,1.2097,0.3814,0.98,0,3,0.8651,0.4393,11.889,26.137,14.247,1.674,0.416,0
AGB-01,1151.0,96.71,2.0858,0.4527,0.762,1450.0,1.2891,0.3752,1.57,0,3,0.8644,0.3789,11.9,26.159,14.26,1.7868,0.416,0
AGB-01,1152.0,96.79,2.0155,0.4792,0.893,1450.0,1.2468,0.3927,1.47,0,3,0.9375,0.4071,11.91,26.182,14.272,1.7266,0.416,0
AGB-01,1153.0,94.86,2.0595,0.4172,0.578,1450.0,1.2734,0.4002,1.64,0,3,0.8482,0.3642,11.92,26.205,14.284,1.7643,0.416,0
AGB-01,1154.0,94.76,1.9959,0.4713,0.597,1450.0,1.235,0.3981,1.21,0,3,0.8439,0.4235,11.931,26.227,14.297,1.7098,0.416,0
AGB-01,1155.0,90.0,2.0529,0.4623,1.244,1450.0,1.2694,0.3782,1.43,0,3,0.832,0.4005,11.941,26.25,14.309,1.7587,0.416,0
AGB-01,1156.0,99.15,1.9934,0.4767,0.372,1450.0,1.2336,0.3709,1.04,0,3,0.909,0.4168,11.951,26.273,14.322,1.7077,0.416,0
AGB-01,1157.0,88.37,2.0509,0.4391,0.643,1450.0,1.2683,0.3907,2.05,0,3,0.8035,0.3738,11.962,26.296,14.334,1.7569,0.416,0
AGB-01,1158.0,87.91,2.0051,0.4953,0.556,1450.0,1.2406,0.3656,1.29,0,3,0.8703,0.3925,11.972,26.318,14.346,1.7177,0.416,0
AGB-01,1159.0,99.55,1.9829,0.4653,0.476,1450.0,1.2273,0.3801,1.33,0,3,0.8966,0.4137,11.982,26.341,14.359,1.6987,0.416,0
AGB-01,1160.0,95.92,2.0112,0.4841,0.659,1450.0,1.2443,0.3802,1.2,0,3,0.8486,0.4176,11.993,26.364,14.371,1.7229,0.416,0
AGB-01,1161.0,90.03,2.0214,0.4731,1.148,1450.0,1.2504,0.3916,1.44,0,3,0.8995,0.4046,12.003,26.387,14.384,1.7316,0.416,0
AGB-01,1162.0,94.29,2.0411,0.4396,1.079,1450.0,1.2623,0.3849,1.58,0,3,0.8637,0.3799,12.013,26.409,14.396,1.7485,0.416,0
AGB-01,1163.0,99.33,2.0074,0.491,0.563,1450.0,1.242,0.4008,1.27,0,3,0.9098,0.4112,12.024,26.432,14.408,1.7197,0.416,0
AGB-01,1164.0,91.01,1.9634,0.4801,0.743,1450.0,1.2154,0.3805,1.24,0,3,0.839,0.4201,12.034,26.455,14.421,1.682,0.416,0
AGB-01,1165.0,89.93,2.0504,0.4726,0.83,1450.0,1.2678,0.3843,1.35,0,3,0.8003,0.3901,12.044,26.477,14.433,1.7565,0.416,0
AGB-01,1166.0,97.93,2.0272,0.4827,0.644,1450.0,1.2538,0.3816,1.33,0,3,0.8516,0.4011,12.055,26.5,14.445,1.7367,0.416,0
AGB-01,1167.0,90.01,1.9552,0.4966,0.689,1450.0,1.2103,0.3729,1.27,0,3,0.8395,0.4215,12.065,26.523,14.458,1.6749,0.416,0
AGB-01,1168.0,94.66,1.9904,0.4845,0.993,1450.0,1.2315,0.3949,1.22,0,3,0.8443,0.4093,12.075,26.546,14.47,1.7051,0.416,0
AGB-01,1169.0,92.35,1.9945,0.4757,0.891,1450.0,1.2339,0.3709,1.49,0,3,0.8764,0.4057,12.086,26.568,14.483,1.7086,0.416,0
AGB-01,1170.0,88.15,1.9984,0.4746,0.6,1450.0,1.2362,0.4018,1.2,0,3,0.783,0.4093,12.096,26.591,14.495,1.7119,0.416,0
AGB-01,1171.0,96.04,1.9385,0.4957,0.636,1450.0,1.2,0.3916,0.99,0,3,0.8856,0.4434,12.106,26.614,14.507,1.6606,0.416,0
AGB-01,1172.0,97.89,1.9748,0.4782,0.365,1450.0,1.2218,0.3773,1.18,0,3,0.8405,0.417,12.117,26.637,14.52,1.6917,0.416,0
AGB-01,1173.0,98.17,1.9627,0.5,0.531,1450.0,1.2144,0.3702,0.96,0,3,0.9078,0.4284,12.127,26.659,14.532,1.6813,0.416,0
AGB-01,1174.0,92.77,2.0129,0.4562,0.892,1450.0,1.2447,0.3893,1.39,0,3,0.9011,0.3953,12.137,26.682,14.545,1.7244,0.416,0
AGB-01,1175.0,91.19,1.9845,0.4607,0.737,1450.0,1.2275,0.3702,1.6,0,3,0.8432,0.3965,12.148,26.705,14.557,1.7001,0.416,0
AGB-01,1176.0,92.3,2.0095,0.4825,0.713,1450.0,1.2425,0.3699,1.42,0,3,0.852,0.3958,12.158,26.727,14.569,1.7215,0.416,0
AGB-01,1177.0,89.34,1.9967,0.4607,0.664,1450.0,1.2347,0.4016,1.46,0,3,0.8582,0.404,12.168,26.75,14.582,1.7105,0.416,0
AGB-01,1178.0,91.2,1.9994,0.4819,0.875,1450.0,1.2362,0.3765,1.28,0,3,0.8545,0.4071,12.179,26.773,14.594,1.7128,0.416,0
AGB-01,1179.0,90.21,2.029,0.4411,1.022,1450.0,1.2539,0.3673,1.6,0,3,0.8139,0.389,12.189,26.796,14.607,1.7382,0.416,0
AGB-01,1180.0,105.11,2.0057,0.462,0.502,1450.0,1.2398,0.3541,1.54,0,3,0.916,0.4047,12.199,26.818,14.619,1.7182,0.416,0
AGB-01,1181.0,87.58,2.0255,0.4542,1.042,1450.0,1.2516,0.3983,1.34,0,3,0.8078,0.3949,12.21,26.841,14.631,1.7351,0.416,0
AGB-01,1182.0,97.01,1.998,0.5,1.248,1450.0,1.235,0.3729,1.18,0,3,0.9477,0.4267,12.22,26.864,14.644,1.7116,0.416,0
AGB-01,1183.0,87.81,2.0231,0.4684,0.379,1450.0,1.2501,0.3856,1.24,0,3,0.7971,0.4035,12.23,26.887,14.656,1.7331,0.416,0
AGB-01,1184.0,104.26,2.0153,0.4824,1.177,1450.0,1.2453,0.3885,1.46,0,3,0.9142,0.3971,12.241,26.909,14.668,1.7264,0.416,0
AGB-01,1185.0,95.67,2.0223,0.4626,1.693,1450.0,1.2494,0.3666,1.4,0,3,0.9148,0.4044,12.251,26.932,14.681,1.7324,0.416,0
AGB-01,1186.0,100.37,2.0218,0.4596,0.946,1450.0,1.249,0.3712,1.32,0,3,0.8556,0.4013,12.261,26.955,14.693,1.732,0.416,0
AGB-01,1187.0,102.08,2.0097,0.4706,0.995,1450.0,1.2417,0.3819,1.7,0,3,0.9051,0.3925,12.272,26.977,14.706,1.7216,0.416,0
AGB-01,1188.0,92.69,1.9928,0.4988,0.665,1450.0,1.2314,0.3826,1.58,0,3,0.8329,0.4137,12.282,27.0,14.718,1.7072,0.416,0
AGB-01,1189.0,88.79,2.0391,0.4433,0.554,1450.0,1.2593,0.3887,1.69,0,3,0.8137,0.3821,12.292,27.023,14.73,1.7468,0.416,0
AGB-01,1190.0,95.56,1.9994,0.5,0.684,1450.0,1.2353,0.3992,1.18,0,3,0.891,0.4284,12.303,27.046,14.743,1.7128,0.416,0
AGB-01,1191.0,90.83,1.9963,0.4656,0.98,1450.0,1.2333,0.3917,1.4,0,3,0.8303,0.4036,12.313,27.068,14.755,1.7102,0.416,0
AGB-01,1192.0,23.58,2.1616,0.2925,0.642,2819.7,8.9299,0.1643,3.75,0,0,0.0403,0.3045,12.324,27.091,14.768,15.4918,0.1988,0
AGB-01,1193.0,24.7,2.1669,0.2961,0.389,2892.1,8.8356,0.2344,2.94,0,0,0.0546,0.3097,12.334,27.114,14.78,15.2669,0.2441,0
AGB-01,1194.0,41.34,2.0997,0.339,0.619,2508.3,6.6045,0.2556,2.17,0,0,0.1665,0.3311,12.344,27.137,14.792,10.5048,0.2729,0
AGB-01,1195.0,35.79,2.1534,0.3029,0.463,2841.0,8.4859,0.2374,3.17,1,0,0.1085,0.2994,12.355,27.159,14.805,14.4505,0.2512,0
AGB-01,1196.0,25.93,2.171,0.3,0.357,2825.3,8.5127,0.2325,2.73,0,0,0.0705,0.3142,12.365,27.182,14.817,14.5135,0.2473,0
AGB-01,1197.0,37.6,2.1271,0.3054,0.358,2707.6,7.6001,0.2234,2.85,1,0,0.1091,0.3257,12.375,27.205,14.83,12.51,0.2689,0
AGB-01,1198.0,22.51,2.1337,0.3209,0.414,2747.9,8.2802,0.2,2.23,0,0,0.0341,0.3287,12.386,27.227,14.842,13.9875,0.2259,0
AGB-01,1199.0,24.75,2.1163,0.3023,0.505,2758.4,8.1073,0.2094,2.14,0,0,0.0417,0.3319,12.396,27.25,14.854,13.6037,0.2425,0
AGB-01,1200.0,31.42,2.1601,0.2945,0.554,2924.9,8.7155,0.2314,3.3,0,0,0.083,0.3049,12.406,27.273,14.867,14.992,0.2636,0
AGB-01,1201.0,35.68,2.129,0.3217,0.305,2624.4,7.3221,0.2205,2.87,0,0,0.134,0.3235,12.417,27.296,14.879,11.9373,0.2619,0
AGB-01,1202.0,39.53,2.0878,0.3578,0.496,2525.0,6.2121,0.292,2.08,1,0,0.1924,0.3358,12.427,27.318,14.891,9.7654,0.3044,0
AGB-01,1203.0,21.8,2.1322,0.3006,0.634,2929.4,9.0626,0.1999,3.01,0,0,0.02,0.3105,12.437,27.341,14.904,15.8327,0.228,0
AGB-01,1204.0,27.62,2.1027,0.3197,0.324,2822.4,8.1286,0.2238,2.66,0,0,0.0672,0.3231,12.448,27.364,14.916,13.657,0.2612,0
AGB-01,1205.0,30.41,2.1405,0.2991,0.795,2927.4,8.885,0.2291,2.97,1,0,0.0463,0.3095,12.458,27.387,14.929,15.4039,0.2458,0
AGB-01,1206.0,24.13,2.1612,0.268,0.379,2810.5,8.9333,0.1658,3.18,0,0,0.02,0.3113,12.468,27.409,14.941,15.5224,0.1915,0
AGB-01,1207.0,25.7,2.1449,0.277,0.427,2938.9,8.9458,0.2336,3.41,0,0,0.0756,0.2968,12.479,27.432,14.953,15.5541,0.2459,0
AGB-01,1208.0,29.54,2.1339,0.2956,0.607,2778.8,8.1672,0.2335,3.8,0,0,0.1214,0.3022,12.489,27.455,14.966,13.748,0.2493,0
AGB-01,1209.0,22.5,2.1313,0.2786,0.385,2964.8,8.892,0.233,3.31,0,0,0.0554,0.3066,12.499,27.477,14.978,15.4271,0.2562,0
AGB-01,1210.0,33.96,2.1264,0.322,0.3,2828.0,7.8949,0.2453,3.05,0,0,0.1027,0.3218,12.51,27.5,14.991,13.1534,0.2846,0
AGB-01,1211.0,26.1,2.1758,0.2946,0.621,3026.7,9.5366,0.2132,3.73,0,0,0.02,0.3011,12.52,27.523,15.003,17.0542,0.235,0
AGB-01,1212.0,30.81,2.1467,0.3258,0.643,2813.3,8.1523,0.242,2.91,0,0,0.1138,0.3091,12.53,27.546,15.015,13.7212,0.2658,0
AGB-01,1213.0,26.02,2.1792,0.2638,0.543,3073.5,9.863,0.1845,3.74,1,0,0.02,0.2891,12.541,27.568,15.028,17.9394,0.2234,0
AGB-01,1214.0,29.04,2.1512,0.2665,0.558,2833.7,8.9416,0.1836,3.07,0,0,0.0439,0.3023,12.551,27.591,15.04,15.5575,0.1994,0
AGB-01,1215.0,30.48,2.1292,0.2881,0.559,2631.6,8.0286,0.1772,2.79,0,0,0.0648,0.3186,12.561,27.614,15.053,13.4533,0.1885,0
AGB-01,1216.0,33.07,2.2003,0.3032,0.476,2885.6,9.0519,0.1856,3.17,0,0,0.0971,0.2877,12.572,27.637,15.065,15.8321,0.2289,0
AGB-01,1217.0,23.64,2.1462,0.2997,0.366,2940.2,8.9681,0.198,3.12,0,0,0.02,0.3175,12.582,27.659,15.077,15.6284,0.2441,0
AGB-01,1218.0,25.26,2.1667,0.2554,0.658,2963.5,9.3927,0.2102,3.96,1,0,0.0686,0.2834,12.592,27.682,15.09,16.6963,0.2188,0
AGB-01,1219.0,24.45,2.1765,0.2826,0.318,2950.8,9.3321,0.1845,3.36,0,0,0.0247,0.3037,12.603,27.705,15.102,16.5432,0.2223,0
AGB-01,1220.0,32.43,2.0987,0.3081,0.3,2790.5,8.3216,0.2022,2.86,0,0,0.0565,0.3165,12.613,27.727,15.114,14.1153,0.2292,0
AGB-01,1221.0,34.1,2.1177,0.3134,0.61,2720.1,7.807,0.2394,2.76,0,0,0.0991,0.3208,12.623,27.75,15.127,12.9817,0.2531,0
AGB-01,1222.0,29.27,2.1256,0.3104,0.596,2828.3,8.0572,0.258,2.98,0,0,0.0568,0.3332,12.634,27.773,15.139,13.5283,0.2726,0
AGB-01,1223.0,41.21,2.1354,0.3074,0.525,2600.8,6.9434,0.2313,3.09,0,0,0.2039,0.3114,12.644,27.796,15.152,11.1998,0.2837,0
AGB-01,1224.0,25.79,2.1274,0.312,0.568,2796.2,8.547,0.2093,2.5,0,0,0.0375,0.3176,12.654,27.818,15.164,14.6414,0.2166,0
AGB-01,1225.0,34.75,2.1185,0.3314,0.358,2689.1,7.4235,0.2472,2.53,0,0,0.1284,0.3237,12.665,27.841,15.176,12.1787,0.273,0
AGB-01,1226.0,31.49,2.1809,0.2976,0.488,2947.7,9.2748,0.2072,3.51,1,0,0.0562,0.2947,12.675,27.864,15.189,16.4154,0.2273,0
AGB-01,1227.0,37.27,2.1366,0.3169,0.393,2522.4,7.1551,0.2021,3.13,0,0,0.1486,0.3201,12.685,27.887,15.201,11.6311,0.235,0
AGB-01,1228.0,37.11,2.1749,0.2874,0.815,2677.0,8.0695,0.1934,2.92,0,0,0.1327,0.3007,12.696,27.909,15.214,13.5676,0.2242,0
AGB-01,1229.0,25.66,2.1585,0.2968,0.423,3029.5,8.8489,0.2591,3.54,0,0,0.0862,0.3029,12.706,27.932,15.226,15.3678,0.2835,0
AGB-01,1230.0,24.07,2.1292,0.2926,0.553,2840.9,8.7233,0.1854,3.25,0,0,0.0347,0.314,12.716,27.955,15.238,15.0689,0.2192,0
AGB-01,1231.0,32.65,2.1703,0.2847,1.081,2959.0,8.9259,0.2499,3.75,0,0,0.1313,0.2806,12.727,27.977,15.251,15.5588,0.2591,0
AGB-01,1232.0,26.68,2.1713,0.2623,0.411,3017.4,9.7373,0.1825,3.64,0,0,0.02,0.2895,12.737,28.0,15.263,17.6513,0.2062,0
AGB-01,1233.0,27.73,2.1434,0.297,0.325,2897.8,8.3113,0.2468,2.74,0,0,0.1031,0.3103,12.747,28.023,15.276,14.1182,0.2788,0
AGB-01,1234.0,36.02,2.0856,0.326,0.384,2497.5,6.5148,0.2418,2.82,0,0,0.1581,0.3364,12.758,28.046,15.288,10.3748,0.2715,0
AGB-01,1235.0,35.45,2.1561,0.3032,0.675,2784.3,8.1329,0.2408,4.06,0,0,0.1416,0.2989,12.768,28.068,15.3,13.7202,0.2579,0
AGB-01,1236.0,35.84,2.1984,0.2473,0.587,3024.2,9.5408,0.2208,4.64,0,0,0.0909,0.2764,12.778,28.091,15.313,17.1321,0.2375,0
AGB-01,1237.0,33.29,2.1404,0.3242,0.916,2708.4,7.8961,0.2149,2.64,0,0,0.1149,0.313,12.789,28.114,15.325,13.2016,0.2451,0
AGB-01,1238.0,35.24,2.1628,0.3011,0.586,2747.2,7.8825,0.2556,3.47,0,0,0.1164,0.3177,12.799,28.137,15.337,13.173,0.2661,0
AGB-01,1239.0,34.67,2.1702,0.2861,0.47,2839.1,8.8842,0.1905,3.55,0,0,0.0734,0.297,12.809,28.159,15.35,15.4718,0.2132,0
AGB-01,1240.0,37.4,2.083,0.3359,0.352,2563.8,6.5866,0.2628,2.47,0,0,0.1683,0.3322,12.82,28.182,15.362,10.5183,0.2874,0
AGB-01,1241.0,29.12,2.1808,0.3071,0.442,2772.9,8.57,0.1931,2.82,0,0,0.0869,0.3032,12.83,28.205,15.375,14.7253,0.2182,0
AGB-01,1242.0,26.87,2.1814,0.2535,0.587,3112.1,10.1428,0.1793,4.71,0,0,0.02,0.2776,12.84,28.227,15.387,18.8171,0.2081,0
AGB-01,1243.0,38.78,2.1739,0.3152,0.484,2904.0,8.3036,0.2567,3.37,0,0,0.1378,0.3011,12.851,28.25,15.399,14.1123,0.2866,0
AGB-01,1244.0,48.42,2.2012,0.2942,0.489,2748.0,8.1621,0.226,3.71,0,0,0.1761,0.2879,12.861,28.273,15.412,13.7932,0.2522,0
AGB-01,1245.0,37.33,2.14,0.3203,0.442,2771.7,7.9882,0.2519,3.36,0,0,0.1252,0.3088,12.871,28.296,15.424,13.4078,0.2611,0
AGB-01,1246.0,35.21,2.1376,0.3121,0.54,2796.3,8.398,0.2077,3.65,0,0,0.0905,0.3058,12.882,28.318,15.437,14.3276,0.2339,0
AGB-01,1247.0,90.83,1.9755,0.4691,0.812,1450.0,1.2165,0.4043,1.66,0,3,0.8295,0.41,12.892,28.341,15.449,1.6924,0.416,0
AGB-01,1248.0,93.19,1.9675,0.5,0.669,1450.0,1.2117,0.393,1.21,0,3,0.8847,0.4184,12.902,28.364,15.461,1.6855,0.416,0
AGB-01,1249.0,93.2,2.0522,0.4326,0.985,1450.0,1.2626,0.3782,1.42,0,3,0.8237,0.3839,12.913,28.387,15.474,1.7581,0.416,0
AGB-01,1250.0,97.27,2.0287,0.4424,1.008,1450.0,1.2486,0.3997,1.61,0,3,0.8669,0.3871,12.923,28.409,15.486,1.7379,0.416,0
AGB-01,1251.0,89.65,2.0082,0.4774,0.776,1450.0,1.2364,0.3791,1.49,0,3,0.8561,0.3931,12.933,28.432,15.499,1.7204,0.416,0
AGB-01,1252.0,87.11,2.0485,0.4519,0.564,1450.0,1.2606,0.3937,1.73,0,3,0.8139,0.3852,12.944,28.455,15.511,1.7549,0.416,0
AGB-01,1253.0,89.25,1.9812,0.4699,1.11,1450.0,1.2203,0.3834,1.34,0,3,0.8283,0.4121,12.954,28.477,15.523,1.6972,0.416,0
AGB-01,1254.0,92.45,2.0768,0.4409,0.478,1450.0,1.2777,0.3755,1.89,0,3,0.8117,0.3531,12.964,28.5,15.536,1.7791,0.416,0
AGB-01,1255.0,86.37,1.9274,0.4739,0.677,1450.0,1.1881,0.3854,1.22,0,3,0.8191,0.4323,12.975,28.523,15.548,1.6511,0.416,0
AGB-01,1256.0,93.99,2.0002,0.4693,0.69,1450.0,1.232,0.3724,1.31,0,3,0.8427,0.4108,12.985,28.546,15.56,1.7135,0.416,0
AGB-01,1257.0,96.8,1.9933,0.4672,0.714,1450.0,1.228,0.3857,1.52,0,3,0.8467,0.4093,12.996,28.568,15.573,1.7076,0.416,0
AGB-01,1258.0,91.02,2.0151,0.4531,0.541,1450.0,1.2412,0.3833,1.4,0,3,0.7679,0.3895,13.006,28.591,15.585,1.7262,0.416,0
AGB-01,1259.0,94.55,1.9873,0.4582,1.177,1450.0,1.2247,0.3709,1.15,0,3,0.8614,0.4029,13.016,28.614,15.598,1.7025,0.416,0
AGB-01,1260.0,97.04,2.0801,0.4445,1.151,1450.0,1.2805,0.386,1.76,0,3,0.8605,0.3714,13.027,28.637,15.61,1.782,0.416,0
AGB-01,1261.0,85.19,2.085,0.4309,0.622,1450.0,1.2836,0.4059,1.86,0,3,0.7765,0.3626,13.037,28.659,15.622,1.7861,0.416,0
AGB-01,1262.0,96.04,2.0536,0.4291,1.109,1450.0,1.265,0.3969,1.82,0,3,0.8249,0.3804,13.047,28.682,15.635,1.7592,0.416,0
AGB-01,1263.0,97.32,2.0577,0.4631,0.783,1450.0,1.2676,0.384,1.42,0,3,0.859,0.3887,13.058,28.705,15.647,1.7628,0.416,0
AGB-01,1264.0,91.24,1.9527,0.5,1.272,1450.0,1.2047,0.3923,1.12,0,3,0.8364,0.4306,13.068,28.727,15.66,1.6728,0.416,0
AGB-01,1265.0,97.88,2.0673,0.4506,0.797,1450.0,1.2738,0.4017,1.42,0,3,0.8461,0.3856,13.078,28.75,15.672,1.771,0.416,0
AGB-01,1266.0,103.13,2.0214,0.4819,0.837,1450.0,1.2464,0.3838,1.23,0,3,0.9519,0.3937,13.089,28.773,15.684,1.7316,0.416,0
AGB-01,1267.0,93.6,1.9993,0.469,0.542,1450.0,1.2333,0.3772,1.74,0,3,0.8414,0.3933,13.099,28.796,15.697,1.7127,0.416,0
AGB-01,1268.0,90.19,2.0265,0.4332,0.859,1450.0,1.2499,0.3926,1.84,0,3,0.7951,0.3855,13.109,28.818,15.709,1.736,0.416,0
AGB-01,1269.0,94.88,1.9592,0.4735,0.565,1450.0,1.2096,0.389,1.56,0,3,0.8682,0.419,13.12,28.841,15.722,1.6784,0.416,0
AGB-01,1270.0,90.38,2.0768,0.428,0.602,1450.0,1.2805,0.3955,1.75,0,3,0.8011,0.3732,13.13,28.864,15.734,1.7791,0.416,0
AGB-01,1271.0,92.21,2.014,0.4889,0.688,1450.0,1.243,0.3649,1.56,0,3,0.8488,0.4053,13.14,28.887,15.746,1.7253,0.416,0
AGB-01,1272.0,93.48,2.0297,0.468,0.821,1450.0,1.2526,0.368,1.5,0,3,0.8528,0.3864,13.151,28.909,15.759,1.7387,0.416,0
AGB-01,1273.0,101.35,1.9907,0.4678,0.489,1450.0,1.2294,0.3989,1.53,0,3,0.8637,0.4012,13.161,28.932,15.771,1.7054,0.416,0
AGB-01,1274.0,86.81,2.0173,0.4715,0.551,1450.0,1.2456,0.396,1.39,0,3,0.7715,0.3981,13.171,28.955,15.783,1.7282,0.416,0
AGB-01,1275.0,94.19,2.0654,0.4311,0.679,1450.0,1.2747,0.4023,1.68,0,3,0.8404,0.3746,13.182,28.977,15.796,1.7694,0.416,0
AGB-01,1276.0,65.7,2.1367,0.3417,0.62,2068.6,3.3185,0.3597,2.9,0,2,0.4916,0.322,13.192,29.0,15.808,4.8197,0.3822,0
AGB-01,1277.0,75.16,2.0639,0.4247,0.743,1450.0,1.2742,0.3961,1.63,0,2,0.586,0.3748,13.202,29.023,15.821,1.7681,0.416,0
AGB-01,1278.0,74.62,2.0239,0.4158,0.504,1450.0,1.2503,0.3683,1.4,1,2,0.5553,0.3862,13.213,29.046,15.833,1.7338,0.416,0
AGB-01,1279.0,68.01,2.0971,0.3961,0.636,1711.7,2.0505,0.3731,2.26,0,2,0.5351,0.3511,13.223,29.068,15.845,2.8916,0.3989,0
AGB-01,1280.0,68.96,2.0761,0.3821,0.3,1696.0,2.0271,0.3834,1.64,0,2,0.4966,0.366,13.233,29.091,15.858,2.8568,0.3967,0
AGB-01,1281.0,67.46,2.1034,0.3522,0.692,1892.6,3.0239,0.3379,2.19,0,2,0.4914,0.3296,13.244,29.114,15.87,4.3576,0.3657,0
AGB-01,1282.0,33.63,2.1261,0.3047,0.443,2707.3,7.6556,0.2507,3.03,0,0,0.127,0.3197,13.254,29.137,15.883,12.603,0.2651,0
AGB-01,1283.0,19.89,2.1773,0.293,0.3,3159.2,9.8149,0.2365,3.74,1,0,0.02,0.3004,13.264,29.159,15.895,17.7243,0.261,0
AGB-01,1284.0,21.97,2.135,0.2812,0.496,2905.5,9.0731,0.2204,4.36,0,0,0.0359,0.3066,13.275,29.182,15.907,15.808,0.2191,0
AGB-01,1285.0,33.71,2.1586,0.2789,0.535,2977.2,9.3134,0.2027,3.72,0,0,0.0554,0.2964,13.285,29.205,15.92,16.4023,0.2338,0
AGB-01,1286.0,33.58,2.1982,0.267,0.491,3025.6,9.362,0.2261,3.14,0,0,0.0824,0.292,13.295,29.227,15.932,16.5225,0.2577,0
AGB-01,1287.0,21.86,2.2228,0.2705,0.43,3070.3,10.148,0.1906,3.92,0,0,0.02,0.2857,13.306,29.25,15.945,18.638,0.2091,0
AGB-01,1288.0,30.84,2.1766,0.2714,0.502,2981.1,8.9643,0.2279,3.31,0,0,0.0869,0.302,13.316,29.273,15.957,15.5318,0.2685,0
AGB-01,1289.0,32.64,2.1295,0.3164,0.523,2901.1,8.2367,0.2517,3.01,0,0,0.0964,0.3182,13.326,29.296,15.969,13.8447,0.2852,0
AGB-01,1290.0,29.19,2.1664,0.2675,0.462,3013.3,9.7091,0.1965,3.16,0,0,0.02,0.2952,13.337,29.318,15.982,17.4158,0.2124,0
AGB-01,1291.0,32.01,2.1661,0.2999,0.574,2781.5,8.0976,0.229,3.48,1,0,0.1256,0.3114,13.347,29.341,15.994,13.5347,0.2658,0
AGB-01,1292.0,30.9,2.1085,0.3066,0.368,2852.4,8.1316,0.2607,2.97,0,0,0.0919,0.3197,13.357,29.364,16.006,13.6082,0.274,0
AGB-01,1293.0,33.23,2.1484,0.3162,0.792,2772.5,8.092,0.2475,3.02,0,0,0.1227,0.3103,13.368,29.387,16.019,13.5203,0.2591,0
AGB-01,1294.0,30.41,2.1775,0.2629,0.77,3136.1,10.1205,0.1917,3.93,0,0,0.02,0.2859,13.378,29.409,16.031,18.5421,0.2277,0
AGB-01,1295.0,24.82,2.1726,0.2697,0.623,2885.9,9.215,0.1761,4.26,1,0,0.0628,0.2942,13.388,29.432,16.044,16.1354,0.2072,0
AGB-01,1296.0,19.31,2.2074,0.2889,0.362,3034.1,9.8373,0.1908,3.72,0,0,0.0224,0.296,13.399,29.455,16.056,17.752,0.2218,0
AGB-01,1297.0,30.99,2.1681,0.3025,0.562,2809.5,8.2066,0.2544,3.55,0,0,0.1249,0.3092,13.409,29.477,16.068,13.77,0.2675,0
AGB-01,1298.0,23.69,2.126,0.2932,0.451,2982.7,9.0634,0.2175,2.99,0,0,0.02,0.318,13.419,29.5,16.081,15.7595,0.2501,0
AGB-01,1299.0,29.64,2.1869,0.2581,0.643,3048.2,9.7763,0.1995,4.37,0,0,0.0765,0.2764,13.43,29.523,16.093,17.5853,0.2279,0
AGB-01,1300.0,87.17,1.9984,0.4548,0.843,1450.0,1.2371,0.386,1.71,0,3,0.8105,0.4007,13.44,29.546,16.106,1.712,0.416,0
AGB-01,1301.0,91.99,2.0217,0.4701,0.806,1450.0,1.2511,0.3994,1.8,0,3,0.8337,0.3975,13.45,29.568,16.118,1.7319,0.416,0
AGB-01,1302.0,98.25,2.0518,0.4175,0.633,1450.0,1.2692,0.3981,2.15,0,3,0.8575,0.359,13.461,29.591,16.13,1.7577,0.416,0
AGB-01,1303.0,107.32,2.0488,0.4746,1.704,1450.0,1.2674,0.4038,1.8,0,3,0.9425,0.3699,13.471,29.614,16.143,1.7552,0.416,0
AGB-01,1304.0,95.53,2.0333,0.472,0.945,1450.0,1.2581,0.3794,1.47,0,3,0.7897,0.3964,13.481,29.637,16.155,1.7419,0.416,0
AGB-01,1305.0,94.59,2.0574,0.4533,0.816,1450.0,1.2725,0.3865,1.61,0,3,0.853,0.3839,13.492,29.659,16.168,1.7625,0.416,0
AGB-01,1306.0,92.9,2.0256,0.4408,1.045,1450.0,1.2533,0.3883,1.86,0,3,0.8795,0.38,13.502,29.682,16.18,1.7353,0.416,0
AGB-01,1307.0,97.56,2.0044,0.4711,0.553,1450.0,1.2405,0.3764,1.47,0,3,0.8818,0.4043,13.512,29.705,16.192,1.7171,0.416,0
AGB-01,1308.0,97.79,2.0131,0.4478,1.171,1450.0,1.2457,0.3887,1.48,0,3,0.8592,0.3909,13.523,29.727,16.205,1.7246,0.416,0
AGB-01,1309.0,92.41,2.039,0.4607,0.642,1450.0,1.2613,0.3848,1.88,0,3,0.8667,0.3866,13.533,29.75,16.217,1.7468,0.416,0
AGB-01,1310.0,91.85,2.0511,0.4295,0.719,1450.0,1.2686,0.3972,1.49,0,3,0.8038,0.3766,13.543,29.773,16.229,1.7571,0.416,0
AGB-01,1311.0,93.38,2.1037,0.4255,1.119,1450.0,1.3002,0.3758,1.99,0,3,0.8891,0.355,13.554,29.796,16.242,1.8022,0.416,0
AGB-01,1312.0,94.74,2.0763,0.4424,0.712,1450.0,1.2837,0.3778,1.68,0,3,0.842,0.3643,13.564,29.818,16.254,1.7787,0.416,0
AGB-01,1313.0,91.57,2.0049,0.4607,0.715,1450.0,1.2406,0.3732,1.3,0,3,0.8371,0.3979,13.574,29.841,16.267,1.7175,0.416,0
AGB-01,1314.0,94.74,2.0297,0.4699,0.651,1450.0,1.2555,0.3799,1.52,0,3,0.8002,0.399,13.585,29.864,16.279,1.7387,0.416,0
AGB-01,1315.0,92.62,2.0193,0.4614,1.295,1450.0,1.2492,0.3775,1.53,0,3,0.8941,0.384,13.595,29.887,16.291,1.7298,0.416,0
AGB-01,1316.0,96.64,2.0067,0.4801,0.739,1450.0,1.2416,0.3803,1.35,0,3,0.8775,0.3926,13.605,29.909,16.304,1.719,0.416,0
AGB-01,1317.0,95.28,2.0191,0.4647,0.606,1450.0,1.249,0.393,1.47,0,3,0.8692,0.4022,13.616,29.932,16.316,1.7297,0.416,0
AGB-01,1318.0,91.85,1.9617,0.5,1.141,1450.0,1.2144,0.4048,1.44,0,3,0.8998,0.4161,13.626,29.955,16.329,1.6805,0.416,0
AGB-01,1319.0,96.57,2.024,0.4742,0.778,1450.0,1.2519,0.3894,1.61,0,3,0.8811,0.4005,13.636,29.977,16.341,1.7339,0.416,0
AGB-01,1320.0,92.36,2.035,0.4504,1.067,1450.0,1.2585,0.3923,1.83,0,3,0.896,0.3723,13.647,30.0,16.353,1.7433,0.416,0
AGB-01,1321.0,96.27,1.9634,0.5,0.934,1450.0,1.2153,0.3739,1.26,0,3,0.8604,0.4331,13.657,30.023,16.366,1.682,0.416,0
AGB-01,1322.0,84.99,2.0387,0.4572,0.502,1450.0,1.2607,0.3667,1.37,0,3,0.7786,0.3936,13.668,30.046,16.378,1.7464,0.416,0
AGB-01,1323.0,94.81,1.998,0.4572,0.94,1450.0,1.2362,0.3935,1.52,0,3,0.8755,0.3964,13.678,30.068,16.391,1.7116,0.416,0
AGB-01,1324.0,95.58,1.9979,0.4956,0.847,1450.0,1.2361,0.3902,1.23,0,3,0.8428,0.4221,13.688,30.091,16.403,1.7115,0.416,0
AGB-01,1325.0,92.0,2.0432,0.4338,0.675,1450.0,1.2634,0.374,1.85,0,3,0.8206,0.3735,13.699,30.114,16.415,1.7503,0.416,0
AGB-01,1326.0,90.76,2.0161,0.4833,0.594,1450.0,1.2471,0.3786,1.44,0,3,0.8019,0.4002,13.709,30.137,16.428,1.7271,0.416,0
AGB-01,1327.0,94.06,2.0184,0.4755,0.532,1450.0,1.2485,0.3766,1.13,0,3,0.9005,0.4091,13.719,30.159,16.44,1.7291,0.416,0
AGB-01,1328.0,94.08,2.0335,0.4496,0.858,1450.0,1.2576,0.3757,1.71,0,3,0.8268,0.3759,13.73,30.182,16.452,1.742,0.416,0
AGB-01,1329.0,97.84,2.0786,0.4542,1.634,1450.0,1.2848,0.3742,1.74,0,3,0.9389,0.3848,13.74,30.205,16.465,1.7807,0.416,0
AGB-01,1330.0,83.5,2.1005,0.3936,0.91,1450.0,1.298,0.4082,2.16,0,3,0.7334,0.3465,13.75,30.227,16.477,1.7994,0.416,0
AGB-01,1331.0,96.05,2.0136,0.4455,0.747,1450.0,1.2456,0.3831,1.69,0,3,0.8604,0.3999,13.761,30.25,16.49,1.7249,0.416,0
AGB-01,1332.0,94.68,2.014,0.4664,0.706,1450.0,1.2459,0.3811,1.37,0,3,0.8282,0.3919,13.771,30.273,16.502,1.7253,0.416,0
AGB-01,1333.0,82.37,2.0045,0.4622,0.537,1450.0,1.2401,0.4073,1.31,0,3,0.7621,0.3957,13.781,30.296,16.514,1.7172,0.416,0
AGB-01,1334.0,86.69,2.0452,0.4415,0.832,1450.0,1.2647,0.3724,1.87,0,3,0.8568,0.3752,13.792,30.318,16.527,1.7521,0.416,0
AGB-01,1335.0,86.75,1.9517,0.4839,0.79,1450.0,1.2083,0.3972,1.04,0,3,0.8237,0.4279,13.802,30.341,16.539,1.6719,0.416,0
AGB-01,1336.0,93.0,2.0317,0.4605,0.712,1450.0,1.2566,0.392,1.61,0,3,0.8712,0.3974,13.812,30.364,16.552,1.7405,0.416,0
AGB-01,1337.0,96.6,2.0452,0.4565,1.008,1450.0,1.2648,0.3671,1.76,0,3,0.8693,0.3755,13.823,30.387,16.564,1.7521,0.416,0
AGB-01,1338.0,94.98,2.0581,0.4612,0.599,1450.0,1.2725,0.3858,1.44,0,3,0.8821,0.3868,13.833,30.409,16.576,1.7631,0.416,0
AGB-01,1339.0,90.15,1.9808,0.4853,0.679,1450.0,1.2259,0.3755,1.34,0,3,0.8212,0.4142,13.843,30.432,16.589,1.6969,0.416,0
AGB-01,1340.0,89.95,2.0709,0.4351,0.677,1450.0,1.2803,0.385,1.8,0,3,0.8505,0.361,13.854,30.455,16.601,1.7741,0.416,0
AGB-01,1341.0,96.25,2.018,0.4691,1.043,1450.0,1.2484,0.3706,1.89,0,3,0.8997,0.3878,13.864,30.477,16.614,1.7288,0.416,0
AGB-01,1342.0,102.62,2.0513,0.4433,0.705,1450.0,1.2685,0.3694,1.67,0,3,0.94,0.3807,13.874,30.5,16.626,1.7573,0.416,0
AGB-01,1343.0,96.62,2.0504,0.4561,0.544,1450.0,1.268,0.3829,2.04,0,3,0.8742,0.3732,13.885,30.523,16.638,1.7565,0.416,0
AGB-01,1344.0,91.76,1.9998,0.4584,0.756,1450.0,1.2375,0.3805,1.58,0,3,0.833,0.3997,13.895,30.546,16.651,1.7131,0.416,0
AGB-01,1345.0,85.62,2.035,0.4573,1.515,1450.0,1.2588,0.3791,1.59,0,3,0.7912,0.3914,13.905,30.568,16.663,1.7434,0.416,0
AGB-01,1346.0,92.71,1.9969,0.4719,1.024,1450.0,1.2358,0.3808,1.37,0,3,0.8922,0.4136,13.916,30.591,16.675,1.7106,0.416,0
AGB-01,1347.0,95.21,2.0567,0.4622,0.819,1450.0,1.2719,0.3913,1.7,0,3,0.8547,0.3826,13.926,30.614,16.688,1.7619,0.416,0
AGB-01,1348.0,91.64,1.9635,0.4866,1.058,1450.0,1.2157,0.3684,1.06,0,3,0.8375,0.4311,13.936,30.637,16.7,1.6821,0.416,0
AGB-01,1349.0,101.39,1.9738,0.4979,0.815,1450.0,1.2219,0.3885,1.19,0,3,0.8744,0.4225,13.947,30.659,16.713,1.6909,0.416,0
AGB-01,1350.0,93.2,2.1108,0.426,1.028,1450.0,1.3045,0.3919,1.95,0,3,0.8445,0.3546,13.957,30.682,16.725,1.8083,0.416,0
AGB-01,1351.0,93.23,2.0556,0.4702,1.406,1450.0,1.2712,0.3779,1.34,0,3,0.8784,0.3848,13.967,30.705,16.737,1.7609,0.416,0
AGB-01,1352.0,88.04,2.0448,0.4427,0.748,1450.0,1.2647,0.3792,1.78,0,3,0.8091,0.3713,13.978,30.727,16.75,1.7517,0.416,0
AGB-01,1353.0,87.71,2.0837,0.4252,1.036,1450.0,1.2882,0.3943,2.09,0,3,0.8665,0.3603,13.988,30.75,16.762,1.7851,0.416,0
AGB-01,1354.0,95.74,1.9926,0.5,1.305,1450.0,1.2332,0.3684,1.33,0,3,0.9061,0.4053,13.998,30.773,16.775,1.707,0.416,0
AGB-01,1355.0,96.61,2.0149,0.4898,1.006,1450.0,1.2467,0.3722,1.54,0,3,0.8888,0.395,14.009,30.796,16.787,1.7261,0.416,0
AGB-01,1356.0,91.51,2.0932,0.4213,1.163,1450.0,1.2938,0.3891,2.14,0,3,0.8366,0.3507,14.019,30.818,16.799,1.7932,0.416,0
AGB-01,1357.0,95.46,2.0739,0.4411,1.035,1450.0,1.2822,0.3831,1.78,0,3,0.9047,0.3606,14.029,30.841,16.812,1.7767,0.416,0
AGB-01,1358.0,97.66,2.0057,0.4766,0.904,1450.0,1.2411,0.381,1.31,0,3,0.8995,0.4024,14.04,30.864,16.824,1.7182,0.416,0
AGB-01,1359.0,102.37,2.0186,0.4522,1.863,1450.0,1.2488,0.3925,1.68,0,3,0.9566,0.3958,14.05,30.887,16.837,1.7293,0.416,0
AGB-01,1360.0,95.6,2.0518,0.4679,1.019,1450.0,1.2688,0.3716,1.82,0,3,0.8834,0.3863,14.06,30.909,16.849,1.7577,0.416,0
AGB-01,1361.0,98.02,1.9747,0.4977,0.871,1450.0,1.2222,0.3747,1.52,0,3,0.8768,0.4181,14.071,30.932,16.861,1.6916,0.416,0
AGB-01,1362.0,93.21,2.0609,0.4484,1.406,1450.0,1.2742,0.384,1.76,0,3,0.8371,0.3805,14.081,30.955,16.874,1.7655,0.416,0
AGB-01,1363.0,89.67,1.9764,0.4748,0.567,1450.0,1.2232,0.3802,1.76,0,3,0.7969,0.4136,14.091,30.977,16.886,1.6931,0.416,0
AGB-01,1364.0,98.72,1.9923,0.4722,0.705,1450.0,1.2327,0.3791,1.55,0,3,0.802,0.4013,14.102,31.0,16.898,1.7067,0.416,0
AGB-01,1365.0,87.17,2.0429,0.4363,1.284,1450.0,1.2632,0.3919,1.67,0,3,0.8272,0.3762,14.112,31.023,16.911,1.7501,0.416,0
AGB-01,1366.0,98.11,2.0926,0.4403,0.841,1450.0,1.293,0.3686,1.66,0,3,0.8382,0.3592,14.122,31.046,16.923,1.7926,0.416,0
AGB-01,1367.0,87.74,2.0499,0.4498,0.638,1450.0,1.2673,0.3734,1.31,0,3,0.7939,0.3777,14.133,31.068,16.936,1.7561,0.416,0
AGB-01,1368.0,91.11,2.0304,0.4371,0.965,1450.0,1.2555,0.3859,1.82,0,3,0.8048,0.3836,14.143,31.091,16.948,1.7394,0.416,0
AGB-01,1369.0,95.63,2.0424,0.431,0.797,1450.0,1.2626,0.3882,1.65,0,3,0.8424,0.3919,14.153,31.114,16.96,1.7496,0.416,0
AGB-01,1370.0,102.21,2.0352,0.4455,0.966,1450.0,1.2582,0.3971,1.74,0,3,0.8748,0.3774,14.164,31.137,16.973,1.7435,0.416,0
AGB-01,1371.0,92.06,2.0175,0.471,0.637,1450.0,1.2475,0.3932,1.65,0,3,0.8134,0.3994,14.174,31.159,16.985,1.7283,0.416,0
AGB-01,1372.0,92.83,2.0384,0.4438,0.859,1450.0,1.26,0.3933,1.98,0,3,0.8656,0.3635,14.184,31.182,16.998,1.7463,0.416,0
AGB-01,1373.0,94.23,2.0443,0.439,1.002,1450.0,1.2635,0.3977,1.65,0,3,0.8771,0.3778,14.195,31.205,17.01,1.7513,0.416,0
AGB-01,1374.0,96.59,2.0367,0.4554,0.747,1450.0,1.2589,0.3854,1.88,0,3,0.8971,0.3792,14.205,31.227,17.022,1.7448,0.416,0
AGB-01,1375.0,91.99,2.0897,0.4395,0.81,1450.0,1.2907,0.3737,2.08,0,3,0.8738,0.3641,14.215,31.25,17.035,1.7902,0.416,0
AGB-01,1376.0,101.72,2.0173,0.4926,1.445,1450.0,1.247,0.3861,1.52,0,3,0.8908,0.4125,14.226,31.273,17.047,1.7282,0.416,0
AGB-01,1377.0,92.96,2.067,0.4403,0.683,1450.0,1.2768,0.3821,1.85,0,3,0.8108,0.3719,14.236,31.296,17.06,1.7707,0.416,0
AGB-01,1378.0,90.82,2.0961,0.4336,0.537,1450.0,1.2943,0.39,2.07,0,3,0.7978,0.3617,14.246,31.318,17.072,1.7957,0.416,0
AGB-01,1379.0,93.56,2.017,0.4642,1.215,1450.0,1.2465,0.4053,1.64,0,3,0.8966,0.3895,14.257,31.341,17.084,1.7279,0.416,0
AGB-01,1380.0,99.96,2.0361,0.484,1.577,1450.0,1.258,0.3912,1.59,0,3,0.9087,0.4018,14.267,31.364,17.097,1.7443,0.416,0
AGB-01,1381.0,98.85,2.0034,0.4783,1.542,1450.0,1.2382,0.391,1.75,0,3,0.8986,0.4027,14.277,31.387,17.109,1.7163,0.416,0
AGB-01,1382.0,94.55,2.0783,0.4382,0.606,1450.0,1.2831,0.3893,1.62,0,3,0.8219,0.3609,14.288,31.409,17.121,1.7804,0.416,0
AGB-01,1383.0,86.22,2.0608,0.4585,0.838,1450.0,1.2725,0.3791,1.9,0,3,0.8316,0.3649,14.298,31.432,17.134,1.7654,0.416,0
AGB-01,1384.0,86.85,1.981,0.4466,0.692,1450.0,1.2243,0.3825,1.78,0,3,0.8138,0.4005,14.308,31.455,17.146,1.697,0.416,0
AGB-01,1385.0,95.21,2.0399,0.4325,0.661,1450.0,1.2597,0.3851,1.7,0,3,0.8175,0.379,14.319,31.477,17.159,1.7475,0.416,0
AGB-01,1386.0,92.2,1.9969,0.4894,0.534,1450.0,1.2337,0.381,1.42,0,3,0.8734,0.411,14.329,31.5,17.171,1.7107,0.416,0
AGB-01,1387.0,100.81,2.0346,0.4776,1.528,1450.0,1.2563,0.3902,1.79,0,3,0.9152,0.3798,14.34,31.523,17.183,1.743,0.416,0
AGB-01,1388.0,100.11,2.0028,0.4877,1.15,1450.0,1.2371,0.3874,1.66,0,3,0.9581,0.4029,14.35,31.546,17.196,1.7157,0.416,0
AGB-01,1389.0,96.91,1.9865,0.4789,0.712,1450.0,1.2271,0.3886,1.63,0,3,0.8102,0.4051,14.36,31.568,17.208,1.7018,0.416,0
AGB-01,1390.0,94.24,2.0898,0.4333,1.117,1450.0,1.2891,0.3951,1.85,0,3,0.8857,0.3615,14.371,31.591,17.221,1.7902,0.416,0
AGB-01,1391.0,89.08,2.0249,0.4521,0.584,1450.0,1.25,0.3666,1.59,0,3,0.8292,0.3847,14.381,31.614,17.233,1.7347,0.416,0
AGB-01,1392.0,94.72,2.0045,0.485,0.784,1450.0,1.2376,0.3681,1.65,0,3,0.8919,0.4201,14.391,31.637,17.245,1.7172,0.416,0
AGB-01,1393.0,94.99,2.0487,0.4332,1.203,1450.0,1.264,0.3894,1.68,0,3,0.8481,0.3698,14.402,31.659,17.258,1.755,0.416,0
AGB-01,1394.0,92.61,2.0749,0.4499,0.89,1450.0,1.2796,0.3624,2.03,1,3,0.8297,0.364,14.412,31.682,17.27,1.7775,0.416,0
AGB-01,1395.0,93.98,2.0219,0.4757,0.984,1450.0,1.2476,0.3871,1.26,0,3,0.8601,0.4088,14.422,31.705,17.283,1.7321,0.416,0
AGB-01,1396.0,90.74,2.0471,0.452,0.915,1450.0,1.2626,0.3883,1.7,0,3,0.8046,0.3776,14.433,31.727,17.295,1.7537,0.416,0
AGB-01,1397.0,95.35,1.9938,0.4741,0.901,1450.0,1.2304,0.3754,1.29,0,3,0.8486,0.4048,14.443,31.75,17.307,1.708,0.416,0
AGB-01,1398.0,96.29,2.0237,0.471,0.576,1450.0,1.2483,0.396,1.54,0,3,0.8405,0.3951,14.453,31.773,17.32,1.7336,0.416,0
AGB-01,1399.0,100.4,2.0054,0.4752,0.747,1450.0,1.2371,0.3832,1.24,0,3,0.8754,0.4132,14.464,31.796,17.332,1.718,0.416,0
AGB-01,1400.0,92.13,2.0712,0.4313,0.974,1450.0,1.2765,0.3776,1.78,0,3,0.8331,0.3657,14.474,31.818,17.344,1.7744,0.416,0
AGB-01,1401.0,100.23,2.0215,0.4481,1.79,1450.0,1.2465,0.3963,1.38,0,3,0.9204,0.4002,14.484,31.841,17.357,1.7318,0.416,0
AGB-01,1402.0,96.15,2.0657,0.4388,0.696,1450.0,1.2728,0.3709,2.0,0,3,0.8088,0.3751,14.495,31.864,17.369,1.7696,0.416,0
AGB-01,1403.0,92.91,2.0513,0.4586,0.84,1450.0,1.2641,0.401,1.91,0,3,0.8308,0.3847,14.505,31.887,17.382,1.7573,0.416,0
AGB-01,1404.0,92.19,2.0423,0.4315,1.298,1450.0,1.2585,0.3778,1.65,0,3,0.863,0.3751,14.515,31.909,17.394,1.7496,0.416,0
AGB-01,1405.0,100.25,2.0247,0.4666,1.047,1450.0,1.2478,0.3999,1.41,0,3,0.8877,0.3892,14.526,31.932,17.406,1.7345,0.416,0
AGB-01,1406.0,88.44,2.0502,0.47,0.674,1450.0,1.2629,0.3782,1.71,0,3,0.8101,0.3867,14.536,31.955,17.419,1.7563,0.416,0
AGB-01,1407.0,93.35,2.0376,0.4566,1.058,1450.0,1.2552,0.3861,1.63,0,3,0.8639,0.4044,14.546,31.977,17.431,1.7455,0.416,0
AGB-01,1408.0,95.08,2.0655,0.4333,0.96,1450.0,1.2718,0.3774,2.0,0,3,0.8743,0.358,14.557,32.0,17.444,1.7694,0.416,0
AGB-01,1409.0,93.92,2.0555,0.4331,0.708,1450.0,1.2657,0.3875,1.66,1,3,0.8847,0.3727,14.567,32.023,17.456,1.7608,0.416,0
AGB-01,1410.0,89.58,2.0216,0.4463,0.659,1450.0,1.2452,0.4094,1.53,0,3,0.8089,0.385,14.577,32.046,17.468,1.7319,0.416,0
AGB-01,1411.0,97.46,2.0656,0.4551,1.507,1450.0,1.2714,0.36,1.98,0,3,0.9231,0.3691,14.588,32.068,17.481,1.7695,0.416,0
AGB-01,1412.0,91.78,2.0188,0.4529,0.968,1450.0,1.2432,0.3921,1.71,0,3,0.8188,0.3873,14.598,32.091,17.493,1.7294,0.416,0
AGB-01,1413.0,94.49,2.0033,0.4684,1.586,1450.0,1.2338,0.3764,1.48,0,3,0.8952,0.4037,14.608,32.114,17.506,1.7162,0.416,0
AGB-01,1414.0,93.56,2.0201,0.4592,0.582,1450.0,1.2437,0.3765,1.56,0,3,0.8337,0.3944,14.619,32.137,17.518,1.7305,0.416,0
AGB-01,1415.0,103.12,2.046,0.4596,0.988,1450.0,1.2592,0.4068,1.42,0,3,0.9214,0.394,14.629,32.159,17.53,1.7527,0.416,0
AGB-01,1416.0,91.14,2.0144,0.4862,1.041,1450.0,1.2401,0.3874,1.82,0,3,0.8842,0.3988,14.639,32.182,17.543,1.7256,0.416,0
AGB-01,1417.0,101.81,2.0189,0.4736,0.943,1450.0,1.2427,0.3771,1.46,0,3,0.9262,0.3927,14.65,32.205,17.555,1.7295,0.416,0
AGB-01,1418.0,98.12,2.039,0.4761,0.84,1450.0,1.2546,0.3868,1.64,0,3,0.9057,0.3871,14.66,32.227,17.567,1.7467,0.416,0
AGB-01,1419.0,95.25,2.054,0.4659,1.45,1450.0,1.2635,0.3954,1.74,0,3,0.906,0.3767,14.67,32.25,17.58,1.7596,0.416,0
AGB-01,1420.0,94.06,2.0869,0.44,0.78,1450.0,1.2832,0.386,2.32,0,3,0.8514,0.3548,14.681,32.273,17.592,1.7878,0.416,0
AGB-01,1421.0,92.33,1.9764,0.4916,1.214,1450.0,1.2168,0.3892,1.32,0,3,0.9019,0.417,14.691,32.296,17.605,1.6931,0.416,0
AGB-01,1422.0,90.76,2.0322,0.447,1.02,1450.0,1.2502,0.3961,1.45,0,3,0.8645,0.3812,14.701,32.318,17.617,1.7409,0.416,0
AGB-01,1423.0,89.56,2.0416,0.4493,0.946,1450.0,1.2558,0.4129,1.76,0,3,0.8228,0.3878,14.712,32.341,17.629,1.7489,0.416,0
AGB-01,1424.0,92.09,2.0034,0.4824,0.545,1450.0,1.2328,0.3811,1.53,0,3,0.8509,0.4064,14.722,32.364,17.642,1.7162,0.416,0
AGB-01,1425.0,88.68,2.0538,0.4478,0.549,1450.0,1.263,0.3882,1.43,0,3,0.9028,0.3981,14.732,32.387,17.654,1.7594,0.416,0
AGB-01,1426.0,92.77,2.0599,0.4458,0.95,1450.0,1.2666,0.3697,1.85,0,3,0.8402,0.3771,14.743,32.409,17.667,1.7646,0.416,0
AGB-01,1427.0,97.27,1.9918,0.4577,0.533,1450.0,1.2257,0.4056,1.41,0,3,0.8692,0.4022,14.753,32.432,17.679,1.7063,0.416,0
AGB-01,1428.0,95.25,2.1039,0.4074,0.931,1450.0,1.2928,0.3902,1.81,0,3,0.8665,0.3553,14.763,32.455,17.691,1.8023,0.416,0
AGB-01,1429.0,92.94,2.0212,0.4383,0.506,1450.0,1.2433,0.3845,1.44,0,3,0.8383,0.3863,14.774,32.477,17.704,1.7315,0.416,0
AGB-01,1430.0,95.26,2.056,0.4635,0.623,1450.0,1.2641,0.389,1.99,0,3,0.8693,0.3808,14.784,32.5,17.716,1.7613,0.416,0
AGB-01,1431.0,96.09,2.0442,0.4551,1.015,1450.0,1.257,0.392,1.55,0,3,0.9384,0.3808,14.794,32.523,17.729,1.7512,0.416,0
AGB-01,1432.0,94.05,2.0369,0.4704,0.572,1450.0,1.2526,0.373,1.47,0,3,0.8387,0.3882,14.805,32.546,17.741,1.7449,0.416,0
AGB-01,1433.0,92.95,2.0609,0.4311,1.337,1450.0,1.267,0.3976,1.43,0,3,0.8889,0.3788,14.815,32.568,17.753,1.7655,0.416,0
AGB-01,1434.0,100.63,2.0532,0.4443,0.942,1450.0,1.2624,0.385,1.53,0,3,0.94,0.374,14.825,32.591,17.766,1.7589,0.416,0
AGB-01,1435.0,97.09,2.0803,0.4342,0.849,1450.0,1.2786,0.3742,1.53,0,3,0.8479,0.3603,14.836,32.614,17.778,1.7821,0.416,0
AGB-01,1436.0,99.13,2.0962,0.4322,0.858,1450.0,1.2882,0.3878,1.63,0,3,0.8937,0.366,14.846,32.637,17.79,1.7958,0.416,0
AGB-01,1437.0,89.89,2.0764,0.4174,0.751,1450.0,1.2763,0.3851,2.26,0,3,0.8179,0.3596,14.856,32.659,17.803,1.7787,0.416,0
AGB-01,1438.0,86.19,2.0478,0.4497,0.824,1450.0,1.2592,0.3814,1.99,0,3,0.7488,0.3563,14.867,32.682,17.815,1.7543,0.416,0
AGB-01,1439.0,98.55,2.0363,0.4372,1.024,1450.0,1.2524,0.3972,1.63,0,3,0.8815,0.383,14.877,32.705,17.828,1.7445,0.416,0
AGB-01,1440.0,97.66,2.0267,0.4634,0.976,1450.0,1.2467,0.3838,1.88,0,3,0.8723,0.3887,14.887,32.727,17.84,1.7362,0.416,0
AGB-01,1441.0,99.41,2.0537,0.4399,1.41,1450.0,1.2629,0.3902,1.78,0,3,0.9071,0.37,14.898,32.75,17.852,1.7593,0.416,0
AGB-01,1442.0,90.71,2.0909,0.4099,0.724,1450.0,1.2852,0.3827,1.89,0,3,0.8185,0.3432,14.908,32.773,17.865,1.7912,0.416,0
AGB-01,1443.0,96.6,2.0113,0.4601,0.616,1450.0,1.2375,0.3973,1.71,0,3,0.8714,0.3864,14.918,32.796,17.877,1.723,0.416,0
AGB-01,1444.0,89.34,2.0507,0.4394,0.57,1450.0,1.2612,0.3868,1.91,0,3,0.7872,0.3703,14.929,32.818,17.89,1.7568,0.416,0
AGB-01,1445.0,95.04,2.0665,0.443,0.941,1450.0,1.2707,0.3848,2.0,0,3,0.8704,0.3768,14.939,32.841,17.902,1.7703,0.416,0
AGB-01,1446.0,88.8,2.0795,0.4498,0.65,1450.0,1.2786,0.381,1.78,0,3,0.7946,0.3674,14.949,32.864,17.914,1.7815,0.416,0
AGB-01,1447.0,94.86,2.0605,0.4584,0.943,1450.0,1.2672,0.3919,1.89,0,3,0.8304,0.3809,14.96,32.887,17.927,1.7652,0.416,0
AGB-01,1448.0,98.06,2.0497,0.4553,0.69,1450.0,1.2608,0.3873,1.38,0,3,0.8514,0.387,14.97,32.909,17.939,1.7559,0.416,0
AGB-01,1449.0,90.0,2.0935,0.4391,1.004,1450.0,1.287,0.3798,2.31,0,3,0.8379,0.3571,14.981,32.932,17.952,1.7934,0.416,0
AGB-01,1450.0,100.9,1.9899,0.5,0.762,1450.0,1.225,0.3856,1.46,0,3,0.9122,0.4169,14.991,32.955,17.964,1.7047,0.416,0
AGB-01,1451.0,38.63,2.2005,0.28,0.461,2969.7,9.1665,0.2425,3.75,1,0,0.1217,0.2856,15.001,32.977,17.976,16.1762,0.2499,0
AGB-01,1452.0,23.81,2.2015,0.2629,0.41,3071.9,10.0791,0.1832,5.21,0,0,0.0572,0.2744,15.012,33.0,17.989,18.6347,0.2027,0
AGB-01,1453.0,26.25,2.1709,0.29,0.544,3021.0,9.7703,0.1765,4.39,0,0,0.042,0.2874,15.022,33.023,18.001,17.7628,0.203,0
AGB-01,1454.0,32.63,2.1432,0.3053,0.351,2931.5,8.5937,0.2302,3.83,0,0,0.0977,0.3098,15.032,33.046,18.013,14.7821,0.2687,0
AGB-01,1455.0,30.36,2.1966,0.2494,0.825,3011.0,9.3541,0.2234,4.11,0,0,0.1,0.2879,15.043,33.068,18.026,16.6524,0.2482,0
AGB-01,1456.0,28.71,2.1783,0.2777,0.362,3128.0,10.3058,0.1671,5.11,0,0,0.02,0.2777,15.053,33.091,18.038,19.303,0.1949,0
AGB-01,1457.0,27.24,2.2113,0.2764,0.79,3084.9,9.586,0.231,4.53,1,0,0.1168,0.2773,15.063,33.114,18.051,17.2621,0.2582,0
AGB-01,1458.0,29.82,2.1675,0.2789,0.499,2936.7,9.2578,0.1965,3.93,0,0,0.0732,0.2939,15.074,33.137,18.063,16.4058,0.2187,0
AGB-01,1459.0,30.55,2.1599,0.2664,0.487,3238.9,10.0745,0.2287,4.02,0,0,0.0335,0.2892,15.084,33.159,18.075,18.621,0.2573,0
AGB-01,1460.0,29.65,2.1632,0.2742,0.771,3065.1,9.5272,0.2257,3.26,0,0,0.0614,0.294,15.094,33.182,18.088,17.1073,0.2445,0
AGB-01,1461.0,24.91,2.2234,0.2495,1.017,3295.2,10.9062,0.202,5.11,0,0,0.02,0.2655,15.105,33.205,18.1,21.2381,0.217,0
AGB-01,1462.0,32.03,2.1962,0.2622,0.636,3074.9,9.475,0.2379,4.31,0,0,0.1244,0.2768,15.115,33.227,18.113,16.9707,0.26,0
AGB-01,1463.0,25.55,2.1981,0.2751,0.465,3026.3,9.6448,0.2095,4.48,0,0,0.0775,0.2847,15.125,33.25,18.125,17.4241,0.2279,0
AGB-01,1464.0,29.34,2.2026,0.273,0.624,3137.3,9.9264,0.2247,4.67,0,0,0.0723,0.2813,15.136,33.273,18.137,18.2023,0.2459,0
AGB-01,1465.0,31.67,2.1665,0.2627,0.384,2953.3,9.4851,0.1823,4.08,0,0,0.0652,0.2869,15.146,33.296,18.15,17.0007,0.2003,0
AGB-01,1466.0,33.17,2.2053,0.2785,0.893,3118.2,9.9638,0.2265,4.33,0,0,0.067,0.2808,15.156,33.318,18.162,18.3116,0.2361,0
AGB-01,1467.0,30.8,2.1704,0.2669,0.3,3079.7,9.4195,0.2294,4.16,0,0,0.0794,0.2935,15.167,33.341,18.175,16.832,0.2598,0
AGB-01,1468.0,28.01,2.2298,0.2518,0.445,3338.5,10.7062,0.2338,4.37,0,0,0.0237,0.2782,15.177,33.364,18.187,20.5792,0.2534,0
AGB-01,1469.0,38.95,2.1764,0.2759,0.962,2824.3,8.429,0.2293,3.88,0,0,0.1706,0.2873,15.187,33.387,18.199,14.4087,0.2522,0
AGB-01,1470.0,31.51,2.1518,0.2857,0.54,2789.3,8.4946,0.2148,3.32,0,0,0.1023,0.3055,15.198,33.409,18.212,14.5621,0.2247,0
AGB-01,1471.0,31.59,2.215,0.244,0.611,3276.0,10.6747,0.2111,5.19,0,0,0.0426,0.2667,15.208,33.432,18.224,20.4845,0.2307,0
AGB-01,1472.0,96.54,2.0302,0.4519,0.883,1450.0,1.2485,0.3776,1.8,0,3,0.8998,0.3803,15.218,33.455,18.236,1.7392,0.416,0
AGB-01,1473.0,95.16,2.0689,0.4492,0.599,1450.0,1.2716,0.4066,1.73,0,3,0.8574,0.3587,15.229,33.477,18.249,1.7724,0.416,0
AGB-01,1474.0,97.87,2.0552,0.4497,0.821,1450.0,1.2633,0.358,2.2,0,3,0.8768,0.3682,15.239,33.5,18.261,1.7606,0.416,0
AGB-01,1475.0,95.74,2.0256,0.4501,0.895,1450.0,1.2455,0.395,1.61,0,3,0.8202,0.3908,15.249,33.523,18.274,1.7352,0.416,0
AGB-01,1476.0,95.3,2.1237,0.4126,0.882,1450.0,1.3041,0.3652,2.07,0,3,0.8701,0.3403,15.26,33.546,18.286,1.8193,0.416,0
AGB-01,1477.0,99.98,2.0984,0.4247,1.085,1450.0,1.2889,0.3924,1.85,0,3,0.8537,0.3494,15.27,33.568,18.298,1.7976,0.416,0
AGB-01,1478.0,92.2,2.0551,0.4197,1.115,1450.0,1.2629,0.394,1.99,0,3,0.8732,0.3532,15.28,33.591,18.311,1.7605,0.416,0
AGB-01,1479.0,85.09,2.0996,0.3999,1.112,1450.0,1.2894,0.3853,2.26,0,3,0.7883,0.3517,15.291,33.614,18.323,1.7986,0.416,0
AGB-01,1480.0,82.46,2.091,0.446,0.699,1450.0,1.2842,0.4039,1.92,0,3,0.7543,0.3642,15.301,33.637,18.336,1.7913,0.416,0
AGB-01,1481.0,93.69,2.0551,0.469,0.878,1450.0,1.2626,0.3703,1.42,0,3,0.8566,0.38,15.311,33.659,18.348,1.7605,0.416,0
AGB-01,1482.0,98.12,2.1073,0.4265,0.636,1450.0,1.2937,0.3946,2.11,0,3,0.821,0.3528,15.322,33.682,18.36,1.8052,0.416,0
AGB-01,1483.0,96.92,2.0305,0.4693,1.101,1450.0,1.2477,0.3806,1.39,0,3,0.8508,0.3878,15.332,33.705,18.373,1.7394,0.416,0
AGB-01,1484.0,98.44,2.0571,0.4486,0.812,1450.0,1.2636,0.3798,2.03,0,3,0.8472,0.3699,15.342,33.727,18.385,1.7622,0.416,0
AGB-01,1485.0,94.41,2.0162,0.4598,0.753,1450.0,1.239,0.3937,1.41,0,3,0.8639,0.3986,15.353,33.75,18.398,1.7272,0.416,0
AGB-01,1486.0,91.93,2.0959,0.4323,1.097,1450.0,1.2867,0.3642,2.07,0,3,0.844,0.3553,15.363,33.773,18.41,1.7955,0.416,0
AGB-01,1487.0,88.32,2.0655,0.4322,1.265,1450.0,1.2684,0.3662,1.72,0,3,0.8105,0.3748,15.373,33.796,18.422,1.7695,0.416,0
AGB-01,1488.0,99.39,2.0439,0.4551,0.673,1450.0,1.2554,0.3685,1.54,0,3,0.8747,0.3796,15.384,33.818,18.435,1.7509,0.416,0
AGB-01,1489.0,101.7,2.0051,0.4708,1.498,1450.0,1.2322,0.385,1.43,0,3,0.9263,0.393,15.394,33.841,18.447,1.7177,0.416,0
AGB-01,1490.0,86.23,2.008,0.4955,0.683,1450.0,1.2339,0.3855,1.23,0,3,0.8328,0.417,15.404,33.864,18.459,1.7202,0.416,0
AGB-01,1491.0,101.32,2.0289,0.4612,1.346,1450.0,1.2464,0.3787,1.64,0,3,0.9183,0.3923,15.415,33.887,18.472,1.7381,0.416,0
AGB-01,1492.0,100.38,2.0898,0.4266,1.016,1450.0,1.2828,0.3849,1.98,0,3,0.917,0.3609,15.425,33.909,18.484,1.7902,0.416,0
AGB-01,1493.0,95.09,2.0194,0.4635,1.549,1450.0,1.2407,0.391,1.97,0,3,0.9231,0.3786,15.435,33.932,18.497,1.73,0.416,0
AGB-01,1494.0,91.66,2.0537,0.4421,0.823,1450.0,1.2613,0.3927,1.79,0,3,0.834,0.3842,15.446,33.955,18.509,1.7594,0.416,0
AGB-01,1495.0,90.38,2.0565,0.4525,0.87,1450.0,1.263,0.3803,1.55,0,3,0.7861,0.3671,15.456,33.977,18.521,1.7617,0.416,0
AGB-01,1496.0,97.0,2.0212,0.452,0.948,1450.0,1.2419,0.3852,1.56,0,3,0.8505,0.3867,15.466,34.0,18.534,1.7315,0.416,0
AGB-01,1497.0,99.29,2.0061,0.4607,0.538,1450.0,1.2329,0.3802,1.78,0,3,0.8933,0.391,15.477,34.023,18.546,1.7186,0.416,0
AGB-01,1498.0,91.32,2.0442,0.4417,0.782,1450.0,1.2557,0.3765,1.79,0,3,0.8794,0.3847,15.487,34.046,18.559,1.7512,0.416,0
AGB-01,1499.0,98.58,2.0865,0.4328,1.054,1450.0,1.2812,0.3741,2.02,0,3,0.8785,0.3671,15.497,34.068,18.571,1.7875,0.416,0
AGB-01,1500.0,92.48,2.0477,0.4506,1.42,1450.0,1.258,0.3783,1.62,0,3,0.8758,0.3687,15.508,34.091,18.583,1.7542,0.416,0
AGB-01,1501.0,93.91,2.0367,0.4579,0.607,1450.0,1.2515,0.3926,1.93,0,3,0.8385,0.3832,15.518,34.114,18.596,1.7448,0.416,0
AGB-01,1502.0,97.96,2.0983,0.4086,1.773,1450.0,1.2885,0.3793,2.45,0,3,0.8926,0.3543,15.528,34.137,18.608,1.7976,0.416,0
AGB-01,1503.0,89.3,2.0656,0.4393,0.755,1450.0,1.2691,0.3858,1.64,0,3,0.8528,0.3698,15.539,34.159,18.621,1.7696,0.416,0
AGB-01,1504.0,90.14,2.1064,0.4523,0.891,1450.0,1.2936,0.3899,2.64,0,3,0.848,0.352,15.549,34.182,18.633,1.8045,0.416,0
AGB-01,1505.0,90.26,2.0465,0.429,0.959,1450.0,1.2579,0.3906,2.15,0,3,0.8216,0.3737,15.559,34.205,18.645,1.7531,0.416,0
AGB-01,1506.0,93.19,2.0683,0.4413,1.017,1450.0,1.2712,0.3817,1.99,0,3,0.9046,0.3693,15.57,34.227,18.658,1.7719,0.416,0
AGB-01,1507.0,97.98,2.0719,0.4294,0.995,1450.0,1.2735,0.3965,1.68,0,3,0.8682,0.3763,15.58,34.25,18.67,1.775,0.416,0
AGB-01,1508.0,98.84,2.0604,0.4521,1.032,1450.0,1.2668,0.3975,1.53,0,3,0.9024,0.3716,15.59,34.273,18.682,1.765,0.416,0
AGB-01,1509.0,87.26,2.1126,0.4142,0.823,1450.0,1.2982,0.3894,1.75,0,3,0.8062,0.3619,15.601,34.296,18.695,1.8098,0.416,0
AGB-01,1510.0,86.76,2.0518,0.4448,0.74,1450.0,1.262,0.3846,1.66,0,3,0.8464,0.3732,15.611,34.318,18.707,1.7577,0.416,0
AGB-01,1511.0,94.96,2.0936,0.4399,1.308,1450.0,1.2872,0.375,2.14,0,3,0.8394,0.3528,15.621,34.341,18.72,1.7935,0.416,0
AGB-01,1512.0,95.86,2.0337,0.4741,2.043,1450.0,1.2516,0.3774,1.69,0,3,0.9401,0.39,15.632,34.364,18.732,1.7422,0.416,0
AGB-01,1513.0,98.21,2.0495,0.4566,1.219,1450.0,1.2613,0.383,1.96,0,3,0.8645,0.3827,15.642,34.387,18.744,1.7557,0.416,0
AGB-01,1514.0,88.09,2.0327,0.4729,1.224,1450.0,1.2514,0.3869,1.48,0,3,0.8395,0.3879,15.653,34.409,18.757,1.7414,0.416,0
AGB-01,1515.0,93.31,2.0161,0.469,1.004,1450.0,1.2417,0.3886,1.71,0,3,0.8384,0.3908,15.663,34.432,18.769,1.7271,0.416,0
AGB-01,1516.0,99.73,2.0891,0.4531,1.057,1450.0,1.2857,0.3724,1.96,0,3,0.875,0.3635,15.673,34.455,18.782,1.7896,0.416,0
AGB-01,1517.0,95.81,2.0611,0.4305,1.035,1450.0,1.2692,0.3862,1.79,0,3,0.8673,0.3673,15.684,34.477,18.794,1.7657,0.416,0
AGB-01,1518.0,89.04,2.0654,0.4144,0.456,1450.0,1.272,0.3916,1.94,0,3,0.8216,0.3545,15.694,34.5,18.806,1.7694,0.416,0
AGB-01,1519.0,93.63,2.0947,0.4371,0.759,1450.0,1.2898,0.3899,1.81,0,3,0.8463,0.3501,15.704,34.523,18.819,1.7944,0.416,0
AGB-01,1520.0,94.17,2.029,0.4615,0.953,1450.0,1.2506,0.4147,1.68,0,3,0.8398,0.3871,15.715,34.546,18.831,1.7382,0.416,0
AGB-01,1521.0,92.98,2.0566,0.4337,0.532,1450.0,1.2674,0.3736,2.08,0,3,0.8043,0.3785,15.725,34.568,18.844,1.7618,0.416,0
AGB-01,1522.0,102.08,2.1254,0.3957,1.039,1450.0,1.3089,0.3794,2.39,0,3,0.8573,0.3388,15.735,34.591,18.856,1.8207,0.416,0
AGB-01,1523.0,96.4,2.042,0.4778,0.664,1450.0,1.2591,0.4007,2.03,0,3,0.8467,0.3842,15.746,34.614,18.868,1.7493,0.416,0
AGB-01,1524.0,95.94,2.0809,0.4583,0.839,1450.0,1.2827,0.383,1.61,0,3,0.9029,0.3657,15.756,34.637,18.881,1.7826,0.416,0
AGB-01,1525.0,96.79,2.0261,0.4416,1.226,1450.0,1.25,0.3884,1.72,0,3,0.8939,0.3815,15.766,34.659,18.893,1.7357,0.416,0
AGB-01,1526.0,97.66,2.0595,0.442,1.289,1450.0,1.2703,0.3827,1.81,0,3,0.908,0.3766,15.777,34.682,18.905,1.7643,0.416,0
AGB-01,1527.0,68.85,2.165,0.3632,0.538,2100.0,3.2458,0.3484,3.03,0,2,0.5477,0.3092,15.787,34.705,18.918,4.7094,0.3924,0
AGB-01,1528.0,83.71,2.0658,0.3991,0.504,1494.1,1.2795,0.3934,1.96,0,2,0.6602,0.3549,15.797,34.727,18.93,1.7768,0.4216,0
AGB-01,1529.0,66.15,2.1206,0.3727,0.697,1822.1,2.5107,0.3535,2.39,0,2,0.5547,0.3297,15.808,34.75,18.943,3.5801,0.3879,0
AGB-01,1530.0,60.88,2.1523,0.3135,0.414,2313.7,4.9339,0.3067,3.84,0,2,0.4119,0.3049,15.818,34.773,18.955,7.4689,0.3405,0
AGB-01,1531.0,69.14,2.1013,0.3776,0.397,1827.5,2.7592,0.3288,2.14,0,2,0.4909,0.3434,15.828,34.796,18.967,3.9554,0.3706,0
AGB-01,1532.0,74.8,2.0625,0.4176,0.325,1450.0,1.2733,0.3716,1.69,0,2,0.6098,0.3734,15.839,34.818,18.98,1.7668,0.416,0
AGB-01,1533.0,67.19,2.1249,0.3491,0.356,1997.7,3.2193,0.3522,2.43,0,2,0.5036,0.3241,15.849,34.841,18.992,4.663,0.375,0
AGB-01,1534.0,68.09,2.0719,0.3962,0.367,1679.1,1.7977,0.3777,1.79,0,2,0.5531,0.3577,15.859,34.864,19.005,2.5215,0.4096,0
AGB-01,1535.0,74.41,2.1335,0.3498,0.445,1951.3,2.6224,0.3586,3.01,0,2,0.58,0.3174,15.87,34.887,19.017,3.7452,0.4016,0
AGB-01,1536.0,67.41,2.0889,0.3564,0.556,2088.0,3.1417,0.3478,2.73,0,2,0.4994,0.3278,15.88,34.909,19.029,4.5403,0.3908,0
AGB-01,1537.0,68.15,2.0903,0.3855,0.336,1998.0,2.6866,0.3624,2.14,0,2,0.5261,0.3341,15.89,34.932,19.042,3.8414,0.4018,0
AGB-01,1538.0,65.02,2.1627,0.3302,0.705,1957.6,3.2415,0.3291,3.38,0,2,0.5323,0.3138,15.901,34.955,19.054,4.6944,0.3697,0
AGB-01,1539.0,69.22,2.1482,0.3812,0.692,1912.7,2.9414,0.3357,2.97,0,2,0.5335,0.3234,15.911,34.977,19.067,4.2294,0.3788,0
AGB-01,1540.0,75.94,2.0907,0.4054,0.513,1726.5,1.3161,0.4183,2.47,0,2,0.6413,0.348,15.921,35.0,19.079,1.8259,0.4435,0
AGB-01,1541.0,68.9,2.145,0.3619,0.742,2011.7,3.188,0.3427,3.05,0,2,0.5266,0.3179,15.932,35.023,19.091,4.6094,0.381,0
AGB-01,1542.0,72.04,2.0642,0.429,0.495,1642.2,1.3816,0.3983,2.03,0,2,0.5953,0.3609,15.942,35.046,19.104,1.919,0.4316,0
AGB-01,1543.0,70.23,2.127,0.3643,0.471,1846.4,2.0947,0.3765,2.35,0,2,0.5944,0.3323,15.952,35.068,19.116,2.9538,0.416,0
AGB-01,1544.0,72.0,2.0881,0.3778,0.413,1728.4,1.9425,0.374,2.49,0,2,0.5729,0.3448,15.963,35.091,19.128,2.7299,0.408,0
AGB-01,1545.0,71.46,2.0799,0.3735,0.571,1816.5,2.3399,0.3638,1.83,0,2,0.5104,0.3522,15.973,35.114,19.141,3.3169,0.3953,0
AGB-01,1546.0,68.16,2.1187,0.3477,0.499,2017.1,3.1597,0.3672,2.69,0,2,0.5003,0.3279,15.983,35.137,19.153,4.5633,0.3815,0
AGB-01,1547.0,44.19,2.1508,0.3008,0.51,2491.6,6.3878,0.2604,3.51,0,1,0.2795,0.3103,15.994,35.159,19.166,10.0641,0.2947,0
AGB-01,1548.0,46.74,2.1638,0.2945,0.523,2808.0,7.1769,0.2993,3.85,0,1,0.2496,0.3048,16.004,35.182,19.178,11.6018,0.3279,0
AGB-01,1549.0,40.16,2.174,0.2945,0.587,2782.8,7.8896,0.2543,4.03,0,1,0.2512,0.2796,16.014,35.205,19.19,13.0815,0.2828,0
AGB-01,1550.0,52.86,2.1853,0.3058,0.532,2794.6,7.3372,0.2901,4.16,0,1,0.2887,0.286,16.025,35.227,19.203,11.9242,0.3201,0
AGB-01,1551.0,44.71,2.2292,0.2948,0.524,2860.1,8.4258,0.2735,4.64,0,1,0.2508,0.2688,16.035,35.25,19.215,14.2613,0.2801,0
AGB-01,1552.0,48.27,2.1933,0.2974,0.638,2662.7,7.5237,0.2432,3.68,0,1,0.2536,0.2894,16.045,35.273,19.228,12.3059,0.275,0
AGB-01,1553.0,30.44,2.216,0.2491,0.489,3141.4,10.5446,0.178,4.57,0,0,0.0559,0.2657,16.056,35.296,19.24,19.7887,0.1956,0
AGB-01,1554.0,30.03,2.2295,0.2536,0.726,3365.5,10.9815,0.2379,5.48,1,0,0.054,0.2619,16.066,35.318,19.252,21.1948,0.2461,0
AGB-01,1555.0,22.36,2.1648,0.269,0.542,3135.3,9.9429,0.2253,3.84,0,0,0.0472,0.2914,16.076,35.341,19.265,18.0338,0.2407,0
AGB-01,1556.0,37.21,2.1463,0.2937,0.536,2987.4,8.948,0.2345,4.0,0,0,0.137,0.289,16.087,35.364,19.277,15.4737,0.2656,0
AGB-01,1557.0,27.15,2.1861,0.2953,0.51,3126.4,10.0519,0.2089,4.8,0,0,0.0489,0.2882,16.097,35.387,19.29,18.334,0.2333,0
AGB-01,1558.0,24.9,2.2558,0.2311,0.49,3243.4,10.9532,0.2011,6.03,0,0,0.0641,0.2553,16.107,35.409,19.302,21.0892,0.2097,0
AGB-01,1559.0,31.4,2.2029,0.2517,0.898,3015.1,9.7372,0.1902,4.98,0,0,0.1303,0.2666,16.118,35.432,19.314,17.4679,0.2228,0
AGB-01,1560.0,32.96,2.1998,0.2737,0.45,3062.6,9.8751,0.2226,4.83,0,0,0.0927,0.2775,16.128,35.455,19.327,17.8391,0.2285,0
AGB-01,1561.0,33.95,2.1422,0.2831,0.393,2971.7,9.1627,0.2069,3.44,0,0,0.082,0.3001,16.138,35.477,19.339,15.9909,0.2421,0
AGB-01,1562.0,27.42,2.1736,0.2615,0.684,3066.7,10.1493,0.167,4.64,1,0,0.0517,0.2758,16.149,35.5,19.351,18.601,0.1909,0
AGB-01,1563.0,40.18,2.1835,0.2881,0.456,3045.2,9.2309,0.2466,4.32,0,0,0.1524,0.2792,16.159,35.523,19.364,16.1572,0.2713,0
AGB-01,1564.0,27.48,2.2314,0.2547,0.37,3253.9,10.567,0.2315,4.86,0,0,0.0574,0.2752,16.169,35.546,19.376,19.8353,0.246,0
AGB-01,1565.0,30.08,2.2023,0.2554,0.492,3087.0,9.9822,0.2124,5.6,0,0,0.0957,0.2736,16.18,35.568,19.389,18.1259,0.2292,0
AGB-01,1566.0,32.58,2.1827,0.2515,0.618,3108.5,9.9179,0.2122,5.07,0,0,0.0941,0.2759,16.19,35.591,19.401,17.9471,0.2383,0
AGB-01,1567.0,34.95,2.2236,0.2568,0.539,3185.4,10.2937,0.2162,4.35,0,0,0.0886,0.271,16.2,35.614,19.413,19.0106,0.244,0
AGB-01,1568.0,27.7,2.2166,0.2536,0.371,3332.2,10.8562,0.222,4.38,0,0,0.0413,0.2702,16.211,35.637,19.426,20.7473,0.2437,0
AGB-01,1569.0,46.83,2.2159,0.283,0.506,2775.5,8.073,0.2587,4.16,1,0,0.236,0.2835,16.221,35.659,19.438,13.4587,0.2766,0
AGB-01,1570.0,30.38,2.1863,0.2901,0.497,3281.0,10.3075,0.2464,4.35,0,0,0.049,0.286,16.231,35.682,19.451,19.0448,0.2648,0
AGB-01,1571.0,26.42,2.2163,0.2451,0.648,3194.7,10.3617,0.2063,4.62,0,0,0.0968,0.2645,16.242,35.705,19.463,19.2023,0.2397,0
AGB-01,1572.0,27.34,2.2559,0.2395,0.515,3320.7,10.7779,0.2292,5.06,0,0,0.0638,0.2702,16.252,35.727,19.475,20.4827,0.2563,0
AGB-01,1573.0,31.16,2.2045,0.2627,0.456,3130.0,10.1008,0.2071,4.97,0,0,0.1056,0.2678,16.262,35.75,19.488,18.4444,0.2361,0
AGB-01,1574.0,42.04,2.1872,0.2721,0.536,3022.2,9.2688,0.2349,4.35,0,0,0.1278,0.2871,16.273,35.773,19.5,16.2369,0.2627,0
AGB-01,1575.0,68.11,2.1186,0.3813,0.794,1824.8,2.8624,0.3299,2.78,0,2,0.5277,0.3269,16.283,35.796,19.513,4.099,0.3648,0
AGB-01,1576.0,67.29,2.152,0.3505,0.463,2099.4,3.3056,0.3334,2.35,0,2,0.5203,0.3181,16.293,35.818,19.525,4.7826,0.3891,0
AGB-01,1577.0,70.81,2.1232,0.3907,0.507,1778.6,2.0795,0.3711,2.52,0,2,0.593,0.3334,16.304,35.841,19.537,2.926,0.4085,0
AGB-01,1578.0,74.54,2.1659,0.3436,0.335,1860.7,2.8165,0.3358,3.51,0,2,0.5947,0.3057,16.314,35.864,19.55,4.0283,0.3791,0
AGB-01,1579.0,67.5,2.158,0.3724,0.433,1876.0,3.0114,0.3476,3.47,0,2,0.5552,0.3133,16.325,35.887,19.562,4.3263,0.3686,0
AGB-01,1580.0,69.78,2.1119,0.3646,0.502,1886.4,2.4851,0.3852,2.25,0,2,0.5379,0.3384,16.335,35.909,19.574,3.5275,0.3992,0
AGB-01,1581.0,73.74,2.1297,0.3886,0.568,1878.8,2.4631,0.3744,2.53,0,2,0.5615,0.3309,16.345,35.932,19.587,3.4944,0.4005,0
AGB-01,1582.0,64.92,2.1561,0.3461,0.478,2162.2,3.731,0.3437,3.3,0,2,0.5103,0.308,16.356,35.955,19.599,5.4521,0.3779,0
AGB-01,1583.0,67.46,2.1651,0.352,0.651,2069.3,3.376,0.3405,3.0,0,2,0.5407,0.3082,16.366,35.977,19.612,4.8909,0.3821,0
AGB-01,1584.0,73.6,2.1551,0.3275,0.538,1863.6,2.7824,0.3407,3.45,0,2,0.5721,0.3154,16.376,36.0,19.624,3.9756,0.3809,0
AGB-01,1585.0,64.26,2.105,0.3601,0.361,2175.5,3.2339,0.3581,2.71,0,2,0.4733,0.3372,16.387,36.023,19.636,4.6691,0.3994,0
AGB-01,1586.0,61.42,2.0987,0.3947,0.479,1771.9,2.346,0.3544,2.43,0,2,0.5124,0.3523,16.397,36.046,19.649,3.3191,0.3893,0
AGB-01,1587.0,73.69,2.1291,0.3578,0.663,1782.2,1.7709,0.4023,2.52,0,2,0.6291,0.3332,16.407,36.068,19.661,2.4743,0.4264,0
AGB-01,1588.0,66.97,2.089,0.3687,0.636,1990.9,2.5983,0.3876,2.42,0,2,0.5184,0.3414,16.418,36.091,19.674,3.6965,0.4056,0
AGB-01,1589.0,74.96,2.1219,0.3624,0.413,1935.7,2.6544,0.3819,2.51,0,2,0.5325,0.3349,16.428,36.114,19.686,3.7809,0.3975,0
AGB-01,1590.0,70.91,2.1737,0.3415,0.574,2264.1,4.0254,0.3457,3.55,0,2,0.5274,0.2936,16.438,36.137,19.698,5.9237,0.3808,0
AGB-01,1591.0,67.68,2.1173,0.3821,0.435,1771.1,2.2745,0.363,2.47,0,2,0.5631,0.3367,16.449,36.159,19.711,3.2124,0.3952,0
AGB-01,1592.0,68.93,2.0925,0.3657,0.551,1824.3,2.2905,0.3789,2.04,0,2,0.5483,0.3411,16.459,36.182,19.723,3.2361,0.4006,0
AGB-01,1593.0,79.78,2.1667,0.3747,0.881,1777.5,2.1279,0.3662,2.59,0,2,0.6429,0.3141,16.469,36.205,19.736,2.9956,0.408,0
AGB-01,1594.0,78.44,2.0805,0.4026,0.548,1647.2,1.5294,0.3969,2.25,0,2,0.6049,0.3513,16.48,36.227,19.748,2.1257,0.4238,0
AGB-01,1595.0,68.31,2.1214,0.3919,0.436,1827.3,2.4972,0.3475,2.42,0,2,0.551,0.333,16.49,36.25,19.76,3.5441,0.3903,0
AGB-01,1596.0,68.53,2.095,0.4015,0.616,1831.0,2.0266,0.3748,2.53,0,2,0.5778,0.341,16.5,36.273,19.773,2.8465,0.4165,0
AGB-01,1597.0,74.72,2.1539,0.3832,1.06,1931.8,2.7218,0.3757,2.64,0,2,0.5459,0.3287,16.511,36.296,19.785,3.8823,0.3953,0
AGB-01,1598.0,47.78,2.1628,0.3105,0.675,2611.3,7.0943,0.2434,3.98,0,1,0.2578,0.3003,16.521,36.318,19.797,11.4035,0.2848,0
AGB-01,1599.0,42.67,2.176,0.3056,1.024,2822.7,8.0978,0.2517,3.49,0,1,0.1969,0.2966,16.531,36.341,19.81,13.4916,0.2822,0
AGB-01,1600.0,46.51,2.1999,0.261,0.463,2728.7,7.7204,0.2563,3.37,0,1,0.2581,0.2856,16.542,36.364,19.822,12.6831,0.2842,0
AGB-01,1601.0,56.9,2.1436,0.3108,0.423,2545.1,6.3364,0.2862,3.32,0,1,0.3139,0.3016,16.552,36.387,19.835,9.9389,0.3126,0
AGB-01,1602.0,49.0,2.1941,0.2912,0.812,2734.6,7.4997,0.2781,3.67,0,1,0.288,0.2817,16.562,36.409,19.847,12.223,0.299,0
AGB-01,1603.0,44.84,2.1551,0.328,0.683,2690.5,7.6327,0.2578,3.43,0,1,0.188,0.3098,16.573,36.432,19.859,12.4981,0.2695,0
AGB-01,1604.0,72.16,2.1352,0.393,0.521,1697.5,2.1184,0.3584,2.52,0,2,0.5925,0.3322,16.583,36.455,19.872,2.9808,0.3949,0
AGB-01,1605.0,77.53,2.123,0.3697,0.572,1774.9,1.7246,0.4163,2.62,0,2,0.6197,0.3388,16.593,36.477,19.884,2.4063,0.4279,0
AGB-01,1606.0,76.32,2.1836,0.3495,0.552,2124.7,3.5349,0.3515,3.07,0,2,0.5397,0.305,16.604,36.5,19.897,5.1376,0.384,0
AGB-01,1607.0,77.76,2.0661,0.377,0.571,1885.7,2.0466,0.3918,2.63,0,2,0.5707,0.3422,16.614,36.523,19.909,2.8752,0.4201,0
AGB-01,1608.0,74.44,2.1385,0.3603,0.62,2022.0,3.21,0.355,2.77,0,2,0.528,0.3177,16.624,36.546,19.921,4.6291,0.3815,0
AGB-01,1609.0,71.67,2.1219,0.3699,0.43,1833.5,2.2739,0.3808,2.65,0,2,0.5752,0.333,16.635,36.568,19.934,3.2101,0.4046,0
AGB-01,1610.0,68.7,2.1396,0.3866,0.811,2014.9,2.7476,0.3657,2.79,0,2,0.5473,0.3274,16.645,36.591,19.946,3.9198,0.4043,0
AGB-01,1611.0,69.42,2.1374,0.3423,0.55,2097.4,3.3629,0.3613,3.05,0,2,0.4998,0.3238,16.655,36.614,19.959,4.8664,0.3851,0
AGB-01,1612.0,71.01,2.1043,0.391,0.571,1919.5,2.4335,0.3813,2.4,0,2,0.5521,0.3355,16.666,36.637,19.971,3.447,0.4061,0
AGB-01,1613.0,66.14,2.1028,0.3629,0.3,1943.8,3.1598,0.3306,2.32,0,2,0.4864,0.3328,16.676,36.659,19.983,4.55,0.3676,0
AGB-01,1614.0,62.45,2.0653,0.3756,0.512,1787.4,2.5877,0.3263,1.84,0,2,0.4916,0.3494,16.686,36.682,19.996,3.6775,0.3726,0
AGB-01,1615.0,66.69,2.133,0.3547,0.664,2065.8,3.056,0.3503,2.83,0,2,0.5464,0.3165,16.697,36.705,20.008,4.3894,0.3956,0
AGB-01,1616.0,70.4,2.1216,0.3896,0.306,1908.6,2.7552,0.3346,2.33,0,2,0.5266,0.3334,16.707,36.727,20.02,3.9297,0.3879,0
AGB-01,1617.0,70.72,2.1512,0.3655,0.645,2056.3,3.2445,0.3484,3.23,0,2,0.5396,0.3132,16.717,36.75,20.033,4.6797,0.3861,0
AGB-01,1618.0,67.12,2.1617,0.3537,0.559,2129.3,3.6515,0.3529,3.21,0,2,0.5169,0.3088,16.728,36.773,20.045,5.3175,0.3774,0
AGB-01,1619.0,70.59,2.1566,0.3636,0.637,1828.6,2.9547,0.3273,2.88,0,2,0.5414,0.3208,16.738,36.796,20.058,4.2321,0.3628,0
AGB-01,1620.0,68.79,2.0776,0.4085,0.537,1698.4,1.3594,0.4091,1.94,0,2,0.6195,0.3544,16.748,36.818,20.07,1.8804,0.4388,0
AGB-01,1621.0,74.58,2.1057,0.3514,0.441,1684.1,2.2488,0.3677,2.51,0,2,0.5775,0.3313,16.759,36.841,20.082,3.1696,0.3811,0
AGB-01,1622.0,73.85,2.1478,0.3743,0.365,1777.7,2.5972,0.3543,2.35,0,2,0.548,0.3313,16.769,36.864,20.095,3.6886,0.3771,0
AGB-01,1623.0,75.48,2.0911,0.3949,0.392,1672.2,1.9613,0.3604,2.39,1,2,0.5711,0.3455,16.779,36.887,20.107,2.7465,0.3991,0
AGB-01,1624.0,93.74,2.0257,0.4283,1.056,1450.0,1.2578,0.4008,1.79,0,3,0.8393,0.3812,16.79,36.909,20.12,1.7354,0.416,0
AGB-01,1625.0,95.18,2.1068,0.408,1.187,1450.0,1.307,0.3839,2.4,0,3,0.8222,0.3391,16.8,36.932,20.132,1.8048,0.416,0
AGB-01,1626.0,89.11,2.0898,0.437,0.652,1450.0,1.2969,0.388,2.14,0,3,0.8376,0.3539,16.81,36.955,20.144,1.7903,0.416,0
AGB-01,1627.0,98.59,2.1018,0.4381,0.652,1450.0,1.3043,0.3752,2.04,0,3,0.8753,0.3528,16.821,36.977,20.157,1.8005,0.416,0
AGB-01,1628.0,86.54,2.1586,0.4233,0.661,1450.0,1.3388,0.3799,2.77,0,3,0.8139,0.3377,16.831,37.0,20.169,1.8492,0.416,0
AGB-01,1629.0,86.68,2.1181,0.3962,1.179,1450.0,1.3146,0.383,2.24,0,3,0.7988,0.3334,16.841,37.023,20.182,1.8145,0.416,0
AGB-01,1630.0,96.41,2.0631,0.466,1.099,1450.0,1.2815,0.384,1.73,0,3,0.8782,0.3796,16.852,37.046,20.194,1.7673,0.416,0
AGB-01,1631.0,85.76,2.0835,0.4506,0.722,1450.0,1.294,0.3629,1.98,0,3,0.8008,0.3657,16.862,37.068,20.206,1.7848,0.416,0
AGB-01,1632.0,96.26,2.0415,0.4539,1.163,1450.0,1.2688,0.3982,1.76,0,3,0.8662,0.3744,16.872,37.091,20.219,1.7489,0.416,0
AGB-01,1633.0,93.05,2.0926,0.436,1.039,1450.0,1.3,0.3916,2.0,0,3,0.8599,0.3558,16.883,37.114,20.231,1.7927,0.416,0
AGB-01,1634.0,83.13,2.0055,0.4793,0.489,1450.0,1.2474,0.373,1.55,0,3,0.7955,0.4062,16.893,37.137,20.243,1.718,0.416,0
AGB-01,1635.0,102.61,2.0518,0.4636,0.865,1450.0,1.2757,0.3827,1.74,0,3,0.9093,0.3822,16.903,37.159,20.256,1.7577,0.416,0
AGB-01,1636.0,95.83,2.1094,0.4197,1.218,1450.0,1.3108,0.3855,2.02,0,3,0.8792,0.3425,16.914,37.182,20.268,1.8071,0.416,0
AGB-01,1637.0,97.87,2.1349,0.421,1.243,1450.0,1.3263,0.3882,2.47,0,3,0.896,0.3403,16.924,37.205,20.281,1.8288,0.416,0
AGB-01,1638.0,91.99,2.1486,0.3671,0.653,1504.7,1.3412,0.3935,2.56,0,3,0.7849,0.3241,16.934,37.227,20.293,1.8497,0.4229,0
AGB-01,1639.0,87.04,2.0865,0.4419,0.689,1450.0,1.2975,0.4159,2.01,0,3,0.8173,0.3587,16.945,37.25,20.305,1.7875,0.416,0
AGB-01,1640.0,94.22,2.0277,0.464,0.877,1450.0,1.262,0.3828,2.07,0,3,0.8785,0.3819,16.955,37.273,20.318,1.737,0.416,0
AGB-01,1641.0,96.53,2.0897,0.4325,1.151,1450.0,1.2998,0.3742,1.99,1,3,0.8601,0.3623,16.965,37.296,20.33,1.7902,0.416,0
AGB-01,1642.0,85.36,2.1034,0.4267,0.606,1450.0,1.3083,0.3891,1.74,0,3,0.7687,0.3508,16.976,37.318,20.343,1.8019,0.416,0
AGB-01,1643.0,89.35,2.0772,0.4178,0.985,1450.0,1.2926,0.3863,2.33,0,3,0.8019,0.3547,16.986,37.341,20.355,1.7794,0.416,0
AGB-01,1644.0,90.45,2.0807,0.433,0.749,1450.0,1.2949,0.3862,1.92,0,3,0.8341,0.3623,16.997,37.364,20.367,1.7824,0.416,0
AGB-01,1645.0,95.92,2.1274,0.4194,0.873,1450.0,1.3233,0.3916,2.64,0,3,0.8361,0.3426,17.007,37.387,20.38,1.8224,0.416,0
AGB-01,1646.0,91.49,2.0174,0.4635,1.39,1450.0,1.2567,0.3918,1.7,0,3,0.858,0.3844,17.017,37.409,20.392,1.7282,0.416,0
AGB-01,1647.0,94.42,2.1084,0.3978,0.825,1450.0,1.3121,0.3907,2.43,0,3,0.8459,0.351,17.028,37.432,20.405,1.8062,0.416,0
AGB-01,1648.0,96.52,2.1197,0.4371,0.907,1450.0,1.3191,0.3939,2.61,0,3,0.874,0.3434,17.038,37.455,20.417,1.8159,0.416,0
AGB-01,1649.0,95.86,2.0418,0.4556,1.18,1450.0,1.2719,0.3994,1.71,0,3,0.8782,0.3812,17.048,37.477,20.429,1.7491,0.416,0
AGB-01,1650.0,90.73,2.1069,0.4255,0.681,1450.0,1.3116,0.3704,2.6,0,3,0.8093,0.3515,17.059,37.5,20.442,1.8049,0.416,0
AGB-01,1651.0,90.77,2.0598,0.4445,0.662,1450.0,1.283,0.3852,1.76,0,3,0.8082,0.3674,17.069,37.523,20.454,1.7646,0.416,0
AGB-01,1652.0,95.02,2.0957,0.4556,1.181,1450.0,1.3049,0.3804,2.11,0,3,0.9092,0.3647,17.079,37.546,20.466,1.7953,0.416,0
AGB-01,1653.0,99.08,2.0875,0.4359,0.888,1450.0,1.3,0.3812,2.13,0,3,0.9416,0.3594,17.09,37.568,20.479,1.7883,0.416,0
AGB-01,1654.0,95.06,2.1043,0.4258,1.035,1450.0,1.3102,0.3967,2.18,0,3,0.8513,0.3538,17.1,37.591,20.491,1.8027,0.416,0
AGB-01,1655.0,94.25,2.0805,0.4422,0.888,1450.0,1.2958,0.3984,1.92,0,3,0.8176,0.3703,17.11,37.614,20.504,1.7823,0.416,0
AGB-01,1656.0,100.47,2.1181,0.4314,0.906,1450.0,1.3186,0.3746,2.51,0,3,0.9017,0.3451,17.121,37.637,20.516,1.8145,0.416,0
AGB-01,1657.0,91.71,2.0525,0.4674,1.819,1450.0,1.2788,0.409,1.87,0,3,0.8441,0.3848,17.131,37.659,20.528,1.7583,0.416,0
AGB-01,1658.0,95.89,2.0518,0.452,1.06,1450.0,1.2783,0.3735,1.68,0,3,0.8559,0.3782,17.141,37.682,20.541,1.7577,0.416,0
AGB-01,1659.0,93.69,2.0737,0.4446,1.732,1450.0,1.2916,0.3922,2.2,0,3,0.874,0.3561,17.152,37.705,20.553,1.7764,0.416,0
AGB-01,1660.0,98.95,2.0979,0.4224,1.194,1450.0,1.3062,0.3873,2.34,0,3,0.9004,0.3427,17.162,37.727,20.566,1.7972,0.416,0
AGB-01,1661.0,90.43,2.1003,0.4108,1.116,1450.0,1.3076,0.3936,1.91,0,3,0.8688,0.357,17.172,37.75,20.578,1.7992,0.416,0
AGB-01,1662.0,103.61,2.0559,0.4866,3.25,1450.0,1.2806,0.3845,1.87,0,3,0.98,0.3846,17.183,37.773,20.59,1.7612,0.416,0
AGB-01,1663.0,92.64,2.1186,0.4005,0.651,1450.0,1.3186,0.3803,2.35,0,3,0.7885,0.339,17.193,37.796,20.603,1.8149,0.416,0
AGB-01,1664.0,96.15,2.0991,0.4233,1.06,1450.0,1.3066,0.4117,2.21,0,3,0.825,0.3454,17.203,37.818,20.615,1.7983,0.416,0
AGB-01,1665.0,98.67,2.0583,0.441,1.008,1450.0,1.2818,0.376,2.14,0,3,0.8929,0.3618,17.214,37.841,20.628,1.7633,0.416,0
AGB-01,1666.0,89.46,2.0715,0.4531,1.139,1450.0,1.2897,0.3904,2.18,0,3,0.8833,0.3737,17.224,37.864,20.64,1.7746,0.416,0
AGB-01,1667.0,93.31,2.0735,0.4405,0.934,1450.0,1.2907,0.3915,2.35,0,3,0.8792,0.3625,17.234,37.887,20.652,1.7762,0.416,0
AGB-01,1668.0,92.47,2.0178,0.472,0.993,1450.0,1.2568,0.3975,1.93,0,3,0.8828,0.3815,17.245,37.909,20.665,1.7285,0.416,0
AGB-01,1669.0,96.94,2.0591,0.4583,1.043,1450.0,1.2817,0.3752,2.16,0,3,0.9191,0.3725,17.255,37.932,20.677,1.7639,0.416,0
AGB-01,1670.0,91.66,2.0816,0.4218,0.679,1450.0,1.2952,0.3954,1.89,1,3,0.846,0.3615,17.265,37.955,20.689,1.7833,0.416,0
AGB-01,1671.0,92.34,2.0669,0.4307,0.821,1450.0,1.2861,0.3804,2.01,0,3,0.8412,0.3628,17.276,37.977,20.702,1.7706,0.416,0
AGB-01,1672.0,93.95,2.1153,0.4233,0.717,1450.0,1.3153,0.3666,2.34,0,3,0.8314,0.3432,17.286,38.0,20.714,1.8121,0.416,0
AGB-01,1673.0,101.72,2.0905,0.4504,1.06,1450.0,1.3001,0.3901,2.15,0,3,0.9175,0.379,17.296,38.023,20.727,1.7909,0.416,0
AGB-01,1674.0,99.7,2.0795,0.436,1.344,1450.0,1.2932,0.3837,2.17,0,3,0.8805,0.3558,17.307,38.046,20.739,1.7815,0.416,0
AGB-01,1675.0,92.92,2.1457,0.3977,1.178,1450.0,1.3331,0.3882,2.56,0,3,0.8222,0.3263,17.317,38.068,20.751,1.8382,0.416,0
AGB-01,1676.0,93.05,2.0519,0.4437,0.852,1450.0,1.2761,0.3824,1.92,0,3,0.8503,0.3665,17.327,38.091,20.764,1.7578,0.416,0
AGB-01,1677.0,97.71,2.118,0.4269,1.091,1450.0,1.3159,0.3798,2.4,0,3,0.9022,0.3425,17.338,38.114,20.776,1.8144,0.416,0
AGB-01,1678.0,31.76,2.1863,0.2769,0.539,3022.7,9.5405,0.216,5.03,0,0,0.0992,0.2917,17.348,38.137,20.789,16.803,0.2449,0
AGB-01,1679.0,34.22,2.2357,0.2473,0.944,3179.5,10.3869,0.222,5.35,0,0,0.1211,0.2616,17.358,38.159,20.801,19.1134,0.2419,0
AGB-01,1680.0,30.53,2.1865,0.2846,0.446,3324.4,10.0536,0.2511,4.43,0,0,0.1051,0.2819,17.369,38.182,20.813,18.1732,0.2955,0
AGB-01,1681.0,38.53,2.1722,0.2922,0.495,3036.6,9.1487,0.2497,3.58,0,0,0.1153,0.3001,17.379,38.205,20.826,15.8387,0.2754,0
AGB-01,1682.0,30.39,2.179,0.28,0.459,3164.0,10.289,0.2255,4.26,0,0,0.0458,0.2861,17.389,38.227,20.838,18.8472,0.229,0
AGB-01,1683.0,23.9,2.1554,0.2757,0.709,3176.2,10.2306,0.2168,3.43,0,0,0.02,0.2962,17.4,38.25,20.851,18.685,0.2324,0
AGB-01,1684.0,17.46,2.2269,0.2531,0.757,3431.6,11.2927,0.2141,5.35,0,0,0.02,0.2701,17.41,38.273,20.863,22.0521,0.2451,0
AGB-01,1685.0,34.37,2.1904,0.3146,0.488,3043.1,9.2569,0.2596,3.81,0,0,0.1464,0.2862,17.42,38.296,20.875,16.1184,0.2732,0
AGB-01,1686.0,35.74,2.2197,0.2547,0.576,3091.9,10.0767,0.2091,4.87,0,0,0.1168,0.2695,17.431,38.318,20.888,18.2659,0.2313,0
AGB-01,1687.0,32.88,2.2438,0.2411,0.687,3241.9,10.6384,0.2158,5.78,0,0,0.1138,0.2571,17.441,38.341,20.9,19.9091,0.2428,0
AGB-01,1688.0,25.86,2.2155,0.2574,0.644,3213.3,10.7536,0.1738,4.66,0,0,0.0661,0.2637,17.451,38.364,20.912,20.2715,0.2118,0
AGB-01,1689.0,36.24,2.1844,0.283,0.392,3052.0,9.4401,0.2438,3.86,0,0,0.106,0.2941,17.462,38.387,20.925,16.5877,0.2612,0
AGB-01,1690.0,25.66,2.1888,0.2651,0.412,3161.3,10.0872,0.2349,4.4,0,0,0.0734,0.2857,17.472,38.409,20.937,18.3078,0.2476,0
AGB-01,1691.0,30.2,2.2361,0.2713,0.543,3253.7,10.5611,0.2206,6.4,0,0,0.1265,0.2554,17.482,38.432,20.95,19.6865,0.2511,0
AGB-01,1692.0,29.18,2.1984,0.2768,0.573,3099.4,10.1018,0.2062,4.43,0,0,0.067,0.2849,17.493,38.455,20.962,18.3528,0.2253,0
AGB-01,1693.0,35.6,2.1982,0.2784,0.505,3093.4,9.9539,0.203,4.31,0,0,0.0826,0.2853,17.503,38.477,20.974,17.9459,0.2367,0
AGB-01,1694.0,32.87,2.2426,0.2742,0.668,3166.8,10.3799,0.2205,6.23,1,0,0.1074,0.2669,17.513,38.5,20.987,19.1523,0.2378,0
AGB-01,1695.0,31.08,2.1894,0.2702,0.615,3141.3,10.1512,0.2125,3.69,0,0,0.0744,0.2813,17.524,38.523,20.999,18.4962,0.2347,0
AGB-01,1696.0,34.82,2.2241,0.2697,0.739,3118.8,9.9126,0.2349,4.38,0,0,0.1528,0.2649,17.534,38.546,21.012,17.8369,0.2556,0
AGB-01,1697.0,28.79,2.2392,0.2426,1.014,3414.1,11.4775,0.1897,6.36,0,0,0.0639,0.2435,17.544,38.568,21.024,22.7813,0.2224,0
AGB-01,1698.0,33.78,2.2046,0.2745,0.579,3208.6,10.1074,0.2275,4.9,0,0,0.1211,0.271,17.555,38.591,21.036,18.3739,0.2646,0
AGB-01,1699.0,35.74,2.2231,0.2704,0.743,3211.5,10.6314,0.2069,6.31,0,0,0.1032,0.2567,17.565,38.614,21.049,19.9096,0.2258,0
AGB-01,1700.0,36.92,2.2161,0.2703,0.343,3024.9,9.7849,0.1938,4.91,0,0,0.1264,0.2742,17.575,38.637,21.061,17.4925,0.23,0
AGB-01,1701.0,30.45,2.2292,0.2644,0.304,3334.9,11.0107,0.2114,5.15,0,0,0.054,0.2658,17.586,38.659,21.074,21.1227,0.2376,0
AGB-01,1702.0,24.41,2.2379,0.2122,0.508,3436.0,11.6065,0.2059,6.44,0,0,0.02,0.2544,17.596,38.682,21.086,23.2728,0.2161,0
AGB-01,1703.0,30.01,2.1895,0.2536,0.643,3260.3,10.5038,0.2288,5.61,0,0,0.0855,0.2682,17.606,38.705,21.098,19.5178,0.2466,0
AGB-01,1704.0,24.92,2.1658,0.2537,0.714,3291.8,10.7248,0.2055,4.54,0,0,0.0206,0.2811,17.617,38.727,21.111,20.1935,0.2316,0
AGB-01,1705.0,26.62,2.2469,0.2326,0.508,3573.0,11.9011,0.2251,6.54,0,0,0.02,0.2477,17.627,38.75,21.123,24.4824,0.2365,0
AGB-01,1706.0,31.86,2.1673,0.2974,0.517,2966.4,8.8099,0.2448,4.05,0,0,0.1569,0.2937,17.637,38.773,21.135,15.0568,0.276,0
AGB-01,1707.0,32.67,2.1667,0.1632,3.678,2894.8,9.6657,0.116,5.96,0,0,0.0933,0.2518,17.648,38.796,21.148,17.1692,0.1519,1
AGB-01,1708.0,35.75,2.1162,0.1523,1.781,2955.0,9.2106,0.1953,5.06,0,0,0.0828,0.2787,17.658,38.818,21.16,16.0144,0.227,1
AGB-01,1709.0,33.22,2.1362,0.196,2.197,2767.5,8.576,0.1861,4.67,1,0,0.1339,0.2779,17.669,38.841,21.173,14.5113,0.2112,1
AGB-01,1710.0,32.66,2.0847,0.1716,2.269,2552.1,7.7783,0.1312,3.72,0,0,0.1236,0.2932,17.679,38.864,21.185,12.7641,0.1587,1
AGB-01,1711.0,23.49,2.1745,0.1511,2.693,2949.3,10.0545,0.0999,6.4,1,0,0.0619,0.2474,17.689,38.887,21.197,18.2037,0.128,1
AGB-01,1712.0,74.43,2.1334,0.3492,0.656,2167.1,3.9364,0.3519,2.59,0,2,0.501,0.3056,17.7,38.909,21.21,5.7632,0.3667,0
AGB-01,1713.0,70.35,2.1503,0.3741,0.551,2055.9,3.1735,0.3671,2.75,0,2,0.5522,0.3124,17.71,38.932,21.222,4.5616,0.3898,0
AGB-01,1714.0,63.72,2.1462,0.3454,0.563,2261.0,4.0837,0.3325,3.06,0,2,0.4639,0.3169,17.72,38.955,21.235,5.9996,0.376,0
AGB-01,1715.0,71.45,2.156,0.3926,0.71,1822.4,2.4962,0.3599,2.92,0,2,0.5612,0.3323,17.731,38.977,21.247,3.5325,0.3924,0
AGB-01,1716.0,66.65,2.1434,0.3647,0.802,2066.5,2.9761,0.3827,3.01,0,2,0.5471,0.3213,17.741,39.0,21.259,4.257,0.4004,0
AGB-01,1717.0,71.36,2.1724,0.3895,0.483,2036.7,3.0506,0.3723,2.54,0,2,0.5656,0.3126,17.751,39.023,21.272,4.3706,0.3948,0
AGB-01,1718.0,74.69,2.1779,0.3336,0.901,1973.6,3.059,0.3511,3.04,0,2,0.5732,0.309,17.762,39.046,21.284,4.3831,0.3854,0
AGB-01,1719.0,67.62,2.1682,0.3574,0.701,2145.9,4.0311,0.3446,2.97,0,2,0.515,0.2988,17.772,39.068,21.297,5.9112,0.361,0
AGB-01,1720.0,70.68,2.1364,0.3599,0.664,1784.1,2.0083,0.3855,2.29,0,2,0.5986,0.3367,17.782,39.091,21.309,2.8106,0.4145,0
AGB-01,1721.0,73.95,2.1306,0.3717,0.414,1982.2,2.5183,0.378,2.95,0,2,0.5871,0.3218,17.793,39.114,21.321,3.5633,0.4112,0
AGB-01,1722.0,74.71,2.1325,0.3722,0.541,1834.1,2.4138,0.3652,2.97,0,2,0.5759,0.3292,17.803,39.137,21.334,3.4072,0.3976,0
AGB-01,1723.0,71.99,2.1654,0.3295,0.937,2164.7,3.454,0.3526,3.08,0,2,0.5811,0.2934,17.813,39.159,21.346,4.9925,0.3927,0
AGB-01,1724.0,78.03,2.15,0.3885,0.38,1866.8,2.5537,0.3634,3.74,0,2,0.6008,0.3152,17.824,39.182,21.358,3.6153,0.3955,0
AGB-01,1725.0,69.4,2.1312,0.3467,0.587,1806.9,2.5199,0.3747,2.88,0,2,0.5868,0.3205,17.834,39.205,21.371,3.5644,0.3867,0
AGB-01,1726.0,72.93,2.1386,0.367,0.424,2080.1,2.9334,0.3767,2.89,0,2,0.561,0.3176,17.844,39.227,21.383,4.1879,0.4039,0
AGB-01,1727.0,74.94,2.1898,0.34,0.862,2248.6,3.6617,0.3802,3.1,0,2,0.5665,0.2941,17.855,39.25,21.396,5.3172,0.3961,0
AGB-01,1728.0,69.62,2.1326,0.3782,0.477,1923.9,2.7821,0.3722,3.05,0,2,0.5726,0.3171,17.865,39.273,21.408,3.9574,0.39,0
AGB-01,1729.0,66.81,2.1465,0.3541,0.545,2086.9,3.1066,0.3629,2.58,0,2,0.5443,0.3183,17.875,39.296,21.42,4.4516,0.3973,0
AGB-01,1730.0,73.03,2.1451,0.3626,0.715,1982.6,2.8741,0.3593,3.37,0,2,0.6005,0.3041,17.886,39.318,21.433,4.0963,0.3945,0
AGB-01,1731.0,73.62,2.1587,0.3597,0.58,2002.2,2.6282,0.396,3.27,0,2,0.5997,0.3143,17.896,39.341,21.445,3.7249,0.4099,0
AGB-01,1732.0,70.03,2.1332,0.38,0.464,1927.3,2.4806,0.3846,2.86,0,2,0.575,0.3279,17.906,39.364,21.458,3.504,0.4068,0
AGB-01,1733.0,70.59,2.1791,0.3536,0.448,2105.4,3.705,0.3427,3.57,0,2,0.5533,0.2957,17.917,39.387,21.47,5.3834,0.3726,0
AGB-01,1734.0,74.67,2.077,0.3944,0.617,1463.9,1.2936,0.3688,2.25,0,2,0.6493,0.3542,17.927,39.409,21.482,1.7816,0.4178,0
AGB-01,1735.0,70.72,2.1087,0.3762,0.404,1844.6,2.1009,0.3832,2.57,0,2,0.5886,0.3363,17.937,39.432,21.495,2.9428,0.4153,0
AGB-01,1736.0,69.48,2.1178,0.3913,0.599,1929.6,2.7959,0.358,3.09,0,2,0.5735,0.3158,17.948,39.455,21.507,3.9767,0.3891,0
AGB-01,1737.0,69.7,2.1515,0.3351,0.756,2035.2,3.5757,0.3373,3.77,0,2,0.5512,0.2987,17.958,39.477,21.52,5.1788,0.3648,0
AGB-01,1738.0,79.15,2.1293,0.3906,0.793,1986.8,3.0194,0.3696,2.49,0,2,0.536,0.323,17.968,39.5,21.532,4.3164,0.3863,0
AGB-01,1739.0,66.26,2.1442,0.3693,0.483,2015.5,2.9965,0.3581,3.13,0,2,0.5316,0.3266,17.979,39.523,21.544,4.2814,0.3929,0
AGB-01,1740.0,79.84,2.1607,0.3748,0.535,1692.5,1.812,0.3714,3.07,0,2,0.6618,0.3213,17.989,39.546,21.557,2.5224,0.4159,0
AGB-01,1741.0,73.69,2.1185,0.3761,0.782,1881.6,2.4227,0.3674,2.38,0,2,0.5604,0.3349,17.999,39.568,21.569,3.4173,0.4031,0
AGB-01,1742.0,69.38,2.1474,0.3561,0.619,2035.8,3.2435,0.344,3.22,0,2,0.5159,0.324,18.01,39.591,21.581,4.6611,0.3833,0
AGB-01,1743.0,70.15,2.1514,0.3699,0.54,2063.8,3.2344,0.3795,2.86,0,2,0.553,0.3106,18.02,39.614,21.594,4.6471,0.3883,0
AGB-01,1744.0,75.61,2.1089,0.3876,0.694,1712.8,2.1412,0.3686,2.25,0,2,0.5939,0.3317,18.03,39.637,21.606,3.0021,0.3947,0
AGB-01,1745.0,74.14,2.162,0.3799,0.505,2087.8,3.2182,0.3607,3.0,0,2,0.5527,0.3121,18.041,39.659,21.619,4.6225,0.3932,0
AGB-01,1746.0,75.14,2.1511,0.3707,0.636,2064.4,3.1732,0.3537,2.87,0,2,0.5597,0.3102,18.051,39.682,21.631,4.5533,0.3914,0
AGB-01,1747.0,73.19,2.1327,0.3867,0.694,1889.5,2.0883,0.3641,2.61,0,2,0.6242,0.3244,18.061,39.705,21.643,2.925,0.4219,0
AGB-01,1748.0,74.15,2.1266,0.3918,0.478,2087.2,2.7326,0.3721,2.65,0,2,0.5571,0.3262,18.072,39.728,21.656,3.8823,0.4129,0
AGB-01,1749.0,70.05,2.1494,0.3631,0.497,2094.5,3.9032,0.3202,2.93,0,2,0.4766,0.3167,18.082,39.75,21.668,5.7005,0.3567,0
AGB-01,1750.0,70.79,2.132,0.3837,0.337,1962.7,2.4885,0.3888,2.71,0,2,0.5714,0.3293,18.092,39.773,21.681,3.5168,0.4105,0
AGB-01,1751.0,66.16,2.1355,0.3444,1.326,1827.9,2.8127,0.3318,2.63,0,2,0.564,0.3186,18.103,39.796,21.693,4.0045,0.3714,0
AGB-01,1752.0,71.71,2.1263,0.3829,0.736,1893.9,2.5109,0.3648,3.37,0,2,0.5857,0.3222,18.113,39.818,21.705,3.551,0.4003,0
AGB-01,1753.0,78.97,2.0801,0.3958,0.473,1630.6,1.3106,0.4165,2.01,0,2,0.6364,0.3574,18.123,39.841,21.718,1.8069,0.4358,0
AGB-01,1754.0,59.56,2.1694,0.3435,0.548,2342.0,5.1195,0.3036,4.24,0,2,0.4399,0.2951,18.134,39.864,21.73,7.7202,0.3403,0
AGB-01,1755.0,71.11,2.145,0.3569,0.468,2049.7,3.1599,0.3405,2.71,0,2,0.5304,0.3216,18.144,39.887,21.743,4.537,0.3894,0
AGB-01,1756.0,72.71,2.0927,0.3902,0.713,1694.6,1.8278,0.3554,2.62,0,2,0.6141,0.3366,18.154,39.909,21.755,2.5483,0.4116,0
AGB-01,1757.0,69.48,2.1839,0.3347,0.763,2316.3,4.5911,0.3231,3.58,0,2,0.489,0.2941,18.165,39.932,21.767,6.8301,0.3642,0
AGB-01,1758.0,60.36,2.1747,0.3417,0.58,2315.1,4.4135,0.322,3.12,0,2,0.4694,0.3069,18.175,39.955,21.78,6.5368,0.3715,0
AGB-01,1759.0,61.3,2.1669,0.3381,0.796,2189.1,4.3099,0.3251,3.24,0,2,0.4688,0.3082,18.185,39.978,21.792,6.3678,0.3536,0
AGB-01,1760.0,69.77,2.1674,0.3324,0.94,2163.1,3.8003,0.3349,3.8,0,2,0.5376,0.2988,18.196,40.0,21.804,5.5452,0.376,0
AGB-01,1761.0,60.64,2.0834,0.382,0.354,1957.4,2.9588,0.3415,2.46,0,2,0.5014,0.3361,18.206,40.023,21.817,4.2328,0.3812,0
AGB-01,1762.0,73.88,2.1709,0.3575,0.95,2176.2,3.4135,0.3673,3.39,0,2,0.5609,0.3034,18.216,40.046,21.829,4.9365,0.3962,0
AGB-01,1763.0,65.68,2.1071,0.3538,0.636,1956.5,3.2908,0.3598,3.1,0,2,0.499,0.3257,18.227,40.068,21.842,4.7463,0.3623,0
AGB-01,1764.0,67.24,2.1706,0.3486,0.479,2260.8,3.9173,0.3511,3.8,0,2,0.5246,0.3011,18.237,40.091,21.854,5.7369,0.3853,0
AGB-01,1765.0,71.48,2.1741,0.3688,0.504,2041.8,3.8141,0.3357,3.55,0,2,0.5151,0.3055,18.247,40.114,21.866,5.573,0.353,0
AGB-01,1766.0,64.61,2.2102,0.3297,0.556,2258.6,4.8184,0.3135,3.38,0,2,0.4999,0.283,18.258,40.137,21.879,7.2252,0.3434,0
AGB-01,1767.0,73.2,2.1608,0.3561,0.329,2092.9,3.523,0.3438,3.03,0,2,0.5074,0.3187,18.268,40.159,21.891,5.1138,0.3781,0
AGB-01,1768.0,71.9,2.1639,0.3469,0.902,2038.0,3.0936,0.3731,2.95,0,2,0.5758,0.3072,18.278,40.182,21.904,4.4463,0.3919,0
AGB-01,1769.0,74.43,2.1416,0.3484,0.754,1920.0,2.8238,0.355,2.98,0,2,0.5505,0.3246,18.289,40.205,21.916,4.0344,0.3871,0
AGB-01,1770.0,70.78,2.1482,0.3479,0.731,1925.0,2.8801,0.3517,2.85,0,2,0.5685,0.3159,18.299,40.228,21.928,4.1212,0.3851,0
AGB-01,1771.0,70.53,2.1682,0.3488,0.606,2169.6,3.8453,0.3659,2.96,0,2,0.5151,0.3059,18.31,40.25,21.941,5.6316,0.3744,0
AGB-01,1772.0,29.91,2.146,0.1755,2.155,2984.6,9.9184,0.1628,5.28,0,0,0.0412,0.2645,18.32,40.273,21.953,17.9135,0.1623,1
AGB-01,1773.0,26.7,2.1733,0.1618,2.816,2876.0,9.7489,0.0964,5.36,0,0,0.0448,0.2618,18.33,40.296,21.966,17.4644,0.1124,1
AGB-01,1774.0,26.56,2.1758,0.1665,2.309,2845.0,9.5606,0.1213,6.26,0,0,0.0573,0.266,18.341,40.318,21.978,16.9765,0.1256,1
AGB-01,1775.0,32.37,2.15,0.1756,1.416,2921.8,9.5077,0.1612,4.91,0,0,0.0811,0.2665,18.351,40.341,21.99,16.8465,0.1832,1
AGB-01,1776.0,27.91,2.1196,0.1816,2.39,2855.2,9.131,0.1589,6.3,1,0,0.088,0.2724,18.361,40.364,22.003,15.9054,0.1805,1
AGB-01,1777.0,34.27,2.1249,0.1842,1.284,2673.7,8.1266,0.2,5.2,0,0,0.1691,0.2767,18.372,40.387,22.015,13.5831,0.2051,1
AGB-01,1778.0,40.97,2.13,0.2041,1.395,2669.4,7.7085,0.2203,4.49,0,0,0.2018,0.2835,18.382,40.409,22.027,12.6887,0.2483,1
AGB-01,1779.0,28.35,2.2399,0.1173,3.275,3069.5,10.6214,0.1058,8.44,0,0,0.086,0.2292,18.392,40.432,22.04,20.0311,0.1472,1
AGB-01,1780.0,25.07,2.1444,0.1688,2.015,2857.0,9.352,0.1314,5.05,0,0,0.0615,0.2735,18.403,40.455,22.052,16.4849,0.1566,1
AGB-01,1781.0,31.58,2.1273,0.1637,2.689,2949.7,9.836,0.1165,6.15,0,0,0.0306,0.2629,18.413,40.478,22.065,17.7642,0.1322,1
AGB-01,1782.0,35.75,2.1683,0.1602,1.996,2798.0,9.2574,0.1403,5.45,0,0,0.1116,0.2555,18.423,40.5,22.077,16.2605,0.1349,1
AGB-01,1783.0,24.32,2.1576,0.1738,1.895,2926.3,9.8081,0.1072,6.28,0,0,0.0589,0.2564,18.434,40.523,22.089,17.7046,0.1344,1
AGB-01,1784.0,30.92,2.176,0.1398,2.516,3038.7,10.4879,0.08,7.79,0,0,0.02,0.242,18.444,40.546,22.102,19.6706,0.1,1
AGB-01,1785.0,31.39,2.1173,0.1592,4.332,2949.3,9.5153,0.1599,5.01,0,0,0.0619,0.2694,18.454,40.568,22.114,16.9412,0.1812,1
AGB-01,1786.0,34.76,2.1382,0.1727,2.763,2713.7,8.4666,0.1637,4.09,0,0,0.1205,0.2829,18.465,40.591,22.127,14.3927,0.1869,1
AGB-01,1787.0,47.07,2.1148,0.1754,2.764,2652.1,7.5807,0.2308,4.68,0,1,0.2223,0.2776,18.475,40.614,22.139,12.4597,0.2472,1
AGB-01,1788.0,46.44,2.1116,0.2107,2.096,2564.5,6.8578,0.2543,4.15,0,1,0.2674,0.2851,18.485,40.637,22.151,10.9964,0.2747,1
AGB-01,1789.0,45.26,2.0958,0.2027,2.286,2485.3,6.5917,0.2432,3.88,0,1,0.2635,0.2919,18.496,40.659,22.164,10.4814,0.2645,1
AGB-01,1790.0,48.57,2.0549,0.2199,1.989,2225.9,5.447,0.2179,4.08,0,1,0.2972,0.3097,18.506,40.682,22.176,8.3678,0.2572,1
AGB-01,1791.0,38.35,2.1575,0.172,2.351,2697.4,8.2733,0.1792,5.8,0,1,0.2213,0.255,18.516,40.705,22.189,13.9773,0.2083,1
AGB-01,1792.0,43.35,2.1129,0.1996,1.763,2357.9,6.3501,0.2242,4.03,0,1,0.2738,0.2928,18.527,40.728,22.201,10.0277,0.2364,1
AGB-01,1793.0,45.88,2.0885,0.2057,2.327,2350.3,6.3177,0.1953,3.38,0,1,0.2697,0.2925,18.537,40.75,22.213,9.9686,0.2289,1
AGB-01,1794.0,41.78,2.1424,0.1969,1.467,2483.5,7.2217,0.1738,5.16,0,1,0.2634,0.2693,18.547,40.773,22.226,11.7419,0.2098,1
AGB-01,1795.0,48.21,2.1404,0.181,1.973,2632.9,7.71,0.2001,5.44,0,1,0.2217,0.2737,18.558,40.796,22.238,12.7596,0.2319,1
AGB-01,1796.0,43.64,2.1379,0.1665,2.959,2666.2,8.2829,0.172,5.35,0,1,0.1873,0.2612,18.568,40.818,22.25,14.0155,0.1787,1
AGB-01,1797.0,49.04,2.1656,0.1924,2.785,2582.1,7.4733,0.2142,5.17,1,1,0.2561,0.2706,18.578,40.841,22.263,12.2659,0.2393,1
AGB-01,1798.0,73.15,2.1327,0.3313,0.488,1911.1,2.9824,0.3612,3.44,0,2,0.5717,0.3096,18.589,40.864,22.275,4.305,0.3741,0
AGB-01,1799.0,68.92,2.1541,0.3453,0.919,2067.7,3.4422,0.3462,3.31,0,2,0.5368,0.3092,18.599,40.887,22.288,5.0239,0.3764,0
AGB-01,1800.0,66.26,2.2144,0.3523,0.504,2245.4,3.9758,0.3661,2.92,0,2,0.5453,0.2929,18.609,40.909,22.3,5.8802,0.3823,0
AGB-01,1801.0,65.69,2.1728,0.3489,0.644,2140.1,3.5548,0.3734,3.82,0,2,0.558,0.2989,18.62,40.932,22.312,5.2031,0.3835,0
AGB-01,1802.0,67.8,2.1202,0.362,0.498,2145.7,3.0143,0.3681,2.66,0,2,0.541,0.322,18.63,40.955,22.325,4.3555,0.4057,0
AGB-01,1803.0,66.81,2.216,0.2911,0.507,2443.3,5.3306,0.3267,4.18,0,2,0.4885,0.2737,18.64,40.978,22.337,8.1769,0.3518,0
AGB-01,1804.0,71.44,2.1299,0.3577,0.633,1999.4,2.9298,0.3533,3.01,0,2,0.5642,0.3153,18.651,41.0,22.35,4.2253,0.3915,0
AGB-01,1805.0,74.85,2.1102,0.3704,0.526,1955.6,2.7797,0.36,2.71,0,2,0.5375,0.3299,18.661,41.023,22.362,3.995,0.3919,0
AGB-01,1806.0,77.45,2.0977,0.3737,0.3,1802.0,1.9305,0.3847,2.2,0,2,0.5944,0.3404,18.671,41.046,22.374,2.7222,0.418,0
AGB-01,1807.0,76.96,2.1289,0.3513,0.871,1961.7,2.6581,0.37,2.32,0,2,0.5713,0.3225,18.682,41.068,22.387,3.8094,0.4005,0
AGB-01,1808.0,72.28,2.1781,0.3625,0.66,2151.5,3.8174,0.3398,3.34,0,2,0.5325,0.3002,18.692,41.091,22.399,5.6242,0.3725,0
AGB-01,1809.0,74.8,2.1667,0.348,0.608,2001.7,3.2138,0.3546,3.77,0,2,0.5703,0.3045,18.702,41.114,22.412,4.6655,0.379,0
AGB-01,1810.0,77.59,2.1356,0.3658,0.727,1895.5,2.3539,0.3562,2.65,0,2,0.5984,0.3236,18.713,41.137,22.424,3.3497,0.4083,0
AGB-01,1811.0,71.08,2.1832,0.3577,0.394,2189.3,3.6905,0.3386,3.06,0,2,0.5386,0.3029,18.723,41.159,22.436,5.4189,0.385,0
AGB-01,1812.0,65.2,2.1637,0.3317,0.315,2234.3,4.1908,0.3451,2.69,0,2,0.4776,0.309,18.733,41.182,22.449,6.2312,0.3662,0
AGB-01,1813.0,70.92,2.1118,0.3807,0.834,1757.9,2.0221,0.379,2.81,0,2,0.6018,0.334,18.744,41.205,22.461,2.8558,0.408,0
AGB-01,1814.0,96.75,2.1412,0.4277,1.059,1450.0,1.3186,0.3751,2.28,0,3,0.9221,0.33,18.754,41.228,22.473,1.8342,0.416,0
AGB-01,1815.0,91.79,2.0431,0.4049,1.0,1450.0,1.2599,0.3704,2.14,0,3,0.885,0.3556,18.764,41.25,22.486,1.7502,0.416,0
AGB-01,1816.0,85.78,2.079,0.4294,0.502,1450.0,1.2815,0.3841,1.95,0,3,0.7816,0.3679,18.775,41.273,22.498,1.781,0.416,0
AGB-01,1817.0,101.16,2.118,0.4294,1.281,1450.0,1.3052,0.3697,2.35,0,3,0.9033,0.3474,18.785,41.296,22.511,1.8144,0.416,0
AGB-01,1818.0,93.05,2.1055,0.4158,1.008,1450.0,1.2979,0.3834,2.84,0,3,0.8231,0.3457,18.795,41.318,22.523,1.8037,0.416,0
AGB-01,1819.0,95.95,2.0373,0.4582,1.096,1450.0,1.2571,0.4069,1.73,0,3,0.9054,0.3779,18.806,41.341,22.535,1.7453,0.416,0
AGB-01,1820.0,93.73,2.118,0.4197,0.648,1450.0,1.3058,0.3807,2.19,0,3,0.8363,0.3408,18.816,41.364,22.548,1.8145,0.416,0
AGB-01,1821.0,93.48,2.1017,0.4206,0.839,1450.0,1.2962,0.3834,2.24,0,3,0.8614,0.3415,18.826,41.387,22.56,1.8005,0.416,0
AGB-01,1822.0,99.92,2.0891,0.4505,1.582,1450.0,1.2888,0.3694,1.91,0,3,0.9382,0.3561,18.837,41.409,22.573,1.7896,0.416,0
AGB-01,1823.0,94.16,2.0404,0.4412,1.055,1450.0,1.2598,0.3881,1.99,0,3,0.8701,0.3706,18.847,41.432,22.585,1.7479,0.416,0
AGB-01,1824.0,89.95,2.0949,0.4292,0.658,1450.0,1.2928,0.382,2.48,0,3,0.7851,0.344,18.857,41.455,22.597,1.7946,0.416,0
AGB-01,1825.0,97.51,2.0617,0.4642,1.401,1450.0,1.273,0.389,2.07,0,3,0.9129,0.374,18.868,41.478,22.61,1.7662,0.416,0
AGB-01,1826.0,91.95,2.0592,0.4435,1.371,1450.0,1.2718,0.403,1.85,0,3,0.8714,0.3753,18.878,41.5,22.622,1.764,0.416,0
AGB-01,1827.0,94.38,2.0471,0.4463,0.933,1450.0,1.2647,0.3862,1.89,0,3,0.9001,0.3735,18.888,41.523,22.635,1.7537,0.416,0
AGB-01,1828.0,88.61,2.0941,0.4209,1.121,1450.0,1.2932,0.3939,2.68,0,3,0.8439,0.354,18.899,41.546,22.647,1.794,0.416,0
AGB-01,1829.0,93.53,2.1253,0.3929,0.935,1450.0,1.3122,0.3773,2.26,0,3,0.8077,0.3375,18.909,41.568,22.659,1.8206,0.416,0
AGB-01,1830.0,92.64,2.0918,0.4486,0.743,1450.0,1.2923,0.389,2.24,0,3,0.8693,0.3551,18.919,41.591,22.672,1.7919,0.416,0
AGB-01,1831.0,90.32,2.1363,0.4129,0.58,1450.0,1.3194,0.3794,2.99,0,3,0.8596,0.3261,18.93,41.614,22.684,1.8301,0.416,0
AGB-01,1832.0,93.0,2.0916,0.4304,0.917,1450.0,1.2927,0.3927,1.79,0,3,0.9084,0.3567,18.94,41.637,22.696,1.7918,0.416,0
AGB-01,1833.0,92.97,2.0955,0.4272,1.554,1450.0,1.2953,0.3774,2.14,0,3,0.8842,0.3379,18.95,41.659,22.709,1.7951,0.416,0
AGB-01,1834.0,92.32,2.1146,0.424,1.02,1450.0,1.3071,0.3821,2.14,0,3,0.8061,0.3501,18.961,41.682,22.721,1.8115,0.416,0
AGB-01,1835.0,89.12,2.1298,0.3852,0.642,1450.0,1.3164,0.3889,2.38,0,3,0.8308,0.3306,18.971,41.705,22.734,1.8245,0.416,0
AGB-01,1836.0,99.25,2.0666,0.4418,2.328,1450.0,1.2786,0.3894,1.94,0,3,0.9211,0.3648,18.982,41.728,22.746,1.7704,0.416,0
AGB-01,1837.0,91.54,2.1031,0.4395,1.559,1450.0,1.3008,0.3854,2.75,0,3,0.8427,0.3563,18.992,41.75,22.758,1.8016,0.416,0
AGB-01,1838.0,28.45,2.1511,0.1537,2.268,2970.0,9.9737,0.1343,6.83,0,0,0.0645,0.2515,19.002,41.773,22.771,18.101,0.1406,1
AGB-01,1839.0,32.86,2.1534,0.1838,2.431,2897.2,9.1837,0.17,5.01,0,0,0.1285,0.2653,19.013,41.796,22.783,16.0319,0.2111,1
AGB-01,1840.0,32.49,2.1283,0.1565,2.011,2944.1,9.2951,0.1873,4.95,0,0,0.0927,0.2738,19.023,41.818,22.796,16.3048,0.2137,1
AGB-01,1841.0,29.1,2.1673,0.1482,2.268,2931.1,9.7879,0.1362,7.19,0,0,0.0877,0.2532,19.033,41.841,22.808,17.5781,0.1539,1
AGB-01,1842.0,28.01,2.1771,0.1516,1.505,3002.0,9.8837,0.1672,6.71,0,0,0.1038,0.2519,19.044,41.864,22.82,17.832,0.1919,1
AGB-01,1843.0,34.79,2.1027,0.1756,1.787,2774.6,8.5058,0.1973,4.18,0,0,0.1173,0.2857,19.054,41.887,22.833,14.4093,0.2085,1
AGB-01,1844.0,29.96,2.1657,0.1447,2.194,2914.0,9.6561,0.1308,6.19,0,0,0.0847,0.2606,19.064,41.909,22.845,17.2141,0.1635,1
AGB-01,1845.0,31.66,2.1377,0.1633,1.402,2928.6,9.4468,0.1709,4.91,0,0,0.1035,0.2624,19.075,41.932,22.858,16.6676,0.1917,1
AGB-01,1846.0,30.97,2.1739,0.1606,2.324,3115.8,10.3043,0.1719,6.13,0,0,0.0664,0.2539,19.085,41.955,22.87,18.9974,0.1999,1
AGB-01,1847.0,34.92,2.1224,0.1953,1.941,2780.6,8.5832,0.193,4.97,0,0,0.1328,0.2797,19.095,41.978,22.882,14.5741,0.2102,1
AGB-01,1848.0,34.91,2.1564,0.1622,2.143,2998.3,9.3598,0.2205,6.43,0,0,0.139,0.2616,19.106,42.0,22.895,16.4364,0.2404,1
AGB-01,1849.0,28.6,2.1687,0.159,2.215,2887.6,9.674,0.1355,4.84,0,0,0.0687,0.2626,19.116,42.023,22.907,17.2425,0.1413,1
AGB-01,1850.0,31.2,2.1924,0.1402,3.373,3017.3,10.034,0.1689,6.5,0,0,0.0987,0.2504,19.126,42.046,22.919,18.2133,0.1884,1
AGB-01,1851.0,32.1,2.1583,0.1557,2.087,2986.5,10.0027,0.1204,5.65,0,0,0.0608,0.2569,19.137,42.068,22.932,18.1238,0.157,1
AGB-01,1852.0,32.64,2.1776,0.1567,3.54,2965.3,10.0,0.1402,6.57,0,0,0.069,0.2548,19.147,42.091,22.944,18.1133,0.1514,1
AGB-01,1853.0,37.83,2.1621,0.2083,2.038,2531.8,7.6604,0.1875,5.48,0,1,0.2366,0.2688,19.157,42.114,22.957,12.546,0.1952,1
AGB-01,1854.0,48.85,2.1428,0.1998,1.36,2508.7,7.1121,0.2207,4.13,0,1,0.2685,0.2776,19.168,42.137,22.969,11.4273,0.2407,1
AGB-01,1855.0,42.8,2.1563,0.1884,2.013,2544.4,7.8888,0.1521,4.62,0,1,0.2009,0.271,19.178,42.159,22.981,13.026,0.1669,1
AGB-01,1856.0,45.4,2.0975,0.2155,0.992,2518.5,6.7031,0.2597,4.01,0,1,0.2649,0.2915,19.188,42.182,22.994,10.6255,0.2709,1
AGB-01,1857.0,39.15,2.1531,0.1928,3.144,2630.7,7.8724,0.2254,4.59,0,1,0.1998,0.2802,19.199,42.205,23.006,12.9896,0.2232,1
AGB-01,1858.0,51.63,2.0916,0.1987,1.706,2461.8,6.3948,0.2288,4.24,0,1,0.2816,0.2942,19.209,42.228,23.019,10.0379,0.2747,1
AGB-01,1859.0,45.76,2.1443,0.1716,2.53,2611.4,7.5246,0.2193,5.47,0,1,0.2668,0.2673,19.219,42.25,23.031,12.2604,0.2467,1
AGB-01,1860.0,49.43,2.2167,0.2856,0.912,3051.6,9.3436,0.2451,4.98,0,1,0.202,0.2686,19.23,42.273,23.043,16.378,0.2739,0
AGB-01,1861.0,42.52,2.2327,0.2576,0.476,3100.8,9.5809,0.245,5.12,0,1,0.2184,0.257,19.24,42.296,23.056,16.9835,0.2752,0
AGB-01,1862.0,38.26,2.2461,0.2468,0.937,3297.8,10.685,0.2422,6.56,0,1,0.1433,0.251,19.25,42.318,23.068,20.1122,0.2563,0
AGB-01,1863.0,52.66,2.2074,0.3016,0.633,2752.5,7.7123,0.2546,4.71,0,1,0.2953,0.2794,19.261,42.341,23.081,12.6514,0.2933,0
AGB-01,1864.0,47.9,2.2161,0.2967,0.363,2761.2,7.2918,0.3018,3.84,0,1,0.3084,0.2895,19.271,42.364,23.093,11.7866,0.3205,0
AGB-01,1865.0,41.88,2.1972,0.2677,0.479,2945.7,8.8684,0.2213,5.12,0,1,0.2246,0.2713,19.281,42.387,23.105,15.2233,0.271,0
AGB-01,1866.0,50.82,2.234,0.2846,0.423,3085.9,9.3756,0.2614,5.31,0,1,0.2315,0.2594,19.292,42.409,23.118,16.4625,0.2845,0
AGB-01,1867.0,42.3,2.2637,0.2563,0.893,3187.7,10.1725,0.2552,7.25,0,1,0.213,0.2431,19.302,42.432,23.13,18.5932,0.2654,0
AGB-01,1868.0,47.98,2.1867,0.3449,0.579,2574.2,6.7971,0.2813,4.39,1,1,0.3048,0.2995,19.312,42.455,23.142,10.8096,0.2985,0
AGB-01,1869.0,53.24,2.1942,0.2927,0.409,2795.8,8.1325,0.2472,4.22,0,1,0.2399,0.2861,19.323,42.478,23.155,13.5557,0.2756,0
AGB-01,1870.0,45.05,2.2516,0.2679,0.652,2865.4,8.6396,0.2457,5.06,0,1,0.2726,0.2638,19.333,42.5,23.167,14.6948,0.273,0
AGB-01,1871.0,53.85,2.2072,0.3035,1.259,2710.2,7.7967,0.2514,5.14,1,1,0.3007,0.2727,19.343,42.523,23.18,12.8361,0.2748,0
AGB-01,1872.0,40.96,2.2176,0.279,0.722,3040.6,9.181,0.2655,5.48,0,1,0.2141,0.2698,19.354,42.546,23.192,15.9876,0.2813,0
AGB-01,1873.0,35.17,2.2351,0.2406,0.559,3251.9,10.4343,0.2335,6.79,0,1,0.1667,0.2493,19.364,42.568,23.204,19.3694,0.2586,0
AGB-01,1874.0,50.54,2.1797,0.3204,0.705,2608.9,6.764,0.2738,3.86,0,1,0.3183,0.2959,19.374,42.591,23.217,10.7509,0.3086,0
AGB-01,1875.0,52.07,2.1673,0.304,0.705,2832.0,7.5912,0.2849,3.81,0,1,0.2812,0.2877,19.385,42.614,23.229,12.4105,0.3134,0
AGB-01,1876.0,45.66,2.1944,0.2968,0.647,2847.3,7.9478,0.2843,4.85,0,1,0.2537,0.2892,19.395,42.637,23.242,13.1652,0.3014,0
AGB-01,1877.0,47.81,2.1872,0.2762,0.702,2891.2,8.7354,0.2408,4.77,0,1,0.2101,0.2783,19.405,42.659,23.254,14.9295,0.2604,0
AGB-01,1878.0,48.69,2.1521,0.3117,0.831,2702.0,7.3872,0.2717,3.65,0,1,0.2583,0.298,19.416,42.682,23.266,11.9948,0.2898,0
AGB-01,1879.0,34.2,2.2343,0.2706,0.516,3269.8,10.5105,0.2322,7.21,0,1,0.1423,0.2561,19.426,42.705,23.279,19.6178,0.2576,0
AGB-01,1880.0,56.56,2.1715,0.3056,0.574,2553.1,6.1347,0.3007,3.62,0,1,0.3498,0.3025,19.436,42.728,23.291,9.5672,0.3296,0
AGB-01,1881.0,38.51,2.2411,0.2545,0.806,3223.4,9.8707,0.2738,5.29,0,1,0.1832,0.2651,19.447,42.75,23.304,17.7906,0.2896,0
AGB-01,1882.0,42.85,2.2181,0.2824,0.448,2800.0,8.5454,0.2373,4.76,0,1,0.2422,0.2722,19.457,42.773,23.316,14.5004,0.2496,0
AGB-01,1883.0,53.69,2.2019,0.3121,0.592,2643.4,7.1913,0.2758,3.83,0,1,0.3025,0.2904,19.467,42.796,23.328,11.6053,0.2944,0
AGB-01,1884.0,49.8,2.2374,0.279,0.561,2939.5,8.8666,0.2697,5.38,0,1,0.2508,0.2653,19.478,42.818,23.341,15.2529,0.2763,0
AGB-01,1885.0,49.2,2.2337,0.2723,0.607,2947.8,8.9846,0.2335,5.89,1,1,0.25,0.2611,19.488,42.841,23.353,15.5373,0.2699,0
AGB-01,1886.0,51.77,2.1877,0.2841,0.49,2753.4,7.5031,0.2903,5.05,0,1,0.3169,0.2765,19.498,42.864,23.365,12.2445,0.3022,0
AGB-01,1887.0,49.88,2.2218,0.2653,0.642,3048.9,8.9554,0.2702,5.32,0,1,0.2689,0.2575,19.509,42.887,23.378,15.4714,0.297,0
AGB-01,1888.0,37.23,2.2148,0.2918,0.399,2921.2,8.6907,0.2621,4.84,0,1,0.2238,0.279,19.519,42.909,23.39,14.8474,0.2782,0
AGB-01,1889.0,43.87,2.1844,0.3029,0.513,2889.9,8.4451,0.2503,4.65,0,1,0.2232,0.2838,19.529,42.932,23.403,14.285,0.2796,0
AGB-01,1890.0,73.89,2.1171,0.4056,1.107,1852.9,2.1877,0.378,2.59,0,2,0.5785,0.3381,19.54,42.955,23.415,3.0868,0.4115,0
AGB-01,1891.0,69.68,2.1739,0.3768,0.713,1996.9,3.1287,0.3602,2.57,0,2,0.5714,0.309,19.55,42.978,23.427,4.51,0.3843,0
AGB-01,1892.0,66.41,2.1719,0.3298,0.623,2191.3,4.2486,0.3424,2.9,0,2,0.4828,0.3067,19.56,43.0,23.44,6.2948,0.357,0
AGB-01,1893.0,70.38,2.1486,0.3711,0.651,2017.3,2.9039,0.3663,2.98,0,2,0.5881,0.3097,19.571,43.023,23.452,4.1646,0.3973,0
AGB-01,1894.0,65.29,2.1733,0.3326,0.703,2172.4,4.275,0.3302,3.22,0,2,0.5024,0.298,19.581,43.046,23.465,6.3389,0.3518,0
AGB-01,1895.0,73.12,2.1812,0.3397,0.588,2185.8,3.6831,0.3562,3.92,0,2,0.567,0.2938,19.591,43.068,23.477,5.3812,0.3855,0
AGB-01,1896.0,75.84,2.2222,0.3206,0.594,2179.7,3.7328,0.3487,3.24,0,2,0.6069,0.2788,19.602,43.091,23.489,5.4607,0.3852,0
AGB-01,1897.0,80.66,2.1445,0.3898,0.699,1772.5,2.199,0.3667,2.99,0,2,0.6296,0.3186,19.612,43.114,23.502,3.1046,0.4016,0
AGB-01,1898.0,68.46,2.1348,0.3648,0.462,2150.9,3.3039,0.3552,2.63,0,2,0.5203,0.3221,19.622,43.137,23.514,4.7838,0.395,0
AGB-01,1899.0,69.35,2.193,0.3172,0.5,2234.2,4.177,0.3444,3.41,0,2,0.5349,0.2909,19.633,43.159,23.527,6.1793,0.3703,0
AGB-01,1900.0,73.88,2.1354,0.3784,0.415,1889.5,2.679,0.3497,2.6,0,2,0.5552,0.329,19.643,43.182,23.539,3.8233,0.39,0
AGB-01,1901.0,55.02,2.2022,0.3099,0.443,2576.3,6.3676,0.2956,4.56,0,2,0.4027,0.2776,19.654,43.205,23.551,10.0173,0.3257,0
AGB-01,1902.0,70.01,2.1633,0.3387,0.903,2165.0,3.6404,0.3452,3.87,0,2,0.5534,0.2994,19.664,43.228,23.564,5.3141,0.3831,0
AGB-01,1903.0,71.62,2.1855,0.3281,0.564,2099.2,4.1197,0.3032,3.92,0,2,0.5454,0.2863,19.674,43.25,23.576,6.0858,0.3467,0
AGB-01,1904.0,72.54,2.1268,0.4362,0.829,1711.2,1.4954,0.3942,2.3,0,2,0.6392,0.3442,19.685,43.273,23.588,2.0798,0.4341,0
AGB-01,1905.0,69.11,2.1956,0.353,0.517,2288.9,4.3445,0.3541,3.0,0,2,0.477,0.3087,19.695,43.296,23.601,6.4547,0.3714,0
AGB-01,1906.0,69.95,2.1679,0.3526,0.671,1995.1,3.6221,0.3388,3.51,0,2,0.5188,0.3113,19.705,43.318,23.613,5.2848,0.3539,0
AGB-01,1907.0,30.45,2.2126,0.26,0.895,3398.0,11.4123,0.1916,5.39,1,0,0.0362,0.2559,19.716,43.341,23.626,22.7192,0.2092,0
AGB-01,1908.0,28.28,2.2428,0.2473,0.744,3584.6,11.5912,0.236,6.07,0,0,0.0537,0.2552,19.726,43.364,23.638,23.4158,0.2628,0
AGB-01,1909.0,30.31,2.2024,0.2695,0.488,3586.6,11.5721,0.2453,5.75,0,0,0.0368,0.2572,19.736,43.387,23.65,23.3381,0.256,0
AGB-01,1910.0,22.49,2.2632,0.2282,1.302,3506.4,12.0909,0.1747,8.63,0,0,0.02,0.2341,19.747,43.409,23.663,25.6229,0.1801,0
AGB-01,1911.0,26.75,2.2213,0.2317,0.414,3447.4,11.6947,0.1871,6.74,0,0,0.02,0.2501,19.757,43.432,23.675,23.8334,0.1975,0
AGB-01,1912.0,27.07,2.2169,0.2343,0.632,3376.3,11.0534,0.2116,5.61,0,0,0.0693,0.2622,19.767,43.455,23.688,21.4197,0.2406,0
AGB-01,1913.0,29.61,2.2416,0.2554,0.56,3382.6,11.1988,0.2241,6.55,0,0,0.0757,0.2563,19.778,43.478,23.7,21.9271,0.2355,0
AGB-01,1914.0,29.83,2.2593,0.2522,0.85,3587.7,11.7056,0.2275,8.4,0,0,0.0735,0.2442,19.788,43.5,23.712,23.8731,0.2578,0
AGB-01,1915.0,36.39,2.2292,0.2229,0.743,3383.0,11.3416,0.1951,6.96,0,0,0.0679,0.2498,19.798,43.523,23.725,22.442,0.2171,0
AGB-01,1916.0,28.45,2.278,0.2013,0.758,3740.0,12.4995,0.1942,10.71,0,0,0.02,0.2237,19.809,43.546,23.737,27.8831,0.2206,0
AGB-01,1917.0,34.84,2.2261,0.2304,0.819,3062.0,10.0008,0.2006,5.41,0,0,0.1449,0.2652,19.819,43.568,23.75,18.175,0.2239,0
AGB-01,1918.0,25.93,2.2631,0.2293,0.681,3249.1,11.089,0.1826,6.25,0,0,0.0904,0.2502,19.829,43.591,23.762,21.531,0.1989,0
AGB-01,1919.0,22.97,2.2142,0.2665,0.978,3360.6,10.904,0.1955,5.52,0,0,0.0573,0.2733,19.84,43.614,23.774,20.9032,0.2483,0
AGB-01,1920.0,31.84,2.2565,0.2258,0.954,3482.2,11.6866,0.2143,6.8,0,0,0.05,0.2481,19.85,43.637,23.787,23.7781,0.2252,0
AGB-01,1921.0,29.4,2.2841,0.2371,1.014,3672.4,12.3085,0.1975,8.59,0,0,0.058,0.2212,19.86,43.659,23.799,26.7227,0.2264,0
AGB-01,1922.0,24.09,2.2518,0.2008,0.876,3693.4,12.3613,0.1861,8.94,0,0,0.02,0.228,19.871,43.682,23.811,27.0182,0.2171,0
AGB-01,1923.0,27.18,2.2123,0.2573,0.533,3547.4,11.6394,0.2284,6.73,0,0,0.02,0.2601,19.881,43.705,23.824,23.5777,0.241,0
AGB-01,1924.0,35.77,2.214,0.26,1.032,3163.3,10.0572,0.2301,4.53,0,0,0.1319,0.2724,19.891,43.728,23.836,18.325,0.2539,0
AGB-01,1925.0,34.24,2.2406,0.2291,0.791,3342.9,11.0997,0.2115,5.7,0,0,0.0903,0.2538,19.902,43.75,23.849,21.5569,0.2312,0
AGB-01,1926.0,25.38,2.2063,0.2647,0.477,3419.5,11.2109,0.2083,6.58,0,0,0.0485,0.264,19.912,43.773,23.861,21.9466,0.2384,0
AGB-01,1927.0,30.41,2.2857,0.2349,0.922,3526.0,11.6674,0.2204,7.01,0,0,0.0877,0.242,19.922,43.796,23.873,23.6865,0.2499,0
AGB-01,1928.0,36.25,2.2322,0.2605,0.657,3153.3,10.4345,0.1911,5.17,0,0,0.0941,0.2718,19.933,43.818,23.886,19.4151,0.2209,0
AGB-01,1929.0,28.5,2.2355,0.2487,0.59,3611.1,12.0598,0.1914,7.72,0,0,0.02,0.242,19.943,43.841,23.898,25.423,0.2229,0
AGB-01,1930.0,29.29,2.2328,0.2502,0.671,3397.8,11.1006,0.217,6.0,0,0,0.1034,0.251,19.953,43.864,23.911,21.5559,0.2481,0
AGB-01,1931.0,31.33,2.215,0.2442,0.446,3346.8,10.8125,0.2395,6.4,0,0,0.0892,0.2652,19.964,43.887,23.923,20.5917,0.2522,0
AGB-01,1932.0,30.85,2.2355,0.2176,0.813,3561.5,11.6516,0.2369,8.94,0,0,0.0793,0.2411,19.974,43.909,23.935,23.621,0.2502,0
AGB-01,1933.0,32.61,2.2629,0.2465,0.682,3473.2,11.6781,0.2184,6.78,0,0,0.0552,0.2476,19.984,43.932,23.948,23.7305,0.225,0
AGB-01,1934.0,22.52,2.2124,0.2289,0.737,3480.5,11.5839,0.2151,6.3,0,0,0.0316,0.255,19.995,43.955,23.96,23.3498,0.2236,0
AGB-01,1935.0,28.67,2.2594,0.2516,0.454,3485.7,11.6697,0.1926,7.02,0,0,0.0674,0.2437,20.005,43.978,23.973,23.6973,0.2296,0
AGB-01,1936.0,24.32,2.2388,0.2184,0.864,3432.1,11.6452,0.1997,6.32,0,0,0.0383,0.2492,20.015,44.0,23.985,23.5973,0.2045,0
AGB-01,1937.0,39.47,2.2459,0.2308,0.524,3490.2,11.4289,0.2249,7.1,1,0,0.11,0.2389,20.026,44.023,23.997,22.7488,0.2512,0
AGB-01,1938.0,31.19,2.2403,0.2408,0.451,3403.4,11.2626,0.1979,7.93,0,0,0.0838,0.2519,20.036,44.046,24.01,22.1345,0.2369,0
AGB-01,1939.0,29.94,2.2653,0.2054,1.343,3541.2,11.89,0.2041,9.54,0,0,0.0648,0.2359,20.046,44.068,24.022,24.647,0.2263,0
AGB-01,1940.0,29.02,2.2192,0.2432,1.048,3253.2,10.8501,0.1862,6.26,0,0,0.1074,0.2512,20.057,44.091,24.034,20.7218,0.2149,0
AGB-01,1941.0,41.31,2.2731,0.2287,0.631,3417.7,11.4022,0.2135,6.77,0,0,0.11,0.2399,20.067,44.114,24.047,22.6562,0.2366,0
AGB-01,1942.0,28.5,2.2647,0.2336,1.149,3654.6,12.09,0.2157,7.07,1,0,0.0465,0.2372,20.077,44.137,24.059,25.5917,0.2416,0
AGB-01,1943.0,33.77,2.2604,0.2008,0.594,3605.7,11.6578,0.2414,6.51,0,0,0.0805,0.246,20.088,44.159,24.072,23.6647,0.2671,0
AGB-01,1944.0,28.98,2.2089,0.2378,0.683,3238.2,10.3875,0.23,5.34,0,0,0.1266,0.2637,20.098,44.182,24.084,19.2877,0.2504,0
AGB-01,1945.0,28.78,2.2425,0.2498,0.724,3519.3,11.5752,0.2157,6.0,0,0,0.069,0.248,20.108,44.205,24.096,23.3377,0.2455,0
AGB-01,1946.0,35.15,2.2379,0.2322,0.372,3252.8,10.5845,0.2157,5.0,0,0,0.1367,0.2555,20.119,44.228,24.109,19.8902,0.2457,0
AGB-01,1947.0,42.72,2.2825,0.2493,0.901,3351.7,10.7712,0.2482,5.89,0,0,0.1541,0.251,20.129,44.25,24.121,20.4809,0.2709,0
AGB-01,1948.0,30.95,2.1988,0.2403,0.645,3165.7,10.1447,0.2038,5.6,0,0,0.1231,0.2705,20.139,44.273,24.134,18.5888,0.2433,0
AGB-01,1949.0,32.9,2.243,0.237,0.604,3309.4,11.209,0.1599,5.45,0,0,0.07,0.2537,20.15,44.296,24.146,21.9692,0.205,0
AGB-01,1950.0,32.23,2.2557,0.2243,0.943,3445.4,11.3112,0.22,7.25,0,0,0.1101,0.2437,20.16,44.318,24.158,22.3429,0.2493,0
AGB-01,1951.0,26.2,2.2328,0.2356,0.652,3593.7,11.7858,0.2172,7.39,1,0,0.02,0.2576,20.17,44.341,24.171,24.2308,0.2455,0
AGB-01,1952.0,33.55,2.255,0.2352,0.664,3419.2,11.2381,0.2248,6.86,0,0,0.1138,0.2444,20.181,44.364,24.183,22.0825,0.2472,0
AGB-01,1953.0,28.26,2.2458,0.2356,0.648,3419.2,11.4164,0.1986,6.14,0,0,0.0693,0.2508,20.191,44.387,24.196,22.7447,0.2273,0
AGB-01,1954.0,31.56,2.2484,0.2109,0.686,3580.8,12.0479,0.1871,8.47,0,0,0.0408,0.2344,20.201,44.409,24.208,25.4384,0.2149,0
AGB-01,1955.0,25.77,2.2449,0.2379,0.693,3504.6,11.7727,0.1889,7.09,0,0,0.0475,0.2439,20.212,44.432,24.22,24.1885,0.2189,0
AGB-01,1956.0,38.69,2.2436,0.2541,0.5,3395.7,11.0584,0.2202,7.05,1,0,0.1017,0.2552,20.222,44.455,24.233,21.4576,0.2525,0
AGB-01,1957.0,22.66,2.2585,0.2208,0.918,3585.6,12.1653,0.1803,7.53,0,0,0.02,0.2358,20.232,44.478,24.245,26.0352,0.2029,0
AGB-01,1958.0,26.93,2.2062,0.2327,0.738,3379.7,11.243,0.1994,5.89,1,0,0.0578,0.2561,20.243,44.5,24.257,22.1147,0.2187,0
AGB-01,1959.0,27.22,2.235,0.2255,0.655,3519.5,11.8081,0.1966,7.26,0,0,0.0408,0.2437,20.253,44.523,24.27,24.3526,0.2171,0
AGB-01,1960.0,33.55,2.2636,0.251,0.839,3498.4,11.5945,0.2079,6.44,0,0,0.0774,0.2453,20.263,44.546,24.282,23.4575,0.2411,0
AGB-01,1961.0,24.35,2.2384,0.2238,0.637,3661.1,11.8616,0.2356,8.23,0,0,0.0483,0.2466,20.274,44.568,24.295,24.5897,0.2586,0
AGB-01,1962.0,25.16,2.2277,0.2511,0.824,3761.7,12.2602,0.2133,8.94,0,0,0.02,0.236,20.284,44.591,24.307,26.5478,0.2442,0
AGB-01,1963.0,24.06,2.2136,0.2373,0.709,3574.3,11.5829,0.2417,5.93,0,0,0.02,0.2652,20.294,44.614,24.319,23.4112,0.2535,0
AGB-01,1964.0,27.6,2.2725,0.2311,0.997,3569.2,11.9172,0.2074,8.94,0,0,0.0804,0.2308,20.305,44.637,24.332,24.8409,0.2333,0
AGB-01,1965.0,34.81,2.2385,0.234,0.358,3283.0,11.0475,0.2,7.72,0,0,0.0873,0.2534,20.315,44.659,24.344,21.4272,0.2102,0
AGB-01,1966.0,38.2,2.2612,0.2477,0.867,3455.4,11.3738,0.2198,7.39,0,0,0.0999,0.2458,20.326,44.682,24.357,22.6001,0.2476,0
AGB-01,1967.0,29.5,2.2335,0.2528,0.671,3234.8,10.7905,0.2034,5.9,0,0,0.1114,0.2535,20.336,44.705,24.369,20.5695,0.2167,0
AGB-01,1968.0,34.1,2.2118,0.2381,0.491,3251.5,10.5591,0.2093,6.34,0,0,0.1106,0.2633,20.346,44.728,24.381,19.8375,0.24,0
AGB-01,1969.0,27.42,2.2729,0.2094,1.235,3644.1,12.3488,0.2013,10.03,1,0,0.02,0.2287,20.357,44.75,24.394,27.044,0.2035,0
AGB-01,1970.0,38.09,2.219,0.2662,0.451,3239.0,10.5723,0.1993,6.34,0,0,0.1119,0.2625,20.367,44.773,24.406,19.8766,0.2363,0
AGB-01,1971.0,34.53,2.2367,0.2449,0.778,3344.4,11.2005,0.2024,6.92,0,0,0.0963,0.2461,20.377,44.796,24.419,21.9596,0.2185,0
AGB-01,1972.0,38.44,2.2462,0.2619,0.636,3243.5,9.9259,0.2512,6.43,0,1,0.2269,0.249,20.388,44.818,24.431,17.9895,0.2909,0
AGB-01,1973.0,48.73,2.2161,0.3163,0.615,3005.7,8.7658,0.26,4.64,0,1,0.2472,0.2721,20.398,44.841,24.443,15.0424,0.2959,0
AGB-01,1974.0,40.83,2.2174,0.2756,0.477,3167.6,9.585,0.2555,5.04,0,1,0.2173,0.2597,20.408,44.864,24.456,17.0716,0.2878,0
AGB-01,1975.0,52.9,2.245,0.3049,0.517,2875.2,8.3303,0.2654,5.07,1,1,0.3235,0.2564,20.419,44.887,24.468,14.0403,0.2933,0
AGB-01,1976.0,52.49,2.2153,0.2759,0.57,2809.6,8.1081,0.2544,4.6,0,1,0.2924,0.271,20.429,44.909,24.48,13.5469,0.284,0
AGB-01,1977.0,47.74,2.1845,0.3007,0.59,2715.7,7.399,0.279,3.95,0,1,0.2999,0.2866,20.439,44.932,24.493,12.0438,0.2977,0
AGB-01,1978.0,46.13,2.1612,0.3198,0.671,2587.8,7.086,0.2514,4.94,0,1,0.2983,0.2915,20.45,44.955,24.505,11.4102,0.2766,0
AGB-01,1979.0,31.01,2.2494,0.2603,0.723,3275.6,11.0315,0.1881,6.86,0,1,0.0845,0.2572,20.46,44.978,24.518,21.3492,0.2131,0
AGB-01,1980.0,47.5,2.226,0.2682,0.604,2907.1,8.9697,0.227,5.63,0,1,0.2408,0.2643,20.47,45.0,24.53,15.5198,0.2553,0
AGB-01,1981.0,48.94,2.2158,0.27,0.615,3014.0,8.6529,0.2956,6.03,0,1,0.2651,0.2696,20.481,45.023,24.542,14.7694,0.3043,0
AGB-01,1982.0,41.99,2.2553,0.2304,0.618,3169.9,9.7128,0.2586,6.21,1,1,0.2604,0.2429,20.491,45.046,24.555,17.3967,0.2877,0
AGB-01,1983.0,50.85,2.169,0.2962,0.494,2700.9,7.3212,0.2609,4.14,0,1,0.3003,0.2874,20.501,45.068,24.567,11.8797,0.2961,0
AGB-01,1984.0,47.41,2.2175,0.3142,0.378,2821.2,7.8451,0.2752,5.48,0,1,0.2927,0.2808,20.512,45.091,24.58,12.9704,0.3038,0
AGB-01,1985.0,41.1,2.2439,0.256,0.548,3058.0,9.8041,0.1981,7.48,0,1,0.2143,0.2508,20.522,45.114,24.592,17.6372,0.2453,0
AGB-01,1986.0,50.46,2.2591,0.2659,0.892,3003.3,9.1789,0.2611,6.7,0,1,0.2882,0.2463,20.532,45.137,24.604,16.0228,0.2778,0
AGB-01,1987.0,47.97,2.2298,0.2941,0.747,2911.6,8.7121,0.2557,5.51,0,1,0.2685,0.2643,20.543,45.159,24.617,14.9007,0.2767,0
AGB-01,1988.0,38.85,2.2361,0.278,0.613,3270.2,10.2772,0.2481,6.27,0,1,0.1761,0.2554,20.553,45.182,24.629,18.9577,0.2742,0
AGB-01,1989.0,45.79,2.1992,0.2877,0.691,2995.4,8.188,0.2891,3.69,0,1,0.253,0.288,20.563,45.205,24.642,13.7091,0.3217,0
AGB-01,1990.0,52.25,2.231,0.2567,0.654,3187.6,9.4085,0.2909,5.96,0,1,0.2511,0.2559,20.574,45.228,24.654,16.5927,0.3052,0
AGB-01,1991.0,47.56,2.2573,0.2464,1.103,3111.3,9.812,0.2307,6.49,0,1,0.2553,0.2393,20.584,45.25,24.666,17.6478,0.2657,0
AGB-01,1992.0,48.52,2.1975,0.3141,0.43,2721.9,7.3941,0.2606,3.36,0,1,0.2784,0.297,20.594,45.273,24.679,12.021,0.3022,0
AGB-01,1993.0,47.64,2.2337,0.2735,0.741,3024.3,9.0992,0.2643,4.83,0,1,0.2353,0.268,20.605,45.296,24.691,15.8178,0.2843,0
AGB-01,1994.0,47.86,2.2379,0.2753,0.848,2877.0,8.609,0.2366,5.33,0,1,0.2916,0.2589,20.615,45.318,24.703,14.6537,0.2752,0
AGB-01,1995.0,47.76,2.2398,0.2577,0.609,2931.4,9.0149,0.2185,5.79,1,1,0.2722,0.2538,20.625,45.341,24.716,15.6108,0.2637,0
AGB-01,1996.0,47.63,2.2291,0.293,0.645,2918.6,8.5297,0.2616,4.32,0,1,0.2605,0.2745,20.636,45.364,24.728,14.47,0.2905,0
AGB-01,1997.0,47.07,2.2305,0.2774,0.692,3102.6,9.0668,0.2613,5.55,0,1,0.266,0.2598,20.646,45.387,24.741,15.7353,0.3047,0
AGB-01,1998.0,46.03,2.2417,0.2749,0.839,2936.5,8.7758,0.2482,5.73,0,1,0.2844,0.2585,20.656,45.409,24.753,15.0388,0.2823,0
AGB-01,1999.0,41.42,2.205,0.2811,0.437,3011.5,8.8981,0.2653,5.55,0,1,0.243,0.269,20.667,45.432,24.765,15.3278,0.2883,0
AGB-01,2000.0,44.62,2.2561,0.2708,0.737,3356.3,10.2913,0.2786,7.07,0,1,0.2196,0.244,20.677,45.455,24.778,18.9816,0.2981,0
AGB-01,2001.0,45.69,2.1908,0.2899,0.347,2884.1,8.3341,0.2601,4.75,0,1,0.2447,0.2825,20.687,45.478,24.79,14.0246,0.2867,0
AGB-01,2002.0,49.0,2.2818,0.2471,0.573,2954.3,9.2052,0.2358,5.41,0,1,0.2956,0.2434,20.698,45.5,24.803,16.0711,0.2661,0
AGB-01,2003.0,101.46,2.0676,0.4382,0.664,1450.0,1.2805,0.3797,2.25,0,3,0.8726,0.361,20.708,45.523,24.815,1.7712,0.416,0
AGB-01,2004.0,101.67,2.0716,0.4603,1.065,1450.0,1.283,0.4043,1.79,0,3,0.8968,0.3581,20.718,45.546,24.827,1.7747,0.416,0
AGB-01,2005.0,106.41,2.0809,0.4559,1.067,1450.0,1.2886,0.3909,2.4,0,3,0.98,0.3656,20.729,45.568,24.84,1.7826,0.416,0
AGB-01,2006.0,100.48,2.078,0.4433,0.78,1450.0,1.2869,0.3998,1.97,0,3,0.868,0.3684,20.739,45.591,24.852,1.7802,0.416,0
AGB-01,2007.0,94.92,2.1071,0.4061,0.764,1462.7,1.306,0.3907,2.68,0,3,0.8212,0.3329,20.749,45.614,24.865,1.8073,0.4177,0
AGB-01,2008.0,102.75,2.148,0.3829,2.538,1450.0,1.3291,0.3727,2.77,0,3,0.9449,0.3139,20.76,45.637,24.877,1.8402,0.416,0
AGB-01,2009.0,101.47,2.1071,0.4312,1.005,1450.0,1.3045,0.3982,2.68,0,3,0.9115,0.3496,20.77,45.659,24.889,1.8051,0.416,0
AGB-01,2010.0,97.29,2.1493,0.4109,1.42,1450.0,1.33,0.3769,2.35,0,3,0.8963,0.3357,20.78,45.682,24.902,1.8412,0.416,0
AGB-01,2011.0,93.87,2.0714,0.4252,1.449,1450.0,1.283,0.3727,2.13,0,3,0.9129,0.3612,20.791,45.705,24.914,1.7745,0.416,0
AGB-01,2012.0,92.69,2.1146,0.3967,0.613,1450.0,1.3091,0.3772,2.97,0,3,0.8353,0.3271,20.801,45.728,24.926,1.8115,0.416,0
AGB-01,2013.0,91.9,2.0649,0.4505,0.813,1450.0,1.2792,0.3874,2.03,0,3,0.8301,0.3792,20.811,45.75,24.939,1.769,0.416,0
AGB-01,2014.0,90.51,2.1443,0.4121,0.764,1450.0,1.3271,0.3905,2.68,0,3,0.8118,0.3332,20.822,45.773,24.951,1.8369,0.416,0
AGB-01,2015.0,90.73,2.0484,0.4386,0.77,1450.0,1.2693,0.3704,2.55,0,3,0.8617,0.3602,20.832,45.796,24.964,1.7548,0.416,0
AGB-01,2016.0,100.16,2.0981,0.4077,1.471,1450.0,1.2993,0.3794,2.46,0,3,0.8768,0.3436,20.842,45.818,24.976,1.7974,0.416,0
AGB-01,2017.0,88.82,2.138,0.3967,1.084,1488.1,1.3279,0.3986,3.1,0,3,0.8498,0.3181,20.853,45.841,24.988,1.8379,0.4209,0
AGB-01,2018.0,96.11,2.0945,0.4312,0.941,1450.0,1.2972,0.3863,2.43,0,3,0.8528,0.3406,20.863,45.864,25.001,1.7943,0.416,0
AGB-01,2019.0,84.54,2.1036,0.3918,1.079,1515.7,1.31,0.3984,2.82,0,3,0.7826,0.3242,20.873,45.887,25.013,1.8125,0.4242,0
AGB-01,2020.0,95.93,2.1318,0.4092,0.969,1450.0,1.3197,0.3808,2.45,0,3,0.8784,0.3381,20.884,45.909,25.026,1.8262,0.416,0
AGB-01,2021.0,94.29,2.1063,0.4343,1.111,1450.0,1.3043,0.3782,2.18,0,3,0.8204,0.3436,20.894,45.932,25.038,1.8044,0.416,0
AGB-01,2022.0,95.67,2.1033,0.4334,1.158,1450.0,1.3026,0.3711,2.14,0,3,0.8578,0.344,20.904,45.955,25.05,1.8018,0.416,0
AGB-01,2023.0,94.68,2.1555,0.4362,0.876,1450.0,1.334,0.3934,3.05,0,3,0.893,0.3276,20.915,45.978,25.063,1.8465,0.416,0
AGB-01,2024.0,33.3,2.2476,0.2269,0.862,3417.2,11.2876,0.2224,5.67,1,0,0.1021,0.2484,20.925,46.0,25.075,22.174,0.2424,0
AGB-01,2025.0,30.43,2.2524,0.2454,0.76,3542.6,11.6442,0.2224,7.54,0,0,0.072,0.2489,20.935,46.023,25.088,23.5337,0.2505,0
AGB-01,2026.0,35.01,2.2629,0.2475,1.208,3427.0,11.2371,0.2387,6.67,0,0,0.1137,0.2492,20.946,46.046,25.1,21.9889,0.2538,0
AGB-01,2027.0,30.49,2.2324,0.2416,0.636,3502.0,11.5733,0.2039,6.75,0,0,0.0683,0.2492,20.956,46.068,25.112,23.246,0.2396,0
AGB-01,2028.0,29.46,2.237,0.2278,0.521,3414.4,11.5323,0.1767,6.55,0,0,0.0637,0.2482,20.966,46.091,25.125,23.0838,0.2126,0
AGB-01,2029.0,25.79,2.2676,0.2071,0.808,3679.5,12.3762,0.1996,8.49,0,0,0.0274,0.2303,20.977,46.114,25.137,26.9821,0.2176,0
AGB-01,2030.0,29.21,2.3009,0.2133,0.877,3754.0,12.6552,0.1925,10.65,1,0,0.02,0.2201,20.987,46.137,25.149,28.757,0.2112,0
AGB-01,2031.0,24.39,2.2815,0.2221,0.635,3664.7,12.4195,0.1632,8.24,0,0,0.0329,0.2261,20.998,46.159,25.162,27.2245,0.2099,0
AGB-01,2032.0,28.6,2.2673,0.2223,0.489,3624.4,12.2889,0.181,8.4,0,0,0.02,0.236,21.008,46.182,25.174,26.4879,0.2092,0
AGB-01,2033.0,37.91,2.2819,0.2454,0.564,3452.4,11.4387,0.2151,7.54,0,0,0.1284,0.2377,21.018,46.205,25.187,22.7134,0.2488,0
AGB-01,2034.0,49.52,2.2144,0.2648,0.574,2742.1,8.2981,0.207,4.48,1,1,0.2604,0.275,21.029,46.228,25.199,13.9251,0.2481,0
AGB-01,2035.0,44.19,2.2391,0.2683,0.83,3052.1,9.4604,0.246,6.13,0,1,0.26,0.2481,21.039,46.25,25.211,16.6872,0.2701,0
AGB-01,2036.0,48.7,2.2219,0.2896,0.788,2922.1,8.2369,0.2785,4.96,1,1,0.3105,0.2658,21.049,46.273,25.224,13.7876,0.3076,0
AGB-01,2037.0,44.13,2.2705,0.2709,1.163,3113.3,9.9416,0.2028,5.46,0,1,0.2314,0.2467,21.06,46.296,25.236,17.9557,0.2609,0
AGB-01,2038.0,47.07,2.2344,0.2611,0.706,2906.0,8.6562,0.2536,6.88,0,1,0.2893,0.2602,21.07,46.318,25.249,14.7329,0.2808,0
AGB-01,2039.0,45.81,2.1839,0.2969,0.623,2864.4,7.7305,0.2967,4.01,0,1,0.2944,0.2837,21.08,46.341,25.261,12.6946,0.3158,0
AGB-01,2040.0,41.0,2.2207,0.2886,0.765,3001.7,9.4234,0.228,5.69,0,1,0.2048,0.2665,21.091,46.364,25.273,16.5869,0.2528,0
AGB-01,2041.0,44.8,2.2444,0.2793,0.4,2907.4,8.5156,0.2565,5.02,0,1,0.2899,0.2661,21.101,46.387,25.286,14.4078,0.2919,0
AGB-01,2042.0,37.79,2.2347,0.245,0.811,3247.4,10.549,0.233,6.94,1,1,0.1869,0.2406,21.111,46.409,25.298,19.6996,0.2483,0
AGB-01,2043.0,46.93,2.2243,0.2604,0.46,3074.9,9.2196,0.2705,5.16,0,1,0.2384,0.2649,21.122,46.432,25.311,16.0733,0.2894,0
AGB-01,2044.0,41.39,2.2401,0.2718,0.505,3200.3,9.844,0.2664,5.29,0,1,0.2218,0.2546,21.132,46.455,25.323,17.682,0.2861,0
AGB-01,2045.0,47.84,2.2673,0.2527,0.676,3126.2,9.6057,0.2576,5.78,0,1,0.2456,0.2546,21.142,46.478,25.335,17.0496,0.2867,0
AGB-01,2046.0,66.12,2.1644,0.3232,0.635,2286.1,4.4443,0.3255,3.6,0,2,0.5009,0.2966,21.153,46.5,25.348,6.6028,0.3639,0
AGB-01,2047.0,67.04,2.1986,0.3171,0.498,2286.3,4.7011,0.3351,4.32,0,2,0.5032,0.2895,21.163,46.523,25.36,7.031,0.3541,0
AGB-01,2048.0,73.34,2.2182,0.3344,0.707,2210.3,3.9435,0.3415,4.37,0,2,0.5731,0.2872,21.173,46.546,25.372,5.7846,0.3801,0
AGB-01,2049.0,66.55,2.2074,0.2998,0.671,2344.2,4.7596,0.3192,5.36,0,2,0.52,0.2826,21.184,46.568,25.385,7.1291,0.3625,0
AGB-01,2050.0,74.45,2.2177,0.3279,0.772,2281.3,4.1341,0.351,4.78,0,2,0.5701,0.283,21.194,46.591,25.397,6.0926,0.382,0
AGB-01,2051.0,69.17,2.2106,0.3272,0.901,2292.3,4.6224,0.3129,4.0,0,2,0.5087,0.2908,21.204,46.614,25.41,6.8981,0.3604,0
AGB-01,2052.0,72.78,2.1534,0.3522,0.901,1997.1,3.4162,0.3534,4.42,0,2,0.5787,0.297,21.215,46.637,25.422,4.9466,0.3665,0
AGB-01,2053.0,62.87,2.1741,0.3281,0.6,2392.0,4.5344,0.3391,3.14,0,2,0.515,0.2903,21.225,46.659,25.434,6.7509,0.3773,0
AGB-01,2054.0,73.42,2.1246,0.3581,0.486,2156.3,3.114,0.3585,2.9,0,2,0.5948,0.3017,21.235,46.682,25.447,4.477,0.4037,0
AGB-01,2055.0,72.7,2.2124,0.3142,0.928,2377.8,4.6525,0.3397,4.95,0,2,0.534,0.2814,21.246,46.705,25.459,6.9479,0.3733,0
AGB-01,2056.0,74.72,2.1626,0.3351,0.807,2043.3,3.0967,0.3591,3.38,0,2,0.6073,0.2983,21.256,46.728,25.472,4.4501,0.3925,0
AGB-01,2057.0,81.49,2.175,0.3349,0.774,2060.2,3.3574,0.3581,4.6,0,2,0.6135,0.2876,21.266,46.75,25.484,4.8543,0.3826,0
AGB-01,2058.0,72.7,2.1583,0.3791,0.589,1959.5,2.7241,0.3802,3.51,0,2,0.5989,0.3141,21.277,46.773,25.496,3.8812,0.3995,0
AGB-01,2059.0,75.5,2.1944,0.3437,0.536,2352.1,4.0699,0.3593,4.05,0,2,0.5633,0.2873,21.287,46.796,25.509,5.9872,0.3924,0
AGB-01,2060.0,70.62,2.1963,0.3282,0.574,2248.6,4.6065,0.3126,4.43,0,2,0.4941,0.2955,21.297,46.818,25.521,6.8702,0.3516,0
AGB-01,2061.0,75.57,2.1529,0.3589,1.067,2178.3,3.129,0.3649,2.98,0,2,0.5962,0.3022,21.308,46.841,25.534,4.4996,0.4072,0
AGB-01,2062.0,68.06,2.1618,0.3308,0.903,2250.2,3.9544,0.3469,4.29,0,2,0.5415,0.2967,21.318,46.864,25.546,5.8003,0.3813,0
AGB-01,2063.0,71.81,2.1619,0.3527,0.575,2004.2,3.3543,0.3408,3.67,0,2,0.5528,0.3098,21.328,46.887,25.558,4.8491,0.3723,0
AGB-01,2064.0,80.13,2.1538,0.3834,0.675,1929.8,2.9624,0.3583,3.94,0,2,0.6134,0.2993,21.339,46.909,25.571,4.2436,0.3816,0
AGB-01,2065.0,68.02,2.1732,0.3325,0.886,2072.5,3.901,0.3465,3.95,0,2,0.544,0.2958,21.349,46.932,25.583,5.7146,0.3539,0
AGB-01,2066.0,73.79,2.2009,0.3528,0.922,2022.0,3.5289,0.3383,3.84,0,2,0.5934,0.2903,21.359,46.955,25.595,5.1231,0.3687,0
AGB-01,2067.0,96.28,2.1508,0.378,1.366,1450.0,1.3326,0.3984,3.7,0,3,0.8567,0.3224,21.37,46.978,25.608,1.8425,0.416,0
AGB-01,2068.0,91.45,2.0733,0.4553,0.839,1450.0,1.2858,0.3851,2.26,0,3,0.8971,0.3645,21.38,47.0,25.62,1.7761,0.416,0
AGB-01,2069.0,93.04,2.133,0.4032,0.573,1483.2,1.3258,0.3897,2.85,0,3,0.8266,0.3375,21.39,47.023,25.633,1.8328,0.4203,0
AGB-01,2070.0,91.68,2.1287,0.3667,0.682,1508.4,1.3259,0.3788,2.77,0,3,0.8113,0.3227,21.401,47.046,25.645,1.833,0.4233,0
AGB-01,2071.0,100.4,2.1105,0.4137,1.23,1450.0,1.3083,0.3755,2.72,0,3,0.9043,0.3374,21.411,47.068,25.657,1.808,0.416,0
AGB-01,2072.0,83.83,2.0935,0.4257,0.454,1465.4,1.2998,0.3805,2.27,0,3,0.7532,0.3538,21.421,47.091,25.67,1.796,0.418,0
AGB-01,2073.0,93.26,2.1673,0.3932,1.343,1514.9,1.3499,0.3964,3.11,0,3,0.8357,0.3099,21.432,47.114,25.682,1.8673,0.4241,0
AGB-01,2074.0,99.41,2.1215,0.4365,1.484,1450.0,1.3147,0.3832,3.27,0,3,0.9417,0.3351,21.442,47.137,25.695,1.8174,0.416,0
AGB-01,2075.0,97.26,2.1126,0.4256,0.949,1450.0,1.3093,0.3972,2.77,0,3,0.8819,0.3457,21.452,47.159,25.707,1.8098,0.416,0
AGB-01,2076.0,98.08,2.1004,0.4304,0.444,1450.0,1.302,0.3904,2.8,0,3,0.8427,0.3538,21.463,47.182,25.719,1.7993,0.416,0
AGB-01,2077.0,98.13,2.104,0.4361,1.39,1450.0,1.3041,0.3834,2.51,0,3,0.9349,0.3438,21.473,47.205,25.732,1.8024,0.416,0
AGB-01,2078.0,90.95,2.1363,0.3919,1.191,1461.1,1.3249,0.3913,3.0,0,3,0.8121,0.3183,21.483,47.228,25.744,1.832,0.4174,0
AGB-01,2079.0,93.21,2.0962,0.4393,0.961,1450.0,1.2993,0.3852,2.64,0,3,0.8678,0.3495,21.494,47.25,25.757,1.7958,0.416,0
AGB-01,2080.0,92.88,2.0973,0.4128,0.818,1450.0,1.2999,0.3695,2.6,0,3,0.8152,0.3421,21.504,47.273,25.769,1.7967,0.416,0
AGB-01,2081.0,93.46,2.1262,0.4094,1.432,1450.0,1.3173,0.3803,2.52,0,3,0.8173,0.3433,21.514,47.296,25.781,1.8215,0.416,0
AGB-01,2082.0,91.0,2.1407,0.386,1.358,1450.0,1.326,0.3754,3.37,0,3,0.8428,0.3243,21.525,47.318,25.794,1.8339,0.416,0
AGB-01,2083.0,100.0,2.1529,0.3998,0.74,1450.0,1.3332,0.3683,3.21,0,3,0.8947,0.3229,21.535,47.341,25.806,1.8443,0.416,0
AGB-01,2084.0,99.31,2.147,0.3738,1.58,1450.0,1.3296,0.3799,3.34,0,3,0.8732,0.3205,21.545,47.364,25.818,1.8393,0.416,0
AGB-01,2085.0,100.33,2.1585,0.3978,0.857,1450.0,1.3365,0.3837,2.8,0,3,0.898,0.3279,21.556,47.387,25.831,1.8491,0.416,0
AGB-01,2086.0,95.64,2.0809,0.4289,1.192,1450.0,1.2896,0.3831,2.21,0,3,0.887,0.3463,21.566,47.409,25.843,1.7826,0.416,0
AGB-01,2087.0,97.5,2.1217,0.3981,0.881,1450.0,1.3141,0.379,3.17,0,3,0.8755,0.3296,21.576,47.432,25.856,1.8176,0.416,0
AGB-01,2088.0,96.47,2.1601,0.4035,0.773,1450.0,1.3372,0.3974,3.1,0,3,0.878,0.3161,21.587,47.455,25.868,1.8505,0.416,0
AGB-01,2089.0,90.34,2.1215,0.4445,0.941,1450.0,1.3138,0.3826,2.15,0,3,0.8499,0.3456,21.597,47.478,25.88,1.8174,0.416,0
AGB-01,2090.0,89.31,2.1058,0.4135,0.668,1450.0,1.3043,0.3819,2.71,0,3,0.8339,0.3457,21.607,47.5,25.893,1.804,0.416,0
AGB-01,2091.0,93.02,2.1323,0.4192,1.586,1450.0,1.3202,0.387,2.51,0,3,0.8787,0.3305,21.618,47.523,25.905,1.8266,0.416,0
AGB-01,2092.0,91.01,2.1183,0.3972,0.902,1450.0,1.3117,0.3923,2.63,0,3,0.8455,0.324,21.628,47.546,25.918,1.8147,0.416,0
AGB-01,2093.0,92.97,2.1369,0.3911,1.098,1450.0,1.3228,0.3772,2.81,0,3,0.8445,0.3213,21.639,47.568,25.93,1.8306,0.416,0
AGB-01,2094.0,100.87,2.1509,0.389,1.26,1450.0,1.3311,0.3786,2.83,0,3,0.8894,0.3306,21.649,47.591,25.942,1.8426,0.416,0
AGB-01,2095.0,91.81,2.1119,0.4364,0.842,1450.0,1.3076,0.38,2.58,0,3,0.8365,0.3437,21.659,47.614,25.955,1.8092,0.416,0
AGB-01,2096.0,90.56,2.1007,0.4041,1.283,1450.0,1.3007,0.3919,2.69,0,3,0.872,0.3427,21.67,47.637,25.967,1.7996,0.416,0
AGB-01,2097.0,90.55,2.1553,0.3937,0.654,1687.7,1.3561,0.4191,3.61,0,3,0.7857,0.3095,21.68,47.659,25.98,1.8784,0.4406,0
AGB-01,2098.0,96.95,2.1254,0.4116,0.916,1470.4,1.3179,0.3922,2.89,0,3,0.8379,0.3246,21.69,47.682,25.992,1.8242,0.4187,0
AGB-01,2099.0,95.2,2.1347,0.3812,1.041,1450.0,1.321,0.3746,3.14,0,3,0.8463,0.3292,21.701,47.705,26.004,1.8287,0.416,0
AGB-01,2100.0,97.18,2.1056,0.4191,1.4,1450.0,1.3034,0.3705,2.66,0,3,0.8567,0.3357,21.711,47.728,26.017,1.8038,0.416,0
AGB-01,2101.0,87.96,2.1364,0.4008,1.091,1492.7,1.3269,0.3833,3.31,0,3,0.8042,0.3305,21.721,47.75,26.029,1.8373,0.4215,0
AGB-01,2102.0,100.63,2.1387,0.4162,1.577,1450.0,1.3232,0.3684,2.56,0,3,0.9008,0.3477,21.732,47.773,26.041,1.8322,0.416,0
AGB-01,2103.0,97.64,2.1348,0.4057,1.429,1450.0,1.3207,0.3869,2.38,0,3,0.8483,0.3241,21.742,47.796,26.054,1.8288,0.416,0
AGB-01,2104.0,90.23,2.1468,0.3735,1.054,1518.5,1.3357,0.3924,3.26,0,3,0.8336,0.3115,21.752,47.818,26.066,1.8502,0.4245,0
AGB-01,2105.0,107.2,2.0789,0.43,4.582,1450.0,1.2869,0.3806,2.52,0,3,0.9628,0.3375,21.763,47.841,26.079,1.7809,0.416,0
AGB-01,2106.0,100.83,2.1242,0.4016,0.608,1450.0,1.3141,0.3856,3.01,0,3,0.8855,0.3307,21.773,47.864,26.091,1.8197,0.416,0
AGB-01,2107.0,92.18,2.0947,0.4154,0.915,1450.0,1.2963,0.3685,2.47,0,3,0.8568,0.3348,21.783,47.887,26.103,1.7945,0.416,0
AGB-01,2108.0,91.26,2.1101,0.3784,0.853,1504.5,1.3117,0.3826,3.61,0,3,0.7988,0.3269,21.794,47.909,26.116,1.8164,0.4229,0
AGB-01,2109.0,93.47,2.1068,0.4183,0.988,1450.0,1.3035,0.3818,2.67,0,3,0.8486,0.3476,21.804,47.932,26.128,1.8049,0.416,0
AGB-01,2110.0,83.38,2.1727,0.376,1.36,1756.4,1.3704,0.4196,3.99,0,3,0.7567,0.3098,21.814,47.955,26.141,1.9003,0.4456,0
AGB-01,2111.0,91.57,2.1107,0.4028,1.015,1652.4,1.3252,0.4074,3.0,0,3,0.7935,0.3326,21.825,47.978,26.153,1.8359,0.4377,0
AGB-01,2112.0,89.54,2.1764,0.3659,1.114,1699.9,1.3688,0.4161,3.25,0,3,0.7968,0.3039,21.835,48.0,26.165,1.8981,0.4415,0
AGB-01,2113.0,91.91,2.1878,0.3846,1.168,1618.8,1.3694,0.3766,3.46,0,3,0.8358,0.2952,21.845,48.023,26.178,1.899,0.4347,0
AGB-01,2114.0,91.97,2.1105,0.412,1.422,1450.0,1.3054,0.3796,2.22,0,3,0.8194,0.3514,21.856,48.046,26.19,1.808,0.416,0
AGB-01,2115.0,85.34,2.1462,0.3802,0.802,1703.1,1.3504,0.4007,2.87,0,3,0.801,0.3172,21.866,48.068,26.203,1.8721,0.4418,0
AGB-01,2116.0,37.97,2.2435,0.2583,0.851,3321.7,10.6219,0.224,6.27,0,0,0.1497,0.2571,21.876,48.091,26.215,20.0063,0.2654,0
AGB-01,2117.0,32.92,2.2353,0.239,0.877,3213.0,10.7156,0.1883,5.95,0,0,0.1283,0.2536,21.887,48.114,26.227,20.3022,0.217,0
AGB-01,2118.0,24.08,2.2904,0.2041,0.649,3740.2,12.6009,0.1582,10.01,0,0,0.02,0.2221,21.897,48.137,26.24,28.5833,0.2069,0
AGB-01,2119.0,35.86,2.2581,0.2413,1.123,3421.3,11.4381,0.2044,7.22,0,0,0.1305,0.2325,21.907,48.159,26.252,22.8086,0.2297,0
AGB-01,2120.0,35.56,2.25,0.1927,1.002,3594.5,12.2111,0.1728,9.75,0,0,0.0599,0.2214,21.918,48.182,26.264,26.2282,0.198,0
AGB-01,2121.0,31.83,2.2813,0.2293,0.544,3543.9,11.9291,0.1947,7.77,0,0,0.0795,0.2349,21.928,48.205,26.277,24.8504,0.2265,0
AGB-01,2122.0,30.52,2.2535,0.2364,0.506,3446.5,11.7479,0.1789,7.71,0,0,0.0734,0.2372,21.938,48.228,26.289,24.0541,0.2012,0
AGB-01,2123.0,27.88,2.2733,0.2227,0.78,3581.1,11.9818,0.2064,8.29,0,0,0.0764,0.2341,21.949,48.25,26.302,25.0938,0.2313,0
AGB-01,2124.0,33.84,2.2632,0.2223,0.955,3563.5,11.6658,0.2381,7.27,0,0,0.1117,0.2364,21.959,48.273,26.314,23.7094,0.2553,0
AGB-01,2125.0,31.1,2.2613,0.2278,0.742,3463.0,11.3501,0.2239,7.21,0,0,0.1201,0.2442,21.969,48.296,26.326,22.4749,0.2529,0
AGB-01,2126.0,37.84,2.2488,0.2474,0.817,3384.9,11.0378,0.2089,7.66,0,0,0.1338,0.2485,21.98,48.318,26.339,21.3611,0.2527,0
AGB-01,2127.0,25.19,2.2728,0.1854,0.456,3667.8,12.3342,0.2007,8.48,0,0,0.0542,0.224,21.99,48.341,26.351,26.889,0.2172,0
AGB-01,2128.0,26.31,2.2462,0.2356,0.719,3679.8,12.0217,0.2281,6.85,0,0,0.0314,0.2509,22.0,48.364,26.364,25.2697,0.2516,0
AGB-01,2129.0,38.52,2.27,0.252,1.023,3513.8,11.4693,0.2318,7.56,0,0,0.1227,0.2411,22.011,48.387,26.376,22.918,0.2597,0
AGB-01,2130.0,29.44,2.2631,0.2243,0.654,3662.7,12.1226,0.2232,6.85,0,0,0.029,0.2471,22.021,48.409,26.388,25.7561,0.24,0
AGB-01,2131.0,30.81,2.2335,0.2356,0.659,3575.4,11.5221,0.2307,7.4,0,0,0.0689,0.2573,22.031,48.432,26.401,23.1174,0.2646,0
AGB-01,2132.0,27.16,2.2781,0.2197,0.929,3643.9,11.8585,0.2456,8.04,0,0,0.0795,0.2447,22.042,48.455,26.413,24.5099,0.2642,0
AGB-01,2133.0,25.56,2.3012,0.2214,0.646,3708.4,12.3683,0.2135,8.34,0,0,0.039,0.235,22.052,48.478,26.426,27.0564,0.2355,0
AGB-01,2134.0,21.59,2.2787,0.188,1.393,3647.5,12.5088,0.1374,10.34,0,0,0.0296,0.2181,22.062,48.5,26.438,27.9048,0.1805,0
AGB-01,2135.0,53.55,2.2309,0.2706,0.503,2930.2,8.906,0.2358,5.8,0,1,0.2773,0.2578,22.073,48.523,26.45,15.3519,0.2693,0
AGB-01,2136.0,51.11,2.2551,0.2457,0.807,3078.7,9.1159,0.2727,6.7,0,1,0.2991,0.2499,22.083,48.546,26.463,15.8576,0.3005,0
AGB-01,2137.0,44.79,2.2316,0.2901,0.661,3139.4,9.8349,0.2486,7.91,0,1,0.2401,0.2459,22.093,48.568,26.475,17.704,0.2673,0
AGB-01,2138.0,47.36,2.2456,0.2626,1.217,2851.8,8.5005,0.2508,6.36,0,1,0.3259,0.2523,22.104,48.591,26.487,14.4017,0.2765,0
AGB-01,2139.0,43.33,2.2405,0.2371,0.895,3171.6,9.7935,0.2431,5.42,0,1,0.2322,0.253,22.114,48.614,26.5,17.5874,0.281,0
AGB-01,2140.0,43.98,2.2521,0.2696,0.466,3135.3,9.7447,0.2461,5.79,0,1,0.2215,0.2588,22.124,48.637,26.512,17.4542,0.2766,0
AGB-01,2141.0,43.43,2.242,0.2641,0.603,3171.7,9.5807,0.2902,5.65,0,1,0.2511,0.2539,22.135,48.659,26.525,17.0196,0.2943,0
AGB-01,2142.0,45.15,2.2462,0.2597,0.504,3009.3,9.5054,0.2009,5.88,0,1,0.2323,0.2578,22.145,48.682,26.537,16.8224,0.254,0
AGB-01,2143.0,51.68,2.227,0.2932,0.476,3023.8,8.7508,0.2836,6.69,0,1,0.3048,0.256,22.155,48.705,26.549,14.9701,0.3036,0
AGB-01,2144.0,46.11,2.2279,0.2741,0.565,3082.6,9.4091,0.2517,7.21,0,1,0.2579,0.253,22.166,48.728,26.562,16.5706,0.2797,0
AGB-01,2145.0,43.77,2.2459,0.2566,0.34,3100.2,9.6546,0.2279,6.25,0,1,0.2305,0.257,22.176,48.75,26.574,17.2015,0.2719,0
AGB-01,2146.0,46.92,2.2461,0.2759,0.746,2954.9,8.5425,0.2736,6.23,0,1,0.298,0.2656,22.186,48.773,26.587,14.4813,0.3021,0
AGB-01,2147.0,48.28,2.2519,0.2486,0.71,3155.6,9.8597,0.2437,6.94,0,1,0.2457,0.2464,22.197,48.796,26.599,17.742,0.2751,0
AGB-01,2148.0,53.87,2.2347,0.2702,0.976,2858.6,8.5012,0.2361,5.67,0,1,0.2927,0.2647,22.207,48.818,26.611,14.3828,0.2771,0
AGB-01,2149.0,49.61,2.2405,0.262,0.888,3010.3,9.1236,0.2555,6.59,0,1,0.2723,0.2568,22.217,48.841,26.624,15.8459,0.281,0
AGB-01,2150.0,46.14,2.2392,0.2701,0.819,3146.7,9.6466,0.2631,7.16,1,1,0.2529,0.2501,22.228,48.864,26.636,17.165,0.2843,0
AGB-01,2151.0,38.89,2.2408,0.2502,0.786,3235.2,10.0778,0.2699,6.92,0,1,0.2178,0.2509,22.238,48.887,26.649,18.3289,0.2804,0
AGB-01,2152.0,54.3,2.2074,0.2733,0.718,2973.3,8.5002,0.2674,6.0,0,1,0.278,0.2719,22.248,48.909,26.661,14.3719,0.3031,0
AGB-01,2153.0,50.52,2.2283,0.2678,0.667,2897.1,8.6192,0.262,4.85,0,1,0.3053,0.2568,22.259,48.932,26.673,14.6419,0.2796,0
AGB-01,2154.0,42.34,2.2561,0.2606,1.147,3300.7,10.4507,0.2632,9.03,1,1,0.2196,0.24,22.269,48.955,26.686,19.3961,0.2762,0
AGB-01,2155.0,56.3,2.2439,0.3048,0.734,2980.7,8.9764,0.2551,6.37,0,1,0.3064,0.2485,22.279,48.978,26.698,15.4756,0.2832,0
AGB-01,2156.0,54.27,2.1918,0.3155,0.463,2895.8,8.103,0.266,4.47,0,1,0.2701,0.2847,22.29,49.0,26.71,13.4818,0.3044,0
AGB-01,2157.0,51.51,2.2598,0.2797,0.526,3079.5,9.0045,0.2723,6.88,0,1,0.3021,0.2541,22.3,49.023,26.723,15.5387,0.3083,0
AGB-01,2158.0,50.22,2.2341,0.2913,1.168,2841.4,8.2438,0.2652,4.04,0,1,0.3104,0.2667,22.311,49.046,26.735,13.7876,0.2893,0
AGB-01,2159.0,41.23,2.2496,0.2566,0.881,3160.0,9.9184,0.2474,7.2,0,1,0.2479,0.2439,22.321,49.068,26.748,17.8663,0.2728,0
AGB-01,2160.0,51.25,2.2653,0.2717,0.824,2897.1,8.6365,0.2475,6.53,0,1,0.331,0.2503,22.331,49.091,26.76,14.6691,0.2857,0
AGB-01,2161.0,49.02,2.2694,0.271,1.024,3070.8,9.7329,0.2382,6.47,0,1,0.2579,0.2457,22.342,49.114,26.772,17.3646,0.2635,0
AGB-01,2162.0,39.86,2.2725,0.2442,0.792,3230.1,10.9543,0.1892,6.18,0,1,0.1741,0.2335,22.352,49.137,26.785,20.9488,0.2139,0
AGB-01,2163.0,90.18,2.1536,0.3911,0.875,1622.7,1.3524,0.4001,3.13,0,3,0.8333,0.3177,22.362,49.159,26.797,1.8698,0.4351,0
AGB-01,2164.0,95.11,2.1427,0.3973,1.41,1526.6,1.3369,0.42,2.52,0,3,0.8234,0.3215,22.373,49.182,26.81,1.8478,0.4254,0
AGB-01,2165.0,96.64,2.1614,0.3857,1.323,1475.2,1.3427,0.3754,3.48,0,3,0.8862,0.3127,22.383,49.205,26.822,1.8559,0.4193,0
AGB-01,2166.0,94.61,2.1661,0.4145,0.988,1450.0,1.3425,0.39,2.45,0,3,0.8579,0.3207,22.393,49.228,26.834,1.8556,0.416,0
AGB-01,2167.0,91.75,2.143,0.3918,1.058,1450.0,1.3286,0.3746,2.57,0,3,0.8591,0.3255,22.404,49.25,26.847,1.8358,0.416,0
AGB-01,2168.0,90.11,2.1741,0.3871,1.765,1536.8,1.3572,0.3922,3.56,0,3,0.8383,0.3006,22.414,49.273,26.859,1.8764,0.4266,0
AGB-01,2169.0,94.87,2.1273,0.421,1.544,1450.0,1.3192,0.3781,2.51,0,3,0.8889,0.3277,22.424,49.296,26.872,1.8224,0.416,0
AGB-01,2170.0,95.52,2.0811,0.4192,1.479,1450.0,1.2913,0.3942,2.52,0,3,0.8606,0.3425,22.435,49.318,26.884,1.7828,0.416,0
AGB-01,2171.0,94.67,2.0819,0.4624,1.117,1450.0,1.2918,0.3843,1.82,0,3,0.875,0.369,22.445,49.341,26.896,1.7835,0.416,0
AGB-01,2172.0,99.24,2.1321,0.4224,2.042,1450.0,1.3221,0.3851,2.84,0,3,0.967,0.3279,22.455,49.364,26.909,1.8265,0.416,0
AGB-01,2173.0,95.77,2.1684,0.3796,1.845,1536.2,1.3536,0.3842,3.27,0,3,0.8546,0.3109,22.466,49.387,26.921,1.8713,0.4265,0
AGB-01,2174.0,101.05,2.1017,0.4258,1.139,1450.0,1.3037,0.3744,2.63,0,3,0.917,0.3486,22.476,49.409,26.933,1.8005,0.416,0
AGB-01,2175.0,95.38,2.1044,0.4124,0.944,1450.0,1.3052,0.366,2.36,0,3,0.8787,0.3407,22.486,49.432,26.946,1.8027,0.416,0
AGB-01,2176.0,93.26,2.1002,0.4148,0.835,1450.0,1.3026,0.3822,2.46,0,3,0.8125,0.3354,22.497,49.455,26.958,1.7992,0.416,0
AGB-01,2177.0,89.04,2.16,0.3923,1.306,1450.0,1.3386,0.395,2.72,1,3,0.8575,0.3256,22.507,49.478,26.971,1.8504,0.416,0
AGB-01,2178.0,91.55,2.1776,0.3883,0.766,1584.8,1.3636,0.42,2.94,0,3,0.8236,0.3132,22.517,49.5,26.983,1.8859,0.4315,0
AGB-01,2179.0,101.11,2.173,0.3682,0.701,1509.7,1.3533,0.389,3.23,0,3,0.85,0.3147,22.528,49.523,26.995,1.8714,0.4235,0
AGB-01,2180.0,89.11,2.1242,0.4041,1.232,1530.1,1.3257,0.392,2.75,0,3,0.7776,0.3287,22.538,49.546,27.008,1.8323,0.4258,0
AGB-01,2181.0,94.67,2.1152,0.4073,1.005,1450.0,1.3112,0.3848,2.83,1,3,0.8417,0.3365,22.548,49.568,27.02,1.812,0.416,0
AGB-01,2182.0,100.48,2.1102,0.4423,1.681,1450.0,1.3082,0.3645,2.44,0,3,0.935,0.3578,22.559,49.591,27.033,1.8078,0.416,0
AGB-01,2183.0,100.89,2.1624,0.3865,1.935,1450.0,1.3395,0.3879,3.34,0,3,0.9106,0.3147,22.569,49.614,27.045,1.8525,0.416,0
AGB-01,2184.0,92.49,2.1394,0.4063,1.97,1450.0,1.3255,0.4005,2.34,0,3,0.8353,0.3291,22.579,49.637,27.057,1.8328,0.416,0
AGB-01,2185.0,91.71,2.1493,0.4008,1.05,1481.0,1.335,0.383,3.71,0,3,0.83,0.3159,22.59,49.659,27.07,1.8465,0.42,0
AGB-01,2186.0,91.71,2.1526,0.4141,0.851,1450.0,1.3332,0.3786,2.99,0,3,0.821,0.3225,22.6,49.682,27.082,1.844,0.416,0
AGB-01,2187.0,95.44,2.1783,0.3928,0.768,1537.5,1.3584,0.3884,4.17,0,3,0.8413,0.2994,22.61,49.705,27.095,1.8801,0.4266,0
AGB-01,2188.0,89.53,2.1389,0.392,1.255,1450.0,1.3246,0.3797,2.64,0,3,0.8813,0.3229,22.621,49.728,27.107,1.8323,0.416,0
AGB-01,2189.0,99.92,2.1317,0.3784,0.814,1450.0,1.3201,0.3888,2.93,0,3,0.844,0.3196,22.631,49.75,27.119,1.8261,0.416,0
AGB-01,2190.0,92.82,2.1116,0.4083,1.419,1450.0,1.3079,0.3901,2.35,0,3,0.8564,0.3272,22.641,49.773,27.132,1.8089,0.416,0
AGB-01,2191.0,97.61,2.1804,0.3858,1.289,1469.0,1.3515,0.3921,3.1,0,3,0.874,0.314,22.652,49.796,27.144,1.8711,0.4185,0
AGB-01,2192.0,91.6,2.1094,0.4094,1.934,1450.0,1.3063,0.3717,2.54,0,3,0.8661,0.333,22.662,49.818,27.156,1.8071,0.416,0
AGB-01,2193.0,93.81,2.1481,0.411,0.745,1450.0,1.3295,0.3862,2.5,0,3,0.8892,0.3281,22.672,49.841,27.169,1.8402,0.416,0
AGB-01,2194.0,89.57,2.2045,0.38,0.547,1561.2,1.3756,0.3875,2.54,0,3,0.7911,0.3146,22.683,49.864,27.181,1.9061,0.4292,0
AGB-01,2195.0,88.35,2.1417,0.4079,1.051,1450.0,1.3253,0.3888,2.59,0,3,0.8033,0.3354,22.693,49.887,27.194,1.8348,0.416,0
AGB-01,2196.0,95.65,2.1564,0.4024,1.048,1618.4,1.3512,0.4005,2.86,0,3,0.8383,0.3076,22.703,49.909,27.206,1.8718,0.4347,0
AGB-01,2197.0,93.76,2.1403,0.4142,1.71,1450.0,1.3242,0.3869,3.26,0,3,0.897,0.3262,22.714,49.932,27.218,1.8335,0.416,0
AGB-01,2198.0,97.18,2.1114,0.4201,1.223,1450.0,1.3066,0.3619,2.59,0,3,0.8863,0.345,22.724,49.955,27.231,1.8088,0.416,0
AGB-01,2199.0,91.01,2.1663,0.3782,1.433,1480.6,1.3432,0.3676,2.67,0,3,0.8658,0.3079,22.734,49.978,27.243,1.861,0.42,0
AGB-01,2200.0,91.97,2.1228,0.3814,0.629,1450.0,1.3133,0.372,3.12,0,3,0.828,0.3221,22.745,50.0,27.256,1.8185,0.416,0
AGB-01,2201.0,90.76,2.1261,0.4027,1.464,1450.0,1.3151,0.379,2.91,0,3,0.8457,0.3274,22.755,50.023,27.268,1.8214,0.416,0
AGB-01,2202.0,92.11,2.1397,0.4233,1.255,1450.0,1.3232,0.3842,2.27,0,3,0.8836,0.3325,22.765,50.046,27.28,1.833,0.416,0
AGB-01,2203.0,97.74,2.1348,0.4328,1.574,1450.0,1.3201,0.3816,3.02,0,3,0.8972,0.3282,22.776,50.068,27.293,1.8288,0.416,0
AGB-01,2204.0,99.61,2.1104,0.4267,1.61,1450.0,1.3053,0.3761,2.66,0,3,0.8639,0.3341,22.786,50.091,27.305,1.8079,0.416,0
AGB-01,2205.0,87.38,2.1296,0.4203,0.669,1450.0,1.3168,0.3777,3.07,0,3,0.7808,0.3328,22.796,50.114,27.318,1.8243,0.416,0
AGB-01,2206.0,96.38,2.1286,0.4047,1.198,1450.0,1.3162,0.3744,2.44,0,3,0.8682,0.3315,22.807,50.137,27.33,1.8235,0.416,0
AGB-01,2207.0,102.6,2.1351,0.4016,1.243,1450.0,1.3201,0.3707,3.05,0,3,0.9208,0.3356,22.817,50.159,27.342,1.8291,0.416,0
AGB-01,2208.0,93.3,2.1109,0.4404,1.282,1450.0,1.3054,0.375,2.74,0,3,0.891,0.3357,22.827,50.182,27.355,1.8083,0.416,0
AGB-01,2209.0,96.8,2.1281,0.4053,0.894,1450.0,1.3157,0.3939,3.59,0,3,0.8909,0.324,22.838,50.205,27.367,1.823,0.416,0
AGB-01,2210.0,97.97,2.14,0.4077,0.786,1450.0,1.3228,0.3893,2.76,0,3,0.8684,0.3275,22.848,50.228,27.379,1.8332,0.416,0
AGB-01,2211.0,93.93,2.1341,0.3989,0.664,1549.1,1.3301,0.3839,3.6,0,3,0.8423,0.3099,22.858,50.25,27.392,1.8435,0.4279,0
AGB-01,2212.0,88.78,2.163,0.3927,0.938,1450.0,1.3367,0.3778,3.12,0,3,0.825,0.3272,22.869,50.273,27.404,1.853,0.416,0
AGB-01,2213.0,95.33,2.1175,0.4259,1.791,1450.0,1.3093,0.3823,3.31,0,3,0.8981,0.3311,22.879,50.296,27.417,1.814,0.416,0
AGB-01,2214.0,41.18,2.2677,0.231,0.755,3452.9,11.4613,0.2148,9.18,0,0,0.1668,0.2227,22.889,50.318,27.429,22.908,0.2407,0
AGB-01,2215.0,33.04,2.2915,0.2344,0.814,3524.0,11.8547,0.2028,8.12,0,0,0.09,0.2379,22.9,50.341,27.441,24.5254,0.2305,0
AGB-01,2216.0,31.96,2.3005,0.2109,1.085,3772.2,12.4945,0.2116,13.07,0,0,0.0691,0.2189,22.91,50.364,27.454,27.8741,0.2379,0
AGB-01,2217.0,27.42,2.2608,0.2274,0.85,3498.7,11.9016,0.1756,6.28,0,0,0.0618,0.2394,22.92,50.387,27.466,24.7254,0.2057,0
AGB-01,2218.0,32.28,2.2601,0.233,0.882,3496.3,11.4736,0.2097,6.36,0,0,0.1135,0.2442,22.931,50.409,27.479,22.9409,0.2519,0
AGB-01,2219.0,25.66,2.2333,0.2116,0.846,3714.0,12.333,0.2036,10.2,0,0,0.0329,0.2316,22.941,50.432,27.491,26.878,0.2226,0
AGB-01,2220.0,34.76,2.2678,0.2275,0.711,3594.4,11.4858,0.2741,7.41,0,0,0.1298,0.2429,22.951,50.455,27.503,22.9781,0.2789,0
AGB-01,2221.0,25.31,2.3457,0.1865,0.934,3778.8,12.8408,0.1751,12.32,0,0,0.0351,0.2053,22.962,50.478,27.516,30.5165,0.1898,0
AGB-01,2222.0,41.79,2.291,0.2323,1.199,3701.5,12.0212,0.2297,9.18,0,0,0.1266,0.2242,22.972,50.5,27.528,25.2423,0.2678,0
AGB-01,2223.0,31.77,2.28,0.2285,0.553,3676.7,12.3234,0.1982,10.75,1,0,0.0372,0.2363,22.983,50.523,27.541,26.779,0.2254,0
AGB-01,2224.0,35.45,2.2523,0.2566,0.574,3597.3,11.7237,0.2507,9.26,0,0,0.1075,0.2381,22.993,50.546,27.553,23.9026,0.2583,0
AGB-01,2225.0,31.82,2.2921,0.2155,1.109,3754.5,12.5362,0.2016,8.46,0,0,0.0571,0.2194,23.003,50.568,27.565,28.0298,0.2264,0
AGB-01,2226.0,24.31,2.2365,0.2096,0.538,3744.7,12.2482,0.2256,6.56,0,0,0.02,0.2464,23.014,50.591,27.578,26.3274,0.246,0
AGB-01,2227.0,29.93,2.3017,0.2108,0.83,3741.5,12.6438,0.1734,12.17,0,0,0.0611,0.2092,23.024,50.614,27.59,28.7284,0.2073,0
AGB-01,2228.0,34.02,2.2593,0.2352,0.68,3591.3,11.9894,0.185,8.51,0,0,0.0737,0.2372,23.034,50.637,27.602,25.0233,0.2328,0
AGB-01,2229.0,29.41,2.3202,0.2189,0.84,3882.6,12.7171,0.2277,10.86,0,0,0.0559,0.2171,23.045,50.659,27.615,29.2274,0.2485,0
AGB-01,2230.0,24.17,2.2916,0.2046,0.986,3914.8,12.8661,0.2195,9.01,0,0,0.02,0.2132,23.055,50.682,27.627,30.4889,0.2259,0
AGB-01,2231.0,22.67,2.2816,0.2083,0.924,3870.4,12.7208,0.2166,8.6,0,0,0.0247,0.223,23.065,50.705,27.64,29.1988,0.2359,0
AGB-01,2232.0,33.46,2.2426,0.2439,0.802,3432.1,11.1718,0.2215,6.79,0,0,0.1266,0.2503,23.076,50.728,27.652,21.7217,0.257,0
AGB-01,2233.0,31.35,2.2799,0.2359,1.222,3569.1,12.0137,0.1945,9.48,0,0,0.1072,0.2256,23.086,50.75,27.664,25.0583,0.2298,0
AGB-01,2234.0,32.12,2.2752,0.2381,0.956,3599.0,12.0905,0.2204,9.8,0,0,0.1035,0.2236,23.096,50.773,27.677,25.4016,0.2305,0
AGB-01,2235.0,34.71,2.2205,0.2446,0.81,3257.4,11.0176,0.1908,9.41,0,0,0.1338,0.2415,23.107,50.796,27.689,21.1614,0.2017,0
AGB-01,2236.0,45.93,2.2554,0.269,0.777,3067.1,9.437,0.2427,6.51,0,1,0.2681,0.2529,23.117,50.818,27.702,16.5916,0.2801,0
AGB-01,2237.0,43.22,2.2226,0.2763,0.931,3065.2,9.3807,0.2451,5.93,0,1,0.2569,0.2558,23.127,50.841,27.714,16.4433,0.2772,0
AGB-01,2238.0,36.45,2.2555,0.2455,1.004,3258.6,10.3946,0.2217,8.1,0,1,0.2185,0.2433,23.138,50.864,27.726,19.1828,0.2696,0
AGB-01,2239.0,51.52,2.2716,0.2952,0.533,3131.1,9.3438,0.2767,7.27,0,1,0.3194,0.2406,23.148,50.887,27.739,16.3383,0.3044,0
AGB-01,2240.0,42.95,2.2641,0.2359,0.72,3445.4,11.2869,0.2211,8.1,0,1,0.1773,0.2302,23.158,50.909,27.751,22.035,0.2584,0
AGB-01,2241.0,39.74,2.2704,0.2265,0.702,3402.5,11.0052,0.2278,7.74,0,1,0.2057,0.2311,23.169,50.932,27.764,21.0564,0.2695,0
AGB-01,2242.0,48.69,2.2036,0.2665,0.886,2975.0,8.9985,0.2425,6.73,0,1,0.2575,0.2645,23.179,50.955,27.776,15.4777,0.2738,0
AGB-01,2243.0,43.52,2.2814,0.2463,0.706,3304.0,10.5365,0.2477,7.53,0,1,0.2431,0.2337,23.189,50.978,27.788,19.5601,0.2783,0
AGB-01,2244.0,51.04,2.2537,0.2476,0.878,3018.5,9.0379,0.2627,5.85,0,1,0.3302,0.2421,23.2,51.0,27.801,15.5608,0.2927,0
AGB-01,2245.0,49.12,2.2436,0.2642,0.926,3182.6,9.6528,0.2592,6.45,0,1,0.2767,0.2457,23.21,51.023,27.813,17.0867,0.2956,0
AGB-01,2246.0,49.34,2.2663,0.2213,1.104,3238.4,10.4426,0.2405,8.72,0,1,0.2276,0.2393,23.22,51.046,27.825,19.257,0.2642,0
AGB-01,2247.0,45.33,2.2695,0.2442,1.113,3313.2,10.7161,0.2416,8.9,0,1,0.2404,0.2269,23.231,51.068,27.838,20.073,0.2669,0
AGB-01,2248.0,47.53,2.2105,0.2718,0.4,2919.3,8.7712,0.2446,5.27,0,1,0.2799,0.2632,23.241,51.091,27.85,14.9123,0.2749,0
AGB-01,2249.0,49.59,2.2314,0.2581,0.89,2995.2,9.3024,0.2366,5.21,0,1,0.2615,0.2563,23.251,51.114,27.863,16.177,0.2655,0
AGB-01,2250.0,50.67,2.2352,0.2553,0.8,3097.1,9.0686,0.3,6.57,0,1,0.3068,0.2513,23.262,51.137,27.875,15.6038,0.3071,0
AGB-01,2251.0,42.78,2.2695,0.2292,0.839,3253.5,10.7465,0.2292,8.1,0,1,0.2059,0.2365,23.272,51.159,27.887,20.1335,0.2469,0
AGB-01,2252.0,47.09,2.2403,0.2627,0.661,3206.1,9.7685,0.2712,6.32,1,1,0.2345,0.2589,23.282,51.182,27.9,17.3465,0.2949,0
AGB-01,2253.0,43.03,2.2703,0.2447,0.705,3129.6,10.4926,0.1918,7.99,0,1,0.2242,0.2338,23.293,51.205,27.912,19.3514,0.2243,0
AGB-01,2254.0,39.26,2.2798,0.2664,0.525,3175.8,10.4811,0.2181,7.78,0,1,0.2462,0.23,23.303,51.228,27.925,19.3113,0.2458,0
AGB-01,2255.0,37.99,2.265,0.2444,0.541,3302.3,10.7463,0.2639,7.38,0,1,0.2043,0.2395,23.313,51.25,27.937,20.1044,0.262,0
AGB-01,2256.0,48.1,2.2827,0.2567,0.886,3197.8,10.3346,0.2306,7.14,0,1,0.2366,0.2415,23.324,51.273,27.949,18.8753,0.2652,0
AGB-01,2257.0,36.06,2.2616,0.2334,0.851,3364.6,10.9937,0.251,6.68,0,1,0.1769,0.2421,23.334,51.296,27.962,20.8768,0.2611,0
AGB-01,2258.0,45.0,2.2206,0.2519,1.005,3259.8,10.3309,0.2404,6.61,0,1,0.1911,0.2548,23.344,51.318,27.974,18.8545,0.2707,0
AGB-01,2259.0,53.6,2.248,0.2469,0.909,3184.2,9.5343,0.2679,6.15,0,1,0.2997,0.2427,23.355,51.341,27.987,16.7122,0.3046,0
AGB-01,2260.0,46.96,2.2734,0.2397,0.522,3498.1,11.2032,0.2631,7.21,0,1,0.1961,0.2329,23.365,51.364,27.999,21.5571,0.2839,0
AGB-01,2261.0,41.43,2.2145,0.2671,0.848,3134.9,9.0809,0.2925,5.08,0,1,0.2796,0.2611,23.375,51.387,28.011,15.5925,0.3123,0
AGB-01,2262.0,42.26,2.2526,0.2629,0.874,3164.8,10.2597,0.2261,7.09,0,1,0.2154,0.248,23.386,51.409,28.024,18.6376,0.2546,0
AGB-01,2263.0,50.02,2.2223,0.2772,0.46,2804.4,8.1989,0.2576,4.84,0,1,0.2834,0.2798,23.396,51.432,28.036,13.583,0.2827,0
AGB-01,2264.0,39.16,2.2914,0.2404,0.84,3506.1,11.5005,0.2473,7.24,0,1,0.1802,0.2287,23.406,51.455,28.048,22.5906,0.269,0
AGB-01,2265.0,49.75,2.272,0.2476,1.006,3251.8,10.4301,0.2434,6.45,0,1,0.2217,0.2452,23.417,51.478,28.061,19.1169,0.2726,0
AGB-01,2266.0,47.89,2.2783,0.2406,0.555,3228.3,10.3787,0.2526,6.59,0,1,0.2712,0.2279,23.427,51.5,28.073,18.9663,0.2709,0
AGB-01,2267.0,76.04,2.2014,0.3457,0.911,2340.8,4.4052,0.3609,4.51,0,2,0.5894,0.2702,23.437,51.523,28.086,6.4956,0.3787,0
AGB-01,2268.0,72.25,2.2481,0.3211,1.467,2407.2,5.6368,0.3026,6.04,0,2,0.5397,0.2551,23.448,51.546,28.098,8.5899,0.3362,0
AGB-01,2269.0,72.04,2.201,0.3432,0.548,2364.1,4.3049,0.3618,4.2,0,2,0.5678,0.2819,23.458,51.568,28.11,6.3313,0.386,0
AGB-01,2270.0,75.73,2.1956,0.3357,0.576,2120.6,3.5301,0.3439,4.55,0,2,0.6168,0.2851,23.468,51.591,28.123,5.0944,0.3856,0
AGB-01,2271.0,65.5,2.2217,0.3001,0.958,2581.3,6.2839,0.3075,4.93,0,2,0.4775,0.2608,23.479,51.614,28.135,9.7579,0.3363,0
AGB-01,2272.0,74.05,2.2217,0.2832,1.592,2316.7,4.6175,0.3315,4.82,0,2,0.5726,0.271,23.489,51.637,28.148,6.8451,0.3671,0
AGB-01,2273.0,77.47,2.2296,0.3285,0.934,2151.7,4.104,0.3286,4.34,0,2,0.6042,0.2733,23.499,51.659,28.16,6.0055,0.3645,0
AGB-01,2274.0,77.1,2.1775,0.3411,0.397,2274.7,4.0699,0.3641,5.1,0,2,0.5817,0.2818,23.51,51.682,28.172,5.9506,0.3819,0
AGB-01,2275.0,70.86,2.201,0.3346,0.686,2407.7,4.6932,0.3516,4.16,0,2,0.5304,0.2849,23.52,51.705,28.185,6.9714,0.3762,0
AGB-01,2276.0,31.77,2.2782,0.1945,0.525,3773.0,12.6637,0.2035,8.9,0,0,0.0394,0.2272,23.53,51.728,28.197,27.9793,0.2299,0
AGB-01,2277.0,23.53,2.2906,0.1855,1.092,3655.4,12.3373,0.2019,9.22,0,0,0.0897,0.226,23.541,51.75,28.21,26.1466,0.2359,0
AGB-01,2278.0,21.92,2.2787,0.2196,0.862,3885.2,12.8943,0.2105,9.87,0,0,0.0217,0.2207,23.551,51.773,28.222,29.6097,0.2313,0
AGB-01,2279.0,30.58,2.2984,0.2096,0.996,3665.7,12.334,0.2407,9.14,0,0,0.0896,0.228,23.561,51.796,28.234,26.1331,0.2416,0
AGB-01,2280.0,33.36,2.2524,0.255,0.831,3491.1,11.4919,0.205,6.36,0,0,0.1148,0.249,23.572,51.818,28.247,22.5537,0.2574,0
AGB-01,2281.0,23.28,2.3108,0.2272,1.272,3915.5,12.9686,0.2163,10.76,0,0,0.02,0.2206,23.582,51.841,28.259,30.2528,0.2362,0
AGB-01,2282.0,44.79,2.2533,0.2293,1.4,3393.6,11.4868,0.2127,8.58,0,0,0.1519,0.2295,23.592,51.864,28.271,22.5378,0.2257,0
AGB-01,2283.0,40.35,2.2197,0.2636,0.775,3323.0,10.7165,0.2248,5.72,0,0,0.138,0.2629,23.603,51.887,28.284,19.9706,0.2615,0
AGB-01,2284.0,27.02,2.2878,0.1949,0.767,3760.3,12.7842,0.1861,9.74,0,0,0.0355,0.2187,23.613,51.909,28.296,28.8026,0.2084,0
AGB-01,2285.0,30.18,2.2898,0.2005,0.635,3759.2,12.4906,0.2271,9.58,0,0,0.0775,0.2262,23.623,51.932,28.309,26.9776,0.2498,0
AGB-01,2286.0,32.09,2.2828,0.2153,1.09,3700.1,12.5716,0.1883,10.89,0,0,0.0373,0.231,23.634,51.955,28.321,27.443,0.2183,0
AGB-01,2287.0,24.86,2.2979,0.1998,1.22,3913.6,12.9531,0.2207,9.35,0,0,0.02,0.2199,23.644,51.978,28.333,30.1409,0.2345,0
AGB-01,2288.0,39.13,2.2699,0.2247,0.579,3272.7,10.9491,0.2228,6.24,0,0,0.171,0.2436,23.655,52.0,28.346,20.705,0.2378,0
AGB-01,2289.0,32.95,2.2804,0.2,1.066,3654.2,12.1591,0.2384,6.76,0,0,0.1096,0.2278,23.665,52.023,28.358,25.3062,0.2515,0
AGB-01,2290.0,35.4,2.2943,0.2366,1.29,3573.9,12.1477,0.1845,8.22,1,0,0.1236,0.2205,23.675,52.046,28.371,25.2541,0.2306,0
AGB-01,2291.0,26.03,2.3195,0.2063,0.901,3712.1,12.7147,0.1811,8.99,0,0,0.0402,0.2247,23.686,52.068,28.383,28.3494,0.2111,0
AGB-01,2292.0,28.13,2.2838,0.203,1.542,3681.1,12.4108,0.2232,10.02,0,0,0.0959,0.2191,23.696,52.091,28.395,26.5606,0.2331,0
AGB-01,2293.0,30.52,2.2695,0.2493,0.858,3515.3,11.3227,0.2596,7.0,0,0,0.1436,0.249,23.706,52.114,28.408,21.9637,0.2795,0
AGB-01,2294.0,32.83,2.2724,0.2388,0.941,3490.6,11.7873,0.2163,9.04,0,0,0.1274,0.2317,23.717,52.137,28.42,23.7075,0.2346,0
AGB-01,2295.0,33.44,2.3149,0.229,1.007,3632.6,12.4172,0.2041,10.19,0,0,0.1099,0.2149,23.727,52.159,28.433,26.6,0.2239,0
AGB-01,2296.0,34.25,2.3011,0.2192,1.005,3518.0,12.1175,0.1966,10.59,0,0,0.0987,0.2292,23.737,52.182,28.445,25.1252,0.215,0
AGB-01,2297.0,31.31,2.2885,0.2188,0.781,3708.4,12.217,0.2336,8.96,0,0,0.1243,0.2226,23.748,52.205,28.457,25.5932,0.2625,0
AGB-01,2298.0,35.72,2.2712,0.2229,0.934,3626.8,12.1735,0.2196,7.04,0,0,0.1015,0.2272,23.758,52.228,28.47,25.3878,0.239,0
AGB-01,2299.0,39.3,2.276,0.2123,0.679,3513.3,11.7009,0.2334,7.85,0,0,0.1411,0.2328,23.768,52.25,28.482,23.3696,0.251,0
AGB-01,2300.0,22.56,2.3018,0.1891,0.83,3750.7,12.836,0.18,8.89,0,0,0.0289,0.2174,23.779,52.273,28.494,29.2274,0.1977,0
AGB-01,2301.0,28.59,2.2674,0.2331,1.558,3689.1,12.476,0.2068,7.02,0,0,0.046,0.2317,23.789,52.296,28.507,26.9271,0.2225,0
AGB-01,2302.0,25.16,2.3015,0.1838,0.671,3947.3,13.0501,0.1986,12.25,0,0,0.02,0.211,23.799,52.318,28.519,31.1344,0.2258,0
AGB-01,2303.0,31.24,2.2821,0.2366,0.829,3546.0,11.8731,0.2276,8.03,0,0,0.124,0.233,23.81,52.341,28.532,24.0652,0.2466,0
AGB-01,2304.0,27.58,2.2756,0.2438,0.599,3480.0,11.9309,0.1689,8.37,0,0,0.0942,0.236,23.82,52.364,28.544,24.3089,0.2151,0
AGB-01,2305.0,28.72,2.2819,0.2296,0.87,3591.0,12.3704,0.171,8.39,0,0,0.0488,0.2335,23.83,52.387,28.556,26.3633,0.2035,0
AGB-01,2306.0,33.39,2.2969,0.2097,0.74,3874.4,12.8774,0.2077,9.71,0,0,0.0553,0.2114,23.841,52.409,28.569,29.5576,0.2338,0
AGB-01,2307.0,36.5,2.2968,0.214,1.173,3497.6,12.1572,0.1765,9.05,0,0,0.1027,0.2227,23.851,52.432,28.581,25.3192,0.199,0
AGB-01,2308.0,31.65,2.2675,0.2301,0.748,3480.3,11.5327,0.2415,9.07,1,0,0.1456,0.2368,23.861,52.455,28.594,22.7334,0.2536,0
AGB-01,2309.0,24.96,2.2905,0.2058,0.853,3658.1,12.5433,0.1924,9.97,0,0,0.0482,0.2272,23.872,52.478,28.606,27.3193,0.2075,0
AGB-01,2310.0,29.16,2.2766,0.2125,1.019,3515.8,12.0896,0.1782,9.03,0,0,0.1049,0.2247,23.882,52.5,28.618,25.0126,0.2096,0
AGB-01,2311.0,34.89,2.266,0.2296,0.851,3509.4,11.9295,0.2077,8.49,0,0,0.0995,0.2347,23.892,52.523,28.631,24.3123,0.2236,0
AGB-01,2312.0,32.58,2.2815,0.2213,1.048,3506.3,11.8476,0.2128,10.05,1,0,0.145,0.224,23.903,52.546,28.643,23.9709,0.2357,0
AGB-01,2313.0,66.36,2.2175,0.2888,0.651,2653.6,6.4022,0.3099,6.21,0,2,0.4597,0.2656,23.913,52.568,28.656,9.9867,0.3439,0
AGB-01,2314.0,59.93,2.1969,0.3177,0.895,2573.8,6.2661,0.2967,5.39,0,2,0.4216,0.2813,23.923,52.591,28.668,9.7344,0.3325,0
AGB-01,2315.0,68.0,2.1969,0.3229,0.913,2376.0,4.7018,0.3443,5.1,0,2,0.5482,0.2775,23.934,52.614,28.68,6.9916,0.3705,0
AGB-01,2316.0,63.34,2.1989,0.3185,1.064,2439.1,5.2482,0.3122,4.55,0,2,0.4801,0.2879,23.944,52.637,28.693,7.9193,0.3564,0
AGB-01,2317.0,68.69,2.2224,0.3227,1.001,2610.3,4.8986,0.3708,5.44,0,2,0.5458,0.2765,23.954,52.659,28.705,7.3229,0.3952,0
AGB-01,2318.0,66.49,2.2526,0.3061,1.015,2323.9,5.4686,0.2848,4.94,0,2,0.5484,0.256,23.965,52.682,28.717,8.3033,0.3269,0
AGB-01,2319.0,72.58,2.1905,0.3752,0.631,2091.5,3.3847,0.3609,3.53,0,2,0.5881,0.3008,23.975,52.705,28.73,4.873,0.3878,0
AGB-01,2320.0,75.3,2.191,0.3494,0.551,1968.5,3.153,0.3494,3.69,0,2,0.6148,0.2972,23.985,52.728,28.742,4.5154,0.3807,0
AGB-01,2321.0,74.94,2.1972,0.3084,0.741,2291.1,4.0335,0.3442,3.55,0,2,0.5834,0.2839,23.996,52.75,28.755,5.8995,0.387,0
AGB-01,2322.0,64.48,2.2404,0.3152,0.884,2439.5,5.9628,0.3074,5.53,0,2,0.4758,0.2701,24.006,52.773,28.767,9.1854,0.3242,0
AGB-01,2323.0,71.38,2.2052,0.3131,1.221,2238.1,4.5949,0.3261,5.07,0,2,0.5629,0.2737,24.016,52.796,28.779,6.8177,0.3521,0
AGB-01,2324.0,66.07,2.23,0.3255,0.968,2516.0,5.6995,0.3401,4.62,0,2,0.4945,0.2719,24.027,52.818,28.792,8.7151,0.3521,0
AGB-01,2325.0,69.24,2.1689,0.3271,0.486,2376.0,4.795,0.3461,4.06,0,2,0.5096,0.2878,24.037,52.841,28.804,7.1534,0.3637,0
AGB-01,2326.0,73.46,2.2066,0.3522,0.903,2148.9,4.1897,0.3328,3.85,0,2,0.5564,0.288,24.047,52.864,28.817,6.1546,0.3568,0
AGB-01,2327.0,76.74,2.1894,0.3428,0.794,2113.7,3.4624,0.3634,3.94,0,2,0.626,0.2838,24.058,52.887,28.829,4.9975,0.3871,0
AGB-01,2328.0,59.86,2.1982,0.3167,0.326,2591.5,5.097,0.3519,4.29,0,2,0.4973,0.2877,24.068,52.909,28.841,7.6679,0.3846,0
AGB-01,2329.0,68.18,2.1622,0.3272,0.567,2244.1,4.6137,0.3259,4.67,0,2,0.5095,0.2911,24.078,52.932,28.854,6.8536,0.3477,0
AGB-01,2330.0,75.27,2.201,0.3438,0.718,2192.7,3.9089,0.3459,3.52,0,2,0.5936,0.283,24.089,52.955,28.866,5.7051,0.3785,0
AGB-01,2331.0,65.56,2.2507,0.2933,0.604,2604.8,5.6755,0.3427,6.28,0,2,0.5464,0.2552,24.099,52.978,28.879,8.6805,0.369,0
AGB-01,2332.0,72.18,2.2338,0.3227,0.96,2397.4,5.1596,0.3346,4.79,0,2,0.536,0.2706,24.109,53.0,28.891,7.7799,0.3562,0
AGB-01,2333.0,74.56,2.2303,0.3106,0.652,2396.6,4.6859,0.344,4.69,0,2,0.582,0.2671,24.12,53.023,28.903,6.9783,0.3767,0
AGB-01,2334.0,73.18,2.1867,0.3511,0.797,2165.5,3.8642,0.3561,4.31,0,2,0.5815,0.2881,24.13,53.046,28.916,5.6371,0.3751,0
AGB-01,2335.0,73.32,2.205,0.3273,1.095,2412.8,4.389,0.3579,4.57,0,2,0.5393,0.2914,24.14,53.068,28.928,6.4881,0.3888,0
AGB-01,2336.0,70.88,2.2306,0.3178,0.696,2516.3,5.4649,0.3139,5.47,0,2,0.5242,0.2675,24.151,53.091,28.94,8.3156,0.3621,0
AGB-01,2337.0,76.98,2.2042,0.3417,0.833,2443.6,4.5281,0.3581,4.68,0,2,0.571,0.2752,24.161,53.114,28.953,6.7199,0.3872,0
AGB-01,2338.0,67.85,2.2223,0.3182,0.562,2412.7,4.6874,0.331,4.6,0,2,0.5691,0.2717,24.171,53.137,28.965,6.9862,0.3782,0
AGB-01,2339.0,68.81,2.161,0.3212,0.941,2457.5,4.7112,0.3615,4.41,0,2,0.5351,0.281,24.182,53.159,28.978,7.0272,0.3787,0
AGB-01,2340.0,64.93,2.2597,0.3022,0.752,2457.2,5.8972,0.2931,5.64,0,2,0.5066,0.2619,24.192,53.182,28.99,9.0914,0.3335,0
AGB-01,2341.0,77.09,2.1753,0.3734,0.813,2187.6,3.3658,0.3867,3.54,0,2,0.5944,0.2991,24.202,53.205,29.002,4.8568,0.4,0
AGB-01,2342.0,67.65,2.1826,0.3409,1.018,2272.3,4.2868,0.3356,4.08,0,2,0.5368,0.2926,24.213,53.228,29.015,6.3275,0.3713,0
AGB-01,2343.0,68.18,2.2273,0.3155,0.531,2512.5,5.588,0.3379,5.05,0,2,0.5296,0.2613,24.223,53.25,29.027,8.5428,0.3556,0
AGB-01,2344.0,44.9,2.2345,0.2499,0.918,3410.0,10.2947,0.2776,6.56,0,1,0.2307,0.2478,24.233,53.273,29.04,18.8684,0.3078,0
AGB-01,2345.0,58.09,2.2554,0.2747,0.618,3098.1,9.2734,0.2789,7.28,0,1,0.328,0.2391,24.244,53.296,29.052,16.1559,0.2983,0
AGB-01,2346.0,46.85,2.2647,0.26,0.791,3254.8,10.1087,0.2689,7.61,1,1,0.2643,0.24,24.254,53.318,29.064,18.3505,0.2891,0
AGB-01,2347.0,52.7,2.2808,0.2447,0.547,3063.8,9.4588,0.2535,6.26,0,1,0.3282,0.2339,24.264,53.341,29.077,16.6277,0.283,0
AGB-01,2348.0,39.33,2.3054,0.2304,0.957,3665.6,11.8753,0.2575,8.56,0,1,0.1837,0.216,24.275,53.364,29.089,24.3516,0.2779,0
AGB-01,2349.0,53.98,2.2826,0.2608,0.641,3123.4,9.8587,0.2633,8.59,0,1,0.28,0.2402,24.285,53.387,29.102,17.6794,0.2736,0
AGB-01,2350.0,44.89,2.2665,0.2769,1.735,3391.7,10.6969,0.2651,7.99,0,1,0.2353,0.2334,24.295,53.409,29.114,20.1034,0.2859,0
AGB-01,2351.0,46.45,2.2531,0.2439,0.83,3298.9,10.3241,0.2629,6.89,0,1,0.23,0.2451,24.306,53.432,29.126,18.9883,0.2841,0
AGB-01,2352.0,46.39,2.2234,0.2796,0.808,3066.3,9.2507,0.2529,6.26,0,1,0.2704,0.2575,24.316,53.455,29.139,16.125,0.2857,0
AGB-01,2353.0,31.51,2.3023,0.2328,0.94,3648.2,12.234,0.2276,8.49,0,0,0.1115,0.2215,24.327,53.478,29.151,26.0806,0.2381,0
AGB-01,2354.0,31.08,2.3247,0.2148,1.316,3733.6,12.6814,0.1942,10.04,0,0,0.0682,0.2123,24.337,53.5,29.163,28.7728,0.2104,0
AGB-01,2355.0,24.59,2.2615,0.2428,1.178,3562.4,11.6423,0.2339,6.57,0,0,0.1109,0.2453,24.347,53.523,29.176,23.443,0.2603,0
AGB-01,2356.0,31.56,2.281,0.2085,1.18,3817.8,12.571,0.2129,9.37,0,0,0.0794,0.216,24.358,53.546,29.188,28.0476,0.2433,0
AGB-01,2357.0,28.67,2.2878,0.1969,0.686,3745.3,12.4155,0.2288,9.66,0,0,0.1026,0.2156,24.368,53.568,29.201,27.1092,0.2425,0
AGB-01,2358.0,29.39,2.284,0.1984,0.795,3712.9,12.4629,0.1956,8.93,0,0,0.0645,0.2239,24.378,53.591,29.213,27.3994,0.2244,0
AGB-01,2359.0,28.96,2.2887,0.1894,1.047,3730.3,12.5207,0.195,12.01,0,0,0.0836,0.2138,24.389,53.614,29.225,27.7643,0.2232,0
AGB-01,2360.0,40.72,2.2568,0.2474,0.968,3453.1,11.2831,0.2283,7.95,1,0,0.1584,0.2385,24.399,53.637,29.238,22.1133,0.2573,0
AGB-01,2361.0,35.75,2.2979,0.234,0.774,3529.9,11.6733,0.2402,7.45,0,0,0.1419,0.2346,24.409,53.659,29.25,23.6048,0.2556,0
AGB-01,2362.0,33.68,2.3151,0.1959,1.419,3653.1,12.4168,0.2031,11.03,0,0,0.1032,0.213,24.42,53.682,29.263,27.1645,0.2174,0
AGB-01,2363.0,32.05,2.2684,0.2153,0.807,3728.3,12.4296,0.1976,9.04,0,0,0.0575,0.2273,24.43,53.705,29.275,27.2492,0.2288,0
AGB-01,2364.0,27.56,2.2881,0.1985,0.55,3757.9,12.7184,0.1743,10.53,1,0,0.02,0.2211,24.44,53.728,29.287,29.1905,0.1969,0
AGB-01,2365.0,33.94,2.3267,0.2053,1.321,3897.2,12.74,0.2236,12.87,0,0,0.0861,0.2089,24.451,53.75,29.3,29.3745,0.2514,0
AGB-01,2366.0,29.08,2.2933,0.2239,0.671,3587.8,12.1393,0.198,7.45,0,0,0.0964,0.2273,24.461,53.773,29.312,25.7145,0.2237,0
AGB-01,2367.0,23.75,2.2779,0.198,1.263,3608.0,12.3153,0.1708,9.23,0,0,0.0624,0.2265,24.471,53.796,29.325,26.6375,0.2015,0
AGB-01,2368.0,32.37,2.2697,0.2081,0.919,3714.8,12.2499,0.2246,12.84,0,0,0.1175,0.2159,24.482,53.818,29.337,26.2941,0.246,0
AGB-01,2369.0,32.55,2.289,0.2139,1.431,3773.5,12.186,0.2517,9.66,0,0,0.1106,0.2279,24.492,53.841,29.349,25.9714,0.2719,0
AGB-01,2370.0,107.4,2.152,0.3752,2.088,1450.0,1.332,0.3806,3.03,0,3,0.9227,0.3071,24.502,53.864,29.362,1.8436,0.416,0
AGB-01,2371.0,96.59,2.1707,0.386,1.032,1506.2,1.3497,0.3816,3.67,0,3,0.8823,0.3046,24.513,53.887,29.374,1.8689,0.4231,0
AGB-01,2372.0,92.48,2.1399,0.3967,0.819,1450.0,1.3245,0.3901,3.41,0,3,0.8387,0.3058,24.523,53.909,29.386,1.8332,0.416,0
AGB-01,2373.0,94.71,2.2316,0.3626,1.745,1743.4,1.4067,0.4095,3.69,0,3,0.8553,0.2806,24.533,53.932,29.399,1.9505,0.4447,0
AGB-01,2374.0,89.54,2.1202,0.4151,1.253,1450.0,1.3124,0.3893,3.05,0,3,0.8267,0.3196,24.544,53.955,29.411,1.8163,0.416,0
AGB-01,2375.0,93.63,2.1375,0.4074,0.622,1464.4,1.3245,0.3729,3.31,0,3,0.8217,0.3273,24.554,53.978,29.424,1.8336,0.4179,0
AGB-01,2376.0,91.36,2.186,0.3719,1.304,1661.0,1.3727,0.4112,3.7,0,3,0.8312,0.301,24.564,54.0,29.436,1.9024,0.4384,0
AGB-01,2377.0,95.17,2.187,0.3722,1.347,1662.4,1.3732,0.4165,3.72,0,3,0.8318,0.2957,24.575,54.023,29.448,1.9034,0.4385,0
AGB-01,2378.0,95.65,2.191,0.3562,1.538,1550.5,1.3658,0.3835,2.97,0,3,0.8831,0.3029,24.585,54.046,29.461,1.8929,0.428,0
AGB-01,2379.0,94.67,2.1849,0.3801,3.51,1529.9,1.3599,0.3836,3.41,0,3,0.8641,0.2977,24.595,54.068,29.473,1.8847,0.4258,0
AGB-01,2380.0,88.92,2.1426,0.3952,0.865,1450.0,1.3252,0.403,2.72,0,3,0.8699,0.3252,24.606,54.091,29.486,1.8355,0.416,0
AGB-01,2381.0,85.91,2.1848,0.3799,1.594,1599.9,1.3662,0.3905,3.74,0,3,0.8489,0.2988,24.616,54.114,29.498,1.8941,0.433,0
AGB-01,2382.0,96.95,2.204,0.365,1.614,1770.4,1.3905,0.4139,3.76,0,3,0.8388,0.2901,24.626,54.137,29.51,1.9289,0.4466,0
AGB-01,2383.0,99.76,2.1423,0.4188,0.809,1450.0,1.3246,0.3655,3.0,0,3,0.9335,0.318,24.637,54.159,29.523,1.8352,0.416,0
AGB-01,2384.0,94.7,2.0994,0.4369,0.895,1450.0,1.2986,0.3774,2.57,0,3,0.8977,0.3493,24.647,54.182,29.535,1.7984,0.416,0
AGB-01,2385.0,97.07,2.1678,0.4131,1.177,1450.0,1.3397,0.3711,2.8,0,3,0.849,0.3206,24.657,54.205,29.548,1.8571,0.416,0
AGB-01,2386.0,32.92,2.2961,0.2362,0.899,3606.7,12.123,0.2068,8.72,0,0,0.1105,0.2229,24.668,54.228,29.56,25.7957,0.2292,0
AGB-01,2387.0,25.49,2.2787,0.1987,0.84,3729.8,12.5734,0.1882,9.69,0,0,0.02,0.2282,24.678,54.25,29.572,28.438,0.2026,0
AGB-01,2388.0,28.3,2.2903,0.2065,0.442,3704.6,12.4798,0.1849,8.94,0,0,0.051,0.2246,24.688,54.273,29.585,27.8295,0.2125,0
AGB-01,2389.0,30.72,2.3114,0.1945,1.04,3774.8,12.4813,0.2181,10.73,0,0,0.0982,0.214,24.699,54.296,29.597,27.8535,0.2418,0
AGB-01,2390.0,21.3,2.261,0.221,1.057,3870.8,12.6616,0.1912,9.49,0,0,0.0208,0.2259,24.709,54.318,29.609,29.1404,0.2317,0
AGB-01,2391.0,34.16,2.2667,0.21,1.02,3460.3,11.5652,0.2129,8.27,0,0,0.1328,0.2339,24.719,54.341,29.622,23.3577,0.2314,0
AGB-01,2392.0,38.07,2.2569,0.2413,0.946,3418.4,11.54,0.1906,8.69,0,0,0.1325,0.231,24.73,54.364,29.634,23.2651,0.2151,0
AGB-01,2393.0,27.17,2.3383,0.2114,0.597,3816.7,12.6971,0.2145,8.98,0,0,0.045,0.2212,24.74,54.387,29.647,29.4841,0.2278,0
AGB-01,2394.0,36.94,2.2902,0.2199,0.697,3407.4,11.4386,0.2061,9.19,0,0,0.1663,0.2277,24.75,54.409,29.659,22.8847,0.2314,0
AGB-01,2395.0,35.58,2.2587,0.2454,0.603,3343.6,11.324,0.1915,8.52,0,0,0.1217,0.242,24.761,54.432,29.671,22.4593,0.2091,0
AGB-01,2396.0,36.49,2.293,0.2276,0.645,3683.1,12.0257,0.2344,9.67,0,0,0.1318,0.2234,24.771,54.455,29.684,25.4259,0.2599,0
AGB-01,2397.0,28.99,2.2828,0.2285,0.89,3640.4,12.2059,0.1958,8.32,0,0,0.0968,0.2212,24.781,54.478,29.696,26.3562,0.2236,0
AGB-01,2398.0,24.02,2.2953,0.1976,0.926,3870.5,12.7739,0.1936,12.27,0,0,0.0247,0.2157,24.792,54.5,29.709,30.2951,0.2159,0
AGB-01,2399.0,30.43,2.2882,0.2092,1.492,3977.8,12.5612,0.2528,8.94,0,0,0.0925,0.2145,24.802,54.523,29.721,28.5693,0.2763,0
AGB-01,2400.0,32.44,2.3025,0.2286,0.728,3673.4,12.2263,0.216,10.81,0,0,0.1045,0.2214,24.812,54.546,29.733,26.5098,0.2367,0
AGB-01,2401.0,33.36,2.2623,0.2066,0.812,3670.8,12.1945,0.213,8.58,0,0,0.0836,0.2253,24.823,54.568,29.746,26.351,0.2287,0
AGB-01,2402.0,27.61,2.3256,0.221,0.833,3787.7,12.5822,0.2163,12.33,0,0,0.0942,0.2073,24.833,54.591,29.758,28.783,0.2299,0
AGB-01,2403.0,21.51,2.3158,0.1817,0.826,3949.7,12.7809,0.2112,11.36,0,0,0.0346,0.2178,24.843,54.614,29.771,30.505,0.2427,0
AGB-01,2404.0,19.7,2.3375,0.1967,1.818,4037.1,12.9708,0.2093,13.89,0,0,0.0259,0.1977,24.854,54.637,29.783,33.2696,0.222,0
AGB-01,2405.0,28.08,2.3138,0.2092,0.793,3887.1,12.7496,0.2198,11.93,0,0,0.0643,0.2054,24.864,54.659,29.795,30.2432,0.2282,0
AGB-01,2406.0,33.55,2.2862,0.2261,0.518,3572.9,11.9684,0.2016,7.77,0,0,0.112,0.2263,24.874,54.682,29.808,25.2582,0.2279,0
AGB-01,2407.0,29.62,2.3152,0.2079,1.589,3928.3,12.897,0.1814,13.71,0,0,0.0287,0.2001,24.885,54.705,29.82,32.021,0.2033,0
AGB-01,2408.0,87.74,2.1249,0.4106,0.653,1450.0,1.3103,0.3779,2.96,0,3,0.8175,0.3201,24.895,54.728,29.832,1.8203,0.416,0
AGB-01,2409.0,96.57,2.1746,0.3611,1.727,1522.0,1.3482,0.3992,3.23,0,3,0.8777,0.3041,24.905,54.75,29.845,1.8746,0.4249,0
AGB-01,2410.0,97.67,2.1412,0.3747,1.106,1450.0,1.3198,0.4003,3.49,0,3,0.871,0.31,24.916,54.773,29.857,1.8343,0.416,0
AGB-01,2411.0,98.55,2.1657,0.4077,1.593,1450.0,1.3344,0.3765,3.15,0,3,0.9048,0.3188,24.926,54.796,29.87,1.8552,0.416,0
AGB-01,2412.0,91.69,2.1232,0.3922,0.723,1517.1,1.3164,0.3951,3.75,0,3,0.8452,0.3158,24.936,54.818,29.882,1.8296,0.4243,0
AGB-01,2413.0,101.19,2.1773,0.4154,1.962,1450.0,1.3412,0.3848,3.16,0,3,0.8726,0.3189,24.947,54.841,29.894,1.8652,0.416,0
AGB-01,2414.0,91.8,2.2018,0.3389,1.337,1745.1,1.438,0.42,4.42,0,3,0.8029,0.2894,24.957,54.864,29.907,2.004,0.4422,0
AGB-01,2415.0,92.13,2.1343,0.3932,1.336,1450.0,1.3153,0.3821,3.24,0,3,0.8746,0.3182,24.968,54.887,29.919,1.8284,0.416,0
AGB-01,2416.0,90.59,2.1606,0.3749,1.357,1450.0,1.3311,0.3846,3.47,0,3,0.8759,0.3159,24.978,54.909,29.932,1.8509,0.416,0
AGB-01,2417.0,89.12,2.1995,0.3901,1.313,1754.7,1.3819,0.4111,3.75,0,3,0.8205,0.2997,24.988,54.932,29.944,1.9236,0.4455,0
AGB-01,2418.0,95.39,2.1756,0.3969,0.936,1550.2,1.3511,0.3822,4.11,0,3,0.833,0.3024,24.999,54.955,29.956,1.8796,0.428,0
AGB-01,2419.0,99.76,2.0915,0.4183,2.089,1450.0,1.2896,0.3682,2.6,0,3,0.8947,0.3379,25.009,54.978,29.969,1.7917,0.416,0
AGB-01,2420.0,96.89,2.1826,0.3894,1.467,1522.0,1.3526,0.3801,3.02,0,3,0.875,0.3132,25.019,55.0,29.981,1.8816,0.4249,0
AGB-01,2421.0,88.45,2.2028,0.3733,1.048,1685.8,1.4979,0.3967,4.24,0,3,0.8146,0.2821,25.03,55.023,29.994,2.0901,0.4341,0
AGB-01,2422.0,96.67,2.1999,0.3944,1.449,1623.7,1.3726,0.4125,3.39,0,3,0.861,0.306,25.04,55.046,30.006,1.9101,0.4352,0
AGB-01,2423.0,102.91,2.1548,0.4072,3.046,1450.0,1.3278,0.3966,3.28,0,3,0.9401,0.3247,25.05,55.068,30.018,1.846,0.416,0
AGB-01,2424.0,99.15,2.1382,0.4037,2.445,1450.0,1.3179,0.3851,3.31,0,3,0.9194,0.3183,25.061,55.091,30.031,1.8317,0.416,0
AGB-01,2425.0,95.8,2.1394,0.3984,1.099,1450.0,1.3187,0.3803,3.01,0,3,0.8483,0.3286,25.071,55.114,30.043,1.8328,0.416,0
AGB-01,2426.0,94.89,2.1914,0.3825,1.12,1450.0,1.35,0.3942,2.96,0,3,0.8927,0.3043,25.081,55.137,30.055,1.8773,0.416,0
AGB-01,2427.0,96.8,2.1814,0.3518,0.916,1532.9,1.3535,0.3927,3.62,0,3,0.8521,0.296,25.092,55.159,30.068,1.8821,0.4261,0
AGB-01,2428.0,97.94,2.1743,0.3915,0.938,1450.2,1.3401,0.3875,3.84,0,3,0.8807,0.3157,25.102,55.182,30.08,1.8627,0.416,0
AGB-01,2429.0,89.37,2.1861,0.3722,0.647,1627.2,1.3653,0.4074,3.7,0,3,0.7874,0.3089,25.112,55.205,30.093,1.8986,0.4355,0
AGB-01,2430.0,87.72,2.2049,0.3773,1.218,1684.1,1.3814,0.403,4.46,0,3,0.8129,0.2902,25.123,55.228,30.105,1.9214,0.4403,0
AGB-01,2431.0,97.42,2.2222,0.3984,1.412,1554.4,1.3809,0.398,3.15,0,3,0.8905,0.2926,25.133,55.25,30.117,1.9204,0.4284,0
AGB-01,2432.0,90.84,2.155,0.4065,2.04,1450.0,1.3291,0.3893,3.22,0,3,0.8517,0.313,25.143,55.273,30.13,1.8461,0.416,0
AGB-01,2433.0,93.09,2.1195,0.4231,1.772,1450.0,1.308,0.3996,2.91,0,3,0.861,0.3393,25.154,55.296,30.142,1.8157,0.416,0
AGB-01,2434.0,93.95,2.1983,0.3425,1.177,1859.4,1.5484,0.4187,4.02,0,3,0.7972,0.2872,25.164,55.318,30.155,2.1598,0.4455,0
AGB-01,2435.0,94.13,2.1677,0.3987,1.063,1604.0,1.3534,0.3924,3.56,0,3,0.855,0.3108,25.174,55.341,30.167,1.8798,0.4334,0
AGB-01,2436.0,89.77,2.1941,0.3895,1.425,1637.0,1.3724,0.4124,3.08,0,3,0.8474,0.3068,25.185,55.364,30.179,1.9067,0.4364,0
AGB-01,2437.0,92.2,2.2079,0.3757,1.476,1681.2,1.3845,0.4173,3.87,0,3,0.8493,0.2989,25.195,55.387,30.192,1.9236,0.4401,0
AGB-01,2438.0,101.69,2.1295,0.4151,1.991,1450.0,1.3152,0.4047,2.66,0,3,0.9268,0.3254,25.205,55.409,30.204,1.8243,0.416,0
AGB-01,2439.0,101.4,2.1834,0.4127,1.943,1510.4,1.3549,0.4089,4.28,0,3,0.8949,0.2961,25.216,55.432,30.217,1.8805,0.4236,0
AGB-01,2440.0,83.51,2.1956,0.3685,1.558,1710.9,1.38,0.4043,3.01,0,3,0.7972,0.298,25.226,55.455,30.229,1.9159,0.4424,0
AGB-01,2441.0,93.77,2.1307,0.4348,1.476,1450.0,1.3167,0.3714,2.85,0,3,0.8847,0.3436,25.236,55.478,30.241,1.8253,0.416,0
AGB-01,2442.0,91.44,2.1578,0.3908,2.053,1694.1,1.3563,0.4195,3.72,0,3,0.8254,0.3037,25.247,55.5,30.254,1.8813,0.4411,0
AGB-01,2443.0,94.44,2.1507,0.394,0.895,1450.0,1.3293,0.3971,3.21,0,3,0.8829,0.3269,25.257,55.523,30.266,1.8424,0.416,0
AGB-01,2444.0,99.8,2.1633,0.4096,1.393,1450.0,1.3373,0.3822,3.97,0,3,0.876,0.3148,25.267,55.546,30.278,1.8532,0.416,0
AGB-01,2445.0,92.63,2.1362,0.3977,1.363,1450.0,1.3212,0.3844,2.91,0,3,0.8587,0.3248,25.278,55.569,30.291,1.83,0.416,0
AGB-01,2446.0,90.52,2.1688,0.3644,0.919,1605.6,1.3574,0.4114,3.18,0,3,0.8201,0.306,25.288,55.591,30.303,1.881,0.4335,0
AGB-01,2447.0,97.52,2.1102,0.3974,1.376,1450.0,1.3062,0.3838,3.45,0,3,0.8577,0.3189,25.298,55.614,30.316,1.8078,0.416,0
AGB-01,2448.0,93.13,2.2272,0.3733,1.338,1709.3,1.4018,0.4169,3.81,0,3,0.8947,0.2827,25.309,55.637,30.328,1.9434,0.4423,0
AGB-01,2449.0,97.62,2.123,0.4088,0.716,1450.0,1.3145,0.3845,2.73,0,3,0.8801,0.3461,25.319,55.659,30.34,1.8187,0.416,0
AGB-01,2450.0,102.26,2.1905,0.3766,1.571,1505.1,1.362,0.3931,3.6,0,3,0.8693,0.3007,25.329,55.682,30.353,1.8858,0.4229,0
AGB-01,2451.0,93.06,2.2037,0.3862,1.296,1579.2,1.3778,0.3969,2.98,0,3,0.8674,0.3061,25.34,55.705,30.365,1.9079,0.431,0
AGB-01,2452.0,94.46,2.1853,0.3861,1.117,1568.8,1.366,0.3961,3.45,0,3,0.8533,0.2989,25.35,55.728,30.378,1.8905,0.4299,0
AGB-01,2453.0,105.2,2.1516,0.39,2.56,1450.0,1.333,0.3859,3.12,0,3,0.98,0.3042,25.36,55.75,30.39,1.8432,0.416,0
AGB-01,2454.0,91.43,2.1555,0.4124,1.391,1507.2,1.3423,0.3903,3.37,0,3,0.8474,0.3084,25.371,55.773,30.402,1.856,0.4232,0
AGB-01,2455.0,89.92,2.2319,0.3532,1.324,1928.0,2.2321,0.3818,5.21,0,3,0.7671,0.2735,25.381,55.796,30.415,3.1444,0.4232,0
AGB-01,2456.0,89.29,2.1778,0.3677,0.83,1864.3,1.3903,0.4177,4.23,0,3,0.8109,0.2887,25.391,55.819,30.427,1.9234,0.45,0
AGB-01,2457.0,87.88,2.1598,0.3918,1.945,1686.2,1.3616,0.4078,4.08,0,3,0.8543,0.3049,25.402,55.841,30.44,1.8822,0.4405,0
AGB-01,2458.0,90.6,2.1922,0.3848,1.433,1458.9,1.3601,0.392,3.67,0,3,0.8861,0.3026,25.412,55.864,30.452,1.8796,0.4172,0
AGB-01,2459.0,99.25,2.1909,0.3903,1.636,1606.3,1.3749,0.3995,2.86,0,3,0.9058,0.2939,25.422,55.887,30.464,1.9002,0.4336,0
AGB-01,2460.0,87.5,2.1645,0.3607,1.191,1589.3,1.3575,0.3925,3.17,0,3,0.7979,0.3081,25.433,55.909,30.477,1.8752,0.432,0
AGB-01,2461.0,99.48,2.155,0.3826,1.483,1450.0,1.3373,0.3814,2.86,0,3,0.8977,0.3103,25.443,55.932,30.489,1.8461,0.416,0
AGB-01,2462.0,89.37,2.1658,0.3717,0.914,1824.4,1.3755,0.4091,4.48,0,3,0.7869,0.2984,25.453,55.955,30.501,1.9,0.45,0
AGB-01,2463.0,92.43,2.1909,0.4029,2.102,1528.2,1.3684,0.4076,3.86,0,3,0.8857,0.3081,25.464,55.978,30.514,1.8896,0.4256,0
AGB-01,2464.0,93.08,2.1552,0.4041,2.304,1450.0,1.338,0.3878,3.26,0,3,0.8795,0.3193,25.474,56.0,30.526,1.8462,0.416,0
AGB-01,2465.0,88.61,2.1442,0.3793,1.308,1497.4,1.3371,0.3849,3.43,0,3,0.856,0.3027,25.484,56.023,30.539,1.8447,0.422,0
AGB-01,2466.0,90.24,2.2028,0.3556,1.023,1721.0,1.3927,0.4157,3.93,0,3,0.8115,0.2923,25.495,56.046,30.551,1.9233,0.4431,0
AGB-01,2467.0,88.05,2.1664,0.3877,0.867,1889.2,1.6385,0.4051,3.74,0,3,0.7448,0.3034,25.505,56.069,30.563,2.2739,0.4433,0
AGB-01,2468.0,90.51,2.2043,0.3765,1.578,1528.1,1.3775,0.4034,4.05,0,3,0.8744,0.2908,25.515,56.091,30.576,1.9012,0.4256,0
AGB-01,2469.0,94.7,2.1845,0.3811,1.259,1621.9,1.3745,0.4046,2.92,0,3,0.8384,0.299,25.526,56.114,30.588,1.8966,0.435,0
AGB-01,2470.0,92.22,2.2295,0.3558,0.916,1888.8,1.9232,0.3907,4.12,0,3,0.8066,0.2701,25.536,56.137,30.601,2.6841,0.4333,0
AGB-01,2471.0,95.22,2.1612,0.3825,1.296,1484.1,1.3469,0.3835,3.09,0,3,0.8913,0.3043,25.546,56.159,30.613,1.8572,0.4204,0
AGB-01,2472.0,92.81,2.2331,0.3718,0.926,1672.0,1.4086,0.391,4.02,0,3,0.8537,0.285,25.557,56.182,30.625,1.9445,0.4393,0
AGB-01,2473.0,96.78,2.1791,0.3741,0.989,1568.6,1.3669,0.4005,3.59,0,3,0.8781,0.3021,25.567,56.205,30.638,1.8852,0.4299,0
AGB-01,2474.0,100.51,2.1626,0.396,1.68,1450.0,1.344,0.3771,3.1,0,3,0.8993,0.3112,25.577,56.228,30.65,1.8526,0.416,0
AGB-01,2475.0,94.67,2.168,0.3824,1.026,1450.0,1.3474,0.3895,3.96,0,3,0.8621,0.3007,25.588,56.25,30.663,1.8572,0.416,0
AGB-01,2476.0,102.81,2.1887,0.3818,1.679,1450.0,1.36,0.368,3.47,0,3,0.8903,0.3022,25.598,56.273,30.675,1.875,0.416,0
AGB-01,2477.0,97.21,2.1553,0.3858,1.747,1454.8,1.3404,0.4056,3.86,0,3,0.9,0.305,25.608,56.296,30.687,1.8472,0.4166,0
AGB-01,2478.0,91.65,2.1583,0.3929,1.932,1534.8,1.3512,0.3695,4.08,0,3,0.8541,0.311,25.619,56.319,30.7,1.8625,0.4263,0
AGB-01,2479.0,95.14,2.1542,0.3857,1.242,1598.0,1.3547,0.395,3.34,0,3,0.8236,0.3057,25.629,56.341,30.712,1.8674,0.4328,0
AGB-01,2480.0,93.08,2.1514,0.3856,1.485,1570.3,1.3504,0.3883,2.61,0,3,0.8266,0.3183,25.64,56.364,30.724,1.8614,0.4301,0
AGB-01,2481.0,86.91,2.1077,0.4078,0.826,1585.3,1.325,0.3961,3.47,0,3,0.8108,0.3317,25.65,56.387,30.737,1.8255,0.4316,0
AGB-01,2482.0,94.75,2.1663,0.4154,1.129,1689.8,1.3693,0.42,3.96,0,3,0.86,0.3061,25.66,56.409,30.749,1.8882,0.4408,0
AGB-01,2483.0,91.95,2.197,0.3952,1.487,1512.7,1.3724,0.3895,2.73,0,3,0.903,0.3126,25.671,56.432,30.762,1.8926,0.4238,0
AGB-01,2484.0,93.92,2.1952,0.3893,1.572,1636.6,1.3829,0.3999,3.47,0,3,0.8497,0.298,25.681,56.455,30.774,1.9076,0.4363,0
AGB-01,2485.0,92.6,2.1727,0.4059,1.406,1450.0,1.3501,0.3899,3.39,0,3,0.8888,0.3154,25.691,56.478,30.786,1.8613,0.416,0
AGB-01,2486.0,98.03,2.2128,0.3834,2.182,1567.3,1.3873,0.3993,4.3,0,3,0.9049,0.2813,25.702,56.5,30.799,1.9141,0.4298,0
AGB-01,2487.0,93.12,2.197,0.3471,1.4,1638.1,1.3838,0.3988,4.1,0,3,0.8372,0.2858,25.712,56.523,30.811,1.9093,0.4365,0
AGB-01,2488.0,105.39,2.1443,0.4138,1.035,1461.6,1.334,0.4005,3.15,0,3,0.8926,0.3311,25.722,56.546,30.824,1.8389,0.4175,0
AGB-01,2489.0,95.85,2.1527,0.3842,0.894,1635.9,1.3563,0.4115,3.64,0,3,0.8441,0.3085,25.733,56.569,30.836,1.8706,0.4363,0
AGB-01,2490.0,94.09,2.152,0.4047,1.001,1450.0,1.337,0.4,3.32,0,3,0.8771,0.3098,25.743,56.591,30.848,1.8435,0.416,0
AGB-01,2491.0,97.93,2.1321,0.4177,2.049,1450.0,1.3248,0.379,2.82,0,3,0.9124,0.3241,25.753,56.614,30.861,1.8265,0.416,0
AGB-01,2492.0,94.1,2.1369,0.4049,1.604,1615.8,1.3444,0.4157,3.18,0,3,0.8489,0.3179,25.764,56.637,30.873,1.8545,0.4345,0
AGB-01,2493.0,89.14,2.1935,0.3724,1.374,1619.3,1.3791,0.3959,3.57,0,3,0.8361,0.2955,25.774,56.659,30.886,1.9041,0.4348,0
AGB-01,2494.0,89.12,2.1927,0.3718,1.613,1636.1,1.3798,0.4004,3.99,0,3,0.85,0.2947,25.784,56.682,30.898,1.9054,0.4363,0
AGB-01,2495.0,87.68,2.1619,0.3968,0.989,1684.8,1.3645,0.4015,3.3,0,3,0.7851,0.3083,25.795,56.705,30.91,1.884,0.4404,0
AGB-01,2496.0,95.72,2.1564,0.4043,1.782,1483.2,1.3424,0.3884,3.04,0,3,0.8899,0.3142,25.805,56.728,30.923,1.8529,0.4203,0
AGB-01,2497.0,102.36,2.1774,0.395,1.558,1450.0,1.3509,0.4012,3.29,0,3,0.9446,0.315,25.815,56.75,30.935,1.8653,0.416,0
AGB-01,2498.0,95.05,2.1652,0.3813,0.963,1556.7,1.3551,0.3864,3.3,0,3,0.8537,0.3116,25.826,56.773,30.947,1.8715,0.4287,0
AGB-01,2499.0,100.11,2.166,0.392,1.317,1450.0,1.3436,0.379,3.24,0,3,0.8992,0.3104,25.836,56.796,30.96,1.8556,0.416,0
AGB-01,2500.0,101.38,2.1985,0.3876,1.994,1634.1,1.3818,0.4197,3.67,0,3,0.8784,0.2945,25.846,56.819,30.972,1.9102,0.4361,0
AGB-01,2501.0,84.19,2.1658,0.3841,1.264,1629.6,1.3612,0.4126,3.41,0,3,0.7907,0.2984,25.857,56.841,30.985,1.8813,0.4357,0
AGB-01,2502.0,88.85,2.1948,0.3762,0.797,1673.0,1.5753,0.3769,4.11,0,3,0.7713,0.296,25.867,56.864,30.997,2.1873,0.4288,0
AGB-01,2503.0,96.16,2.2349,0.3868,2.261,1665.5,1.4058,0.4098,4.84,0,3,0.9033,0.2802,25.877,56.887,31.009,1.9454,0.4388,0
AGB-01,2504.0,102.12,2.1725,0.3862,1.811,1450.0,1.3462,0.3774,3.58,0,3,0.926,0.3043,25.888,56.909,31.022,1.8611,0.416,0
AGB-01,2505.0,95.86,2.1263,0.3852,0.83,1454.7,1.3187,0.3971,3.55,0,3,0.8558,0.3119,25.898,56.932,31.034,1.8224,0.4166,0
AGB-01,2506.0,88.54,2.1489,0.3904,1.807,1549.0,1.3424,0.3806,3.48,1,3,0.8709,0.3112,25.908,56.955,31.047,1.8564,0.4279,0
AGB-01,2507.0,100.73,2.171,0.3688,1.895,1590.1,1.3593,0.4032,3.85,0,3,0.8923,0.3,25.919,56.978,31.059,1.8809,0.4321,0
AGB-01,2508.0,101.13,2.1887,0.3844,1.485,1450.0,1.3549,0.386,3.68,0,3,0.9531,0.2968,25.929,57.0,31.071,1.875,0.416,0
AGB-01,2509.0,95.51,2.2182,0.3711,1.415,1868.6,1.6815,0.3925,3.76,0,3,0.818,0.275,25.939,57.023,31.084,2.3434,0.4414,0
AGB-01,2510.0,90.9,2.1775,0.387,0.702,1588.0,1.3623,0.3995,3.41,0,3,0.8496,0.2977,25.95,57.046,31.096,1.8863,0.4318,0
AGB-01,2511.0,94.38,2.2052,0.3688,1.058,1605.4,1.3804,0.4088,3.81,0,3,0.8614,0.2897,25.96,57.069,31.109,1.9125,0.4335,0
AGB-01,2512.0,99.03,2.0955,0.4189,1.551,1450.0,1.2976,0.3824,2.8,0,3,0.926,0.3504,25.97,57.091,31.121,1.7951,0.416,0
AGB-01,2513.0,92.17,2.176,0.3733,0.9,1818.0,1.377,0.4122,4.1,0,3,0.8002,0.2982,25.981,57.114,31.133,1.9084,0.4496,0
AGB-01,2514.0,90.23,2.1881,0.3882,1.155,1531.4,1.3622,0.4036,4.32,0,3,0.8872,0.2898,25.991,57.137,31.146,1.8877,0.426,0
AGB-01,2515.0,97.55,2.1405,0.407,2.548,1450.0,1.3241,0.3727,2.8,0,3,0.9319,0.3118,26.001,57.159,31.158,1.8337,0.416,0
AGB-01,2516.0,95.43,2.1669,0.3977,1.858,1715.1,1.3643,0.4155,3.36,0,3,0.8191,0.3025,26.012,57.182,31.17,1.8913,0.4427,0
AGB-01,2517.0,97.72,2.1801,0.381,1.085,1610.7,1.3641,0.408,3.87,0,3,0.8669,0.2973,26.022,57.205,31.183,1.8914,0.434,0
AGB-01,2518.0,29.28,2.314,0.2012,1.133,3859.6,12.7873,0.1856,12.11,0,0,0.0613,0.2095,26.032,57.228,31.195,30.076,0.2226,0
AGB-01,2519.0,19.79,2.2918,0.2066,1.283,3857.3,12.8408,0.2038,11.85,0,0,0.02,0.2144,26.043,57.25,31.208,30.6267,0.2016,0
AGB-01,2520.0,23.23,2.298,0.1944,1.252,3871.9,12.883,0.1778,12.89,0,0,0.02,0.2102,26.053,57.273,31.22,31.1186,0.197,0
AGB-01,2521.0,28.19,2.2744,0.1916,1.17,3876.8,12.7515,0.1975,10.75,0,0,0.0573,0.2088,26.063,57.296,31.232,29.8427,0.2222,0
AGB-01,2522.0,35.59,2.2969,0.2128,0.768,3750.5,12.3469,0.2385,8.65,0,0,0.1143,0.2173,26.074,57.319,31.245,27.0385,0.2477,0
AGB-01,2523.0,31.45,2.3198,0.2012,0.829,3867.2,12.7963,0.2042,11.91,0,0,0.0733,0.2037,26.084,57.341,31.257,30.3041,0.2219,0
AGB-01,2524.0,28.27,2.3234,0.1904,1.273,4008.6,12.8476,0.2366,11.86,0,0,0.0902,0.1996,26.094,57.364,31.27,30.8506,0.2544,0
AGB-01,2525.0,27.73,2.2902,0.2004,1.742,3834.1,12.5662,0.2223,11.28,0,0,0.0613,0.224,26.105,57.387,31.282,28.4753,0.2418,0
AGB-01,2526.0,39.43,2.3016,0.2054,0.821,3797.9,12.4892,0.2188,10.78,0,0,0.1118,0.2103,26.115,57.409,31.294,27.9691,0.244,0
AGB-01,2527.0,34.04,2.2927,0.193,0.812,3710.0,12.343,0.2177,10.29,0,0,0.107,0.2167,26.125,57.432,31.307,27.0805,0.2332,0
AGB-01,2528.0,39.57,2.2964,0.2434,0.964,3622.5,11.7642,0.2401,9.3,0,0,0.152,0.2307,26.136,57.455,31.319,24.2154,0.2681,0
AGB-01,2529.0,24.14,2.357,0.1994,1.269,4042.3,13.03,0.1854,13.08,0,0,0.02,0.1941,26.146,57.478,31.332,34.3336,0.2074,0
AGB-01,2530.0,34.51,2.2749,0.2269,0.97,3437.6,11.5496,0.2096,7.2,0,0,0.1385,0.2347,26.156,57.5,31.344,23.3342,0.226,0
AGB-01,2531.0,34.33,2.3162,0.2091,1.157,3560.5,12.2986,0.1666,11.23,0,0,0.1058,0.2126,26.167,57.523,31.356,26.8571,0.1863,0
AGB-01,2532.0,25.47,2.3216,0.2041,1.108,4046.9,13.0056,0.1943,13.21,0,0,0.02,0.1976,26.177,57.546,31.369,33.5712,0.2144,0
AGB-01,2533.0,34.98,2.3193,0.2343,1.083,3918.7,12.775,0.2221,10.91,0,0,0.0621,0.2118,26.187,57.569,31.381,30.2694,0.239,0
AGB-01,2534.0,21.34,2.3215,0.1938,1.169,3970.1,12.9135,0.2142,13.1,0,0,0.0507,0.2009,26.198,57.591,31.393,31.8635,0.2239,0
AGB-01,2535.0,32.8,2.2971,0.2311,1.034,3550.1,11.9044,0.2241,9.62,0,0,0.128,0.2283,26.208,57.614,31.406,24.8678,0.2326,0
AGB-01,2536.0,29.45,2.2869,0.2121,0.879,3674.6,12.4435,0.177,11.05,0,0,0.0797,0.2151,26.218,57.637,31.418,27.747,0.2013,0
AGB-01,2537.0,29.18,2.3345,0.1564,1.756,3922.1,12.8709,0.1897,11.88,0,0,0.0867,0.1925,26.229,57.659,31.431,31.3232,0.2228,0
AGB-01,2538.0,30.81,2.3192,0.2197,1.165,3688.5,12.5283,0.1789,10.49,0,0,0.0903,0.2098,26.239,57.682,31.443,28.3097,0.2024,0
AGB-01,2539.0,27.49,2.2928,0.1989,0.721,3794.1,12.67,0.1668,11.64,0,0,0.0642,0.2097,26.249,57.705,31.455,29.3663,0.2089,0
AGB-01,2540.0,37.85,2.2928,0.2126,1.01,3698.6,12.2496,0.2058,9.04,0,0,0.1083,0.2219,26.26,57.728,31.468,26.6019,0.2402,0
AGB-01,2541.0,33.87,2.286,0.2283,1.336,3798.2,12.5335,0.2234,10.01,0,0,0.0723,0.219,26.27,57.75,31.48,28.344,0.2323,0
AGB-01,2542.0,22.0,2.3331,0.1935,1.279,4094.2,13.0145,0.1996,13.38,0,0,0.02,0.1986,26.28,57.773,31.493,33.951,0.2259,0
AGB-01,2543.0,38.33,2.3022,0.2143,0.778,3703.8,12.2095,0.2324,12.85,0,0,0.1218,0.2211,26.291,57.796,31.505,26.3787,0.2488,0
AGB-01,2544.0,32.28,2.2681,0.2135,1.035,3649.2,12.1932,0.2067,10.41,0,0,0.0993,0.2227,26.301,57.819,31.517,26.288,0.2242,0
AGB-01,2545.0,32.96,2.3385,0.2019,1.012,3651.4,12.3099,0.2059,10.24,0,0,0.1299,0.2133,26.312,57.841,31.53,26.928,0.2292,0
AGB-01,2546.0,28.53,2.2984,0.1903,0.871,3761.8,12.6468,0.1879,10.61,0,0,0.0375,0.2214,26.322,57.864,31.542,29.1514,0.2033,0
AGB-01,2547.0,34.13,2.3181,0.2041,1.116,3856.3,12.709,0.2087,11.16,0,0,0.0813,0.2081,26.332,57.887,31.555,29.6507,0.2318,0
AGB-01,2548.0,35.19,2.3499,0.1822,1.461,3894.6,12.8098,0.212,12.08,0,0,0.0987,0.1977,26.343,57.909,31.567,30.5785,0.2334,0
AGB-01,2549.0,32.74,2.2913,0.1918,1.136,3727.5,12.2259,0.229,8.94,0,0,0.1336,0.2157,26.353,57.932,31.579,26.4388,0.2518,0
AGB-01,2550.0,35.64,2.2823,0.2287,0.851,3606.2,12.1442,0.2003,12.46,0,0,0.1118,0.2211,26.363,57.955,31.592,26.0025,0.2198,0
AGB-01,2551.0,36.12,2.297,0.1917,1.008,3634.9,12.1359,0.2071,10.74,0,0,0.1283,0.2195,26.374,57.978,31.604,25.9541,0.2353,0
AGB-01,2552.0,30.29,2.3395,0.1561,1.402,3905.4,12.9075,0.1649,13.84,0,0,0.0629,0.1977,26.384,58.0,31.616,31.6434,0.2113,0
AGB-01,2553.0,32.88,2.3091,0.2234,0.653,3740.3,12.4138,0.2104,11.42,0,0,0.1264,0.2089,26.394,58.023,31.629,27.4927,0.2382,0
AGB-01,2554.0,34.69,2.3158,0.2104,1.232,3726.3,12.2199,0.2359,11.17,0,0,0.1646,0.2079,26.405,58.046,31.641,26.3762,0.2582,0
AGB-01,2555.0,31.95,2.3088,0.2145,1.119,3682.2,12.2745,0.2127,11.15,0,0,0.1069,0.2233,26.415,58.069,31.654,26.6679,0.2376,0
AGB-01,2556.0,31.11,2.3081,0.1946,0.91,3873.4,12.6779,0.2322,10.73,0,0,0.081,0.2121,26.425,58.091,31.666,29.3028,0.2415,0
AGB-01,2557.0,30.2,2.303,0.2267,1.543,3869.3,12.4343,0.2531,10.78,0,0,0.1343,0.2104,26.436,58.114,31.678,27.5888,0.2701,0
AGB-01,2558.0,31.1,2.3512,0.1752,1.24,4104.8,12.9996,0.2291,10.51,0,0,0.0607,0.1974,26.446,58.137,31.691,32.9953,0.2503,0
AGB-01,2559.0,36.2,2.3507,0.1926,0.961,3847.9,12.8412,0.1796,11.5,0,0,0.0882,0.1969,26.456,58.159,31.703,30.7453,0.2141,0
AGB-01,2560.0,31.59,2.3403,0.1845,1.096,3938.5,12.8953,0.1978,13.04,0,0,0.073,0.2001,26.467,58.182,31.716,31.3373,0.2295,0
AGB-01,2561.0,23.48,2.296,0.2242,1.046,3720.7,12.4782,0.1947,11.33,0,0,0.0807,0.2192,26.477,58.205,31.728,27.8275,0.2203,0
AGB-01,2562.0,40.82,2.2842,0.2237,1.199,3555.9,12.0269,0.171,9.38,0,0,0.1273,0.2211,26.487,58.228,31.74,25.3442,0.2187,0
AGB-01,2563.0,39.23,2.3283,0.1931,1.254,3875.9,12.7204,0.2176,14.99,0,0,0.1269,0.1947,26.498,58.25,31.753,29.5603,0.2422,0
AGB-01,2564.0,25.07,2.3183,0.1894,1.104,3849.1,12.8954,0.1681,14.99,0,0,0.0499,0.1995,26.508,58.273,31.765,31.2561,0.1908,0
AGB-01,2565.0,92.13,2.2004,0.3504,1.36,1887.7,1.7331,0.42,4.07,0,3,0.8183,0.2725,26.518,58.296,31.778,2.4227,0.4399,0
AGB-01,2566.0,97.68,2.1734,0.385,1.723,1509.6,1.3499,0.3975,2.93,0,3,0.9124,0.3059,26.529,58.319,31.79,1.8717,0.4235,0
AGB-01,2567.0,99.33,2.2011,0.3804,1.637,1608.4,1.3764,0.4096,3.4,0,3,0.8788,0.2922,26.539,58.341,31.802,1.9093,0.4338,0
AGB-01,2568.0,100.65,2.1656,0.3903,1.336,1450.0,1.3385,0.3739,3.89,0,3,0.9121,0.3084,26.549,58.364,31.815,1.8552,0.416,0
AGB-01,2569.0,89.06,2.1819,0.375,1.352,1654.0,1.3688,0.4052,4.02,0,3,0.8322,0.2997,26.56,58.387,31.827,1.8981,0.4378,0
AGB-01,2570.0,100.8,2.1514,0.4199,2.53,1450.0,1.3303,0.3712,3.25,0,3,0.9697,0.3,26.57,58.409,31.839,1.843,0.416,0
AGB-01,2571.0,96.0,2.1569,0.3926,1.682,1450.0,1.3337,0.4004,3.11,0,3,0.9072,0.3259,26.58,58.432,31.852,1.8477,0.416,0
AGB-01,2572.0,99.81,2.1067,0.3979,1.313,1450.0,1.3036,0.3775,2.77,0,3,0.8848,0.3323,26.591,58.455,31.864,1.8048,0.416,0
AGB-01,2573.0,94.19,2.1673,0.3883,1.392,1503.7,1.3464,0.3745,3.99,0,3,0.8506,0.3008,26.601,58.478,31.877,1.8655,0.4228,0
AGB-01,2574.0,98.47,2.191,0.3599,1.361,1621.1,1.3722,0.3934,3.74,0,3,0.889,0.2911,26.611,58.5,31.889,1.9021,0.435,0
AGB-01,2575.0,87.4,2.2042,0.3576,1.477,1790.2,1.8835,0.3833,4.42,0,3,0.7801,0.281,26.622,58.523,31.901,2.6388,0.4245,0
AGB-01,2576.0,96.29,2.2075,0.3733,0.862,1591.8,1.38,0.4082,4.22,0,3,0.8528,0.2887,26.632,58.546,31.914,1.9128,0.4322,0
AGB-01,2577.0,85.57,2.2023,0.3854,0.66,1676.2,1.3839,0.4046,3.58,0,3,0.7982,0.2982,26.642,58.569,31.926,1.9182,0.4397,0
AGB-01,2578.0,101.21,2.1462,0.4081,1.411,1450.0,1.3282,0.3896,3.01,0,3,0.9036,0.3229,26.653,58.591,31.939,1.8386,0.416,0
AGB-01,2579.0,97.42,2.223,0.407,2.166,1589.1,1.3896,0.4139,4.7,0,3,0.9284,0.2771,26.663,58.614,31.951,1.9259,0.432,0
AGB-01,2580.0,94.15,2.1466,0.3689,1.007,1761.9,1.3561,0.4124,3.67,0,3,0.8463,0.3067,26.673,58.637,31.963,1.8779,0.446,0
AGB-01,2581.0,94.59,2.1843,0.3978,1.268,1552.1,1.3629,0.4049,3.82,0,3,0.8349,0.2984,26.684,58.659,31.976,1.8874,0.4282,0
AGB-01,2582.0,92.57,2.2211,0.3558,1.341,1592.4,1.3892,0.409,3.53,0,3,0.8489,0.2902,26.694,58.682,31.988,1.9246,0.4323,0
AGB-01,2583.0,96.63,2.1683,0.3968,2.064,1450.0,1.3422,0.3734,2.99,0,3,0.8867,0.3094,26.704,58.705,32.001,1.8575,0.416,0
AGB-01,2584.0,94.38,2.1292,0.3945,1.28,1450.0,1.3189,0.3755,2.54,0,3,0.8634,0.3247,26.715,58.728,32.013,1.824,0.416,0
AGB-01,2585.0,92.33,2.1483,0.3895,1.836,1450.0,1.3305,0.3827,3.84,0,3,0.9055,0.3128,26.725,58.75,32.025,1.8404,0.416,0
AGB-01,2586.0,97.9,2.1695,0.3824,1.159,1534.4,1.3529,0.4008,3.33,0,3,0.8642,0.3112,26.735,58.773,32.038,1.872,0.4263,0
AGB-01,2587.0,89.27,2.2128,0.3554,1.777,1941.9,1.7927,0.4081,3.85,0,3,0.7864,0.2832,26.746,58.796,32.05,2.5032,0.442,0
AGB-01,2588.0,102.23,2.1807,0.3906,2.178,1450.0,1.3505,0.3756,3.34,0,3,0.9195,0.3095,26.756,58.819,32.062,1.8681,0.416,0
AGB-01,2589.0,43.34,2.262,0.2431,0.707,3484.7,11.1784,0.2456,8.45,0,1,0.1943,0.2363,26.766,58.841,32.075,21.7263,0.2752,0
AGB-01,2590.0,40.1,2.3146,0.2382,1.247,3725.7,12.2261,0.2356,8.57,0,1,0.1371,0.2226,26.777,58.864,32.087,26.0685,0.2635,0
AGB-01,2591.0,56.82,2.3082,0.2361,0.818,3161.1,9.686,0.2829,7.68,0,1,0.3342,0.2335,26.787,58.887,32.1,17.2412,0.2978,0
AGB-01,2592.0,72.58,2.2266,0.2968,0.938,2404.7,5.1204,0.3408,5.94,0,2,0.565,0.2629,26.797,58.909,32.112,7.7387,0.3579,0
AGB-01,2593.0,66.46,2.2555,0.3029,0.905,2611.0,6.2354,0.325,5.77,0,2,0.5122,0.2551,26.808,58.932,32.124,9.73,0.3464,0
AGB-01,2594.0,77.73,2.2639,0.2978,1.018,2541.6,5.2079,0.3329,6.21,0,2,0.6093,0.2473,26.818,58.955,32.137,7.8874,0.3784,0
AGB-01,2595.0,68.46,2.2188,0.3031,1.135,2545.4,5.4936,0.3321,4.88,0,2,0.5377,0.2638,26.828,58.978,32.149,8.3852,0.364,0
AGB-01,2596.0,76.45,2.2009,0.3168,1.923,2248.3,3.7191,0.3825,4.29,0,2,0.6383,0.2748,26.839,59.0,32.162,5.4183,0.3942,0
AGB-01,2597.0,74.53,2.204,0.3463,0.905,2229.0,3.9904,0.3369,4.37,0,2,0.5916,0.2842,26.849,59.023,32.174,5.8514,0.38,0
AGB-01,2598.0,71.26,2.2669,0.2885,0.839,2597.1,6.315,0.3358,6.07,0,2,0.5122,0.2535,26.859,59.046,32.186,9.8693,0.3416,0
AGB-01,2599.0,66.37,2.2146,0.3267,0.72,2310.3,4.8726,0.3219,4.78,0,2,0.5387,0.2786,26.87,59.069,32.199,7.3068,0.3518,0
AGB-01,2600.0,69.17,2.2799,0.2948,0.851,2757.4,6.9726,0.3137,5.71,0,2,0.4954,0.2445,26.88,59.091,32.211,11.1229,0.3431,0
AGB-01,2601.0,69.2,2.2616,0.3071,0.613,2489.9,5.1752,0.3361,6.19,0,2,0.5883,0.2558,26.89,59.114,32.224,7.8219,0.3725,0
AGB-01,2602.0,64.04,2.2583,0.2796,0.496,2745.4,7.1347,0.2931,7.11,0,2,0.4743,0.2461,26.901,59.137,32.236,11.4387,0.3312,0
AGB-01,2603.0,66.23,2.2604,0.3124,0.647,2684.3,6.8253,0.3048,5.93,0,2,0.4908,0.2479,26.911,59.159,32.248,10.8302,0.334,0
AGB-01,2604.0,68.14,2.2084,0.3223,0.66,2422.7,4.7105,0.3546,4.63,0,2,0.5556,0.2784,26.921,59.182,32.261,7.0285,0.3775,0
AGB-01,2605.0,75.21,2.2384,0.3066,1.037,2399.2,5.0275,0.3328,5.12,0,2,0.5872,0.2582,26.932,59.205,32.273,7.5639,0.3627,0
AGB-01,2606.0,60.78,2.2224,0.3065,0.42,2512.6,5.6215,0.3371,5.42,0,2,0.5057,0.2725,26.942,59.228,32.285,8.5968,0.3538,0
AGB-01,2607.0,32.7,2.3221,0.1923,1.354,3830.3,12.879,0.1885,12.96,0,0,0.087,0.2017,26.952,59.25,32.298,30.011,0.2161,0
AGB-01,2608.0,30.82,2.2986,0.2028,1.309,3832.6,12.6826,0.2141,11.14,0,0,0.1062,0.2095,26.963,59.273,32.31,28.4855,0.2432,0
AGB-01,2609.0,33.96,2.2979,0.2069,1.151,3840.1,12.5232,0.2501,12.56,0,0,0.1138,0.2189,26.973,59.296,32.323,27.458,0.2642,0
AGB-01,2610.0,31.16,2.3094,0.1915,0.637,3796.7,12.6655,0.2203,9.14,1,0,0.0994,0.2134,26.984,59.319,32.335,28.3437,0.2379,0
AGB-01,2611.0,30.37,2.3515,0.1909,1.483,4119.5,13.181,0.2291,14.1,0,0,0.0484,0.1915,26.994,59.341,32.347,34.1681,0.2346,0
AGB-01,2612.0,34.65,2.2858,0.2088,0.807,3733.2,12.473,0.2148,11.85,0,0,0.0988,0.2214,27.004,59.364,32.36,27.1324,0.2377,0
AGB-01,2613.0,37.16,2.3126,0.2297,0.763,3750.2,12.5467,0.2201,10.79,0,0,0.1149,0.2149,27.015,59.387,32.372,27.5568,0.2408,0
AGB-01,2614.0,28.14,2.3261,0.206,1.342,3941.6,12.9845,0.2092,12.52,0,0,0.078,0.2027,27.025,59.409,32.385,30.8875,0.2357,0
AGB-01,2615.0,32.36,2.311,0.191,1.274,3995.3,13.1134,0.1867,11.26,0,0,0.0449,0.1974,27.035,59.432,32.397,32.4941,0.2161,0
AGB-01,2616.0,29.65,2.266,0.2006,0.925,3841.1,12.7178,0.2152,9.87,0,0,0.067,0.2186,27.046,59.455,32.409,28.6352,0.2344,0
AGB-01,2617.0,64.4,2.2769,0.2884,0.954,2702.0,6.8236,0.3202,6.62,0,2,0.5104,0.2424,27.056,59.478,32.422,10.8078,0.3398,0
AGB-01,2618.0,68.32,2.2173,0.2833,0.953,2513.3,5.65,0.3204,6.02,0,2,0.5469,0.2558,27.066,59.5,32.434,8.6365,0.3523,0
AGB-01,2619.0,66.85,2.3224,0.2605,0.902,3016.2,8.312,0.3132,9.16,0,2,0.4781,0.2208,27.077,59.523,32.447,13.8696,0.3374,0
AGB-01,2620.0,76.1,2.2738,0.3042,0.697,2346.3,5.1126,0.3308,4.87,0,2,0.578,0.2608,27.087,59.546,32.459,7.6982,0.3529,0
AGB-01,2621.0,74.2,2.2111,0.3271,0.868,2566.6,4.7534,0.3673,5.46,0,2,0.5686,0.2741,27.097,59.569,32.471,7.0887,0.3943,0
AGB-01,2622.0,67.49,2.2798,0.2862,1.213,2797.9,6.8649,0.3346,8.12,0,2,0.5484,0.2286,27.108,59.591,32.484,10.8841,0.3548,0
AGB-01,2623.0,66.73,2.2425,0.297,0.637,2487.5,5.9713,0.3139,5.1,0,2,0.5038,0.2639,27.118,59.614,32.496,9.2104,0.3345,0
AGB-01,2624.0,72.96,2.1991,0.3295,0.592,2215.7,4.5861,0.3304,5.15,0,2,0.5308,0.2888,27.128,59.637,32.508,6.8087,0.3472,0
AGB-01,2625.0,71.39,2.2442,0.2949,1.192,2551.6,6.0127,0.3169,6.09,0,2,0.5281,0.2547,27.139,59.659,32.521,9.2851,0.3454,0
AGB-01,2626.0,77.44,2.2694,0.3185,1.163,2177.2,4.1738,0.3528,4.71,0,2,0.6632,0.2542,27.149,59.682,32.533,6.132,0.3685,0
AGB-01,2627.0,67.26,2.2794,0.2651,0.734,2940.6,7.6352,0.3219,10.02,1,2,0.4774,0.2363,27.159,59.705,32.546,12.4229,0.3474,0
AGB-01,2628.0,74.53,2.2306,0.3214,0.935,2335.4,4.4471,0.3478,5.72,0,2,0.6069,0.2673,27.17,59.728,32.558,6.5788,0.3779,0
AGB-01,2629.0,72.69,2.2462,0.3306,0.947,2533.4,4.965,0.3616,5.81,0,2,0.6064,0.2552,27.18,59.75,32.57,7.4451,0.3855,0
AGB-01,2630.0,99.15,2.1954,0.3935,1.864,1683.1,1.3868,0.4029,4.02,0,3,0.8768,0.2902,27.19,59.773,32.583,1.913,0.4402,0
AGB-01,2631.0,93.3,2.2042,0.3786,2.054,1640.0,1.3888,0.4002,5.47,0,3,0.8701,0.2857,27.201,59.796,32.595,1.9158,0.4366,0
AGB-01,2632.0,95.46,2.2074,0.3679,1.29,1668.9,1.393,0.3939,3.53,0,3,0.8763,0.2874,27.211,59.819,32.608,1.9218,0.4391,0
AGB-01,2633.0,94.29,2.2037,0.3528,1.409,1516.3,1.3768,0.3881,4.09,0,3,0.8794,0.2855,27.221,59.841,32.62,1.8989,0.4242,0
AGB-01,2634.0,99.49,2.1941,0.3892,1.07,1819.3,1.3948,0.4067,4.07,0,3,0.833,0.2988,27.232,59.864,32.632,1.9244,0.4497,0
AGB-01,2635.0,95.66,2.1849,0.3761,1.326,1801.1,1.4882,0.4009,4.56,0,3,0.8236,0.2807,27.242,59.887,32.645,2.0573,0.4441,0
AGB-01,2636.0,90.98,2.2102,0.3718,1.87,1551.5,1.3843,0.3965,3.34,0,3,0.8788,0.2993,27.252,59.909,32.657,1.9097,0.4281,0
AGB-01,2637.0,87.07,2.2241,0.3816,0.955,1866.8,1.4158,0.42,3.99,0,3,0.811,0.2905,27.263,59.932,32.67,1.9544,0.45,0
AGB-01,2638.0,101.71,2.1872,0.4003,1.382,1513.7,1.3663,0.3866,3.42,0,3,0.8986,0.3084,27.273,59.955,32.682,1.8842,0.4239,0
AGB-01,2639.0,94.77,2.183,0.3851,1.323,1585.3,1.3708,0.4013,4.08,0,3,0.8649,0.3019,27.283,59.978,32.694,1.8907,0.4316,0
AGB-01,2640.0,93.91,2.1962,0.3805,1.5,1660.3,1.3851,0.3978,4.58,0,3,0.8245,0.2893,27.294,60.0,32.707,1.9112,0.4384,0
AGB-01,2641.0,97.0,2.1948,0.3958,1.671,1479.9,1.3668,0.4114,3.35,0,3,0.9063,0.3003,27.304,60.023,32.719,1.8854,0.4199,0
AGB-01,2642.0,90.02,2.1989,0.374,1.343,1678.8,1.388,0.3756,4.57,0,3,0.8658,0.2815,27.314,60.046,32.731,1.9156,0.4399,0
AGB-01,2643.0,91.09,2.2088,0.3734,1.068,1710.7,1.3963,0.415,4.03,0,3,0.82,0.2918,27.325,60.069,32.744,1.9275,0.4424,0
AGB-01,2644.0,95.7,2.1543,0.4004,2.165,1492.7,1.3434,0.3865,3.51,0,3,0.8638,0.3056,27.335,60.091,32.756,1.8526,0.4215,0
AGB-01,2645.0,91.07,2.2248,0.3727,1.682,1773.1,1.4101,0.42,4.86,0,3,0.8542,0.2792,27.345,60.114,32.769,1.9473,0.4468,0
AGB-01,2646.0,96.5,2.1914,0.3648,1.613,1761.5,1.3887,0.4142,4.79,0,3,0.8669,0.2797,27.356,60.137,32.781,1.9171,0.446,0
AGB-01,2647.0,92.48,2.1897,0.3655,1.808,1832.8,1.3918,0.42,4.52,0,3,0.8766,0.28,27.366,60.159,32.793,1.9216,0.45,0
AGB-01,2648.0,94.51,2.1976,0.3495,0.866,1673.0,1.6698,0.3873,4.38,0,3,0.7815,0.2891,27.376,60.182,32.806,2.3191,0.4237,0
AGB-01,2649.0,92.5,2.1888,0.3799,1.465,1757.0,1.3864,0.4122,4.77,0,3,0.8478,0.293,27.387,60.205,32.818,1.9144,0.4457,0
AGB-01,2650.0,91.62,2.1846,0.3742,1.134,1666.2,1.6336,0.3928,4.62,0,3,0.7686,0.2952,27.397,60.228,32.831,2.2675,0.4245,0
AGB-01,2651.0,88.78,2.1512,0.4118,1.078,1497.1,1.3413,0.3879,2.92,0,3,0.8385,0.3163,27.407,60.25,32.843,1.8507,0.422,0
AGB-01,2652.0,90.85,2.1755,0.382,0.903,1828.6,1.429,0.4094,4.32,0,3,0.7905,0.2958,27.418,60.273,32.855,1.9755,0.4483,0
AGB-01,2653.0,95.51,2.2241,0.3649,1.466,1798.9,1.4103,0.4159,4.77,0,3,0.8531,0.2763,27.428,60.296,32.868,1.949,0.4484,0
AGB-01,2654.0,72.75,2.2365,0.3122,0.704,2574.0,5.717,0.3356,5.41,0,2,0.545,0.2569,27.438,60.319,32.88,8.77,0.3611,0
AGB-01,2655.0,72.78,2.2285,0.3158,0.634,2627.3,5.7247,0.3568,6.3,0,2,0.5212,0.266,27.449,60.341,32.893,8.785,0.3681,0
AGB-01,2656.0,78.99,2.2371,0.3271,1.088,2343.9,4.6077,0.3399,4.9,0,2,0.6109,0.2614,27.459,60.364,32.905,6.859,0.3724,0
AGB-01,2657.0,71.34,2.2745,0.2916,0.907,2720.4,6.9147,0.3006,6.17,0,2,0.5348,0.2307,27.469,60.387,32.917,11.0081,0.3383,0
AGB-01,2658.0,74.88,2.2333,0.2836,0.802,2463.1,5.1299,0.3218,6.11,0,2,0.6125,0.2464,27.48,60.409,32.93,7.7452,0.3679,0
AGB-01,2659.0,71.26,2.211,0.3254,0.604,2448.2,4.5622,0.3485,4.59,0,2,0.5736,0.2768,27.49,60.432,32.942,6.7859,0.3868,0
AGB-01,2660.0,73.24,2.302,0.2647,1.037,2619.7,6.3784,0.3219,7.14,0,2,0.5613,0.2363,27.5,60.455,32.954,9.988,0.3466,0
AGB-01,2661.0,69.16,2.2286,0.3128,0.702,2480.0,5.8493,0.3106,5.27,0,2,0.5047,0.2662,27.511,60.478,32.967,9.0166,0.3368,0
AGB-01,2662.0,30.69,2.2875,0.2215,1.39,3729.8,12.4083,0.2208,9.55,0,0,0.1442,0.2071,27.521,60.5,32.979,26.9649,0.2407,0
AGB-01,2663.0,21.07,2.3304,0.1811,0.794,4162.5,13.1488,0.1915,14.11,0,0,0.02,0.1947,27.531,60.523,32.992,34.894,0.2288,0
AGB-01,2664.0,27.25,2.2854,0.2146,0.524,3763.0,12.6757,0.1971,10.61,0,0,0.0389,0.2276,27.542,60.546,33.004,28.6812,0.2117,0
AGB-01,2665.0,26.41,2.2889,0.2039,1.435,3953.0,13.0117,0.2028,13.02,0,0,0.0407,0.2014,27.552,60.569,33.016,31.8248,0.2088,0
AGB-01,2666.0,33.93,2.3259,0.2024,0.796,4063.5,13.0649,0.2218,10.67,0,0,0.0569,0.1986,27.562,60.591,33.029,32.6828,0.2382,0
AGB-01,2667.0,41.05,2.3045,0.2109,1.014,3776.8,12.5692,0.2103,10.85,0,0,0.141,0.2008,27.573,60.614,33.041,28.0132,0.2374,0
AGB-01,2668.0,32.98,2.3436,0.1942,1.724,3931.9,12.9822,0.1889,15.15,0,0,0.0869,0.1947,27.583,60.637,33.054,31.5588,0.2237,0
AGB-01,2669.0,21.01,2.3262,0.1818,1.271,4138.0,13.105,0.222,11.67,0,0,0.02,0.2051,27.593,60.659,33.066,33.778,0.2403,0
AGB-01,2670.0,28.83,2.3267,0.181,0.963,4074.3,12.9585,0.255,12.36,0,0,0.0741,0.2073,27.604,60.682,33.078,31.3389,0.2635,0
AGB-01,2671.0,35.27,2.2853,0.2222,1.5,3880.0,12.5941,0.2427,8.52,0,0,0.1009,0.2162,27.614,60.705,33.091,28.2454,0.2578,0
AGB-01,2672.0,33.69,2.3154,0.1883,2.14,3874.5,12.7392,0.2198,12.66,0,0,0.1177,0.2015,27.624,60.728,33.103,29.3155,0.2434,0
AGB-01,2673.0,31.58,2.3562,0.1867,0.954,3769.3,12.6599,0.2109,13.37,0,0,0.1505,0.1956,27.635,60.75,33.116,28.7407,0.2329,0
AGB-01,2674.0,25.85,2.3048,0.2055,1.424,3786.1,12.6642,0.2012,10.44,0,0,0.0734,0.218,27.645,60.773,33.128,28.7912,0.2234,0
AGB-01,2675.0,38.32,2.3202,0.1829,2.121,3720.7,12.467,0.2202,11.4,0,0,0.1729,0.1939,27.656,60.796,33.14,27.5037,0.2345,0
AGB-01,2676.0,28.81,2.3037,0.1577,1.091,3934.6,12.9237,0.2054,16.15,0,0,0.0701,0.2001,27.666,60.819,33.153,31.1404,0.2221,0
AGB-01,2677.0,27.64,2.3406,0.1837,2.431,3947.6,12.9729,0.1857,12.51,0,0,0.077,0.1967,27.676,60.841,33.165,31.7753,0.2237,0
AGB-01,2678.0,26.84,2.3185,0.2106,0.95,3931.9,12.8062,0.232,11.27,0,0,0.0802,0.2116,27.687,60.864,33.177,30.0117,0.2474,0
AGB-01,2679.0,28.52,2.2825,0.2298,0.766,3900.3,12.6265,0.2378,9.45,0,0,0.0798,0.221,27.697,60.887,33.19,28.6073,0.256,0
AGB-01,2680.0,36.9,2.3146,0.1922,1.258,3908.8,12.7882,0.2127,14.11,0,0,0.129,0.1924,27.707,60.909,33.202,29.892,0.2421,0
AGB-01,2681.0,30.08,2.3177,0.2032,1.573,3929.6,12.8234,0.222,12.28,0,0,0.0989,0.2017,27.718,60.932,33.215,30.2308,0.2425,0
AGB-01,2682.0,27.88,2.3531,0.2053,0.812,3993.3,12.8976,0.2269,13.56,0,0,0.1085,0.1979,27.728,60.955,33.227,31.0052,0.2545,0
AGB-01,2683.0,29.63,2.3473,0.1753,1.402,4062.3,13.0796,0.1803,14.14,0,0,0.02,0.1976,27.738,60.978,33.239,34.3333,0.2117,0
AGB-01,2684.0,26.62,2.2671,0.2379,0.91,3614.9,12.2414,0.172,9.76,0,0,0.0852,0.2279,27.749,61.0,33.252,26.3295,0.2097,0
AGB-01,2685.0,28.76,2.32,0.2006,0.884,3872.4,12.7494,0.2047,13.54,0,0,0.0881,0.2099,27.759,61.023,33.264,29.6437,0.2375,0
AGB-01,2686.0,34.26,2.2947,0.1895,1.383,3790.3,12.6061,0.1971,13.86,0,0,0.1275,0.199,27.769,61.046,33.277,28.5561,0.2273,0
AGB-01,2687.0,29.26,2.3216,0.2034,2.179,3888.5,12.8587,0.2147,11.57,0,0,0.0727,0.2046,27.78,61.069,33.289,30.6866,0.2213,0
AGB-01,2688.0,30.19,2.3213,0.1772,0.999,3974.9,12.8866,0.2324,12.19,0,0,0.0876,0.2005,27.79,61.091,33.301,30.9984,0.2422,0
AGB-01,2689.0,35.72,2.3118,0.2015,0.726,3890.5,12.6535,0.2372,10.73,0,0,0.0965,0.2148,27.8,61.114,33.314,28.9236,0.2543,0
AGB-01,2690.0,28.29,2.2957,0.2,1.651,3838.8,12.7488,0.1848,12.44,1,0,0.081,0.2062,27.811,61.137,33.326,29.6868,0.2188,0
AGB-01,2691.0,30.58,2.3201,0.1916,1.818,4025.1,12.8125,0.2339,13.19,0,0,0.1071,0.2034,27.821,61.159,33.339,30.2635,0.2672,0
AGB-01,2692.0,32.23,2.3407,0.192,1.418,3846.8,12.8299,0.1865,16.28,0,0,0.1039,0.196,27.831,61.182,33.351,30.4342,0.2178,0
AGB-01,2693.0,25.81,2.343,0.1931,0.892,3945.0,12.933,0.2043,15.94,0,0,0.0806,0.1981,27.842,61.205,33.363,31.5856,0.2273,0
AGB-01,2694.0,30.77,2.3195,0.2133,0.883,3782.3,12.6547,0.1883,13.45,0,0,0.1061,0.2059,27.852,61.228,33.376,28.9475,0.2227,0
AGB-01,2695.0,44.5,2.3318,0.2089,1.574,3817.3,12.5274,0.2378,11.84,0,0,0.1514,0.2029,27.862,61.25,33.388,28.0558,0.2548,0
AGB-01,2696.0,23.67,2.3333,0.1626,1.134,4012.3,13.0602,0.1629,16.18,0,0,0.0243,0.1938,27.873,61.273,33.4,33.9957,0.1954,0
AGB-01,2697.0,22.43,2.2933,0.181,1.274,3936.4,12.9491,0.1774,10.99,0,0,0.02,0.2101,27.883,61.296,33.413,31.7839,0.2049,0
AGB-01,2698.0,26.88,2.3122,0.1956,0.855,4052.2,13.0352,0.1978,15.03,0,0,0.0321,0.1994,27.893,61.319,33.425,33.246,0.2202,0
AGB-01,2699.0,28.5,2.3328,0.1796,1.16,3974.5,13.0278,0.1887,14.86,0,0,0.0492,0.1929,27.904,61.341,33.438,33.0544,0.2027,0
AGB-01,2700.0,32.15,2.3275,0.228,1.048,3785.9,12.5311,0.2083,13.35,0,0,0.1202,0.2128,27.914,61.364,33.45,28.0542,0.245,0
AGB-01,2701.0,30.43,2.3392,0.1775,1.646,4003.8,13.0088,0.2044,11.93,1,0,0.0536,0.1997,27.924,61.387,33.462,32.6246,0.2245,0
AGB-01,2702.0,31.55,2.3045,0.2156,0.732,3903.1,12.5822,0.257,11.38,0,0,0.1099,0.2157,27.935,61.409,33.475,28.3764,0.2654,0
AGB-01,2703.0,38.92,2.2753,0.2313,1.175,3822.6,11.9884,0.2618,9.87,1,0,0.1564,0.2275,27.945,61.432,33.487,25.0711,0.2945,0
AGB-01,2704.0,32.77,2.3295,0.1746,1.4,3881.2,12.8767,0.1956,14.03,0,0,0.0919,0.197,27.955,61.455,33.5,30.7937,0.2187,0
AGB-01,2705.0,27.16,2.3193,0.2047,1.119,3960.6,12.8225,0.223,10.48,0,0,0.08,0.2114,27.966,61.478,33.512,30.2304,0.2515,0
AGB-01,2706.0,42.5,2.3292,0.2231,1.419,3609.8,11.7218,0.2441,11.07,0,0,0.2364,0.2092,27.976,61.5,33.524,23.8745,0.2776,0
AGB-01,2707.0,29.13,2.3681,0.1429,1.57,4160.6,13.0895,0.188,14.96,0,0,0.0299,0.1822,27.986,61.523,33.537,36.3178,0.212,0
AGB-01,2708.0,33.01,2.3592,0.1837,1.263,3874.8,12.9452,0.1743,11.53,0,0,0.0838,0.1965,27.997,61.546,33.549,31.4514,0.2103,0
AGB-01,2709.0,28.44,2.3177,0.2089,1.325,3938.8,12.9267,0.2086,10.96,0,0,0.065,0.2046,28.007,61.569,33.562,31.1985,0.2263,0
AGB-01,2710.0,26.14,2.3258,0.1664,1.126,4060.5,13.0976,0.1698,15.67,0,0,0.02,0.195,28.017,61.591,33.574,34.2686,0.2056,0
AGB-01,2711.0,32.19,2.2836,0.2308,1.312,3690.2,12.2623,0.2128,11.94,0,0,0.1334,0.2172,28.028,61.614,33.586,26.337,0.241,0
AGB-01,2712.0,32.57,2.328,0.1902,1.023,4099.7,13.0173,0.2469,13.91,0,0,0.0914,0.1932,28.038,61.637,33.599,32.263,0.2556,0
AGB-01,2713.0,31.52,2.3388,0.1794,1.107,4094.5,13.0832,0.2046,12.92,0,0,0.0533,0.1964,28.048,61.659,33.611,33.4457,0.2368,0
AGB-01,2714.0,22.69,2.346,0.1767,1.239,4090.9,13.1142,0.2132,12.96,0,0,0.0314,0.1961,28.059,61.682,33.623,34.3049,0.2217,0
AGB-01,2715.0,28.02,2.3367,0.1948,1.129,3970.5,12.9929,0.2169,11.4,0,0,0.0797,0.1976,28.069,61.705,33.636,31.7501,0.2305,0
AGB-01,2716.0,27.5,2.3322,0.1836,1.568,4077.6,13.0751,0.211,12.79,0,0,0.0435,0.2031,28.079,61.728,33.648,33.0006,0.2382,0
AGB-01,2717.0,52.18,2.2718,0.2344,1.063,3168.8,9.8222,0.2669,9.15,0,1,0.3111,0.2362,28.09,61.75,33.661,17.6019,0.2856,0
AGB-01,2718.0,40.93,2.2854,0.2046,0.758,3435.0,11.6619,0.2044,10.66,0,1,0.1818,0.2206,28.1,61.773,33.673,23.5044,0.2233,0
AGB-01,2719.0,40.93,2.3119,0.1851,1.634,3660.5,12.0885,0.2431,11.91,1,1,0.2021,0.2054,28.11,61.796,33.685,25.3459,0.2594,0
AGB-01,2720.0,49.56,2.3788,0.2115,0.863,3573.3,12.1664,0.2036,12.74,0,1,0.2308,0.1943,28.121,61.819,33.698,25.7079,0.2414,0
AGB-01,2721.0,52.02,2.3007,0.2407,0.945,3439.7,10.9635,0.2823,9.41,0,1,0.2648,0.2239,28.131,61.841,33.71,20.9485,0.2867,0
AGB-01,2722.0,48.69,2.3748,0.2167,1.002,3577.4,12.026,0.2403,9.38,0,1,0.2213,0.2061,28.141,61.864,33.723,25.0119,0.2565,0
AGB-01,2723.0,57.71,2.3193,0.2509,1.522,3306.4,10.3788,0.2645,10.35,0,1,0.3352,0.2169,28.152,61.887,33.735,19.1215,0.2945,0
AGB-01,2724.0,29.8,2.3628,0.1626,1.283,3971.9,13.0802,0.1978,15.44,0,0,0.1075,0.1823,28.162,61.909,33.747,32.526,0.2225,0
AGB-01,2725.0,29.21,2.347,0.1798,1.781,3989.7,13.0955,0.197,12.86,0,0,0.0577,0.1978,28.172,61.932,33.76,32.7252,0.2199,0
AGB-01,2726.0,28.35,2.3031,0.1876,0.736,3970.7,13.0331,0.1827,11.81,1,0,0.0381,0.2085,28.183,61.955,33.772,31.7449,0.2213,0
AGB-01,2727.0,23.89,2.3178,0.1765,0.788,4173.5,13.178,0.2244,13.71,0,0,0.0233,0.1911,28.193,61.978,33.785,35.1138,0.2247,0
AGB-01,2728.0,26.71,2.362,0.1609,1.942,4071.3,13.1775,0.1787,20.12,0,0,0.02,0.1798,28.203,62.0,33.797,36.1205,0.1784,0
AGB-01,2729.0,33.17,2.3157,0.2162,0.814,3841.0,12.6984,0.2246,10.69,0,0,0.1073,0.213,28.214,62.023,33.809,28.6221,0.2471,0
AGB-01,2730.0,26.13,2.3434,0.187,1.02,3944.8,13.0562,0.1867,12.41,0,0,0.0778,0.1966,28.224,62.046,33.822,31.8764,0.2214,0
AGB-01,2731.0,36.52,2.3044,0.2202,1.154,3566.1,11.9374,0.2218,10.78,0,0,0.1755,0.2204,28.234,62.069,33.834,24.5112,0.248,0
AGB-01,2732.0,29.67,2.3217,0.2061,0.963,3951.3,13.0457,0.202,15.22,0,0,0.0512,0.2063,28.245,62.091,33.846,31.668,0.2217,0
AGB-01,2733.0,25.14,2.3176,0.1819,1.445,3973.3,13.1347,0.1695,14.35,1,0,0.0246,0.2012,28.255,62.114,33.859,32.9824,0.1987,0
AGB-01,2734.0,23.71,2.3488,0.1736,1.23,4097.1,13.2012,0.179,15.22,0,0,0.036,0.1844,28.265,62.137,33.871,35.267,0.2048,0
AGB-01,2735.0,42.97,2.2598,0.2256,1.552,3453.4,11.4271,0.2396,9.8,0,1,0.2245,0.2163,28.276,62.159,33.884,22.4526,0.2501,0
AGB-01,2736.0,45.55,2.3113,0.2424,1.052,3461.5,11.1886,0.2425,10.64,0,1,0.2694,0.2164,28.286,62.182,33.896,21.6014,0.2812,0
AGB-01,2737.0,41.12,2.2964,0.2257,1.007,3549.4,11.7842,0.239,7.29,0,1,0.1928,0.2206,28.297,62.205,33.908,23.8199,0.2563,0
AGB-01,2738.0,57.53,2.2913,0.2307,0.712,3298.4,10.5732,0.259,8.23,0,1,0.2867,0.2262,28.307,62.228,33.921,19.6221,0.2773,0
AGB-01,2739.0,43.35,2.2894,0.2246,0.988,3487.8,11.6679,0.2093,11.3,1,1,0.2199,0.2122,28.317,62.25,33.933,23.3458,0.2468,0
AGB-01,2740.0,40.61,2.2841,0.2307,1.115,3457.2,11.274,0.2506,9.14,0,1,0.2368,0.2222,28.328,62.273,33.946,21.8834,0.2692,0
AGB-01,2741.0,46.55,2.3038,0.2374,1.475,3306.3,10.6966,0.2529,10.21,0,1,0.2967,0.2193,28.338,62.296,33.958,19.9896,0.2737,0
AGB-01,2742.0,39.92,2.3583,0.218,0.765,3733.9,12.3711,0.24,11.32,0,1,0.2085,0.1991,28.348,62.319,33.97,26.5074,0.2666,0
AGB-01,2743.0,34.62,2.3628,0.1981,1.786,3708.8,12.5377,0.2176,12.71,0,1,0.1924,0.194,28.359,62.341,33.983,27.4347,0.2429,0
AGB-01,2744.0,52.7,2.2942,0.2427,1.419,3332.6,10.379,0.2579,6.92,0,1,0.3041,0.2285,28.369,62.364,33.995,19.0371,0.2979,0
AGB-01,2745.0,52.99,2.2658,0.2601,1.26,3305.8,10.5375,0.247,7.56,1,1,0.2645,0.2339,28.379,62.387,34.008,19.5014,0.2771,0
AGB-01,2746.0,49.9,2.3092,0.2346,1.032,3284.0,10.7876,0.2333,9.02,0,1,0.2916,0.2175,28.39,62.409,34.02,20.2642,0.2622,0
AGB-01,2747.0,52.16,2.3022,0.2403,0.683,3361.1,10.8971,0.2543,9.31,0,1,0.2701,0.2238,28.4,62.432,34.032,20.6103,0.2744,0
AGB-01,2748.0,95.02,2.185,0.3943,1.328,1457.2,1.3589,0.3803,3.06,0,3,0.8993,0.3086,28.41,62.455,34.045,1.8731,0.4169,0
AGB-01,2749.0,103.46,2.1834,0.3762,2.079,1555.0,1.3687,0.3869,5.24,0,3,0.9301,0.2908,28.421,62.478,34.057,1.887,0.4285,0
AGB-01,2750.0,91.41,2.2308,0.3592,1.079,1923.9,1.9349,0.4101,5.0,0,3,0.8283,0.2633,28.431,62.5,34.069,2.6995,0.4358,0
AGB-01,2751.0,87.75,2.2442,0.3437,1.155,1858.4,1.8874,0.3954,4.42,0,3,0.7996,0.2763,28.441,62.523,34.082,2.6305,0.4328,0
AGB-01,2752.0,94.74,2.1869,0.3526,1.153,1838.0,1.3916,0.4066,4.01,0,3,0.8587,0.279,28.452,62.546,34.094,1.9196,0.45,0
AGB-01,2753.0,95.08,2.1507,0.3854,1.506,1528.0,1.3459,0.3947,2.64,0,3,0.877,0.3141,28.462,62.569,34.107,1.8549,0.4256,0
AGB-01,2754.0,88.35,2.1903,0.3884,1.436,1746.2,1.6811,0.3954,4.1,0,3,0.7756,0.2917,28.472,62.591,34.119,2.3331,0.4305,0
AGB-01,2755.0,92.43,2.1706,0.3964,1.599,1674.0,1.3708,0.4104,3.43,0,3,0.8901,0.2988,28.483,62.614,34.131,1.8903,0.4395,0
AGB-01,2756.0,98.14,2.2295,0.3604,2.133,1668.8,1.4065,0.42,4.32,0,3,0.9231,0.2749,28.493,62.637,34.144,1.9411,0.4391,0
AGB-01,2757.0,98.6,2.1723,0.3865,1.494,1456.6,1.3507,0.3868,3.66,0,3,0.903,0.3096,28.503,62.659,34.156,1.8621,0.4169,0
AGB-01,2758.0,91.63,2.2145,0.3546,1.295,1822.9,1.4293,0.42,4.37,0,3,0.8464,0.276,28.514,62.682,34.169,1.9738,0.449,0
AGB-01,2759.0,92.47,2.2009,0.3592,1.656,1740.7,1.3938,0.4081,4.02,0,3,0.8387,0.2826,28.524,62.705,34.181,1.9235,0.4445,0
AGB-01,2760.0,96.2,2.2265,0.3698,1.466,1905.3,1.4189,0.42,3.91,0,3,0.8311,0.2847,28.534,62.728,34.193,1.9593,0.45,0
AGB-01,2761.0,94.19,2.1605,0.4071,1.335,1463.7,1.3441,0.3868,3.83,0,3,0.8929,0.3139,28.545,62.75,34.206,1.8532,0.4178,0
AGB-01,2762.0,95.4,2.1257,0.3959,1.902,1450.0,1.3212,0.3629,3.46,0,3,0.8613,0.3228,28.555,62.773,34.218,1.821,0.416,0
AGB-01,2763.0,89.96,2.2151,0.3272,1.028,1746.5,1.7152,0.404,5.03,0,3,0.813,0.2766,28.565,62.796,34.231,2.3836,0.4296,0
AGB-01,2764.0,94.12,2.1912,0.3978,1.842,1669.8,1.3823,0.3945,3.52,0,3,0.8756,0.2961,28.576,62.819,34.243,1.9079,0.4392,0
AGB-01,2765.0,97.06,2.2414,0.3472,1.956,1763.9,1.4196,0.4088,5.45,0,3,0.8786,0.2733,28.586,62.841,34.255,1.9611,0.4462,0
AGB-01,2766.0,80.73,2.2501,0.3431,0.655,1959.0,2.695,0.3891,4.33,0,3,0.7366,0.272,28.596,62.864,34.268,3.827,0.4065,0
AGB-01,2767.0,91.88,2.2239,0.3294,1.681,1935.0,2.0417,0.4057,4.29,0,3,0.7966,0.2713,28.607,62.887,34.28,2.8582,0.4319,0
AGB-01,2768.0,92.87,2.1931,0.3535,1.191,1655.0,1.3818,0.4037,4.46,0,3,0.8529,0.2881,28.617,62.909,34.292,1.9079,0.4379,0
AGB-01,2769.0,99.14,2.1719,0.3894,2.094,1460.1,1.3496,0.3908,3.46,0,3,0.9218,0.2988,28.627,62.932,34.305,1.8624,0.4173,0
AGB-01,2770.0,90.82,2.2491,0.3425,1.923,1751.1,1.7372,0.3999,4.28,0,3,0.8411,0.266,28.638,62.955,34.317,2.4171,0.4302,0
AGB-01,2771.0,90.16,2.182,0.3651,1.665,1537.1,1.3639,0.4102,4.25,0,3,0.8684,0.2988,28.648,62.978,34.33,1.8832,0.4266,0
AGB-01,2772.0,97.02,2.171,0.3863,1.761,1616.0,1.3644,0.4026,4.42,0,3,0.865,0.3038,28.658,63.0,34.342,1.8842,0.4345,0
AGB-01,2773.0,97.85,2.1873,0.3961,0.961,1531.5,1.3663,0.4033,4.31,0,3,0.8536,0.3004,28.669,63.023,34.354,1.887,0.426,0
AGB-01,2774.0,91.07,2.1728,0.3845,1.274,1637.4,1.367,0.3986,3.69,0,3,0.8485,0.2983,28.679,63.046,34.367,1.8883,0.4364,0
AGB-01,2775.0,92.54,2.1624,0.377,1.409,1570.5,1.3546,0.3963,3.89,0,3,0.8667,0.2995,28.689,63.069,34.379,1.8709,0.4301,0
AGB-01,2776.0,90.95,2.2137,0.3778,1.574,1824.4,1.4045,0.4124,3.9,0,3,0.8525,0.2792,28.7,63.091,34.392,1.942,0.45,0
AGB-01,2777.0,88.98,2.2295,0.3666,1.328,1871.1,1.9138,0.4052,4.0,0,3,0.8026,0.2737,28.71,63.114,34.404,2.6751,0.432,0
AGB-01,2778.0,94.08,2.1974,0.3815,1.362,1803.0,1.4482,0.42,4.8,0,3,0.8208,0.2845,28.72,63.137,34.416,2.0048,0.4463,0
AGB-01,2779.0,92.15,2.1789,0.3492,1.078,1769.6,1.3792,0.4191,4.41,0,3,0.8229,0.2927,28.731,63.159,34.429,1.9069,0.4465,0
AGB-01,2780.0,99.17,2.2341,0.375,1.87,1598.3,1.4,0.3981,4.35,0,3,0.9183,0.277,28.741,63.182,34.441,1.9366,0.4328,0
AGB-01,2781.0,98.66,2.2402,0.3515,1.849,1537.9,1.3977,0.3933,4.72,0,3,0.8876,0.2711,28.751,63.205,34.454,1.9336,0.4267,0
AGB-01,2782.0,94.58,2.2195,0.3409,1.202,2130.5,2.1381,0.4135,4.44,0,3,0.8159,0.2608,28.762,63.228,34.466,3.005,0.4423,0
AGB-01,2783.0,93.21,2.2211,0.3563,1.211,1629.4,1.3943,0.3953,4.16,0,3,0.839,0.2855,28.772,63.25,34.478,1.9293,0.4357,0
AGB-01,2784.0,97.0,2.2199,0.3579,1.017,1853.9,1.6675,0.4187,5.48,0,3,0.8262,0.274,28.782,63.273,34.491,2.3208,0.441,0
AGB-01,2785.0,86.87,2.2045,0.3433,1.116,1905.4,2.1446,0.3886,4.46,0,3,0.776,0.2745,28.793,63.296,34.503,3.0158,0.4237,0
AGB-01,2786.0,92.81,2.213,0.3645,0.97,1752.3,1.6725,0.3811,4.87,0,3,0.8133,0.2782,28.803,63.319,34.515,2.3287,0.432,0
AGB-01,2787.0,94.74,2.1938,0.4022,2.406,1762.6,1.3866,0.4162,4.37,0,3,0.8775,0.2934,28.813,63.341,34.528,1.9193,0.4461,0
AGB-01,2788.0,94.33,2.2026,0.3687,1.36,1737.3,1.3902,0.4109,4.62,0,3,0.8525,0.2872,28.824,63.364,34.54,1.9246,0.4443,0
AGB-01,2789.0,100.39,2.1522,0.3865,1.433,1505.1,1.3395,0.3947,3.98,0,3,0.9062,0.3113,28.834,63.387,34.553,1.8528,0.4229,0
AGB-01,2790.0,95.44,2.2179,0.3582,1.673,1836.1,1.513,0.3994,5.82,0,3,0.8488,0.2716,28.844,63.409,34.565,2.1005,0.4462,0
AGB-01,2791.0,101.48,2.2122,0.3863,2.512,1598.1,1.3848,0.3782,3.98,0,3,0.8792,0.2846,28.855,63.432,34.577,1.9177,0.4328,0
AGB-01,2792.0,97.99,2.2062,0.3892,2.31,1598.1,1.381,0.4049,4.15,0,3,0.9007,0.2911,28.865,63.455,34.59,1.9125,0.4328,0
AGB-01,2793.0,94.37,2.2079,0.3684,2.316,1608.0,1.3827,0.3952,5.1,0,3,0.8773,0.2795,28.875,63.478,34.602,1.9152,0.4338,0
AGB-01,2794.0,91.83,2.2074,0.3548,0.905,1805.7,1.4317,0.4035,3.81,0,3,0.8177,0.2866,28.886,63.5,34.615,1.9853,0.4473,0
AGB-01,2795.0,102.03,2.1809,0.3807,2.566,1450.0,1.3496,0.4003,3.64,0,3,0.9083,0.3108,28.896,63.523,34.627,1.8683,0.416,0
AGB-01,2796.0,87.68,2.2543,0.349,1.211,2096.1,2.7054,0.387,5.1,0,3,0.7675,0.2607,28.906,63.546,34.639,3.8572,0.4206,0
AGB-01,2797.0,104.91,2.1417,0.3703,2.359,1544.5,1.3361,0.4031,3.63,0,3,0.9119,0.3021,28.917,63.569,34.652,1.8495,0.4274,0
AGB-01,2798.0,95.3,2.176,0.3921,1.883,1526.2,1.3549,0.3714,3.53,0,3,0.8829,0.2967,28.927,63.591,34.664,1.8765,0.4254,0
AGB-01,2799.0,87.99,2.1702,0.3717,1.076,1677.9,1.3646,0.4126,3.76,0,3,0.8456,0.3059,28.937,63.614,34.677,1.8905,0.4398,0
AGB-01,2800.0,105.13,2.1614,0.4027,2.708,1450.0,1.3372,0.391,3.47,0,3,0.9314,0.3055,28.948,63.637,34.689,1.8516,0.416,0
AGB-01,2801.0,90.91,2.1996,0.3614,0.799,1848.7,1.4099,0.4081,4.18,0,3,0.8188,0.287,28.958,63.659,34.701,1.9553,0.45,0
AGB-01,2802.0,92.11,2.2156,0.3647,1.814,1780.7,1.5278,0.409,4.21,0,3,0.8322,0.2771,28.969,63.682,34.714,2.124,0.4414,0
AGB-01,2803.0,97.83,2.2041,0.4042,1.781,1581.0,1.3769,0.4139,3.76,0,3,0.904,0.2903,28.979,63.705,34.726,1.9084,0.4312,0
AGB-01,2804.0,97.16,2.1918,0.3901,1.217,1684.0,1.3779,0.42,3.37,0,3,0.8946,0.2997,28.989,63.728,34.738,1.9099,0.4403,0
AGB-01,2805.0,94.35,2.2338,0.3259,1.139,1945.3,1.8331,0.3913,4.98,0,3,0.8113,0.2739,29.0,63.75,34.751,2.5654,0.4412,0
AGB-01,2806.0,97.95,2.1647,0.3906,1.807,1450.0,1.3389,0.3791,3.58,0,3,0.8772,0.3107,29.01,63.773,34.763,1.8545,0.416,0
AGB-01,2807.0,91.69,2.1478,0.3887,1.783,1554.9,1.34,0.4049,3.63,0,3,0.8451,0.3129,29.02,63.796,34.776,1.8562,0.4285,0
AGB-01,2808.0,96.71,2.2199,0.3639,1.303,1920.3,1.7395,0.3953,5.07,0,3,0.8307,0.2696,29.031,63.819,34.788,2.4299,0.4427,0
AGB-01,2809.0,100.81,2.1969,0.3884,1.488,1593.1,1.3733,0.4046,4.11,0,3,0.8791,0.2902,29.041,63.841,34.8,1.9038,0.4323,0
AGB-01,2810.0,93.92,2.221,0.3391,1.319,1877.4,1.4362,0.4079,4.33,0,3,0.8637,0.2693,29.051,63.864,34.813,1.9935,0.45,0
AGB-01,2811.0,98.91,2.2488,0.3674,2.097,1743.7,1.4166,0.42,5.03,0,3,0.9011,0.2596,29.062,63.887,34.825,1.9656,0.4448,0
AGB-01,2812.0,99.12,2.2382,0.363,1.639,1800.9,1.4556,0.4029,4.35,0,3,0.8504,0.2739,29.072,63.909,34.838,2.0214,0.4468,0
AGB-01,2813.0,99.34,2.1808,0.3846,1.383,1450.0,1.3484,0.3915,4.03,0,3,0.9113,0.3002,29.082,63.932,34.85,1.8682,0.416,0
AGB-01,2814.0,91.2,2.1974,0.3498,1.323,1957.2,1.6682,0.42,3.75,0,3,0.7815,0.2908,29.093,63.955,34.862,2.3269,0.4472,0
AGB-01,2815.0,97.3,2.1931,0.3677,1.463,1614.9,1.3729,0.4061,5.1,0,3,0.8652,0.2933,29.103,63.978,34.875,1.9032,0.4344,0
AGB-01,2816.0,96.06,2.1424,0.4062,2.03,1512.3,1.3324,0.3808,3.38,0,3,0.8995,0.3035,29.113,64.0,34.887,1.8454,0.4238,0
AGB-01,2817.0,92.19,2.1935,0.4021,1.546,1664.5,1.3772,0.42,4.3,0,3,0.8811,0.2882,29.124,64.023,34.9,1.9093,0.4387,0
AGB-01,2818.0,94.22,2.2141,0.3667,2.149,1782.0,1.5554,0.4015,4.46,0,3,0.8379,0.2738,29.134,64.046,34.912,2.1643,0.4402,0
AGB-01,2819.0,88.22,2.2333,0.3395,1.245,1964.1,2.1298,0.3982,5.7,0,3,0.8143,0.2616,29.144,64.069,34.924,3.0002,0.4307,0
AGB-01,2820.0,93.72,2.1852,0.3749,0.948,1798.0,1.3812,0.3988,4.04,0,3,0.8224,0.2911,29.155,64.091,34.937,1.9149,0.4484,0
AGB-01,2821.0,87.22,2.2274,0.3487,1.359,1940.8,2.0661,0.3972,5.12,0,3,0.7825,0.2759,29.165,64.114,34.949,2.9063,0.4312,0
AGB-01,2822.0,97.22,2.2094,0.3631,1.243,1933.7,1.9336,0.4074,5.16,0,3,0.8208,0.2656,29.175,64.137,34.961,2.7122,0.4354,0
AGB-01,2823.0,93.12,2.2305,0.3488,1.3,1978.1,1.549,0.42,3.92,0,3,0.8395,0.2745,29.186,64.159,34.974,2.155,0.45,0
AGB-01,2824.0,96.37,2.2088,0.3607,1.414,1651.3,1.4994,0.3962,5.16,0,3,0.8432,0.2735,29.196,64.182,34.986,2.0838,0.4313,0
AGB-01,2825.0,93.11,2.2147,0.3492,2.427,1705.7,1.3934,0.4048,4.25,0,3,0.8882,0.2727,29.206,64.205,34.999,1.9321,0.442,0
AGB-01,2826.0,87.78,2.1995,0.3677,1.097,1870.2,1.6698,0.4002,3.91,0,3,0.792,0.2866,29.217,64.228,35.011,2.3288,0.4413,0
AGB-01,2827.0,95.26,2.2247,0.3318,1.756,1825.8,1.5624,0.4039,5.14,0,3,0.8673,0.2627,29.227,64.25,35.023,2.1741,0.4435,0
AGB-01,2828.0,87.8,2.2137,0.3691,0.922,1843.4,1.8869,0.3909,5.63,0,3,0.8331,0.2625,29.237,64.273,35.036,2.6437,0.4299,0
AGB-01,2829.0,101.2,2.2213,0.3885,2.029,1450.0,1.373,0.3905,3.81,0,3,0.9419,0.2947,29.248,64.296,35.048,1.9029,0.416,0
AGB-01,2830.0,98.23,2.1753,0.3811,1.464,1467.2,1.3475,0.3977,4.19,0,3,0.9157,0.2985,29.258,64.319,35.061,1.8665,0.4182,0
AGB-01,2831.0,94.26,2.1871,0.359,1.574,1577.0,1.3662,0.4049,4.21,0,3,0.877,0.2806,29.268,64.341,35.073,1.8931,0.4308,0
AGB-01,2832.0,97.53,2.1468,0.3856,1.354,1673.7,1.3496,0.4099,3.52,0,3,0.8791,0.3136,29.279,64.364,35.085,1.8696,0.4395,0
AGB-01,2833.0,99.51,2.2201,0.3732,1.987,1648.9,1.3925,0.4076,4.36,0,3,0.9056,0.279,29.289,64.387,35.098,1.9307,0.4374,0
AGB-01,2834.0,83.45,2.2102,0.3736,0.897,1913.4,1.9158,0.3939,5.52,0,3,0.7924,0.2772,29.299,64.409,35.11,2.6858,0.4346,0
AGB-01,2835.0,88.0,2.2092,0.3494,1.572,1788.9,1.6862,0.3907,4.98,0,3,0.8093,0.2793,29.31,64.432,35.123,2.3525,0.4344,0
AGB-01,2836.0,92.49,2.1998,0.3555,2.183,1716.5,1.3851,0.42,5.0,0,3,0.9081,0.2746,29.32,64.455,35.135,1.9202,0.4428,0
AGB-01,2837.0,102.85,2.1602,0.3971,1.672,1450.0,1.3362,0.3866,3.89,0,3,0.9216,0.3163,29.33,64.478,35.147,1.8506,0.416,0
AGB-01,2838.0,90.85,2.233,0.3516,1.638,1794.0,1.6117,0.4115,4.75,0,3,0.8381,0.2721,29.341,64.5,35.16,2.2451,0.4391,0
AGB-01,2839.0,89.45,2.242,0.3356,0.85,2180.9,2.7965,0.414,5.08,0,3,0.7542,0.2629,29.351,64.523,35.172,3.9983,0.4242,0
AGB-01,2840.0,86.49,2.1779,0.3545,1.223,1837.2,1.5265,0.4101,4.26,0,3,0.8064,0.2864,29.361,64.546,35.184,2.1228,0.4445,0
AGB-01,2841.0,90.57,2.1373,0.3613,0.958,1601.4,1.3377,0.3796,4.05,0,3,0.8256,0.3013,29.372,64.569,35.197,1.8531,0.4331,0
AGB-01,2842.0,99.48,2.2241,0.3589,1.947,1840.1,1.4073,0.4046,4.98,0,3,0.8912,0.2655,29.382,64.591,35.209,1.9524,0.45,0
AGB-01,2843.0,95.83,2.2067,0.3693,1.258,1598.2,1.3795,0.4018,4.49,0,3,0.8477,0.2854,29.392,64.614,35.222,1.9129,0.4328,0
AGB-01,2844.0,94.43,2.186,0.3867,2.016,1484.7,1.3554,0.3752,3.88,0,3,0.87,0.3037,29.403,64.637,35.234,1.8786,0.4205,0
AGB-01,2845.0,93.26,2.213,0.3452,1.977,1861.9,1.4014,0.411,4.68,0,3,0.8671,0.2782,29.413,64.659,35.246,1.9443,0.45,0
AGB-01,2846.0,44.25,2.2929,0.2161,0.708,3534.8,11.4382,0.2581,11.09,0,1,0.2393,0.2161,29.424,64.682,35.258,22.7948,0.2726,0
AGB-01,2847.0,55.52,2.3223,0.2445,0.981,3327.4,10.5175,0.2572,8.49,0,1,0.3321,0.2142,29.435,64.705,35.27,19.6794,0.2888,0
AGB-01,2848.0,44.6,2.2951,0.2516,1.348,3470.0,10.839,0.2737,10.84,0,1,0.2931,0.2186,29.446,64.728,35.282,20.6965,0.2971,0
AGB-01,2849.0,41.52,2.2991,0.2576,0.75,3480.9,10.9345,0.245,9.44,0,1,0.261,0.2279,29.457,64.75,35.294,21.0158,0.2944,0
AGB-01,2850.0,52.04,2.3252,0.2116,1.357,3406.7,11.3262,0.2381,10.26,0,1,0.2539,0.2137,29.468,64.773,35.305,22.3938,0.2522,0
AGB-01,2851.0,34.34,2.3249,0.2186,0.983,3793.3,12.5864,0.2083,11.49,0,1,0.1534,0.1977,29.479,64.796,35.317,28.5059,0.2375,0
AGB-01,2852.0,44.6,2.3419,0.2107,0.954,3555.1,11.9518,0.2235,12.56,0,1,0.2059,0.2095,29.491,64.819,35.328,24.9765,0.2431,0
AGB-01,2853.0,43.32,2.2982,0.2314,1.052,3546.3,11.6083,0.2265,9.29,0,1,0.2145,0.2183,29.502,64.841,35.339,23.5007,0.2625,0
AGB-01,2854.0,42.21,2.2917,0.181,1.399,3737.3,12.2859,0.2379,14.58,0,1,0.1783,0.2022,29.514,64.864,35.35,26.6799,0.2499,0
AGB-01,2855.0,46.14,2.3201,0.2064,1.209,3682.3,11.8169,0.2509,11.46,0,1,0.2467,0.2036,29.526,64.887,35.361,24.3931,0.2836,0
AGB-01,2856.0,44.75,2.3108,0.2091,0.751,3525.2,11.4324,0.2633,10.57,0,1,0.2559,0.2113,29.537,64.909,35.372,22.8282,0.273,0
AGB-01,2857.0,50.84,2.3416,0.2174,1.444,3254.9,10.9486,0.2439,9.98,0,1,0.2881,0.2118,29.549,64.932,35.383,21.101,0.2385,0
AGB-01,2858.0,46.63,2.2991,0.2054,1.255,3551.4,11.482,0.2344,9.87,0,1,0.2322,0.2176,29.561,64.955,35.394,23.0322,0.2734,0
AGB-01,2859.0,30.47,2.3242,0.1942,1.472,3820.7,12.6286,0.2061,13.6,1,1,0.1507,0.1953,29.573,64.978,35.404,28.9279,0.2371,0
AGB-01,2860.0,44.39,2.3347,0.2235,0.984,3559.1,11.4453,0.2571,11.65,0,1,0.2806,0.205,29.585,65.0,35.415,22.9017,0.2842,0
AGB-01,2861.0,50.86,2.3195,0.2235,0.968,3485.5,11.1774,0.2381,10.68,0,1,0.2926,0.2076,29.597,65.023,35.426,21.9141,0.2824,0
AGB-01,2862.0,48.68,2.339,0.2149,0.798,3473.6,11.6464,0.2228,13.49,0,1,0.2453,0.2055,29.61,65.046,35.436,23.7172,0.2454,0
AGB-01,2863.0,41.73,2.2834,0.2533,0.75,3418.2,11.1891,0.2211,9.73,0,1,0.2435,0.2189,29.622,65.069,35.447,21.9663,0.2563,0
AGB-01,2864.0,47.13,2.2949,0.231,0.922,3287.9,10.7153,0.2321,9.54,0,1,0.2643,0.2271,29.634,65.091,35.457,20.3673,0.2578,0
AGB-01,2865.0,41.21,2.3206,0.2381,1.437,3528.8,11.8448,0.2165,12.26,0,1,0.2372,0.1982,29.647,65.114,35.467,24.5886,0.2383,0
AGB-01,2866.0,47.25,2.291,0.2149,1.237,3480.9,11.2832,0.2634,9.52,0,1,0.2605,0.2116,29.659,65.137,35.477,22.3232,0.2678,0
AGB-01,2867.0,39.29,2.3215,0.2149,0.989,3732.0,12.3345,0.2134,13.63,0,1,0.1524,0.2114,29.672,65.159,35.488,27.0857,0.2472,0
AGB-01,2868.0,40.37,2.3583,0.2066,1.455,3676.3,12.1918,0.2389,11.0,0,1,0.2164,0.1982,29.684,65.182,35.498,26.2949,0.2553,0
AGB-01,2869.0,31.54,2.3166,0.1851,1.169,3884.9,12.8181,0.205,11.49,0,0,0.0752,0.2055,29.697,65.205,35.508,30.7528,0.2171,0
AGB-01,2870.0,27.04,2.3002,0.1708,1.341,4038.6,12.986,0.1729,14.2,0,0,0.0353,0.1988,29.71,65.228,35.518,33.2488,0.2118,0
AGB-01,2871.0,35.87,2.3465,0.1991,1.103,3757.5,12.5532,0.2186,12.46,0,0,0.1719,0.1918,29.723,65.25,35.528,28.5127,0.2314,0
AGB-01,2872.0,22.43,2.3252,0.1971,2.013,4100.3,13.0231,0.1842,15.34,0,0,0.02,0.1946,29.736,65.273,35.538,34.8466,0.2075,0
AGB-01,2873.0,30.51,2.3291,0.1638,1.127,4131.8,13.0054,0.2203,11.24,0,0,0.0579,0.1935,29.748,65.296,35.547,33.9055,0.237,0
AGB-01,2874.0,34.11,2.3678,0.1454,1.616,4040.3,13.0221,0.1716,21.1,0,0,0.0722,0.1758,29.761,65.319,35.557,34.9671,0.1958,0
AGB-01,2875.0,38.63,2.3623,0.1734,0.844,3963.5,12.9179,0.204,16.66,0,0,0.1136,0.1878,29.774,65.341,35.567,32.064,0.229,0
AGB-01,2876.0,31.94,2.3302,0.1701,1.859,4118.4,12.9902,0.2317,16.86,0,0,0.0788,0.1896,29.787,65.364,35.577,33.4775,0.2409,0
AGB-01,2877.0,32.36,2.3461,0.1656,0.992,4257.4,13.0216,0.229,14.92,0,0,0.0716,0.1854,29.801,65.387,35.586,35.067,0.2555,0
AGB-01,2878.0,24.92,2.3503,0.1743,2.242,4253.0,13.0048,0.1996,13.82,0,0,0.02,0.1909,29.814,65.409,35.596,36.4979,0.2329,0
AGB-01,2879.0,31.18,2.368,0.2154,1.075,3807.4,12.7695,0.1937,12.93,0,0,0.0999,0.2043,29.827,65.432,35.605,30.311,0.2144,0
AGB-01,2880.0,25.08,2.2915,0.1977,1.444,3921.3,12.7276,0.2136,13.58,0,0,0.0917,0.2077,29.84,65.455,35.615,29.9142,0.2396,0
AGB-01,2881.0,28.33,2.3755,0.1721,1.462,4221.2,13.0164,0.2191,15.27,0,0,0.0455,0.1883,29.854,65.478,35.624,36.0262,0.2381,0
AGB-01,2882.0,29.09,2.3243,0.1637,1.292,4111.4,13.0161,0.1973,16.06,1,0,0.0479,0.1906,29.867,65.5,35.633,34.341,0.2214,0
AGB-01,2883.0,33.41,2.3372,0.1858,1.802,3986.6,12.9404,0.2069,13.34,0,0,0.0827,0.1937,29.881,65.523,35.643,32.3743,0.2233,0
AGB-01,2884.0,28.74,2.3358,0.1864,1.577,4097.9,12.9972,0.2143,13.78,0,0,0.0397,0.2038,29.894,65.546,35.652,33.5384,0.2354,0
AGB-01,2885.0,38.6,2.3265,0.1784,1.212,3946.3,12.881,0.2087,15.16,0,0,0.1069,0.1906,29.908,65.569,35.661,31.4772,0.2254,0
AGB-01,2886.0,33.52,2.3618,0.1948,1.097,4018.0,12.9545,0.214,15.8,0,0,0.1087,0.1877,29.921,65.591,35.67,32.544,0.2365,0
AGB-01,2887.0,39.94,2.2744,0.2195,0.975,3704.3,12.0859,0.228,11.34,0,0,0.1414,0.2241,29.935,65.614,35.679,25.7385,0.2555,0
AGB-01,2888.0,34.12,2.3345,0.203,0.628,4011.1,12.9027,0.2139,13.27,0,0,0.1076,0.1929,29.949,65.637,35.688,31.6987,0.243,0
AGB-01,2889.0,26.89,2.3159,0.19,1.23,3975.6,12.9435,0.1907,12.06,0,0,0.0615,0.199,29.962,65.659,35.697,32.2669,0.2155,0
AGB-01,2890.0,33.98,2.3196,0.1831,1.097,3856.0,12.7753,0.1992,14.21,0,0,0.1139,0.1958,29.976,65.682,35.706,30.2332,0.2195,0
AGB-01,2891.0,34.19,2.354,0.1881,1.204,4003.7,12.9832,0.2148,13.93,0,0,0.0948,0.1869,29.99,65.705,35.715,32.903,0.223,0
AGB-01,2892.0,33.06,2.3675,0.1965,0.86,3907.8,12.7984,0.2264,14.84,0,0,0.1421,0.1932,30.004,65.728,35.724,30.4158,0.2448,0
AGB-01,2893.0,23.9,2.3061,0.1722,1.128,4133.4,13.0283,0.2078,14.25,0,0,0.02,0.2041,30.018,65.75,35.733,33.9659,0.2304,0
AGB-01,2894.0,31.82,2.3315,0.1752,0.976,4115.4,12.9896,0.2365,14.87,0,0,0.0749,0.1977,30.032,65.773,35.741,32.8917,0.2502,0
AGB-01,2895.0,19.4,2.3415,0.1453,1.563,4231.5,13.0127,0.1704,17.4,0,0,0.02,0.1809,30.046,65.796,35.75,37.1627,0.2116,0
AGB-01,2896.0,46.69,2.292,0.1878,1.123,3712.8,11.9373,0.2318,9.69,1,0,0.2118,0.209,30.06,65.819,35.759,24.9486,0.276,0
AGB-01,2897.0,39.39,2.3102,0.2042,1.039,4101.5,12.8778,0.2389,13.35,0,0,0.1005,0.2026,30.074,65.841,35.767,31.1375,0.2695,0
AGB-01,2898.0,22.35,2.3567,0.1697,1.435,4160.2,13.0408,0.1709,14.9,0,0,0.0359,0.1787,30.088,65.864,35.776,36.5887,0.2026,0
AGB-01,2899.0,33.85,2.3546,0.1913,1.358,3938.6,12.7293,0.2536,11.58,0,0,0.1388,0.2028,30.102,65.887,35.784,29.6428,0.2635,0
AGB-01,2900.0,20.81,2.3542,0.1526,1.41,4140.1,13.0493,0.178,17.54,1,0,0.02,0.184,30.117,65.909,35.793,36.4735,0.1965,0
AGB-01,2901.0,17.76,2.3203,0.1664,1.191,4089.5,13.0636,0.1753,13.89,0,0,0.02,0.1952,30.131,65.932,35.801,34.6939,0.2052,0
AGB-01,2902.0,30.08,2.3253,0.1743,1.603,3968.1,12.9865,0.1983,13.04,0,0,0.0639,0.1968,30.145,65.955,35.81,32.4655,0.2113,0
AGB-01,2903.0,29.14,2.2981,0.1823,1.283,4042.3,13.0325,0.1802,13.87,0,0,0.0365,0.1976,30.16,65.978,35.818,33.3387,0.2104,0
AGB-01,2904.0,32.45,2.2924,0.1896,0.688,3755.3,12.3751,0.2065,12.62,1,0,0.1602,0.2056,30.174,66.0,35.826,27.1224,0.2463,0
AGB-01,2905.0,90.08,2.2388,0.3535,0.98,1660.3,1.404,0.4085,4.53,0,3,0.8634,0.2807,30.189,66.023,35.834,1.9483,0.4384,0
AGB-01,2906.0,92.64,2.1781,0.3803,1.224,1766.1,1.3745,0.4135,3.94,0,3,0.8505,0.2974,30.203,66.046,35.843,1.9059,0.4463,0
AGB-01,2907.0,92.0,2.1917,0.3372,1.484,1916.4,1.6937,0.3959,4.09,0,3,0.7992,0.2831,30.218,66.069,35.851,2.3642,0.4434,0
AGB-01,2908.0,93.14,2.2179,0.3553,4.288,1764.5,1.399,0.42,4.86,0,3,0.8852,0.2718,30.232,66.091,35.859,1.9405,0.4462,0
AGB-01,2909.0,94.36,2.2077,0.3786,1.812,1745.4,1.3917,0.4194,4.72,0,3,0.8775,0.2798,30.247,66.114,35.867,1.9299,0.4449,0
AGB-01,2910.0,94.39,2.1982,0.4058,1.789,1602.0,1.375,0.3982,4.43,0,3,0.8866,0.2944,30.262,66.137,35.875,1.906,0.4332,0
AGB-01,2911.0,88.82,2.2324,0.3773,1.592,1836.2,1.4125,0.4088,4.76,0,3,0.8574,0.2745,30.276,66.159,35.883,1.9593,0.45,0
AGB-01,2912.0,86.91,2.2041,0.3444,1.155,1707.8,1.4495,0.4023,4.4,0,3,0.8358,0.279,30.291,66.182,35.891,2.012,0.439,0
AGB-01,2913.0,92.16,2.2039,0.3612,1.444,1887.0,1.8159,0.3983,4.88,0,3,0.8214,0.2701,30.306,66.205,35.899,2.54,0.4365,0
AGB-01,2914.0,100.83,2.2546,0.3389,1.176,1791.4,1.7826,0.4022,5.94,0,3,0.8236,0.2717,30.321,66.228,35.907,2.4915,0.4316,0
AGB-01,2915.0,91.04,2.2315,0.3309,1.98,1893.4,2.0344,0.4012,5.4,0,3,0.7934,0.2734,30.336,66.25,35.914,2.8587,0.4285,0
AGB-01,2916.0,93.58,2.2421,0.3475,1.992,1836.8,1.4957,0.42,4.09,0,3,0.8699,0.2653,30.351,66.273,35.922,2.0777,0.4476,0
AGB-01,2917.0,91.65,2.2622,0.3475,1.518,1914.2,2.003,0.4119,5.3,0,3,0.8201,0.2653,30.366,66.296,35.93,2.8124,0.4329,0
AGB-01,2918.0,91.8,2.2126,0.3727,1.138,1697.0,1.3921,0.4079,3.53,0,3,0.8594,0.2898,30.381,66.319,35.938,1.9294,0.4413,0
AGB-01,2919.0,86.66,2.2317,0.3438,1.266,2070.3,1.9498,0.4142,5.11,0,3,0.8114,0.2703,30.396,66.341,35.945,2.7343,0.4451,0
AGB-01,2920.0,93.07,2.2455,0.3252,2.998,1747.5,1.7183,0.3935,6.29,0,3,0.8698,0.2561,30.411,66.364,35.953,2.3977,0.4304,0
AGB-01,2921.0,90.54,2.2253,0.3867,1.481,1769.7,1.4791,0.406,4.73,0,3,0.8203,0.2845,30.426,66.387,35.961,2.0536,0.4431,0
AGB-01,2922.0,92.74,2.2036,0.3715,2.013,1616.1,1.3803,0.4095,3.85,0,3,0.8731,0.2845,30.441,66.409,35.968,1.9125,0.4345,0
AGB-01,2923.0,95.27,2.242,0.3724,2.038,1764.0,1.4148,0.405,5.08,0,3,0.8582,0.2745,30.457,66.432,35.976,1.9616,0.4462,0
AGB-01,2924.0,98.27,2.2027,0.371,1.664,1558.2,1.3745,0.3979,3.61,0,3,0.9031,0.293,30.472,66.455,35.983,1.9041,0.4288,0
AGB-01,2925.0,91.46,2.1788,0.3606,2.213,1710.2,1.3725,0.4176,4.71,0,3,0.8438,0.2864,30.487,66.478,35.99,1.9012,0.4423,0
AGB-01,2926.0,95.83,2.1678,0.3891,1.047,1700.1,1.365,0.4155,3.55,0,3,0.8076,0.3085,30.503,66.5,35.998,1.8906,0.4416,0
AGB-01,2927.0,88.19,2.2329,0.3563,1.484,2027.3,2.0397,0.4081,4.28,0,3,0.7953,0.273,30.518,66.523,36.005,2.8656,0.4392,0
AGB-01,2928.0,102.47,2.1898,0.4065,2.234,1521.4,1.363,0.4019,3.74,0,3,0.9298,0.288,30.534,66.546,36.012,1.8877,0.4248,0
AGB-01,2929.0,96.66,2.189,0.3758,1.526,1701.4,1.3781,0.4111,4.54,0,3,0.8661,0.2862,30.549,66.569,36.02,1.9093,0.4417,0
AGB-01,2930.0,98.86,2.2195,0.3653,2.207,1726.1,1.3985,0.4146,3.81,0,3,0.9232,0.2857,30.565,66.591,36.027,1.9383,0.4435,0
AGB-01,2931.0,94.17,2.21,0.3838,1.28,1715.4,1.3919,0.4117,4.55,0,3,0.8429,0.2877,30.58,66.614,36.034,1.929,0.4427,0
AGB-01,2932.0,99.78,2.2193,0.3933,1.795,1582.5,1.3868,0.3879,3.93,0,3,0.9226,0.2912,30.596,66.637,36.041,1.9218,0.4313,0
AGB-01,2933.0,95.33,2.2378,0.3297,1.114,1891.3,2.193,0.3993,5.89,0,3,0.8061,0.2628,30.611,66.659,36.048,3.0917,0.4214,0
AGB-01,2934.0,90.36,2.1603,0.3682,0.954,1559.4,1.3487,0.386,3.58,0,3,0.8663,0.2957,30.627,66.682,36.055,1.8676,0.429,0
AGB-01,2935.0,94.13,2.1405,0.4155,1.27,1483.3,1.3288,0.3985,3.62,0,3,0.8738,0.3106,30.643,66.705,36.062,1.8393,0.4203,0
AGB-01,2936.0,92.21,2.244,0.3529,1.674,2030.1,1.9495,0.3947,5.82,0,3,0.8458,0.2573,30.658,66.728,36.069,2.7341,0.4429,0
AGB-01,2937.0,93.79,2.1902,0.3847,1.861,1528.4,1.3637,0.4034,3.84,0,3,0.8794,0.3033,30.674,66.75,36.076,1.8891,0.4256,0
AGB-01,2938.0,99.72,2.2432,0.3542,1.763,1761.1,1.7056,0.3904,5.22,0,3,0.8641,0.2588,30.69,66.773,36.083,2.3797,0.4322,0
AGB-01,2939.0,89.3,2.2397,0.3505,1.542,1982.5,1.9735,0.4053,5.71,0,3,0.8415,0.2578,30.706,66.796,36.09,2.7694,0.4386,0
AGB-01,2940.0,90.32,2.2446,0.3567,1.294,1931.9,1.8621,0.3948,4.28,0,3,0.8379,0.2634,30.722,66.819,36.097,2.6067,0.4394,0
AGB-01,2941.0,94.1,2.1769,0.3555,1.732,1710.9,1.3711,0.4022,4.63,0,3,0.8828,0.2836,30.738,66.841,36.103,1.8997,0.4424,0
AGB-01,2942.0,101.58,2.1997,0.359,1.943,1670.3,1.382,0.4131,4.31,0,3,0.8804,0.2721,30.754,66.864,36.11,1.9153,0.4392,0
AGB-01,2943.0,93.7,2.231,0.3438,2.13,1890.5,1.7285,0.4058,4.87,0,3,0.8491,0.2638,30.77,66.887,36.117,2.413,0.4414,0
AGB-01,2944.0,99.64,2.2348,0.348,1.87,1688.5,1.4048,0.4033,4.18,0,3,0.8873,0.2689,30.786,66.909,36.124,1.9478,0.4407,0
AGB-01,2945.0,98.65,2.2159,0.371,2.969,1584.7,1.3847,0.3895,4.38,0,3,0.9537,0.2751,30.802,66.932,36.13,1.9191,0.4315,0
AGB-01,2946.0,94.15,2.1817,0.3824,2.528,1647.2,1.3692,0.3926,3.89,0,3,0.8885,0.2855,30.818,66.955,36.137,1.8971,0.4373,0
AGB-01,2947.0,92.78,2.2434,0.3538,1.211,1848.8,2.2243,0.3902,5.78,0,3,0.8193,0.2566,30.834,66.978,36.143,3.1386,0.4155,0
AGB-01,2948.0,84.09,2.2498,0.3388,1.324,1904.0,2.1284,0.3832,5.0,0,3,0.8259,0.2581,30.851,67.0,36.15,2.9969,0.4261,0
AGB-01,2949.0,92.11,2.2232,0.3991,1.205,1709.1,1.3993,0.4053,3.97,0,3,0.8579,0.2903,30.867,67.023,36.156,1.9399,0.4422,0
AGB-01,2950.0,95.34,2.2012,0.3836,1.272,1566.8,1.3741,0.3917,4.32,0,3,0.8663,0.2931,30.883,67.046,36.163,1.904,0.4297,0
AGB-01,2951.0,91.85,2.2534,0.341,1.232,2046.0,2.1122,0.416,6.72,0,3,0.8344,0.2561,30.899,67.069,36.169,2.9728,0.4385,0
AGB-01,2952.0,93.21,2.1831,0.3642,2.425,1648.8,1.3703,0.4171,4.36,0,3,0.9048,0.2857,30.916,67.091,36.176,1.8985,0.4374,0
AGB-01,2953.0,96.71,2.1971,0.3837,1.418,1534.3,1.3686,0.4003,3.59,0,3,0.8703,0.2984,30.932,67.114,36.182,1.8959,0.4263,0
AGB-01,2954.0,85.38,2.2474,0.3596,1.097,2068.2,2.16,0.3975,5.04,0,3,0.7837,0.2738,30.949,67.137,36.188,3.0431,0.4382,0
AGB-01,2955.0,95.34,2.2245,0.3643,2.383,1666.0,1.3971,0.3936,4.61,0,3,0.8806,0.2737,30.965,67.159,36.194,1.9364,0.4388,0
AGB-01,2956.0,88.0,2.2183,0.352,1.2,1742.0,1.5206,0.3981,4.6,0,3,0.8072,0.2876,30.982,67.182,36.201,2.113,0.4388,0
AGB-01,2957.0,93.31,2.1904,0.3826,0.952,1593.6,1.3704,0.4125,4.02,0,3,0.8613,0.2952,30.998,67.205,36.207,1.8982,0.4324,0
AGB-01,2958.0,86.68,2.2247,0.3254,1.266,2098.7,2.4633,0.402,4.41,0,3,0.7579,0.2724,31.015,67.228,36.213,3.4927,0.4287,0
AGB-01,2959.0,89.48,2.262,0.3644,0.908,1897.7,1.9003,0.3936,3.81,0,3,0.8118,0.2725,31.031,67.25,36.219,2.6614,0.4358,0
AGB-01,2960.0,94.61,2.2174,0.331,1.136,1995.8,1.9087,0.4046,5.03,0,3,0.8223,0.2671,31.048,67.273,36.225,2.6736,0.4413,0
AGB-01,2961.0,31.66,2.3428,0.1947,1.812,3931.0,12.9376,0.1978,15.28,0,0,0.0858,0.2036,31.065,67.296,36.231,31.2767,0.229,0
AGB-01,2962.0,28.32,2.3187,0.1722,0.873,4093.8,13.047,0.2237,15.74,0,0,0.0815,0.1935,31.081,67.319,36.237,32.8373,0.2423,0
AGB-01,2963.0,29.43,2.3509,0.1713,1.155,4136.9,13.114,0.1785,15.02,0,0,0.0323,0.1904,31.098,67.341,36.243,35.5257,0.2144,0
AGB-01,2964.0,27.53,2.322,0.156,2.706,4052.2,13.1048,0.1721,13.42,0,0,0.049,0.1868,31.115,67.364,36.249,34.3059,0.2002,0
AGB-01,2965.0,29.56,2.3374,0.1873,1.198,4125.6,13.0435,0.2453,14.04,0,0,0.08,0.2002,31.132,67.387,36.255,32.6807,0.2575,0
AGB-01,2966.0,29.73,2.392,0.1907,0.828,4019.6,13.0987,0.1783,15.75,0,0,0.0849,0.1873,31.149,67.409,36.261,33.9078,0.2189,0
AGB-01,2967.0,32.65,2.3175,0.1942,1.374,4096.6,12.9523,0.2263,14.34,0,0,0.1179,0.1956,31.166,67.432,36.267,31.3194,0.2671,0
AGB-01,2968.0,38.72,2.3554,0.1842,1.552,3861.5,12.9373,0.1673,14.28,0,0,0.1259,0.1873,31.183,67.455,36.272,31.1241,0.2118,0
AGB-01,2969.0,39.27,2.2835,0.1908,1.502,3599.0,12.4198,0.1731,14.36,0,0,0.1429,0.2001,31.2,67.478,36.278,27.1462,0.1833,0
AGB-01,2970.0,36.98,2.3017,0.1833,1.408,3978.4,12.8935,0.2234,10.71,0,0,0.1083,0.1991,31.217,67.5,36.284,30.6096,0.2455,0
AGB-01,2971.0,25.02,2.3471,0.1769,1.455,4090.6,13.1263,0.1878,15.12,0,0,0.0437,0.1935,31.234,67.523,36.29,34.5341,0.2173,0
AGB-01,2972.0,24.79,2.3661,0.1398,1.323,4234.5,13.0758,0.1848,14.97,0,0,0.02,0.1796,31.251,67.546,36.295,37.7749,0.2083,0
AGB-01,2973.0,40.82,2.3331,0.2008,0.855,3768.6,12.4905,0.2346,12.29,0,0,0.1674,0.2053,31.268,67.569,36.301,27.5144,0.2519,0
AGB-01,2974.0,32.2,2.3453,0.1682,1.028,3952.8,13.0827,0.1605,16.54,0,0,0.0831,0.1859,31.285,67.591,36.306,32.9993,0.1995,0
AGB-01,2975.0,26.37,2.3748,0.1837,1.447,4090.5,13.1433,0.2111,16.02,0,0,0.0651,0.185,31.302,67.614,36.312,34.9706,0.2167,0
AGB-01,2976.0,27.57,2.3621,0.1508,0.823,4278.7,13.0978,0.1956,18.23,1,0,0.02,0.1843,31.319,67.637,36.317,37.5672,0.2255,0
AGB-01,2977.0,32.9,2.3035,0.1931,0.96,3890.6,12.8715,0.2055,12.08,0,0,0.0933,0.2045,31.337,67.659,36.323,30.2318,0.2267,0
AGB-01,2978.0,35.87,2.3221,0.2132,1.136,3893.5,12.7928,0.2205,15.44,0,0,0.123,0.2042,31.354,67.682,36.328,29.5323,0.2464,0
AGB-01,2979.0,26.94,2.3484,0.1657,1.323,4147.8,13.1499,0.1896,17.1,0,0,0.0338,0.1822,31.371,67.705,36.334,36.2229,0.203,0
AGB-01,2980.0,35.23,2.3044,0.1899,0.974,3987.0,12.9989,0.2151,16.27,0,0,0.0931,0.196,31.389,67.728,36.339,31.4856,0.2322,0
AGB-01,2981.0,27.58,2.3846,0.1842,1.584,3949.1,13.1381,0.158,15.01,0,0,0.0748,0.1849,31.406,67.75,36.344,33.8669,0.1902,0
AGB-01,2982.0,34.0,2.3252,0.1833,1.195,3991.7,13.006,0.2219,14.6,0,0,0.1293,0.1852,31.423,67.773,36.35,31.5122,0.2385,0
AGB-01,2983.0,27.7,2.3392,0.1869,1.64,4125.0,13.1397,0.2251,13.55,0,0,0.0602,0.1968,31.441,67.796,36.355,33.7584,0.2402,0
AGB-01,2984.0,32.34,2.3652,0.1668,1.506,4195.1,13.1702,0.2162,14.5,0,0,0.0846,0.1809,31.458,67.819,36.36,35.1203,0.2432,0
AGB-01,2985.0,37.3,2.3173,0.2009,1.039,3658.5,12.4823,0.1939,11.25,0,0,0.1709,0.1978,31.476,67.841,36.365,27.3037,0.2165,0
AGB-01,2986.0,35.27,2.334,0.187,1.313,3762.0,12.7415,0.1992,15.51,0,0,0.1467,0.1955,31.494,67.864,36.37,28.985,0.2188,0
AGB-01,2987.0,24.52,2.316,0.1931,1.027,4056.6,13.0981,0.2026,11.16,0,0,0.0559,0.2031,31.511,67.887,36.376,32.6493,0.2342,0
AGB-01,2988.0,25.76,2.3078,0.185,0.953,4014.3,13.161,0.165,16.05,0,0,0.0327,0.1907,31.529,67.909,36.381,34.0282,0.186,0
AGB-01,2989.0,24.14,2.3305,0.1958,1.47,4134.4,13.1475,0.2235,14.98,0,0,0.0748,0.1925,31.547,67.932,36.386,33.5644,0.244,0
AGB-01,2990.0,30.76,2.3459,0.1833,0.833,3851.6,12.9614,0.1921,14.42,0,0,0.098,0.1999,31.564,67.955,36.391,30.8064,0.2126,0
AGB-01,2991.0,24.5,2.3999,0.1458,2.951,4234.3,13.0153,0.1594,23.15,0,0,0.02,0.1659,31.582,67.978,36.396,39.5028,0.1829,0
AGB-01,2992.0,27.17,2.3513,0.1678,1.365,4130.1,13.189,0.1958,11.79,0,0,0.0419,0.1919,31.6,68.0,36.401,35.0595,0.2214,0
AGB-01,2993.0,35.36,2.3136,0.1858,1.151,3810.0,12.8433,0.194,12.95,0,0,0.1071,0.2021,31.618,68.023,36.405,29.6816,0.2137,0
AGB-01,2994.0,27.93,2.3698,0.1789,1.775,4215.6,13.1521,0.169,19.19,0,0,0.0348,0.1771,31.635,68.046,36.41,37.4439,0.2094,0
AGB-01,2995.0,36.22,2.3334,0.1762,1.407,4041.7,13.1545,0.2038,14.55,0,0,0.0809,0.1859,31.653,68.069,36.415,33.4764,0.2181,0
AGB-01,2996.0,33.85,2.3176,0.1924,1.592,4066.1,13.0517,0.2303,14.97,1,0,0.0955,0.1988,31.671,68.091,36.42,31.7285,0.2534,0
AGB-01,2997.0,26.54,2.3169,0.1733,0.841,4029.0,13.1121,0.1944,14.19,0,0,0.0579,0.2016,31.689,68.114,36.425,32.5865,0.2272,0
AGB-01,2998.0,18.31,2.3747,0.1747,1.187,4212.9,13.1523,0.1885,15.66,0,0,0.0319,0.1774,31.707,68.137,36.43,37.5783,0.2073,0
AGB-01,2999.0,28.56,2.3096,0.1975,0.893,3856.0,12.8915,0.1844,11.23,0,0,0.0777,0.2117,31.725,68.159,36.434,30.0321,0.2211,0
AGB-01,3000.0,33.68,2.3289,0.1952,0.959,3986.4,13.0557,0.2144,12.58,0,0,0.095,0.1963,31.743,68.182,36.439,31.7343,0.2337,0
AGB-01,3001.0,34.43,2.3288,0.2001,1.02,3995.7,12.9845,0.2221,11.64,0,0,0.1011,0.2037,31.761,68.205,36.444,30.9068,0.2513,0
AGB-01,3002.0,35.95,2.3124,0.2093,0.883,3951.2,12.7989,0.2448,12.71,0,0,0.1392,0.2026,31.78,68.228,36.448,29.2597,0.2641,0
AGB-01,3003.0,29.11,2.3478,0.1925,0.994,4005.6,13.1672,0.1954,15.8,1,0,0.0634,0.1909,31.798,68.25,36.453,33.6123,0.2067,0
AGB-01,3004.0,37.33,2.3536,0.1862,2.105,3827.0,12.7717,0.2039,13.78,0,0,0.153,0.1992,31.816,68.273,36.457,29.0519,0.2438,0
AGB-01,3005.0,52.97,2.2684,0.2347,0.66,3189.9,9.5743,0.2614,7.44,0,1,0.3557,0.2324,31.834,68.296,36.462,16.87,0.3057,0
AGB-01,3006.0,36.89,2.3316,0.2099,0.976,3901.7,12.6331,0.2364,14.6,0,1,0.1854,0.1979,31.852,68.319,36.466,28.0926,0.275,0
AGB-01,3007.0,78.26,2.2868,0.2712,2.094,2695.4,6.6034,0.3118,7.96,0,2,0.6031,0.2175,31.871,68.341,36.471,10.3899,0.3492,0
AGB-01,3008.0,59.01,2.2985,0.2554,0.866,2820.1,7.5782,0.3061,8.75,0,2,0.5101,0.2283,31.889,68.364,36.475,12.3157,0.3305,0
AGB-01,3009.0,68.9,2.2545,0.2794,0.837,2803.8,7.1036,0.3125,6.51,0,2,0.5131,0.2374,31.907,68.387,36.479,11.3599,0.3433,0
AGB-01,3010.0,73.01,2.324,0.285,1.048,2619.1,6.5328,0.2988,7.13,0,2,0.571,0.2331,31.926,68.409,36.484,10.2575,0.3424,0
AGB-01,3011.0,73.5,2.2472,0.3048,0.817,2618.3,5.6546,0.3437,6.71,0,2,0.5744,0.2518,31.944,68.432,36.488,8.6495,0.3713,0
AGB-01,3012.0,69.06,2.258,0.2876,1.34,2699.2,6.68,0.3111,6.18,0,2,0.5306,0.2413,31.963,68.455,36.492,10.5383,0.3435,0
AGB-01,3013.0,76.69,2.2574,0.3026,0.687,2608.1,5.2279,0.3712,7.31,0,2,0.6255,0.2447,31.981,68.478,36.497,7.903,0.386,0
AGB-01,3014.0,70.34,2.257,0.2831,1.037,2685.7,5.911,0.352,6.76,0,2,0.5732,0.2465,32.0,68.5,36.501,9.1109,0.3719,0
AGB-01,3015.0,65.29,2.2889,0.2669,0.948,2938.5,7.7126,0.3283,7.7,0,2,0.5302,0.2182,32.018,68.523,36.505,12.6005,0.3446,0
AGB-01,3016.0,81.4,2.2369,0.3153,0.93,2265.3,4.1869,0.3462,5.67,0,2,0.6561,0.2586,32.037,68.546,36.509,6.1603,0.3792,0
AGB-01,3017.0,68.02,2.281,0.2738,0.61,2737.7,6.173,0.3255,7.07,0,2,0.5811,0.2383,32.055,68.569,36.513,9.5917,0.3714,0
AGB-01,3018.0,67.68,2.2793,0.2713,1.075,2740.0,6.8582,0.3006,7.8,0,2,0.5647,0.2252,32.074,68.591,36.517,10.8873,0.3451,0
AGB-01,3019.0,67.12,2.2766,0.322,1.126,2644.1,6.2195,0.3407,7.81,0,2,0.5758,0.2374,32.093,68.614,36.521,9.6794,0.3554,0
AGB-01,3020.0,75.25,2.2771,0.3081,0.927,2587.3,5.3983,0.3404,6.3,0,2,0.6125,0.2458,32.112,68.637,36.525,8.2046,0.3787,0
AGB-01,3021.0,57.6,2.2471,0.2847,0.677,2831.5,7.5417,0.317,6.68,0,2,0.4533,0.2473,32.13,68.659,36.529,12.2555,0.3278,0
AGB-01,3022.0,71.45,2.2781,0.2933,0.658,2664.2,6.7271,0.312,6.11,0,2,0.532,0.24,32.149,68.682,36.533,10.6396,0.3368,0
AGB-01,3023.0,67.88,2.3074,0.2761,0.654,2951.1,7.9111,0.3112,8.08,0,2,0.4967,0.2269,32.168,68.705,36.537,13.0309,0.3405,0
AGB-01,3024.0,62.32,2.2692,0.2752,1.234,2881.8,7.8873,0.2885,8.31,0,2,0.4607,0.237,32.187,68.728,36.541,12.9823,0.3242,0
AGB-01,3025.0,68.82,2.2872,0.2826,0.544,2548.1,6.0671,0.3146,6.5,0,2,0.5655,0.2448,32.206,68.75,36.545,9.4059,0.3462,0
AGB-01,3026.0,72.2,2.282,0.3124,1.022,2584.4,5.8655,0.3221,6.74,0,2,0.5841,0.2437,32.225,68.773,36.548,9.0406,0.3606,0
AGB-01,3027.0,77.73,2.3044,0.2811,1.201,2555.4,6.526,0.2908,7.56,0,2,0.5761,0.2284,32.244,68.796,36.552,10.2627,0.3271,0
AGB-01,3028.0,67.86,2.2363,0.302,0.963,2809.3,6.9403,0.3245,5.97,0,2,0.5072,0.2429,32.263,68.819,36.556,11.0612,0.3487,0
AGB-01,3029.0,69.98,2.2355,0.2988,0.95,2522.4,6.0199,0.3109,4.95,0,2,0.5209,0.2593,32.282,68.841,36.56,9.3244,0.3377,0
AGB-01,3030.0,61.29,2.2705,0.2755,0.856,2745.8,6.9362,0.3122,6.68,0,2,0.5083,0.2439,32.301,68.864,36.563,11.056,0.3415,0
AGB-01,3031.0,78.18,2.2424,0.2979,1.615,2457.4,4.9075,0.3475,6.11,0,2,0.6188,0.2538,32.32,68.887,36.567,7.3685,0.3769,0
AGB-01,3032.0,68.2,2.2406,0.2969,0.808,2452.8,5.3246,0.3404,5.5,0,2,0.5896,0.2527,32.339,68.909,36.571,8.0872,0.3583,0
AGB-01,3033.0,70.25,2.2909,0.2886,0.757,2672.2,6.4738,0.342,7.65,0,2,0.5627,0.2364,32.358,68.932,36.574,10.1723,0.3504,0
AGB-01,3034.0,70.65,2.2814,0.3082,0.722,2602.5,6.4443,0.3066,5.97,0,2,0.5395,0.2442,32.377,68.955,36.578,10.118,0.338,0
AGB-01,3035.0,71.78,2.2337,0.3039,1.056,2657.1,5.8687,0.332,5.31,0,2,0.5545,0.2528,32.396,68.978,36.581,9.0568,0.367,0
AGB-01,3036.0,75.26,2.2617,0.3203,1.109,2333.6,4.8532,0.3414,7.04,0,2,0.6126,0.2572,32.416,69.0,36.585,7.281,0.3613,0
AGB-01,3037.0,77.46,2.2572,0.3191,0.539,2385.5,4.8947,0.3215,7.27,0,2,0.6429,0.2448,32.435,69.023,36.588,7.3523,0.3677,0
AGB-01,3038.0,94.49,2.2322,0.3387,1.108,2013.9,2.3491,0.4029,5.04,0,3,0.7803,0.2679,32.454,69.046,36.592,3.3178,0.4263,0
AGB-01,3039.0,89.92,2.1959,0.3648,1.251,1738.1,1.5106,0.4157,4.29,0,3,0.8185,0.2833,32.474,69.069,36.595,2.0958,0.4383,0
AGB-01,3040.0,93.01,2.1954,0.3699,1.655,1641.7,1.3792,0.4084,5.04,0,3,0.8561,0.2847,32.493,69.091,36.598,1.9084,0.4368,0
AGB-01,3041.0,88.43,2.277,0.3139,1.134,2151.4,3.0271,0.3838,6.45,0,3,0.7969,0.2411,32.512,69.114,36.602,4.3426,0.4148,0
AGB-01,3042.0,97.25,2.2135,0.3637,0.896,1965.8,1.6266,0.4129,5.2,0,3,0.8195,0.2792,32.532,69.137,36.605,2.2628,0.4498,0
AGB-01,3043.0,102.04,2.2386,0.3733,1.345,1549.3,1.3967,0.396,4.39,0,3,0.9195,0.2779,32.551,69.159,36.608,1.9338,0.4279,0
AGB-01,3044.0,90.87,2.181,0.3824,1.311,1536.4,1.3603,0.3877,4.47,0,3,0.8584,0.2993,32.571,69.182,36.611,1.8823,0.4265,0
AGB-01,3045.0,98.17,2.2306,0.3618,2.986,1759.5,1.4086,0.42,5.11,0,3,0.9171,0.2652,32.59,69.205,36.614,1.9512,0.4459,0
AGB-01,3046.0,92.21,2.187,0.3769,1.338,1580.6,1.368,0.403,4.66,0,3,0.8528,0.2969,32.61,69.228,36.618,1.8935,0.4311,0
AGB-01,3047.0,100.28,2.1999,0.3883,1.113,1659.1,1.3824,0.4076,3.79,0,3,0.8922,0.285,32.63,69.25,36.621,1.9143,0.4383,0
AGB-01,3048.0,94.56,2.2414,0.3361,0.932,1949.9,2.1842,0.406,6.01,0,3,0.8304,0.2545,32.649,69.273,36.624,3.0768,0.4276,0
AGB-01,3049.0,101.81,2.1729,0.4154,1.964,1477.3,1.3484,0.4018,4.08,0,3,0.9017,0.3083,32.669,69.296,36.627,1.8661,0.4195,0
AGB-01,3050.0,101.59,2.1808,0.3738,1.814,1666.7,1.371,0.4091,4.92,0,3,0.9033,0.2861,32.689,69.319,36.63,1.8985,0.4389,0
AGB-01,3051.0,92.6,2.1747,0.3627,1.44,1784.8,1.3751,0.42,4.68,0,3,0.8448,0.2903,32.708,69.341,36.633,1.9045,0.4475,0
AGB-01,3052.0,94.5,2.2213,0.3503,0.979,1973.3,2.2396,0.3687,5.53,0,3,0.7951,0.2655,32.728,69.364,36.636,3.1598,0.4266,0
AGB-01,3053.0,97.02,2.1924,0.3862,2.018,1584.6,1.3708,0.399,4.58,0,3,0.9225,0.2872,32.748,69.387,36.639,1.8988,0.4315,0
AGB-01,3054.0,91.55,2.1954,0.37,1.39,1827.9,1.3899,0.42,3.47,0,3,0.823,0.2932,32.768,69.409,36.642,1.9262,0.45,0
AGB-01,3055.0,93.54,2.2298,0.3446,2.3,1810.0,1.4099,0.42,6.07,0,3,0.8798,0.2684,32.788,69.432,36.644,1.9549,0.4491,0
AGB-01,3056.0,87.05,2.2032,0.3582,1.548,1813.7,1.889,0.3966,6.09,0,3,0.7897,0.2794,32.808,69.455,36.647,2.6461,0.4266,0
AGB-01,3057.0,90.06,2.24,0.3468,1.332,2111.1,2.3591,0.404,5.46,0,3,0.8077,0.2576,32.828,69.478,36.65,3.3389,0.434,0
AGB-01,3058.0,97.34,2.1933,0.3616,1.809,1779.3,1.3853,0.4013,4.39,0,3,0.8817,0.2836,32.848,69.5,36.653,1.9204,0.4472,0
AGB-01,3059.0,97.89,2.2312,0.3275,1.501,1829.8,1.6772,0.409,4.32,0,3,0.8482,0.2662,32.868,69.523,36.656,2.3396,0.4389,0
AGB-01,3060.0,95.28,2.2169,0.3612,1.636,1830.6,1.7231,0.4072,4.67,0,3,0.8305,0.2707,32.888,69.546,36.658,2.4061,0.4365,0
AGB-01,3061.0,97.26,2.2439,0.3544,1.822,1893.1,1.6043,0.416,4.76,0,3,0.8687,0.2618,32.908,69.569,36.661,2.2349,0.4469,0
AGB-01,3062.0,91.15,2.2461,0.3325,1.348,2065.8,2.5795,0.3926,5.38,0,3,0.7961,0.2545,32.928,69.591,36.664,3.671,0.4222,0
AGB-01,3063.0,87.92,2.2113,0.3658,1.689,1919.1,1.6832,0.4079,5.54,0,3,0.8242,0.2749,32.948,69.614,36.666,2.3493,0.4445,0
AGB-01,3064.0,98.03,2.2011,0.3662,1.524,1634.7,1.3789,0.4116,4.36,0,3,0.8761,0.2765,32.968,69.637,36.669,1.9125,0.4362,0
AGB-01,3065.0,93.18,2.2102,0.3548,1.717,1691.2,1.3886,0.3974,4.14,0,3,0.8487,0.2842,32.988,69.659,36.671,1.9266,0.4409,0
AGB-01,3066.0,98.15,2.1836,0.3636,2.349,1450.0,1.3492,0.3948,3.58,0,3,0.8941,0.2911,33.008,69.682,36.674,1.8706,0.416,0
AGB-01,3067.0,99.08,2.2252,0.3942,1.758,1718.9,1.3995,0.3994,3.53,0,3,0.9152,0.279,33.029,69.705,36.676,1.9426,0.443,0
AGB-01,3068.0,83.27,2.2256,0.3476,1.055,1866.6,1.8408,0.4032,4.99,0,3,0.8221,0.2697,33.049,69.728,36.679,2.5795,0.4344,0
AGB-01,3069.0,89.24,2.256,0.3391,0.929,2151.5,2.6183,0.3894,4.13,1,3,0.7587,0.2682,33.069,69.75,36.681,3.7326,0.4285,0
AGB-01,3070.0,100.29,2.2234,0.3625,1.982,1705.7,1.3969,0.42,4.07,0,3,0.9081,0.2735,33.09,69.773,36.683,1.9397,0.442,0
AGB-01,3071.0,89.15,2.2105,0.3633,1.42,1808.2,1.7214,0.4049,4.2,0,3,0.7935,0.2847,33.11,69.796,36.686,2.4069,0.4343,0
AGB-01,3072.0,99.1,2.188,0.3606,1.598,1674.2,1.3727,0.42,4.76,0,3,0.8847,0.2856,33.13,69.819,36.688,1.9055,0.4395,0
AGB-01,3073.0,25.99,2.3821,0.1472,1.034,4229.5,12.9428,0.1711,16.26,1,0,0.0234,0.1741,33.151,69.841,36.69,38.4189,0.1986,0
AGB-01,3074.0,35.74,2.3293,0.1997,0.827,3703.2,12.3538,0.2118,11.08,0,0,0.1495,0.2132,33.171,69.864,36.693,27.134,0.2393,0
AGB-01,3075.0,28.61,2.3903,0.1376,1.571,4268.2,12.9671,0.2073,18.23,0,0,0.0428,0.1766,33.192,69.887,36.695,37.9113,0.224,0
AGB-01,3076.0,31.87,2.3605,0.1461,1.507,4128.9,13.0389,0.2053,17.16,0,0,0.079,0.1783,33.212,69.909,36.697,35.1718,0.2215,0
AGB-01,3077.0,22.31,2.3444,0.16,0.843,4139.9,13.0299,0.2033,12.93,0,0,0.05,0.1952,33.233,69.932,36.699,34.4767,0.2333,0
AGB-01,3078.0,34.11,2.341,0.1686,1.584,3903.3,12.7865,0.2254,12.91,0,0,0.1502,0.1878,33.254,69.955,36.701,30.3859,0.2376,0
AGB-01,3079.0,22.55,2.3678,0.1611,1.075,4372.3,12.829,0.1959,18.93,1,0,0.02,0.1706,33.274,69.978,36.703,39.6033,0.2208,0
AGB-01,3080.0,25.83,2.334,0.1726,1.243,4200.7,13.0105,0.2045,19.24,0,0,0.02,0.1866,33.295,70.0,36.706,36.4878,0.212,0
AGB-01,3081.0,22.9,2.3608,0.1823,1.387,4140.7,12.9912,0.1778,17.0,0,0,0.02,0.1803,33.316,70.023,36.708,37.0142,0.1865,0
AGB-01,3082.0,34.99,2.3605,0.1572,1.364,3972.3,12.9282,0.2168,15.84,1,0,0.134,0.1802,33.336,70.046,36.71,32.223,0.2281,0
AGB-01,3083.0,29.03,2.3511,0.1796,2.346,3932.2,12.9736,0.141,17.2,0,0,0.0815,0.1849,33.357,70.069,36.712,33.1158,0.19,0
AGB-01,3084.0,40.71,2.3491,0.2125,1.077,4003.3,12.8021,0.2353,12.83,0,0,0.1487,0.1914,33.378,70.091,36.713,30.6853,0.2614,0
AGB-01,3085.0,27.69,2.3141,0.1816,1.532,3873.0,12.8282,0.1917,16.95,1,0,0.0737,0.2037,33.399,70.114,36.715,30.9902,0.2063,0
AGB-01,3086.0,28.53,2.3575,0.1662,1.276,4175.4,12.9993,0.2083,17.08,0,0,0.0419,0.1823,33.42,70.137,36.717,36.3309,0.2136,0
AGB-01,3087.0,36.26,2.3696,0.1686,1.487,4099.8,12.9694,0.2348,17.12,0,0,0.126,0.1811,33.44,70.159,36.719,33.2171,0.2496,0
AGB-01,3088.0,18.03,2.332,0.1762,1.122,4359.3,12.9365,0.2106,13.8,0,0,0.02,0.1822,33.461,70.182,36.721,37.824,0.2365,0
AGB-01,3089.0,30.05,2.3634,0.1507,1.957,4106.2,13.0071,0.1851,16.34,0,0,0.0494,0.1874,33.482,70.205,36.723,35.2736,0.2126,0
AGB-01,3090.0,29.61,2.3704,0.1672,1.599,4295.9,12.9204,0.1939,18.59,0,0,0.0471,0.1722,33.503,70.228,36.724,38.0356,0.2249,0
AGB-01,3091.0,28.2,2.345,0.1643,1.17,4126.4,12.9943,0.1602,15.11,0,0,0.0248,0.185,33.524,70.25,36.726,36.136,0.1955,0
AGB-01,3092.0,33.09,2.3756,0.1479,1.063,4122.4,12.9925,0.1846,17.67,1,0,0.0744,0.171,33.545,70.273,36.728,36.1544,0.2039,0
AGB-01,3093.0,28.63,2.3146,0.1718,0.854,4070.5,12.9811,0.1908,12.32,0,0,0.0489,0.1937,33.566,70.296,36.729,33.8127,0.2154,0
AGB-01,3094.0,30.37,2.3379,0.1504,1.671,4245.8,12.983,0.2112,17.77,0,0,0.0347,0.1853,33.588,70.319,36.731,36.439,0.2285,0
AGB-01,3095.0,35.82,2.3455,0.1658,0.773,3835.6,12.8242,0.1613,19.95,0,0,0.1298,0.183,33.609,70.341,36.733,31.107,0.1987,0
AGB-01,3096.0,30.5,2.3014,0.2085,0.684,3848.7,12.6202,0.1951,10.87,0,0,0.1176,0.2054,33.63,70.364,36.734,29.1836,0.2347,0
AGB-01,3097.0,34.36,2.3189,0.1708,0.893,3899.4,12.8,0.2166,14.49,0,0,0.1068,0.1956,33.651,70.387,36.736,30.8432,0.2209,0
AGB-01,3098.0,30.78,2.368,0.1945,1.682,4225.8,12.9874,0.2171,17.34,0,0,0.0698,0.1786,33.672,70.409,36.737,36.1562,0.2354,0
AGB-01,3099.0,22.37,2.372,0.156,1.529,4027.3,12.9944,0.1164,15.73,0,0,0.0397,0.1804,33.694,70.432,36.739,35.7033,0.1725,0
AGB-01,3100.0,32.57,2.3157,0.178,1.395,4162.7,12.9923,0.2204,15.03,0,0,0.0594,0.1883,33.715,70.455,36.74,34.4828,0.2324,0
AGB-01,3101.0,40.1,2.3403,0.1824,1.115,3880.9,12.694,0.1883,12.74,0,1,0.1529,0.1921,33.736,70.478,36.742,29.8056,0.2419,0
AGB-01,3102.0,52.17,2.3184,0.2255,1.092,3518.6,11.5056,0.2375,10.84,0,1,0.2574,0.2079,33.758,70.5,36.743,23.262,0.2641,0
AGB-01,3103.0,50.11,2.3288,0.2125,0.939,3421.9,11.3544,0.229,12.64,0,1,0.2914,0.1989,33.779,70.523,36.744,22.6712,0.2512,0
AGB-01,3104.0,48.1,2.3149,0.2477,0.923,3437.2,10.9435,0.2447,10.08,1,1,0.3072,0.2101,33.8,70.546,36.746,21.1932,0.2839,0
AGB-01,3105.0,49.87,2.3303,0.2319,0.781,3539.0,11.5381,0.2353,13.27,0,1,0.2566,0.2091,33.822,70.569,36.747,23.3852,0.2695,0
AGB-01,3106.0,45.01,2.3151,0.2221,1.9,3549.3,11.6207,0.2472,9.34,0,1,0.2467,0.2075,33.843,70.591,36.748,23.7201,0.2624,0
AGB-01,3107.0,37.47,2.3769,0.1902,1.389,3866.6,12.7369,0.2313,14.59,0,1,0.1684,0.1867,33.865,70.614,36.749,30.1544,0.2399,0
AGB-01,3108.0,44.29,2.3349,0.2259,0.933,3430.8,11.4533,0.2172,13.0,0,1,0.2563,0.209,33.886,70.637,36.75,23.0367,0.2468,0
AGB-01,3109.0,43.99,2.3337,0.1971,1.091,3447.1,11.4836,0.2173,10.86,0,1,0.256,0.2083,33.908,70.659,36.752,23.1509,0.249,0
AGB-01,3110.0,48.43,2.2631,0.2266,0.964,3459.6,10.769,0.2714,11.12,0,1,0.2777,0.2238,33.929,70.682,36.753,20.5924,0.2914,0
AGB-01,3111.0,43.63,2.3229,0.2218,1.257,3582.8,11.8486,0.2181,12.97,0,1,0.2481,0.1979,33.951,70.705,36.754,24.6775,0.2536,0
AGB-01,3112.0,47.0,2.3105,0.2489,1.097,3337.6,10.43,0.2407,10.12,0,1,0.3476,0.2111,33.973,70.728,36.755,19.5178,0.2924,0
AGB-01,3113.0,89.14,2.2162,0.3514,1.729,2046.1,2.3309,0.3942,4.61,0,3,0.7663,0.2732,33.994,70.75,36.756,3.3079,0.4287,0
AGB-01,3114.0,96.48,2.1885,0.3519,1.96,1777.7,1.4932,0.4027,4.7,0,3,0.8339,0.2778,34.016,70.773,36.757,2.0808,0.4417,0
AGB-01,3115.0,99.51,2.2241,0.3672,2.422,1629.1,1.3895,0.3934,3.97,0,3,0.9536,0.2682,34.038,70.796,36.758,1.9318,0.4357,0
AGB-01,3116.0,90.56,2.246,0.3501,1.451,1872.9,1.5291,0.4125,3.87,0,3,0.851,0.2716,34.06,70.819,36.759,2.1318,0.4485,0
AGB-01,3117.0,88.56,2.2112,0.37,1.791,1876.0,1.7892,0.4025,5.21,0,3,0.8289,0.2686,34.082,70.841,36.76,2.508,0.4368,0
AGB-01,3118.0,96.36,2.2149,0.3859,3.843,1549.4,1.3771,0.4114,4.32,0,3,0.9215,0.292,34.103,70.864,36.761,1.9134,0.4279,0
AGB-01,3119.0,94.9,2.2279,0.3685,2.326,1654.1,1.3946,0.4,4.71,0,3,0.9238,0.2897,34.125,70.887,36.761,1.9381,0.4378,0
AGB-01,3120.0,92.26,2.1985,0.358,1.687,1658.3,1.4129,0.3951,5.19,0,3,0.8473,0.276,34.147,70.909,36.762,1.9641,0.4362,0
AGB-01,3121.0,94.33,2.2379,0.3856,1.512,1782.0,1.4101,0.42,3.97,0,3,0.8566,0.2793,34.169,70.932,36.763,1.9597,0.4474,0
AGB-01,3122.0,91.68,2.2193,0.3748,1.081,1649.2,1.3895,0.4011,4.28,0,3,0.8319,0.2873,34.191,70.955,36.764,1.93,0.4374,0
AGB-01,3123.0,90.05,2.2073,0.3414,1.382,1885.9,1.6006,0.4107,4.25,0,3,0.8102,0.2833,34.213,70.978,36.764,2.2326,0.4454,0
AGB-01,3124.0,102.06,2.1485,0.3994,2.213,1450.0,1.3273,0.3905,3.84,0,3,0.9616,0.3097,34.235,71.0,36.765,1.8405,0.416,0
AGB-01,3125.0,90.99,2.2293,0.3548,1.171,1997.0,2.1084,0.4062,4.89,0,3,0.7805,0.2762,34.257,71.023,36.766,2.9724,0.434,0
AGB-01,3126.0,97.1,2.2164,0.3559,1.519,1730.6,1.3946,0.4122,4.45,0,3,0.8899,0.2797,34.279,71.046,36.766,1.936,0.4438,0
AGB-01,3127.0,106.73,2.1958,0.3651,2.008,1682.6,1.3788,0.3934,5.29,0,3,0.9094,0.2717,34.302,71.069,36.767,1.9133,0.4402,0
AGB-01,3128.0,95.8,2.2052,0.3559,0.986,1729.7,1.3881,0.4113,4.05,0,3,0.8774,0.2841,34.324,71.091,36.768,1.9262,0.4438,0
AGB-01,3129.0,96.42,2.2255,0.3652,1.379,1809.4,1.4057,0.42,4.51,0,3,0.8605,0.2793,34.346,71.114,36.768,1.9511,0.4491,0
AGB-01,3130.0,95.21,2.2166,0.3732,1.493,1771.0,1.3982,0.42,3.76,0,3,0.8422,0.2848,34.368,71.137,36.769,1.94,0.4466,0
AGB-01,3131.0,90.76,2.2319,0.3642,0.865,1799.7,1.4222,0.4175,4.14,0,3,0.8223,0.2867,34.39,71.159,36.769,1.974,0.4479,0
AGB-01,3132.0,95.09,2.2169,0.3792,2.143,1608.2,1.3867,0.396,3.63,0,3,0.9219,0.2806,34.413,71.182,36.77,1.923,0.4338,0
AGB-01,3133.0,38.63,2.323,0.1976,0.841,3752.7,12.6181,0.2011,13.02,0,0,0.1446,0.1992,34.435,71.205,36.77,28.6151,0.2209,0
AGB-01,3134.0,35.72,2.345,0.1697,0.829,3873.7,12.887,0.2116,15.75,0,0,0.1167,0.1937,34.457,71.228,36.77,30.8907,0.2185,0
AGB-01,3135.0,34.91,2.3424,0.1826,1.242,4044.6,12.9073,0.2462,15.1,0,0,0.1517,0.1872,34.48,71.25,36.771,31.0759,0.2638,0
AGB-01,3136.0,26.03,2.3222,0.182,1.51,4012.2,13.0137,0.185,15.01,0,0,0.0693,0.1989,34.502,71.273,36.771,32.4635,0.2257,0
AGB-01,3137.0,33.4,2.3727,0.1614,1.7,3952.3,13.0642,0.1929,15.52,0,0,0.0844,0.1858,34.525,71.296,36.771,33.4124,0.1987,0
AGB-01,3138.0,27.81,2.3701,0.1769,1.476,4135.3,13.1047,0.1954,16.05,0,0,0.0696,0.1781,34.547,71.319,36.772,35.6992,0.2162,0
AGB-01,3139.0,27.63,2.3593,0.1753,0.765,4003.0,13.0674,0.1934,17.03,0,0,0.0894,0.1864,34.57,71.341,36.772,33.3377,0.2153,0
AGB-01,3140.0,26.3,2.3156,0.1843,1.276,3929.8,13.0262,0.1936,13.84,0,0,0.0487,0.1992,34.592,71.364,36.772,32.4786,0.1925,0
AGB-01,3141.0,23.85,2.3311,0.1783,1.085,3944.3,13.0274,0.1831,14.22,0,0,0.0888,0.1881,34.615,71.387,36.772,32.4545,0.2045,0
AGB-01,3142.0,31.29,2.3522,0.1786,1.007,4334.4,13.1049,0.2287,14.82,0,0,0.0471,0.1876,34.637,71.41,36.772,36.4536,0.2553,0
AGB-01,3143.0,28.94,2.343,0.1563,1.365,3822.2,12.8408,0.1938,12.25,0,0,0.119,0.1974,34.66,71.432,36.772,30.1873,0.2152,0
AGB-01,3144.0,28.76,2.2981,0.1803,0.796,4032.0,13.0197,0.2053,14.08,0,0,0.0841,0.1935,34.683,71.455,36.772,32.2171,0.2302,0
AGB-01,3145.0,33.4,2.3191,0.189,0.759,4084.2,12.9256,0.2567,13.04,0,0,0.1143,0.2009,34.705,71.478,36.772,30.9979,0.2694,0
AGB-01,3146.0,28.95,2.3529,0.1546,0.945,4246.6,13.0871,0.2019,22.71,0,0,0.0479,0.1734,34.728,71.5,36.772,37.3074,0.2174,0
AGB-01,3147.0,25.79,2.328,0.172,0.975,3900.3,13.0005,0.1813,13.86,0,0,0.0712,0.1982,34.751,71.523,36.772,31.8672,0.2001,0
AGB-01,3148.0,23.45,2.3397,0.1972,0.822,4051.9,13.0942,0.1974,12.95,0,0,0.0326,0.2065,34.773,71.546,36.772,33.5105,0.2227,0
AGB-01,3149.0,38.2,2.3018,0.2018,0.883,3839.6,12.7061,0.2136,13.86,0,0,0.1387,0.199,34.796,71.569,36.772,28.9981,0.2358,0
AGB-01,3150.0,37.78,2.3454,0.1926,1.316,3825.6,12.89,0.1805,14.85,0,0,0.1444,0.1836,34.819,71.591,36.772,30.5594,0.2084,0
AGB-01,3151.0,26.56,2.3318,0.1966,1.251,4023.0,12.9649,0.2356,15.5,0,0,0.1012,0.2011,34.842,71.614,36.772,31.3586,0.2515,0
AGB-01,3152.0,38.16,2.3721,0.1768,1.083,3927.7,12.9567,0.2056,14.19,0,0,0.1583,0.181,34.865,71.637,36.772,31.2572,0.236,0
AGB-01,3153.0,24.75,2.3361,0.1676,1.684,4172.0,13.1347,0.1922,18.26,0,0,0.0691,0.1773,34.888,71.66,36.772,35.5046,0.2221,0
AGB-01,3154.0,27.78,2.3597,0.1627,2.194,4140.1,13.109,0.1755,16.15,0,0,0.0381,0.1739,34.911,71.682,36.771,36.9523,0.1873,0
AGB-01,3155.0,33.49,2.3519,0.1818,0.855,3965.1,12.953,0.2144,15.48,0,0,0.1462,0.1854,34.934,71.705,36.771,31.1991,0.2432,0
AGB-01,3156.0,41.08,2.3303,0.1599,1.354,4053.2,13.0389,0.2311,15.96,0,0,0.1282,0.1814,34.957,71.728,36.771,32.3412,0.2425,0
AGB-01,3157.0,19.38,2.3337,0.1751,2.079,4231.8,13.1347,0.23,13.32,0,0,0.0475,0.1888,34.98,71.75,36.771,35.5151,0.239,0
AGB-01,3158.0,30.64,2.3535,0.142,2.237,4136.2,13.1343,0.1928,20.38,0,0,0.0735,0.1764,35.003,71.773,36.77,35.48,0.2158,0
AGB-01,3159.0,35.37,2.2762,0.2025,0.927,3835.1,12.707,0.2136,11.36,0,0,0.0903,0.2135,35.026,71.796,36.77,28.9919,0.2275,0
AGB-01,3160.0,24.38,2.3708,0.1648,1.619,4249.9,13.0608,0.1938,16.79,0,0,0.02,0.1799,35.049,71.819,36.769,38.0045,0.2107,0
AGB-01,3161.0,32.25,2.3385,0.1859,1.07,3925.7,12.9073,0.2037,14.43,0,0,0.1431,0.1877,35.072,71.841,36.769,30.7305,0.237,0
AGB-01,3162.0,19.03,2.3381,0.1656,1.685,4050.3,13.1214,0.1769,17.82,0,0,0.0501,0.1889,35.096,71.864,36.768,34.3949,0.2029,0
AGB-01,3163.0,23.13,2.3442,0.1787,1.276,4050.2,13.1275,0.146,19.01,0,0,0.02,0.1825,35.119,71.887,36.768,35.8716,0.1672,0
AGB-01,3164.0,32.48,2.3034,0.1983,1.092,3652.5,12.4995,0.1661,9.62,0,0,0.1111,0.2145,35.142,71.91,36.767,27.6183,0.2011,0
AGB-01,3165.0,40.52,2.3169,0.1963,0.79,3745.4,12.5846,0.2048,11.55,0,0,0.1355,0.2068,35.165,71.932,36.767,28.1695,0.227,0
AGB-01,3166.0,33.95,2.3385,0.1835,1.419,4018.5,13.0694,0.1954,13.0,1,0,0.0904,0.1871,35.189,71.955,36.766,33.0431,0.2207,0
AGB-01,3167.0,29.62,2.3538,0.1865,3.643,3958.6,13.0675,0.1657,14.89,0,0,0.0936,0.1841,35.212,71.978,36.766,33.0382,0.2038,0
AGB-01,3168.0,25.63,2.3642,0.146,1.642,4246.8,13.0149,0.1715,17.42,0,0,0.02,0.1721,35.236,72.0,36.765,38.5479,0.1964,0
AGB-01,3169.0,31.44,2.3386,0.1854,1.861,4054.0,13.08,0.2056,15.25,0,0,0.0945,0.1839,35.259,72.023,36.764,33.3929,0.2254,0
AGB-01,3170.0,33.8,2.323,0.1874,0.811,4069.2,13.0763,0.2105,13.77,0,0,0.0479,0.2008,35.282,72.046,36.763,33.3458,0.2268,0
AGB-01,3171.0,29.97,2.3243,0.1714,1.925,4008.6,13.0599,0.1952,15.58,1,0,0.0712,0.1918,35.306,72.069,36.763,33.0166,0.2136,0
AGB-01,3172.0,35.88,2.3296,0.206,0.744,3983.0,12.9737,0.198,14.1,0,0,0.0847,0.2013,35.329,72.091,36.762,31.6782,0.2339,0
AGB-01,3173.0,32.03,2.3647,0.1556,2.016,4241.1,13.1045,0.2064,24.97,0,0,0.089,0.1711,35.353,72.114,36.761,36.1959,0.2382,0
AGB-01,3174.0,25.49,2.3401,0.1648,1.045,4188.6,13.0927,0.1733,16.11,0,0,0.0242,0.1837,35.377,72.137,36.76,36.6208,0.207,0
AGB-01,3175.0,27.67,2.3724,0.1582,1.823,4568.4,12.8145,0.2399,19.39,0,0,0.02,0.1725,35.4,72.16,36.759,40.6171,0.2582,0
AGB-01,3176.0,28.37,2.3217,0.1845,0.788,3957.3,13.0581,0.1682,13.77,0,0,0.0574,0.1901,35.424,72.182,36.758,33.1991,0.1878,0
AGB-01,3177.0,30.06,2.3794,0.1639,1.429,4148.9,13.1036,0.1975,15.31,0,0,0.0857,0.1763,35.447,72.205,36.757,35.5284,0.2264,0
AGB-01,3178.0,27.92,2.3756,0.1765,1.063,4188.2,13.0798,0.1736,16.22,0,0,0.0527,0.1772,35.471,72.228,36.757,36.7795,0.2147,0
AGB-01,3179.0,33.9,2.3622,0.2114,0.939,4016.8,13.0164,0.2134,15.28,0,0,0.1167,0.1868,35.495,72.25,36.756,32.4982,0.2371,0
AGB-01,3180.0,31.74,2.3748,0.1491,2.101,4030.6,13.0975,0.1758,18.4,1,0,0.0684,0.1784,35.519,72.273,36.754,35.073,0.1917,0
AGB-01,3181.0,26.78,2.3891,0.1597,1.152,4374.9,12.8508,0.1956,17.68,0,0,0.0258,0.1666,35.542,72.296,36.753,40.1544,0.2182,0
AGB-01,3182.0,24.93,2.3698,0.1685,1.766,4193.4,13.0552,0.1645,18.09,0,0,0.0449,0.1742,35.566,72.319,36.752,37.2571,0.2052,0
AGB-01,3183.0,37.94,2.3096,0.1671,1.106,3962.8,12.8237,0.2421,13.87,1,0,0.1414,0.1915,35.59,72.341,36.751,30.248,0.2496,0
AGB-01,3184.0,30.66,2.3258,0.1717,1.485,3952.5,13.0005,0.1945,15.19,0,0,0.0648,0.1981,35.614,72.364,36.75,32.3669,0.2079,0
AGB-01,3185.0,33.86,2.3299,0.1845,0.889,4016.5,12.9938,0.2137,13.26,0,0,0.091,0.1941,35.638,72.387,36.749,32.2833,0.2327,0
AGB-01,3186.0,27.82,2.3674,0.1806,2.78,4189.1,13.0852,0.2133,14.2,1,0,0.0742,0.1774,35.662,72.41,36.748,35.886,0.2291,0
AGB-01,3187.0,31.64,2.3674,0.1854,1.336,4151.7,13.0867,0.2103,16.72,0,0,0.0691,0.1865,35.686,72.432,36.746,35.0075,0.2334,0
AGB-01,3188.0,22.49,2.346,0.1716,0.922,4214.1,13.0751,0.2189,15.82,0,0,0.0436,0.1821,35.71,72.455,36.745,36.3538,0.2225,0
AGB-01,3189.0,27.74,2.3971,0.1453,1.778,4208.8,13.0424,0.1903,20.98,0,0,0.0676,0.1707,35.734,72.478,36.744,37.3202,0.2176,0
AGB-01,3190.0,26.13,2.3602,0.1845,1.12,4091.4,13.0798,0.1791,14.3,0,0,0.0233,0.1878,35.758,72.5,36.742,35.9345,0.1912,0
AGB-01,3191.0,34.2,2.3545,0.1601,1.923,4065.8,13.0832,0.189,15.91,0,0,0.0755,0.1736,35.782,72.523,36.741,35.1908,0.1962,0
AGB-01,3192.0,30.86,2.3337,0.2024,1.012,3889.7,12.9013,0.1854,16.36,1,0,0.1067,0.1938,35.806,72.546,36.74,31.138,0.2153,0
AGB-01,3193.0,34.42,2.3176,0.1834,1.036,3841.9,12.75,0.2113,14.09,0,0,0.1463,0.1905,35.83,72.569,36.738,29.6717,0.2265,0
AGB-01,3194.0,28.39,2.3002,0.1992,1.623,4108.7,12.9859,0.2145,13.85,0,0,0.0685,0.2034,35.854,72.591,36.737,32.2712,0.2514,0
AGB-01,3195.0,23.68,2.3619,0.1682,0.894,4143.4,13.0761,0.1995,15.8,0,0,0.0783,0.1864,35.879,72.614,36.735,34.5662,0.2372,0
AGB-01,3196.0,29.75,2.3536,0.2021,0.78,4165.6,13.0772,0.2087,17.49,0,0,0.0699,0.1886,35.903,72.637,36.734,34.6603,0.2398,0
AGB-01,3197.0,37.18,2.3039,0.1948,0.979,3760.9,12.6326,0.1835,14.87,1,0,0.1312,0.2,35.927,72.66,36.732,28.7593,0.2148,0
AGB-01,3198.0,26.97,2.3821,0.1701,1.212,4274.5,12.9679,0.1984,21.6,0,0,0.0343,0.1717,35.952,72.682,36.731,38.5799,0.2116,0
AGB-01,3199.0,30.82,2.3536,0.1697,0.966,4040.7,13.0382,0.2015,14.33,0,0,0.0928,0.1874,35.976,72.705,36.729,33.2712,0.2276,0
AGB-01,3200.0,23.33,2.3803,0.1302,1.974,4236.4,13.0023,0.1805,16.01,0,0,0.0353,0.174,36.0,72.728,36.727,38.0513,0.208,0
AGB-01,3201.0,27.68,2.3592,0.1758,1.12,4228.1,13.0516,0.195,20.4,1,0,0.0374,0.1806,36.025,72.75,36.726,36.9995,0.2189,0
AGB-01,3202.0,26.21,2.3335,0.1854,0.839,3937.4,13.0621,0.1388,16.55,0,0,0.02,0.1948,36.049,72.773,36.724,33.9001,0.1623,0
AGB-01,3203.0,36.32,2.3274,0.1746,0.852,3845.3,12.7461,0.2088,13.19,0,0,0.1428,0.194,36.074,72.796,36.722,29.633,0.2311,0
AGB-01,3204.0,20.42,2.3642,0.1559,1.251,4201.6,13.0729,0.194,16.06,0,0,0.0659,0.176,36.098,72.819,36.721,36.3386,0.224,0
AGB-01,3205.0,35.36,2.3828,0.1694,1.081,3907.0,13.0021,0.1736,17.31,0,0,0.1176,0.1824,36.123,72.841,36.719,32.4879,0.2059,0
AGB-01,3206.0,25.5,2.3253,0.1829,1.032,3966.0,13.0263,0.1684,14.46,0,0,0.0713,0.1898,36.147,72.864,36.717,32.913,0.2001,0
AGB-01,3207.0,30.97,2.3418,0.1843,1.065,3921.8,12.8893,0.1836,15.23,0,0,0.1186,0.1946,36.172,72.887,36.715,30.9638,0.2321,0
AGB-01,3208.0,101.88,2.1986,0.3531,1.561,1621.5,1.3769,0.4059,4.63,0,3,0.8818,0.2775,36.196,72.91,36.713,1.9087,0.435,0
AGB-01,3209.0,96.08,2.201,0.3775,2.892,1868.4,1.3949,0.42,5.11,0,3,0.8657,0.2796,36.221,72.932,36.711,1.9343,0.45,0
AGB-01,3210.0,94.68,2.2241,0.3515,1.129,1616.7,1.3921,0.3988,4.15,0,3,0.8407,0.2879,36.246,72.955,36.709,1.9303,0.4346,0
AGB-01,3211.0,90.35,2.247,0.3258,1.213,1954.9,2.0008,0.4055,5.96,0,3,0.8338,0.2601,36.27,72.978,36.707,2.8102,0.4357,0
AGB-01,3212.0,95.02,2.1954,0.3774,2.844,1594.6,1.3729,0.4112,4.48,0,3,0.8944,0.2848,36.295,73.0,36.705,1.9027,0.4325,0
AGB-01,3213.0,96.52,2.1836,0.3766,1.558,1675.5,1.3724,0.3966,4.0,0,3,0.9117,0.2855,36.32,73.023,36.703,1.9019,0.4396,0
AGB-01,3214.0,85.14,2.205,0.3646,1.641,2034.7,2.0962,0.3977,5.1,0,3,0.7715,0.2795,36.345,73.046,36.701,2.9497,0.4366,0
AGB-01,3215.0,89.4,2.2411,0.3411,2.267,2008.0,2.1999,0.4106,4.94,0,3,0.8225,0.2572,36.369,73.069,36.699,3.1025,0.4319,0
AGB-01,3216.0,95.99,2.1675,0.3963,1.611,1671.2,1.3624,0.395,3.54,0,3,0.8646,0.3011,36.394,73.091,36.697,1.8873,0.4393,0
AGB-01,3217.0,93.45,2.2203,0.3656,1.98,1809.4,1.404,0.402,4.25,0,3,0.8317,0.2839,36.419,73.114,36.695,1.9465,0.4491,0
AGB-01,3218.0,89.0,2.2384,0.3798,1.198,1732.3,1.4104,0.42,4.45,0,3,0.8407,0.2842,36.444,73.137,36.693,1.9554,0.4439,0
AGB-01,3219.0,92.3,2.2142,0.3244,1.509,1873.1,1.8394,0.4052,4.86,0,3,0.811,0.2738,36.469,73.16,36.691,2.5732,0.4348,0
AGB-01,3220.0,100.01,2.2071,0.3539,2.298,1605.3,1.3816,0.391,4.49,0,3,0.8652,0.279,36.494,73.182,36.688,1.9141,0.4335,0
AGB-01,3221.0,96.73,2.2272,0.3427,1.052,1955.4,1.5507,0.42,5.15,0,3,0.8739,0.2617,36.519,73.205,36.686,2.1559,0.45,0
AGB-01,3222.0,85.19,2.2377,0.3163,2.709,2164.6,2.6951,0.376,5.56,0,3,0.8072,0.2465,36.544,73.228,36.684,3.8413,0.4263,0
AGB-01,3223.0,96.11,2.2033,0.3553,0.888,1676.7,1.3853,0.4071,4.21,0,3,0.849,0.2843,36.569,73.25,36.681,1.9191,0.4397,0
AGB-01,3224.0,90.71,2.2716,0.3771,1.159,1987.7,2.1505,0.4183,6.02,0,3,0.8334,0.2558,36.594,73.273,36.679,3.0278,0.4333,0
AGB-01,3225.0,99.58,2.1887,0.3738,2.064,1450.0,1.3544,0.3972,3.34,0,3,0.9548,0.2984,36.619,73.296,36.677,1.875,0.416,0
AGB-01,3226.0,96.84,2.213,0.3774,2.05,1614.9,1.3865,0.3985,3.49,0,3,0.9199,0.2877,36.644,73.319,36.674,1.9205,0.4344,0
AGB-01,3227.0,88.55,2.2451,0.3411,1.063,1791.5,1.7424,0.4076,5.13,0,3,0.829,0.2713,36.67,73.341,36.672,2.4315,0.4333,0
AGB-01,3228.0,94.58,2.1859,0.3938,2.109,1617.4,1.3702,0.4122,3.69,0,3,0.8902,0.2964,36.695,73.364,36.669,1.8972,0.4346,0
AGB-01,3229.0,95.83,2.2293,0.3397,1.845,1707.0,1.4038,0.4117,4.78,0,3,0.8677,0.2774,36.72,73.387,36.667,1.9449,0.4421,0
AGB-01,3230.0,94.92,2.2041,0.373,2.18,1708.2,1.3885,0.4061,3.79,0,3,0.8978,0.2856,36.745,73.41,36.664,1.9231,0.4422,0
AGB-01,3231.0,93.25,2.2192,0.3703,1.428,1654.0,1.6771,0.4042,6.53,0,3,0.8498,0.2646,36.771,73.432,36.662,2.3368,0.4217,0
AGB-01,3232.0,92.81,2.214,0.3424,1.752,1816.9,1.4016,0.42,4.47,0,3,0.8778,0.2756,36.796,73.455,36.659,1.9416,0.4496,0
AGB-01,3233.0,99.76,2.239,0.3758,1.487,1892.2,1.4211,0.42,4.76,0,3,0.8946,0.2743,36.821,73.478,36.656,1.9694,0.45,0
AGB-01,3234.0,90.61,2.2301,0.3657,1.04,1883.4,1.6714,0.42,5.19,0,3,0.8282,0.2743,36.847,73.5,36.654,2.3284,0.4432,0
AGB-01,3235.0,93.74,2.25,0.359,1.574,1806.7,1.4512,0.4106,4.94,0,3,0.8695,0.2678,36.872,73.523,36.651,2.0124,0.4477,0
AGB-01,3236.0,96.51,2.1789,0.3753,1.696,1486.1,1.3533,0.3955,3.88,0,3,0.9122,0.2851,36.898,73.546,36.648,1.8727,0.4206,0
AGB-01,3237.0,100.55,2.2239,0.3508,2.103,1735.1,1.4027,0.4112,4.5,0,3,0.9153,0.2663,36.923,73.569,36.645,1.9431,0.4441,0
AGB-01,3238.0,90.82,2.2342,0.3656,1.011,1868.3,1.417,0.4114,4.03,0,3,0.8658,0.2797,36.949,73.591,36.643,1.9634,0.45,0
AGB-01,3239.0,93.8,2.2352,0.3612,2.523,1665.4,1.4046,0.4004,4.5,0,3,0.8701,0.2714,36.974,73.614,36.64,1.9457,0.4388,0
AGB-01,3240.0,95.05,2.1903,0.365,2.916,1530.6,1.3651,0.3949,4.62,0,3,0.9031,0.2866,37.0,73.637,36.637,1.8894,0.4259,0
AGB-01,3241.0,95.21,2.2342,0.3496,1.425,1803.5,1.5541,0.4122,4.45,0,3,0.845,0.2725,37.025,73.66,36.634,2.1595,0.4426,0
AGB-01,3242.0,94.61,2.2258,0.3686,1.374,1606.3,1.3939,0.4138,4.92,0,3,0.855,0.2848,37.051,73.682,36.631,1.9304,0.4336,0
AGB-01,3243.0,97.19,2.195,0.3889,1.139,1559.0,1.3709,0.42,5.06,0,3,0.8605,0.2954,37.077,73.705,36.628,1.8976,0.4289,0
AGB-01,3244.0,90.74,2.2639,0.3387,1.161,1922.9,2.1162,0.3848,5.52,0,3,0.8388,0.2544,37.102,73.728,36.625,2.976,0.429,0
AGB-01,3245.0,98.58,2.2207,0.3549,1.94,1752.5,1.402,0.42,6.15,0,3,0.9359,0.2664,37.128,73.75,36.622,1.9419,0.4454,0
AGB-01,3246.0,89.39,2.2155,0.3543,1.385,1880.1,1.5471,0.4111,4.71,0,3,0.8252,0.2801,37.154,73.773,36.619,2.1495,0.4476,0
AGB-01,3247.0,94.27,2.1972,0.3592,1.729,1606.4,1.3765,0.3844,3.94,0,3,0.896,0.2817,37.18,73.796,36.616,1.9057,0.4336,0
AGB-01,3248.0,92.66,2.2184,0.3501,0.992,1923.8,1.7952,0.42,5.75,0,3,0.8287,0.269,37.206,73.819,36.613,2.5073,0.4407,0
AGB-01,3249.0,95.19,2.1939,0.3565,1.164,1641.9,1.3775,0.3919,4.24,0,3,0.851,0.293,37.231,73.841,36.61,1.9071,0.4368,0
AGB-01,3250.0,87.61,2.2146,0.3414,1.495,2023.6,2.0409,0.4005,4.83,0,3,0.779,0.279,37.257,73.864,36.607,2.8656,0.4383,0
AGB-01,3251.0,35.98,2.3499,0.1796,1.312,4007.2,12.9806,0.2196,13.32,0,0,0.11,0.1954,37.283,73.887,36.604,31.7114,0.2454,0
AGB-01,3252.0,36.87,2.312,0.1995,1.124,3926.4,12.8954,0.2038,10.98,0,0,0.0971,0.2011,37.309,73.91,36.6,30.7329,0.2303,0
AGB-01,3253.0,27.0,2.3481,0.1772,1.479,4124.3,13.0926,0.1981,15.19,1,0,0.0821,0.1898,37.335,73.932,36.597,33.7852,0.2417,0
AGB-01,3254.0,34.02,2.3476,0.2066,0.755,3738.3,12.7575,0.1679,11.48,0,0,0.1316,0.1955,37.361,73.955,36.594,29.4888,0.201,0
AGB-01,3255.0,36.64,2.3354,0.1935,1.109,4043.1,12.9748,0.2511,13.41,0,0,0.0959,0.2011,37.387,73.978,36.591,31.6593,0.2526,0
AGB-01,3256.0,23.96,2.3635,0.1953,1.746,4052.6,13.1071,0.1822,15.67,0,0,0.0465,0.1947,37.413,74.0,36.587,34.3868,0.212,0
AGB-01,3257.0,32.69,2.3364,0.168,0.841,4152.7,13.1152,0.1795,17.12,0,0,0.0518,0.1805,37.439,74.023,36.584,35.666,0.2126,0
AGB-01,3258.0,33.28,2.3245,0.167,1.319,4210.1,13.1147,0.2169,16.11,0,0,0.0661,0.1835,37.465,74.046,36.58,35.057,0.2383,0
AGB-01,3259.0,37.18,2.3537,0.2026,1.251,3977.1,12.9796,0.2239,12.14,0,0,0.1157,0.1917,37.492,74.069,36.577,31.7478,0.237,0
AGB-01,3260.0,20.12,2.3232,0.1688,0.788,4038.1,13.1134,0.1519,15.11,0,0,0.02,0.1891,37.518,74.091,36.574,34.9481,0.1784,0
AGB-01,3261.0,42.62,2.3078,0.1779,1.128,3931.6,12.6047,0.2458,12.87,0,0,0.1724,0.1981,37.544,74.114,36.57,28.3729,0.2728,0
AGB-01,3262.0,29.15,2.3464,0.1782,1.292,4243.3,13.1138,0.2075,14.64,1,0,0.0658,0.1845,37.57,74.137,36.567,35.4687,0.2459,0
AGB-01,3263.0,27.94,2.3386,0.1751,0.739,4170.0,13.1068,0.2108,17.47,0,0,0.0709,0.1871,37.597,74.16,36.563,34.5359,0.2394,0
AGB-01,3264.0,43.8,2.3172,0.2136,1.147,3766.1,12.3567,0.2175,10.73,0,0,0.1853,0.2041,37.623,74.182,36.559,26.8497,0.2602,0
AGB-01,3265.0,29.79,2.3372,0.1734,1.023,3949.2,13.0717,0.1619,13.85,0,0,0.0456,0.1945,37.649,74.205,36.556,33.3442,0.1862,0
AGB-01,3266.0,31.26,2.343,0.1776,1.335,3976.5,13.0325,0.183,14.36,0,0,0.113,0.1815,37.676,74.228,36.552,32.567,0.2175,0
AGB-01,3267.0,36.01,2.3321,0.191,0.774,3891.5,12.9386,0.1817,17.51,0,0,0.1165,0.1879,37.702,74.25,36.548,31.2678,0.2125,0
AGB-01,3268.0,26.76,2.3227,0.171,1.417,4189.1,13.1125,0.199,15.79,0,0,0.0683,0.1795,37.728,74.273,36.545,35.1975,0.2293,0
AGB-01,3269.0,19.18,2.3395,0.1782,1.298,4194.2,13.0993,0.1902,15.87,0,0,0.02,0.1873,37.755,74.296,36.541,36.4498,0.2122,0
AGB-01,3270.0,32.28,2.3346,0.1771,1.64,4046.0,13.0497,0.2017,14.38,0,0,0.0813,0.1931,37.781,74.319,36.537,32.8942,0.2314,0
AGB-01,3271.0,53.98,2.2886,0.255,1.577,3097.3,10.0812,0.2058,10.53,0,1,0.3371,0.2182,37.808,74.341,36.533,18.3469,0.2485,0
AGB-01,3272.0,47.25,2.3035,0.1979,1.257,3620.0,11.8635,0.2404,9.56,0,1,0.221,0.2102,37.834,74.364,36.53,24.4294,0.2648,0
AGB-01,3273.0,38.36,2.3279,0.2213,1.026,3672.4,12.4253,0.2197,13.42,0,1,0.1787,0.1983,37.861,74.387,36.526,27.2415,0.2262,0
AGB-01,3274.0,41.11,2.3312,0.2129,1.346,3647.3,12.0837,0.2355,12.85,0,1,0.2302,0.1996,37.888,74.41,36.522,25.4332,0.2583,0
AGB-01,3275.0,44.8,2.2694,0.2334,0.824,3591.0,11.3717,0.2639,10.22,0,1,0.2244,0.2269,37.914,74.432,36.518,22.4569,0.2878,0
AGB-01,3276.0,55.11,2.2604,0.2448,0.924,3375.6,10.682,0.2463,8.14,0,1,0.2746,0.2274,37.941,74.455,36.514,20.1181,0.2806,0
AGB-01,3277.0,47.44,2.3275,0.2334,1.24,3665.8,11.8321,0.2577,14.87,0,1,0.2653,0.1996,37.968,74.478,36.51,24.2839,0.2831,0
AGB-01,3278.0,42.18,2.3803,0.1795,1.038,3708.5,12.5853,0.2149,17.93,0,1,0.2112,0.1836,37.994,74.5,36.506,28.225,0.2303,0
AGB-01,3279.0,53.01,2.3004,0.2416,1.86,3264.6,9.9583,0.2724,8.98,0,1,0.3605,0.2215,38.021,74.523,36.502,17.9979,0.3042,0
AGB-01,3280.0,48.91,2.2957,0.2265,0.777,3485.0,10.9598,0.2705,11.08,0,1,0.2829,0.2209,38.048,74.546,36.498,21.0071,0.2949,0
AGB-01,3281.0,50.97,2.3266,0.2024,1.533,3740.6,12.1101,0.276,12.01,0,1,0.2216,0.205,38.075,74.569,36.494,25.5408,0.2787,0
AGB-01,3282.0,44.11,2.2833,0.2541,1.084,3500.3,11.2934,0.2418,9.39,0,1,0.231,0.2262,38.102,74.591,36.49,22.1561,0.2747,0
AGB-01,3283.0,36.73,2.3294,0.2137,1.541,3844.0,12.5894,0.2326,13.35,0,1,0.1847,0.1939,38.128,74.614,36.486,28.2272,0.2583,0
AGB-01,3284.0,43.2,2.3125,0.2476,1.121,3667.4,11.6026,0.249,9.01,0,1,0.2567,0.212,38.155,74.637,36.481,23.3177,0.2967,0
AGB-01,3285.0,39.13,2.3774,0.167,1.429,3963.6,13.0735,0.1926,14.93,0,0,0.1112,0.18,38.182,74.66,36.477,33.1461,0.2107,0
AGB-01,3286.0,27.62,2.3104,0.2059,1.363,3918.4,12.9912,0.174,14.42,0,0,0.0728,0.1967,38.209,74.682,36.473,31.7755,0.2038,0
AGB-01,3287.0,22.66,2.379,0.159,1.672,4184.4,13.0866,0.1706,18.09,0,0,0.02,0.1834,38.236,74.705,36.469,37.3259,0.2034,0
AGB-01,3288.0,32.28,2.3335,0.1969,2.024,3931.4,12.993,0.1897,14.6,0,0,0.1099,0.1874,38.263,74.728,36.464,31.7637,0.2162,0
AGB-01,3289.0,38.04,2.3181,0.2157,1.342,3928.1,12.6614,0.2606,14.87,0,0,0.1632,0.1994,38.29,74.75,36.46,28.6786,0.2691,0
AGB-01,3290.0,37.01,2.3327,0.2216,1.085,3755.1,12.5148,0.2369,11.17,1,0,0.1537,0.2079,38.317,74.773,36.456,27.6963,0.2443,0
AGB-01,3291.0,31.96,2.3651,0.1253,1.092,3992.7,13.1313,0.1577,17.1,0,0,0.0594,0.1785,38.345,74.796,36.451,34.8616,0.1762,0
AGB-01,3292.0,38.03,2.3296,0.2091,1.178,3762.7,12.2594,0.2501,10.18,0,0,0.1935,0.2093,38.372,74.819,36.447,26.2346,0.2728,0
AGB-01,3293.0,33.15,2.3491,0.1753,1.595,3935.3,13.034,0.1868,18.3,0,0,0.1387,0.1735,38.399,74.841,36.442,32.2343,0.2119,0
AGB-01,3294.0,32.09,2.324,0.1844,0.829,4067.0,12.9542,0.2425,13.15,0,0,0.1056,0.2017,38.426,74.864,36.438,31.1811,0.2637,0
AGB-01,3295.0,28.35,2.3296,0.1931,1.797,4103.2,13.1235,0.1864,14.43,0,0,0.0502,0.1941,38.453,74.887,36.433,34.1027,0.2249,0
AGB-01,3296.0,23.32,2.3272,0.1688,1.819,4214.4,13.1264,0.1801,17.32,1,0,0.02,0.1845,38.481,74.91,36.429,36.6157,0.212,0
AGB-01,3297.0,32.98,2.3403,0.1925,1.342,3899.7,12.9288,0.2064,15.11,0,0,0.1218,0.1926,38.508,74.932,36.424,30.8532,0.2268,0
AGB-01,3298.0,30.23,2.354,0.1608,0.71,4083.7,13.1399,0.2018,16.93,0,0,0.0767,0.1806,38.535,74.955,36.42,34.6275,0.2151,0
AGB-01,3299.0,26.1,2.3765,0.1915,1.074,4087.4,13.1433,0.1951,15.25,0,0,0.0795,0.1821,38.563,74.978,36.415,34.7542,0.2204,0
AGB-01,3300.0,33.45,2.3634,0.1835,2.216,3961.5,13.087,0.197,12.96,0,0,0.1024,0.1831,38.59,75.0,36.41,32.9522,0.2099,0
AGB-01,3301.0,34.84,2.3259,0.1899,0.872,3905.7,12.8652,0.2335,12.92,0,0,0.1066,0.2045,38.617,75.023,36.406,30.173,0.2386,0
AGB-01,3302.0,24.04,2.3437,0.188,1.007,3928.1,13.1081,0.1733,13.03,0,0,0.0216,0.2028,38.645,75.046,36.401,33.331,0.1793,0
AGB-01,3303.0,30.34,2.359,0.1893,1.46,4080.1,13.1307,0.1948,17.3,0,0,0.0815,0.1876,38.672,75.069,36.396,33.8958,0.2296,0
AGB-01,3304.0,37.21,2.3431,0.2213,1.124,3789.6,12.5442,0.2337,12.33,0,0,0.1866,0.1976,38.7,75.091,36.391,27.7635,0.2552,0
AGB-01,3305.0,30.09,2.3413,0.1837,1.273,3889.4,12.9346,0.1988,13.07,0,0,0.1026,0.2002,38.727,75.114,36.387,30.7917,0.225,0
AGB-01,3306.0,28.25,2.3519,0.1557,1.129,4375.6,13.1278,0.2107,17.85,0,0,0.046,0.1827,38.755,75.137,36.382,37.1275,0.2556,0
AGB-01,3307.0,30.49,2.3447,0.1608,1.608,4219.3,13.1579,0.2149,16.34,0,0,0.0758,0.1737,38.783,75.16,36.377,35.9452,0.2311,0
AGB-01,3308.0,32.18,2.3364,0.1763,1.352,3857.2,13.0049,0.1718,14.86,0,0,0.1001,0.1886,38.81,75.182,36.372,31.531,0.1935,0
AGB-01,3309.0,37.37,2.373,0.1975,1.165,3914.7,12.9755,0.2047,15.97,0,0,0.1303,0.1915,38.838,75.205,36.367,31.1707,0.2339,0
AGB-01,3310.0,23.77,2.3854,0.1543,1.66,4417.2,12.9481,0.2035,20.0,0,0,0.02,0.1723,38.866,75.228,36.362,39.9586,0.233,0
AGB-01,3311.0,33.27,2.3241,0.1785,1.072,3968.7,12.9285,0.2202,12.72,0,0,0.1249,0.1952,38.893,75.25,36.357,30.6501,0.2474,0
AGB-01,3312.0,31.71,2.326,0.1818,1.518,4140.3,13.1313,0.2347,14.47,0,0,0.0901,0.1864,38.921,75.273,36.352,33.5473,0.2448,0
AGB-01,3313.0,30.39,2.3609,0.1866,1.677,4212.9,13.1636,0.216,17.04,0,0,0.0657,0.1773,38.949,75.296,36.347,36.1798,0.2294,0
AGB-01,3314.0,35.8,2.374,0.2076,1.556,3990.5,13.0554,0.1974,19.71,0,0,0.1491,0.1783,38.977,75.319,36.342,32.1014,0.2395,0
AGB-01,3315.0,30.07,2.3376,0.1811,1.143,4104.4,13.1419,0.2034,15.43,1,0,0.0565,0.1971,39.005,75.341,36.337,33.7218,0.2345,0
AGB-01,3316.0,96.11,2.2011,0.3546,0.643,1648.5,1.3853,0.4154,4.2,0,3,0.8759,0.2839,39.032,75.364,36.332,1.9141,0.4374,0
AGB-01,3317.0,91.89,2.1769,0.3745,1.69,1621.0,1.3683,0.4058,4.23,0,3,0.851,0.2989,39.06,75.387,36.326,1.8899,0.4349,0
AGB-01,3318.0,86.69,2.2854,0.3123,1.701,2242.5,3.1123,0.3946,5.12,0,3,0.8134,0.233,39.088,75.41,36.321,4.465,0.4208,0
AGB-01,3319.0,95.18,2.2489,0.3604,1.893,1801.7,1.7703,0.4007,4.9,1,3,0.8776,0.2517,39.116,75.432,36.316,2.4653,0.4332,0
AGB-01,3320.0,91.33,2.2072,0.3684,1.563,1909.9,1.4887,0.4165,4.0,0,3,0.8532,0.2717,39.144,75.455,36.311,2.0609,0.45,0
AGB-01,3321.0,92.26,2.1791,0.376,0.796,1667.0,1.3736,0.42,4.14,0,3,0.8668,0.296,39.172,75.478,36.305,1.897,0.4389,0
AGB-01,3322.0,93.63,2.2691,0.3276,2.179,2048.1,2.2858,0.4044,5.65,1,3,0.8221,0.2555,39.2,75.5,36.3,3.2182,0.4331,0
AGB-01,3323.0,99.68,2.2316,0.3618,2.417,1902.3,1.4206,0.42,4.14,0,3,0.8468,0.2835,39.228,75.523,36.295,1.9636,0.45,0
AGB-01,3324.0,94.59,2.2828,0.3237,1.314,2025.5,2.5947,0.3837,5.99,0,3,0.8406,0.2381,39.257,75.546,36.289,3.6776,0.4198,0
AGB-01,3325.0,91.29,2.1966,0.3711,1.34,1603.2,1.3794,0.42,4.58,0,3,0.8858,0.2906,39.285,75.569,36.284,1.9048,0.4333,0
AGB-01,3326.0,88.69,2.2484,0.3575,1.445,1949.9,1.9262,0.4048,4.54,0,3,0.8297,0.2647,39.313,75.591,36.278,2.6904,0.4386,0
AGB-01,3327.0,89.46,2.2416,0.3087,0.817,2125.5,3.0654,0.3807,6.74,0,3,0.7749,0.2468,39.341,75.614,36.273,4.3907,0.4091,0
AGB-01,3328.0,96.33,2.2194,0.3475,1.926,1964.0,1.5692,0.3991,5.06,0,3,0.8545,0.2683,39.369,75.637,36.267,2.1751,0.45,0
AGB-01,3329.0,88.03,2.2365,0.3729,0.935,2089.3,2.2758,0.4091,4.5,0,3,0.7881,0.268,39.398,75.66,36.262,3.2021,0.4355,0
AGB-01,3330.0,94.8,2.25,0.3517,1.168,2049.2,1.9177,0.3847,4.72,0,3,0.8144,0.2712,39.426,75.682,36.256,2.6773,0.4457,0
AGB-01,3331.0,96.75,2.1839,0.3952,1.553,1652.5,1.3762,0.3937,3.59,0,3,0.8596,0.302,39.454,75.705,36.251,1.8996,0.4377,0
AGB-01,3332.0,97.65,2.2427,0.3477,1.294,2009.2,1.7987,0.42,4.67,0,3,0.8331,0.2682,39.483,75.728,36.245,2.5047,0.4472,0
AGB-01,3333.0,94.85,2.2313,0.362,1.901,1915.7,1.7299,0.4151,4.88,0,3,0.8456,0.2655,39.511,75.75,36.239,2.4052,0.4434,0
AGB-01,3334.0,93.61,2.244,0.3514,1.346,1745.7,1.5382,0.4074,4.49,0,3,0.8539,0.2699,39.539,75.773,36.234,2.1299,0.4393,0
AGB-01,3335.0,92.41,2.2035,0.3642,2.135,1721.7,1.3937,0.3966,4.16,0,3,0.8721,0.2784,39.568,75.796,36.228,1.9239,0.4432,0
AGB-01,3336.0,91.94,2.1887,0.364,1.24,1635.6,1.3782,0.3914,4.69,0,3,0.8494,0.2917,39.596,75.819,36.222,1.9018,0.4363,0
AGB-01,3337.0,91.26,2.255,0.3485,1.837,1956.2,1.8882,0.4069,5.2,0,3,0.8368,0.2636,39.625,75.841,36.216,2.6333,0.4408,0
AGB-01,3338.0,95.73,2.1781,0.3583,2.707,1768.2,1.3814,0.4169,4.28,1,3,0.8603,0.2917,39.653,75.864,36.211,1.906,0.4464,0
AGB-01,3339.0,99.21,2.2038,0.3865,1.745,1450.0,1.3687,0.3967,4.77,0,3,0.9273,0.2919,39.682,75.887,36.205,1.8879,0.416,0
AGB-01,3340.0,87.26,2.2434,0.3459,1.261,1927.1,2.1096,0.4002,4.63,0,3,0.8051,0.2671,39.711,75.91,36.199,2.9553,0.4292,0
AGB-01,3341.0,98.13,2.1822,0.3883,2.082,1594.1,1.3712,0.4076,4.1,0,3,0.9054,0.3016,39.739,75.932,36.193,1.8912,0.4324,0
AGB-01,3342.0,93.31,2.1899,0.3729,2.071,1861.4,1.3944,0.4145,4.06,0,3,0.847,0.2912,39.768,75.955,36.187,1.924,0.45,0
AGB-01,3343.0,95.78,2.198,0.3974,0.936,1644.1,1.3853,0.4126,3.46,0,3,0.8875,0.2958,39.797,75.978,36.181,1.9109,0.437,0
AGB-01,3344.0,93.64,2.1511,0.3722,1.038,1603.0,1.3533,0.4054,3.7,0,3,0.854,0.305,39.825,76.0,36.175,1.8653,0.4333,0
AGB-01,3345.0,100.98,2.2327,0.364,1.395,1839.3,1.42,0.4161,5.7,0,3,0.8516,0.279,39.854,76.023,36.169,1.9598,0.45,0
AGB-01,3346.0,98.58,2.2067,0.3915,1.347,1502.0,1.3774,0.3899,4.62,0,3,0.9039,0.2929,39.883,76.046,36.163,1.8992,0.4226,0
AGB-01,3347.0,99.49,2.2447,0.3478,1.991,2182.9,2.3269,0.4035,6.48,0,3,0.822,0.2538,39.912,76.069,36.157,3.2731,0.4406,0
AGB-01,3348.0,95.02,2.2091,0.4107,1.292,1622.3,1.391,0.4145,3.84,0,3,0.8624,0.298,39.941,76.091,36.151,1.918,0.4351,0
AGB-01,3349.0,91.99,2.206,0.3567,1.493,1697.1,1.395,0.4152,3.75,0,3,0.8462,0.2892,39.969,76.114,36.145,1.9236,0.4413,0
AGB-01,3350.0,97.03,2.1815,0.3928,2.841,1510.9,1.3636,0.3955,4.65,0,3,0.9046,0.2893,39.998,76.137,36.138,1.8789,0.4236,0
AGB-01,3351.0,93.31,2.2196,0.3637,1.865,1872.3,1.4145,0.4113,4.41,0,3,0.8515,0.2783,40.027,76.16,36.132,1.9509,0.45,0
AGB-01,3352.0,100.63,2.2015,0.3806,2.351,1526.8,1.3777,0.3933,4.3,0,3,0.9634,0.2895,40.056,76.182,36.126,1.8985,0.4254,0
AGB-01,3353.0,92.76,2.2266,0.3534,2.741,1734.4,1.4109,0.4077,5.35,0,3,0.8897,0.264,40.085,76.205,36.12,1.9453,0.4441,0
AGB-01,3354.0,93.5,2.22,0.3582,1.487,1861.4,1.437,0.4113,4.47,0,3,0.8632,0.2703,40.114,76.228,36.113,1.9821,0.45,0
AGB-01,3355.0,95.01,2.2373,0.3795,1.592,1728.7,1.4174,0.419,4.8,0,3,0.8804,0.2737,40.143,76.25,36.107,1.9541,0.4437,0
AGB-01,3356.0,95.67,2.2273,0.3591,3.408,1810.9,1.4166,0.4166,4.31,0,3,0.8655,0.2839,40.172,76.273,36.101,1.9528,0.4492,0
AGB-01,3357.0,96.63,2.1792,0.3709,1.202,1554.2,1.3677,0.3915,4.59,0,3,0.8835,0.2861,40.202,76.296,36.094,1.8833,0.4284,0
AGB-01,3358.0,87.62,2.2159,0.3396,1.397,1873.2,2.0829,0.4127,5.27,0,3,0.7912,0.2723,40.231,76.319,36.088,2.9112,0.4243,0
AGB-01,3359.0,93.95,2.1984,0.3508,1.477,1705.8,1.3925,0.42,4.35,0,3,0.8838,0.2832,40.26,76.341,36.081,1.9179,0.442,0
AGB-01,3360.0,96.74,2.2072,0.3671,1.846,1819.8,1.4053,0.4169,4.81,0,3,0.8956,0.2725,40.289,76.364,36.075,1.9359,0.4497,0
AGB-01,3361.0,99.72,2.2033,0.4106,3.336,1450.0,1.3713,0.3882,4.33,0,3,0.98,0.2971,40.318,76.387,36.068,1.8875,0.416,0
AGB-01,3362.0,97.95,2.1809,0.3951,1.045,1608.4,1.3745,0.3978,4.38,0,3,0.8789,0.2999,40.348,76.41,36.062,1.8918,0.4338,0
AGB-01,3363.0,98.9,2.2073,0.3819,1.165,1758.0,1.4021,0.4053,4.25,0,3,0.8624,0.2767,40.377,76.432,36.055,1.9307,0.4457,0
AGB-01,3364.0,100.34,2.2132,0.3519,1.004,1599.1,1.3938,0.4067,4.42,0,3,0.9042,0.2769,40.406,76.455,36.049,1.9187,0.4329,0
AGB-01,3365.0,91.62,2.2437,0.3325,1.522,1821.6,1.8756,0.3933,4.94,0,3,0.8277,0.2669,40.436,76.478,36.042,2.6078,0.4302,0
AGB-01,3366.0,90.75,2.2203,0.3729,2.353,1904.8,1.4189,0.42,3.58,0,3,0.8704,0.2793,40.465,76.5,36.035,1.9538,0.45,0
AGB-01,3367.0,96.8,2.2612,0.3509,1.29,1862.0,1.5419,0.4141,4.84,0,3,0.89,0.2567,40.494,76.523,36.029,2.1285,0.4483,0
AGB-01,3368.0,89.97,2.1751,0.3836,1.405,1798.2,1.3854,0.4123,3.49,0,3,0.8093,0.2953,40.524,76.546,36.022,1.906,0.4484,0
AGB-01,3369.0,100.82,2.176,0.3782,1.564,1458.2,1.3569,0.3738,3.64,0,3,0.9187,0.2975,40.553,76.569,36.015,1.8656,0.4171,0
AGB-01,3370.0,97.42,2.1967,0.3844,1.494,1557.9,1.3806,0.3909,4.9,1,3,0.9004,0.2903,40.583,76.591,36.008,1.8989,0.4288,0
AGB-01,3371.0,91.59,2.1698,0.382,1.19,1708.8,1.3768,0.4108,3.63,0,3,0.8378,0.3065,40.612,76.614,36.002,1.8933,0.4422,0
AGB-01,3372.0,93.44,2.2252,0.3522,1.582,2063.3,2.3427,0.4123,4.89,0,3,0.8047,0.259,40.642,76.637,35.995,3.2873,0.431,0
AGB-01,3373.0,99.04,2.1991,0.3808,2.754,1511.3,1.3777,0.3926,5.41,0,3,0.9056,0.2801,40.672,76.66,35.988,1.8941,0.4237,0
AGB-01,3374.0,98.1,2.2153,0.3907,2.578,1506.8,1.3872,0.3838,4.34,0,3,0.9028,0.2835,40.701,76.682,35.981,1.9074,0.4231,0
AGB-01,3375.0,89.55,2.1949,0.3559,1.341,1795.5,1.3984,0.4069,4.24,0,3,0.8727,0.282,40.731,76.705,35.974,1.9231,0.4482,0
AGB-01,3376.0,94.76,2.2108,0.3707,1.693,1992.8,1.4184,0.4132,4.5,0,3,0.8812,0.2722,40.761,76.728,35.967,1.9511,0.45,0
AGB-01,3377.0,95.1,2.1903,0.3977,1.949,1513.6,1.3731,0.3955,4.33,0,3,0.8933,0.2963,40.79,76.75,35.96,1.8869,0.4239,0
AGB-01,3378.0,96.59,2.1862,0.3602,2.082,1682.5,1.3859,0.4104,4.1,0,3,0.8837,0.2804,40.82,76.773,35.953,1.9049,0.4402,0
AGB-01,3379.0,91.2,2.2142,0.3908,2.073,1652.7,1.401,0.42,4.07,0,3,0.8903,0.2822,40.85,76.796,35.946,1.926,0.4377,0
AGB-01,3380.0,91.37,2.2661,0.3481,1.382,1977.2,2.1798,0.4029,5.21,0,3,0.8233,0.2587,40.88,76.819,35.939,3.0456,0.4318,0
AGB-01,3381.0,100.1,2.1532,0.3847,2.59,1450.0,1.3435,0.3874,3.74,0,3,0.9336,0.3083,40.91,76.841,35.932,1.8445,0.416,0
AGB-01,3382.0,90.69,2.2163,0.3528,1.568,1823.3,1.8129,0.4153,4.4,0,3,0.804,0.2776,40.939,76.864,35.925,2.5129,0.4324,0
AGB-01,3383.0,89.16,2.1554,0.3803,1.166,1592.9,1.3602,0.4047,3.78,0,3,0.8638,0.3042,40.969,76.887,35.917,1.8677,0.4323,0
AGB-01,3384.0,94.73,2.25,0.346,3.098,1880.5,1.5687,0.42,5.38,0,3,0.8926,0.2544,40.999,76.91,35.91,2.1631,0.4482,0
AGB-01,3385.0,95.82,2.2289,0.3911,2.072,1624.3,1.4082,0.3917,4.49,0,3,0.8757,0.2709,41.029,76.932,35.903,1.9354,0.4352,0
AGB-01,3386.0,92.31,2.2232,0.3628,1.939,1708.9,1.4115,0.4052,4.55,0,3,0.9036,0.2745,41.059,76.955,35.896,1.9399,0.4422,0
AGB-01,3387.0,96.23,2.1584,0.3681,1.684,1589.7,1.362,0.4058,3.52,0,3,0.8494,0.2926,41.089,76.978,35.888,1.8699,0.432,0
AGB-01,3388.0,99.74,2.182,0.3735,0.884,1521.5,1.3699,0.3875,4.43,0,3,0.8895,0.2841,41.119,77.0,35.881,1.881,0.4248,0
AGB-01,3389.0,95.72,2.203,0.3722,2.26,1706.4,1.399,0.4049,3.87,0,3,0.8613,0.2802,41.149,77.023,35.874,1.922,0.442,0
AGB-01,3390.0,98.53,2.22,0.3463,1.832,1669.0,1.4068,0.3948,4.79,0,3,0.9129,0.2683,41.18,77.046,35.866,1.9328,0.4391,0
AGB-01,3391.0,98.65,2.2208,0.3484,2.198,1907.9,1.5702,0.3917,4.59,0,3,0.8728,0.2613,41.21,77.069,35.859,2.1645,0.4491,0
AGB-01,3392.0,83.93,2.2764,0.3113,1.925,2023.8,3.0254,0.3616,5.76,0,3,0.7712,0.2506,41.24,77.091,35.851,4.3035,0.4014,0
AGB-01,3393.0,89.63,2.2071,0.3578,1.554,1832.1,1.4477,0.4071,4.36,0,3,0.8336,0.2809,41.27,77.114,35.844,1.9904,0.4489,0
AGB-01,3394.0,95.83,2.2161,0.3872,1.644,1635.5,1.4019,0.4147,4.41,0,3,0.9149,0.2866,41.3,77.137,35.836,1.9256,0.4362,0
AGB-01,3395.0,88.94,2.2264,0.3617,1.022,1848.6,1.5689,0.42,4.6,0,3,0.848,0.2709,41.331,77.16,35.829,2.1623,0.4455,0
AGB-01,3396.0,94.33,2.238,0.3505,1.969,1951.7,2.081,0.3966,6.16,0,3,0.8186,0.2631,41.361,77.182,35.821,2.899,0.4327,0
AGB-01,3397.0,99.93,2.2493,0.3604,1.857,1737.3,1.4302,0.4134,4.01,0,3,0.8865,0.2826,41.391,77.205,35.814,1.9655,0.4443,0
AGB-01,3398.0,95.08,2.2368,0.3367,1.442,1895.5,2.2458,0.38,4.9,0,3,0.7988,0.2644,41.422,77.228,35.806,3.1394,0.4203,0
AGB-01,3399.0,98.41,2.2106,0.3634,1.581,1498.3,1.3853,0.3761,3.97,0,3,0.902,0.2876,41.452,77.25,35.798,1.902,0.4221,0
AGB-01,3400.0,99.04,2.2296,0.3554,1.111,1727.1,1.4174,0.4033,4.43,0,3,0.8583,0.2765,41.482,77.273,35.791,1.9472,0.4436,0
AGB-01,3401.0,93.89,2.2046,0.364,1.311,1728.2,1.4021,0.42,4.56,0,3,0.8451,0.2839,41.513,77.296,35.783,1.9256,0.4437,0
AGB-01,3402.0,91.23,2.211,0.3745,1.19,1852.1,1.9142,0.4053,5.07,0,3,0.8224,0.2666,41.543,77.319,35.775,2.6568,0.4302,0
AGB-01,3403.0,92.24,2.2042,0.3639,0.882,1720.3,1.4014,0.42,4.66,0,3,0.8567,0.2807,41.574,77.341,35.767,1.9244,0.4431,0
AGB-01,3404.0,96.88,2.1979,0.3614,2.908,1631.1,1.3907,0.4122,4.62,0,3,0.8937,0.2803,41.604,77.364,35.76,1.9093,0.4359,0
AGB-01,3405.0,91.48,2.1904,0.378,1.572,1779.3,1.3968,0.4186,4.7,0,3,0.8426,0.2871,41.635,77.387,35.752,1.9178,0.4472,0
AGB-01,3406.0,99.12,2.2198,0.3689,2.658,1715.4,1.4108,0.419,4.4,1,3,0.8676,0.2753,41.666,77.41,35.744,1.9376,0.4427,0
AGB-01,3407.0,99.84,2.1694,0.3736,1.676,1467.2,1.3569,0.3752,4.29,0,3,0.9434,0.2943,41.696,77.432,35.736,1.8614,0.4182,0
AGB-01,3408.0,95.94,2.1814,0.3985,1.471,1493.5,1.3673,0.3816,3.39,0,3,0.8769,0.2997,41.727,77.455,35.728,1.8761,0.4215,0
AGB-01,3409.0,90.72,2.23,0.3717,1.138,1733.6,1.4184,0.397,3.98,0,3,0.8521,0.2757,41.758,77.478,35.72,1.9482,0.444,0
AGB-01,3410.0,95.02,2.2084,0.3374,0.953,1663.8,1.4,0.3917,4.4,0,3,0.8264,0.2864,41.788,77.5,35.712,1.9222,0.4387,0
AGB-01,3411.0,88.14,2.2115,0.3591,1.086,1646.9,1.4006,0.3956,3.9,0,3,0.8425,0.2971,41.819,77.523,35.704,1.923,0.4372,0
AGB-01,3412.0,96.81,2.1883,0.3808,1.284,1676.7,1.3887,0.4185,5.06,0,3,0.8778,0.276,41.85,77.546,35.696,1.9061,0.4397,0
AGB-01,3413.0,32.02,2.3348,0.2052,0.85,3761.9,13.0174,0.1698,15.17,0,0,0.1185,0.191,41.881,77.569,35.688,30.0814,0.1904,0
AGB-01,3414.0,23.18,2.3379,0.1547,2.231,4213.9,13.3378,0.1781,17.01,0,0,0.02,0.1879,41.912,77.591,35.68,36.3636,0.22,0
AGB-01,3415.0,28.94,2.3854,0.1774,1.373,4095.6,13.3413,0.1936,14.75,1,0,0.0776,0.1793,41.943,77.614,35.672,35.1401,0.2182,0
AGB-01,3416.0,27.24,2.3254,0.1599,1.092,4186.7,13.3435,0.1865,16.59,0,0,0.02,0.1879,41.973,77.637,35.663,35.9991,0.2142,0
AGB-01,3417.0,27.05,2.3526,0.1591,1.623,4222.4,13.3441,0.2015,16.44,0,0,0.0493,0.1833,42.004,77.66,35.655,36.021,0.2327,0
AGB-01,3418.0,36.94,2.3273,0.1835,1.238,3923.3,12.9711,0.2131,12.54,1,0,0.1392,0.1976,42.035,77.682,35.647,29.6726,0.2532,0
AGB-01,3419.0,32.57,2.3114,0.1804,0.822,4012.9,13.1334,0.2116,11.88,0,0,0.0742,0.2086,42.066,77.705,35.639,31.1383,0.2479,0
AGB-01,3420.0,27.82,2.3118,0.1957,1.274,3841.8,12.9852,0.201,12.45,0,0,0.0851,0.2102,42.097,77.728,35.63,29.7734,0.2225,0
AGB-01,3421.0,35.62,2.3241,0.1688,1.681,4128.8,13.3401,0.2057,16.58,1,0,0.0519,0.1856,42.128,77.75,35.622,34.7442,0.2192,0
AGB-01,3422.0,27.48,2.3382,0.1668,1.286,4260.0,13.3295,0.1955,16.14,0,0,0.02,0.1835,42.16,77.773,35.614,37.0329,0.2224,0
AGB-01,3423.0,35.04,2.3236,0.1908,0.917,3787.3,12.9399,0.2072,14.36,0,0,0.1143,0.2016,42.191,77.796,35.605,29.4065,0.2149,0
AGB-01,3424.0,27.33,2.3485,0.1857,1.525,4082.3,13.3286,0.1947,13.84,0,0,0.0489,0.1939,42.222,77.819,35.597,34.1911,0.2218,0
AGB-01,3425.0,32.96,2.3308,0.1869,0.786,3977.4,13.2237,0.2102,13.58,0,0,0.0834,0.1942,42.253,77.841,35.588,32.1614,0.2228,0
AGB-01,3426.0,22.02,2.3141,0.1993,1.202,3888.5,13.2362,0.1584,14.39,0,0,0.0301,0.2022,42.284,77.864,35.58,32.3219,0.1771,0
AGB-01,3427.0,21.69,2.3232,0.1593,1.481,4227.0,13.3463,0.2071,19.33,1,0,0.02,0.1841,42.316,77.887,35.571,36.5384,0.2166,0
AGB-01,3428.0,27.57,2.3692,0.1599,1.473,4090.2,13.3389,0.2067,16.1,0,0,0.0849,0.1815,42.347,77.91,35.563,34.4097,0.2259,0
AGB-01,3429.0,47.54,2.287,0.2282,1.285,3304.3,10.9986,0.2256,9.41,0,1,0.2698,0.2207,42.378,77.932,35.554,20.6805,0.2533,0
AGB-01,3430.0,38.55,2.2996,0.2232,1.101,3544.7,11.9835,0.2217,9.91,0,1,0.1865,0.2205,42.409,77.955,35.546,24.2275,0.2467,0
AGB-01,3431.0,50.04,2.3325,0.2056,0.924,3669.7,12.1261,0.2627,11.36,0,1,0.2244,0.2085,42.441,77.978,35.537,24.8322,0.2755,0
AGB-01,3432.0,43.95,2.3064,0.2405,0.718,3615.7,11.6753,0.2669,10.28,0,1,0.2463,0.2159,42.472,78.0,35.528,23.0031,0.2901,0
AGB-01,3433.0,46.07,2.308,0.2188,0.827,3537.7,11.5945,0.2489,8.62,0,1,0.276,0.2054,42.504,78.023,35.52,22.7002,0.278,0
AGB-01,3434.0,68.02,2.247,0.3081,0.752,2522.9,5.5029,0.3255,6.54,0,2,0.5675,0.2579,42.535,78.046,35.511,8.3146,0.3647,0
AGB-01,3435.0,65.53,2.2852,0.2998,1.349,2773.1,6.8672,0.3335,7.55,0,2,0.5361,0.2375,42.567,78.069,35.502,10.8017,0.3531,0
AGB-01,3436.0,64.38,2.2632,0.2747,1.017,2772.2,6.7677,0.3151,6.76,0,2,0.5121,0.248,42.598,78.091,35.493,10.6115,0.3547,0
AGB-01,3437.0,67.11,2.2274,0.2964,0.773,2677.2,6.0155,0.333,5.95,0,2,0.5316,0.2579,42.63,78.114,35.484,9.2206,0.366,0
AGB-01,3438.0,67.22,2.2878,0.2626,1.423,2812.4,7.7416,0.2952,7.75,0,2,0.5017,0.2264,42.661,78.137,35.476,12.5341,0.3226,0
AGB-01,3439.0,105.02,2.1568,0.3853,1.666,1567.4,1.3614,0.3986,3.85,0,3,0.91,0.2983,42.693,78.16,35.467,1.8657,0.4298,0
AGB-01,3440.0,103.1,2.1945,0.3752,3.216,1450.0,1.3716,0.3849,4.05,0,3,0.9438,0.2901,42.725,78.182,35.458,1.88,0.416,0
AGB-01,3441.0,92.41,2.2705,0.3356,1.6,1869.9,1.9993,0.4103,4.94,0,3,0.8438,0.257,42.756,78.205,35.449,2.7762,0.4304,0
AGB-01,3442.0,88.98,2.221,0.376,2.713,1878.7,1.8434,0.3914,4.86,0,3,0.8211,0.2702,42.788,78.228,35.44,2.5512,0.4361,0
AGB-01,3443.0,103.07,2.2028,0.3883,1.792,1498.6,1.3825,0.409,4.37,0,3,0.9574,0.2872,42.82,78.25,35.431,1.8953,0.4222,0
AGB-01,3444.0,91.82,2.244,0.3629,1.813,1660.4,1.4233,0.4049,4.96,0,3,0.8712,0.27,42.851,78.273,35.422,1.9528,0.4384,0
AGB-01,3445.0,89.76,2.1743,0.365,1.059,1767.4,1.3878,0.3999,3.7,0,3,0.8088,0.2951,42.883,78.296,35.413,1.9027,0.4464,0
AGB-01,3446.0,92.07,2.2027,0.3622,1.218,1825.8,1.409,0.4114,5.06,0,3,0.8173,0.2962,42.915,78.319,35.404,1.9324,0.45,0
AGB-01,3447.0,96.25,2.2142,0.3647,1.288,1673.9,1.406,0.401,4.84,0,3,0.8617,0.285,42.947,78.341,35.394,1.9283,0.4395,0
AGB-01,3448.0,95.06,2.1935,0.3635,1.344,1815.8,1.4765,0.42,5.16,0,3,0.8229,0.2833,42.979,78.364,35.385,2.0279,0.4463,0
AGB-01,3449.0,86.72,2.1903,0.3562,1.944,1775.1,1.3982,0.4181,5.06,0,3,0.8303,0.285,43.011,78.387,35.376,1.9173,0.4469,0
AGB-01,3450.0,92.62,2.193,0.3753,1.125,1723.4,1.3965,0.401,4.12,0,3,0.871,0.2872,43.043,78.41,35.367,1.9149,0.4433,0
AGB-01,3451.0,100.73,2.1985,0.3846,1.887,1549.7,1.3854,0.3796,3.5,0,3,0.9038,0.2896,43.075,78.432,35.358,1.8993,0.4279,0
AGB-01,3452.0,98.07,2.2021,0.3816,1.205,1802.1,1.4072,0.4146,4.6,0,3,0.8451,0.2834,43.107,78.455,35.348,1.93,0.4486,0
AGB-01,3453.0,93.59,2.1912,0.3691,1.574,1747.6,1.397,0.4196,3.78,0,3,0.8287,0.2909,43.139,78.478,35.339,1.9156,0.445,0
AGB-01,3454.0,96.03,2.2184,0.3539,1.489,1784.8,1.4162,0.4047,5.18,0,3,0.8625,0.2745,43.171,78.5,35.33,1.9428,0.4475,0
AGB-01,3455.0,88.24,2.1804,0.3655,1.105,1782.3,1.3924,0.42,4.47,0,3,0.8054,0.2983,43.203,78.523,35.32,1.9093,0.4474,0
AGB-01,3456.0,95.94,2.2556,0.3688,2.27,1737.8,1.4361,0.4125,5.12,0,3,0.9032,0.2662,43.235,78.546,35.311,1.971,0.4443,0
AGB-01,3457.0,92.22,2.1514,0.37,0.76,1698.2,1.3688,0.42,3.96,0,3,0.8342,0.294,43.267,78.569,35.301,1.8761,0.4414,0
AGB-01,3458.0,91.73,2.2255,0.3766,1.513,1718.0,1.6839,0.3989,4.94,0,3,0.8185,0.2769,43.299,78.591,35.292,2.3231,0.4294,0
AGB-01,3459.0,84.76,2.1934,0.344,1.499,1817.7,1.479,0.3995,4.6,0,3,0.8258,0.282,43.332,78.614,35.282,2.0319,0.4463,0
AGB-01,3460.0,96.55,2.157,0.3649,1.445,1655.4,1.3689,0.3998,3.13,0,3,0.8359,0.3053,43.364,78.637,35.273,1.8765,0.438,0
AGB-01,3461.0,97.72,2.1786,0.363,1.836,1513.3,1.369,0.3951,3.55,0,3,0.9183,0.2941,43.396,78.66,35.263,1.8768,0.4239,0
AGB-01,3462.0,92.89,2.2182,0.3807,1.5,1707.6,1.6234,0.4022,3.91,0,3,0.8218,0.2778,43.429,78.682,35.254,2.2373,0.4313,0
AGB-01,3463.0,101.8,2.1345,0.4024,1.45,1450.0,1.3345,0.3909,3.57,0,3,0.9292,0.3232,43.461,78.705,35.244,1.8285,0.416,0
AGB-01,3464.0,86.01,2.2389,0.321,0.618,1975.9,2.0549,0.3854,4.7,0,3,0.8142,0.2656,43.493,78.728,35.234,2.8582,0.4357,0
AGB-01,3465.0,90.36,2.2143,0.3702,1.654,1976.3,1.8009,0.4129,4.42,0,3,0.824,0.2707,43.526,78.75,35.225,2.4917,0.4446,0
AGB-01,3466.0,96.37,2.2373,0.3446,2.147,1860.3,1.7164,0.4154,4.69,0,3,0.8511,0.2639,43.558,78.773,35.215,2.3708,0.4405,0
AGB-01,3467.0,89.29,2.277,0.3359,1.069,2048.7,2.7678,0.396,4.98,0,3,0.7664,0.2608,43.591,78.796,35.205,3.911,0.4155,0
AGB-01,3468.0,95.19,2.1986,0.3721,0.784,1709.9,1.3977,0.4062,4.09,0,3,0.8296,0.2948,43.623,78.819,35.196,1.9184,0.4423,0
AGB-01,3469.0,99.62,2.1855,0.3607,1.355,1678.9,1.3872,0.4151,3.91,0,3,0.8848,0.2834,43.656,78.841,35.186,1.9039,0.4399,0
AGB-01,3470.0,95.22,2.2451,0.3292,0.954,1941.4,2.0911,0.397,5.69,0,3,0.8496,0.2507,43.688,78.864,35.176,2.9127,0.4317,0
AGB-01,3471.0,99.63,2.2082,0.3381,0.84,1866.4,1.7555,0.4098,4.91,0,3,0.8443,0.264,43.721,78.887,35.166,2.4283,0.4384,0
AGB-01,3472.0,88.71,2.2064,0.3571,1.424,1893.7,1.8369,0.4098,4.63,0,3,0.8084,0.2747,43.753,78.91,35.156,2.5456,0.437,0
AGB-01,3473.0,92.6,2.1906,0.3818,2.227,1569.9,1.3804,0.3989,3.97,0,3,0.8826,0.3024,43.786,78.932,35.146,1.8953,0.43,0
AGB-01,3474.0,97.47,2.2482,0.3679,1.225,1712.7,1.4275,0.3966,4.8,0,3,0.8643,0.2793,43.819,78.955,35.136,1.9621,0.4425,0
AGB-01,3475.0,94.65,2.1745,0.3767,1.434,1450.0,1.3571,0.3788,3.82,0,3,0.8736,0.3051,43.851,78.978,35.126,1.8628,0.416,0
AGB-01,3476.0,97.12,2.2073,0.3835,1.383,1637.0,1.396,0.3841,3.68,0,3,0.9034,0.29,43.884,79.0,35.116,1.9181,0.4364,0
AGB-01,3477.0,97.34,2.1937,0.3817,2.18,1450.0,1.3683,0.3883,4.21,0,3,0.8999,0.2937,43.917,79.023,35.106,1.8793,0.416,0
AGB-01,3478.0,95.28,2.1883,0.4021,1.508,1679.9,1.3873,0.4044,4.01,0,3,0.8702,0.2918,43.95,79.046,35.096,1.9064,0.44,0
AGB-01,3479.0,90.68,2.1946,0.3647,1.112,1703.9,1.3927,0.42,4.39,0,3,0.8312,0.2904,43.983,79.069,35.086,1.9144,0.4418,0
AGB-01,3480.0,95.54,2.218,0.3685,1.49,1564.5,1.3952,0.3932,4.01,0,3,0.8967,0.2831,44.016,79.091,35.076,1.9182,0.4295,0
AGB-01,3481.0,98.13,2.2072,0.3692,0.958,1755.6,1.4036,0.4165,4.72,0,3,0.8713,0.2821,44.048,79.114,35.066,1.9304,0.4456,0
AGB-01,3482.0,96.0,2.1971,0.3884,1.61,1648.0,1.3893,0.401,4.88,0,3,0.9026,0.2797,44.081,79.137,35.055,1.9105,0.4373,0
AGB-01,3483.0,86.63,2.2017,0.3646,0.992,1790.7,1.4018,0.42,4.08,0,3,0.827,0.2871,44.114,79.16,35.045,1.9287,0.4479,0
AGB-01,3484.0,99.03,2.1662,0.4104,1.554,1450.0,1.35,0.3758,4.6,0,3,0.9356,0.31,44.147,79.182,35.035,1.8557,0.416,0
AGB-01,3485.0,90.06,2.193,0.3584,1.432,1887.5,1.6607,0.3984,4.28,0,3,0.8215,0.276,44.18,79.205,35.025,2.298,0.4433,0
AGB-01,3486.0,95.89,2.2248,0.3523,1.336,1827.6,1.4175,0.4144,5.37,0,3,0.8875,0.2661,44.213,79.228,35.014,1.952,0.45,0
AGB-01,3487.0,85.03,2.2268,0.3695,1.145,1883.0,2.0662,0.3841,5.38,0,3,0.7898,0.2734,44.246,79.25,35.004,2.8848,0.4266,0
AGB-01,3488.0,90.2,2.2755,0.331,1.588,2108.9,3.0454,0.3839,6.43,0,3,0.7642,0.2524,44.28,79.273,34.994,4.3459,0.4102,0
AGB-01,3489.0,94.0,2.2221,0.3548,2.55,1744.7,1.7271,0.3976,4.35,0,3,0.8068,0.2792,44.313,79.296,34.983,2.3952,0.4293,0
AGB-01,3490.0,102.13,2.2015,0.3746,2.67,1568.2,1.3828,0.3939,3.38,1,3,0.9079,0.2966,44.346,79.319,34.973,1.9045,0.4299,0
AGB-01,3491.0,97.63,2.1815,0.3824,2.375,1469.6,1.3597,0.3841,3.74,0,3,0.898,0.2964,44.379,79.341,34.962,1.8722,0.4186,0
AGB-01,3492.0,96.92,2.1949,0.3849,1.494,1455.7,1.3659,0.3744,3.99,0,3,0.8954,0.2952,44.412,79.364,34.952,1.8813,0.4167,0
AGB-01,3493.0,97.72,2.2349,0.3728,2.04,1827.4,1.4217,0.42,4.33,0,3,0.9002,0.2684,44.446,79.387,34.941,1.9608,0.45,0
AGB-01,3494.0,100.76,2.1562,0.4051,2.081,1450.0,1.3411,0.3876,4.01,0,3,0.9232,0.3074,44.479,79.41,34.931,1.8471,0.416,0
AGB-01,3495.0,103.11,2.1865,0.3688,2.435,1679.8,1.3816,0.4066,4.65,0,3,0.8961,0.2829,44.512,79.432,34.92,1.9048,0.44,0
AGB-01,3496.0,94.05,2.2248,0.3268,1.953,2148.4,2.5163,0.4098,4.55,0,3,0.773,0.2647,44.546,79.455,34.909,3.5549,0.4312,0
AGB-01,3497.0,86.21,2.2055,0.3674,0.823,1544.5,1.3808,0.3924,4.07,0,3,0.8211,0.2918,44.579,79.478,34.899,1.9046,0.4274,0
AGB-01,3498.0,83.22,2.2432,0.3399,1.037,2112.7,2.5916,0.3961,5.16,1,3,0.7455,0.2732,44.612,79.5,34.888,3.6692,0.4263,0
AGB-01,3499.0,94.78,2.1989,0.3568,1.401,1764.8,1.6246,0.3905,4.35,0,3,0.8304,0.2736,44.646,79.523,34.877,2.2533,0.4353,0
AGB-01,3500.0,92.66,2.1924,0.3577,1.229,1641.8,1.3807,0.4006,3.81,0,3,0.864,0.2912,44.679,79.546,34.866,1.9058,0.4368,0
AGB-01,3501.0,101.43,2.1429,0.4063,1.565,1450.0,1.3311,0.4029,3.28,0,3,0.9318,0.3159,44.713,79.569,34.856,1.8357,0.416,0
AGB-01,3502.0,101.87,2.1743,0.4063,2.084,1450.0,1.3498,0.3668,2.99,0,3,0.933,0.3027,44.747,79.591,34.845,1.8627,0.416,0
AGB-01,3503.0,97.93,2.181,0.3839,1.797,1494.2,1.3587,0.3965,3.79,0,3,0.8915,0.2988,44.78,79.614,34.834,1.8758,0.4216,0
AGB-01,3504.0,94.42,2.2161,0.3557,1.913,1809.8,1.4057,0.4117,3.53,0,3,0.8998,0.2754,44.814,79.637,34.823,1.9429,0.4491,0
AGB-01,3505.0,93.76,2.2247,0.373,2.505,1603.0,1.3957,0.4185,5.9,0,3,0.8756,0.2844,44.847,79.66,34.812,1.9291,0.4333,0
AGB-01,3506.0,93.31,2.1796,0.3779,1.059,1576.1,1.3654,0.403,3.58,0,3,0.8363,0.2954,44.881,79.682,34.801,1.8866,0.4307,0
AGB-01,3507.0,94.65,2.212,0.3823,1.346,1715.0,1.3961,0.3981,4.37,0,3,0.8768,0.2851,44.915,79.705,34.79,1.9307,0.4427,0
AGB-01,3508.0,91.58,2.2192,0.3727,1.576,1628.6,1.3936,0.4065,4.22,0,3,0.8547,0.2869,44.948,79.728,34.779,1.9275,0.4356,0
AGB-01,3509.0,92.78,2.2186,0.3708,1.53,1520.7,1.3826,0.3852,3.7,0,3,0.8654,0.2898,44.982,79.75,34.768,1.9124,0.4248,0
AGB-01,3510.0,83.3,2.1968,0.3492,1.524,1833.1,1.6633,0.4107,5.13,0,3,0.7946,0.2857,45.016,79.773,34.757,2.3147,0.4389,0
AGB-01,3511.0,88.18,2.2328,0.3563,1.118,1904.0,1.9894,0.4133,5.65,0,3,0.7892,0.2763,45.05,79.796,34.746,2.7883,0.4316,0
AGB-01,3512.0,96.41,2.2001,0.3805,1.303,1699.9,1.3862,0.4059,4.6,0,3,0.9125,0.2876,45.084,79.819,34.735,1.9188,0.4415,0
AGB-01,3513.0,88.51,2.2357,0.3415,2.05,1928.7,2.1593,0.393,5.84,0,3,0.814,0.2606,45.118,79.841,34.724,3.039,0.4266,0
AGB-01,3514.0,94.87,2.2319,0.3716,2.402,1519.3,1.389,0.4054,4.6,0,3,0.8825,0.273,45.152,79.864,34.713,1.9236,0.4246,0
AGB-01,3515.0,97.75,2.2163,0.3365,1.234,1783.4,1.4008,0.4132,4.44,0,3,0.8647,0.2763,45.185,79.887,34.701,1.9408,0.4474,0
AGB-01,3516.0,96.92,2.189,0.3988,2.582,1596.0,1.37,0.3963,4.17,0,3,0.8908,0.2965,45.219,79.91,34.69,1.8973,0.4326,0
AGB-01,3517.0,97.57,2.2236,0.3628,1.859,1697.9,1.399,0.4169,4.03,0,3,0.8768,0.2741,45.253,79.932,34.679,1.9391,0.4414,0
AGB-01,3518.0,94.33,2.2185,0.3729,2.207,1638.6,1.391,0.42,4.2,0,3,0.8679,0.2741,45.288,79.955,34.667,1.9281,0.4365,0
AGB-01,3519.0,87.15,2.2364,0.3405,1.312,1851.7,1.7787,0.3937,4.67,0,3,0.8322,0.2677,45.322,79.978,34.656,2.4862,0.4364,0
AGB-01,3520.0,95.42,2.2096,0.3745,1.47,1671.3,1.3876,0.4096,4.11,0,3,0.8656,0.2942,45.356,80.0,34.645,1.924,0.4393,0
AGB-01,3521.0,91.7,2.1568,0.3863,1.835,1543.8,1.3441,0.403,3.6,0,3,0.842,0.305,45.39,80.023,34.633,1.8625,0.4273,0
AGB-01,3522.0,93.14,2.2148,0.3325,1.838,1755.6,1.3962,0.4193,5.89,0,3,0.8525,0.2812,45.424,80.046,34.622,1.937,0.4456,0
AGB-01,3523.0,96.83,2.1936,0.3784,1.499,1674.6,1.3773,0.3915,4.89,0,3,0.8952,0.2883,45.458,80.069,34.61,1.9105,0.4395,0
AGB-01,3524.0,89.48,2.228,0.3335,1.42,1732.9,1.7723,0.3933,5.43,0,3,0.8379,0.2649,45.492,80.091,34.599,2.4793,0.4253,0
AGB-01,3525.0,90.42,2.2374,0.3546,1.182,1870.0,1.5779,0.4193,4.49,0,3,0.8299,0.2766,45.527,80.114,34.587,2.1986,0.4462,0
AGB-01,3526.0,89.33,2.2237,0.3621,1.961,1846.1,1.406,0.4134,5.38,0,3,0.849,0.2774,45.561,80.137,34.576,1.9525,0.45,0
AGB-01,3527.0,90.68,2.2151,0.3555,1.52,1736.3,1.5973,0.4131,5.01,0,3,0.8135,0.281,45.595,80.16,34.564,2.2273,0.4342,0
AGB-01,3528.0,95.28,2.2186,0.3314,1.727,1947.5,1.5074,0.4064,4.31,0,3,0.844,0.2738,45.63,80.182,34.553,2.0984,0.45,0
AGB-01,3529.0,91.93,2.1924,0.3661,1.04,1833.9,1.5706,0.42,3.91,0,3,0.8231,0.2781,45.664,80.205,34.541,2.1895,0.4426,0
AGB-01,3530.0,96.47,2.2142,0.3697,1.696,1823.8,1.4113,0.42,4.8,0,3,0.8836,0.2622,45.698,80.228,34.529,1.9611,0.4494,0
AGB-01,3531.0,95.78,2.1747,0.3726,1.275,1568.3,1.3553,0.3915,4.08,0,3,0.8364,0.3003,45.733,80.25,34.518,1.8813,0.4299,0
AGB-01,3532.0,96.99,2.2804,0.3175,1.889,2116.1,1.9977,0.413,5.84,0,3,0.8544,0.2527,45.767,80.273,34.506,2.8116,0.4474,0
AGB-01,3533.0,93.99,2.2074,0.3865,1.501,1658.9,1.3825,0.42,4.25,0,3,0.8578,0.2929,45.802,80.296,34.494,1.9207,0.4382,0
AGB-01,3534.0,93.26,2.201,0.3561,3.141,1721.4,1.3831,0.4129,4.83,0,3,0.8815,0.2657,45.836,80.319,34.482,1.9217,0.4432,0
AGB-01,3535.0,90.56,2.1691,0.3725,1.101,1720.8,1.3634,0.4061,3.24,0,3,0.7966,0.3047,45.871,80.341,34.47,1.8938,0.4431,0
AGB-01,3536.0,93.22,2.2044,0.3748,1.83,1822.4,1.3912,0.42,4.13,0,3,0.8486,0.2848,45.906,80.364,34.458,1.9337,0.4499,0
AGB-01,3537.0,104.35,2.172,0.3669,1.817,1498.3,1.3456,0.3966,3.47,0,3,0.9284,0.297,45.94,80.387,34.447,1.8687,0.4221,0
AGB-01,3538.0,89.55,2.2369,0.3545,1.125,1809.3,1.9435,0.4034,4.72,0,3,0.7943,0.2753,45.975,80.41,34.435,2.7337,0.4246,0
AGB-01,3539.0,85.19,2.1952,0.3604,1.086,1882.1,1.6963,0.4066,4.8,0,3,0.8048,0.2801,46.01,80.432,34.423,2.3736,0.4408,0
AGB-01,3540.0,91.07,2.2062,0.3612,1.834,1905.4,1.8768,0.4122,4.59,0,3,0.7892,0.2793,46.044,80.455,34.411,2.6365,0.4352,0
AGB-01,3541.0,93.18,2.2186,0.3598,2.192,1708.9,1.3922,0.4001,4.5,0,3,0.8557,0.2738,46.079,80.478,34.399,1.9358,0.4422,0
AGB-01,3542.0,92.2,2.1942,0.3289,1.705,1857.5,1.5619,0.4133,4.73,0,3,0.8159,0.2812,46.114,80.5,34.387,2.1796,0.4447,0
AGB-01,3543.0,99.73,2.2186,0.3448,2.009,1737.6,1.3941,0.4148,4.03,0,3,0.8622,0.2773,46.149,80.523,34.374,1.9386,0.4443,0
AGB-01,3544.0,95.42,2.2157,0.3516,1.771,1717.4,1.3908,0.4136,3.97,0,3,0.8903,0.2801,46.184,80.546,34.362,1.9341,0.4429,0
AGB-01,3545.0,92.31,2.245,0.3534,1.249,1866.5,2.1677,0.3899,4.57,0,3,0.7833,0.2716,46.218,80.569,34.35,3.065,0.42,0
AGB-01,3546.0,89.81,2.1366,0.379,1.264,1662.4,1.3387,0.4158,3.59,0,3,0.8351,0.3053,46.253,80.591,34.338,1.8596,0.4385,0
AGB-01,3547.0,92.13,2.1911,0.3628,1.636,1808.3,1.3816,0.4145,5.16,0,3,0.821,0.2967,46.288,80.614,34.326,1.9209,0.449,0
AGB-01,3548.0,94.92,2.2087,0.3458,1.886,1581.5,1.3757,0.383,4.54,0,3,0.8521,0.2807,46.323,80.637,34.314,1.9124,0.4312,0
AGB-01,3549.0,93.41,2.2141,0.369,1.492,1677.8,1.387,0.4084,3.9,0,3,0.886,0.2881,46.358,80.66,34.301,1.9286,0.4398,0
AGB-01,3550.0,100.17,2.2063,0.3675,2.098,1762.5,1.3882,0.4133,3.81,0,3,0.8818,0.2815,46.393,80.682,34.289,1.9303,0.4461,0
AGB-01,3551.0,97.51,2.208,0.3626,2.22,1619.5,1.3787,0.3964,3.72,0,3,0.8981,0.291,46.428,80.705,34.277,1.9167,0.4348,0
AGB-01,3552.0,93.05,2.1693,0.3825,1.558,1574.3,1.3512,0.3977,3.68,0,3,0.8755,0.3039,46.463,80.728,34.264,1.8774,0.4305,0
AGB-01,3553.0,100.66,2.1674,0.4029,2.975,1450.0,1.3368,0.3929,3.64,0,3,0.9152,0.3075,46.499,80.75,34.252,1.8567,0.416,0
AGB-01,3554.0,96.58,2.1956,0.3587,2.725,1622.3,1.3715,0.42,4.63,0,3,0.8687,0.2834,46.534,80.773,34.239,1.9063,0.4351,0
AGB-01,3555.0,93.28,2.1866,0.3872,1.76,1601.8,1.3643,0.4076,4.37,0,3,0.8444,0.2932,46.569,80.796,34.227,1.8959,0.4332,0
AGB-01,3556.0,95.41,2.2194,0.3489,1.637,1865.8,1.4023,0.4102,4.08,0,3,0.8462,0.2783,46.604,80.819,34.214,1.9502,0.45,0
AGB-01,3557.0,89.5,2.2343,0.3474,1.594,1820.5,1.7928,0.4071,4.31,0,3,0.8221,0.2704,46.639,80.841,34.202,2.5138,0.4328,0
AGB-01,3558.0,96.14,2.1968,0.3571,1.483,1561.8,1.3671,0.4134,3.71,0,3,0.8783,0.296,46.675,80.864,34.189,1.8996,0.4292,0
AGB-01,3559.0,97.1,2.1985,0.3745,1.781,1698.7,1.3795,0.42,4.11,0,3,0.9041,0.2898,46.71,80.887,34.177,1.9172,0.4414,0
AGB-01,3560.0,86.35,2.2389,0.3699,1.451,1933.6,1.5553,0.4189,4.21,0,3,0.8287,0.278,46.745,80.91,34.164,2.1694,0.45,0
AGB-01,3561.0,92.94,2.2068,0.364,1.522,1820.8,1.394,0.4079,3.58,0,3,0.8382,0.28,46.781,80.932,34.152,1.9378,0.4497,0
AGB-01,3562.0,93.7,2.2139,0.3602,1.187,1839.1,1.398,0.4129,5.02,0,3,0.8571,0.2746,46.816,80.955,34.139,1.9434,0.45,0
AGB-01,3563.0,96.01,2.1999,0.3571,1.418,1697.3,1.3806,0.3879,3.93,0,3,0.8649,0.2935,46.852,80.978,34.126,1.9183,0.4413,0
AGB-01,3564.0,90.38,2.1455,0.3781,1.608,1473.3,1.3271,0.3775,3.54,0,3,0.846,0.3132,46.887,81.0,34.113,1.842,0.419,0
AGB-01,3565.0,94.26,2.2424,0.3645,1.152,1801.0,1.444,0.4097,4.67,0,3,0.8759,0.2642,46.923,81.023,34.101,2.0089,0.4473,0
AGB-01,3566.0,91.63,2.275,0.3103,2.463,2000.2,2.4918,0.3675,4.65,0,3,0.7963,0.2566,46.958,81.046,34.088,3.5461,0.4205,0
AGB-01,3567.0,46.02,2.3176,0.2195,0.877,3481.7,11.0403,0.2595,9.15,1,1,0.2923,0.2112,46.994,81.069,34.075,21.4481,0.2898,0
AGB-01,3568.0,45.8,2.3168,0.2298,0.89,3373.9,11.123,0.23,10.21,0,1,0.2532,0.2182,47.029,81.091,34.062,21.7337,0.2558,0
AGB-01,3569.0,43.22,2.2925,0.2264,1.15,3522.5,11.7133,0.2175,12.02,0,1,0.2186,0.2067,47.065,81.114,34.049,24.0027,0.2431,0
AGB-01,3570.0,34.29,2.3722,0.184,1.331,3903.9,12.9086,0.1934,15.96,0,0,0.109,0.1888,47.101,81.137,34.036,31.7045,0.2192,0
AGB-01,3571.0,37.3,2.3086,0.1938,1.453,3783.6,12.5254,0.205,11.98,0,0,0.1541,0.1957,47.136,81.16,34.023,28.2344,0.2359,0
AGB-01,3572.0,33.96,2.3392,0.2177,0.602,3981.2,12.9174,0.1956,14.27,0,0,0.0836,0.1972,47.172,81.182,34.01,31.8004,0.2335,0
AGB-01,3573.0,17.56,2.2986,0.1832,1.454,3947.1,12.9686,0.17,12.32,0,0,0.02,0.2025,47.208,81.205,33.997,32.587,0.1909,0
AGB-01,3574.0,29.14,2.3119,0.1925,0.882,3915.3,12.8903,0.2134,11.81,0,0,0.0593,0.2021,47.244,81.228,33.984,31.4283,0.2113,0
AGB-01,3575.0,34.54,2.3467,0.184,1.567,3902.4,12.8927,0.1928,12.77,0,0,0.085,0.1968,47.279,81.25,33.971,31.4518,0.2167,0
AGB-01,3576.0,29.39,2.327,0.1796,1.222,4036.1,12.9828,0.204,15.02,0,0,0.0837,0.1868,47.315,81.273,33.958,32.8286,0.2275,0
AGB-01,3577.0,28.46,2.3509,0.1802,1.081,3891.2,12.9177,0.1761,12.93,0,0,0.0873,0.1917,47.351,81.296,33.945,31.7712,0.2065,0
AGB-01,3578.0,33.48,2.2991,0.1971,0.57,3690.4,12.4139,0.1719,10.94,0,0,0.1181,0.2112,47.387,81.319,33.932,27.4953,0.2183,0
AGB-01,3579.0,27.47,2.334,0.1912,1.332,4127.3,13.0289,0.2145,14.23,0,0,0.0516,0.1925,47.423,81.341,33.918,34.0104,0.2351,0
AGB-01,3580.0,40.8,2.3143,0.1929,1.035,3841.9,12.5301,0.2338,11.07,0,0,0.1383,0.2054,47.459,81.364,33.905,28.2443,0.2541,0
AGB-01,3581.0,28.38,2.3444,0.1718,0.786,4021.1,12.9893,0.2014,13.07,0,0,0.0678,0.1932,47.495,81.387,33.892,32.95,0.2251,0
AGB-01,3582.0,23.0,2.3729,0.1895,1.06,4067.0,13.0403,0.1677,15.4,0,0,0.02,0.185,47.531,81.41,33.879,35.8637,0.1872,0
AGB-01,3583.0,32.25,2.3451,0.1763,1.968,4145.4,13.0411,0.214,15.73,1,0,0.0741,0.1789,47.567,81.432,33.865,34.7132,0.2309,0
AGB-01,3584.0,24.51,2.3548,0.174,2.646,4310.6,12.9823,0.2164,14.77,0,0,0.02,0.1796,47.603,81.455,33.852,37.6699,0.2312,0
AGB-01,3585.0,29.91,2.3028,0.1913,1.965,3807.7,12.6782,0.1863,12.57,0,0,0.078,0.2115,47.639,81.478,33.839,29.3431,0.2177,0
AGB-01,3586.0,36.01,2.3128,0.2141,0.854,3886.4,12.7423,0.2053,12.39,0,0,0.0886,0.2075,47.675,81.5,33.825,29.8893,0.235,0
AGB-01,3587.0,30.1,2.3114,0.2305,1.335,3908.2,12.7719,0.2301,12.76,0,0,0.0899,0.2048,47.712,81.523,33.812,30.163,0.2359,0
AGB-01,3588.0,34.04,2.3269,0.2052,0.94,3894.4,12.8193,0.2127,11.02,0,0,0.079,0.205,47.748,81.546,33.798,30.6307,0.2261,0
AGB-01,3589.0,29.33,2.3618,0.1789,1.256,4142.9,13.0417,0.1873,13.99,0,0,0.0497,0.1837,47.784,81.569,33.785,35.3492,0.223,0
AGB-01,3590.0,32.06,2.2926,0.206,1.004,3856.1,12.6607,0.2158,12.02,0,0,0.0724,0.2166,47.82,81.591,33.771,29.2249,0.2338,0
AGB-01,3591.0,49.49,2.3224,0.235,0.711,3459.2,10.9105,0.2537,9.07,0,1,0.3003,0.2128,47.857,81.614,33.757,20.9991,0.2938,0
AGB-01,3592.0,48.72,2.2783,0.2476,0.695,3200.2,10.318,0.2302,7.92,0,1,0.2855,0.2272,47.893,81.637,33.744,19.1405,0.2582,0
AGB-01,3593.0,47.81,2.318,0.1966,1.104,3568.3,11.4978,0.2493,10.69,0,1,0.2898,0.1949,47.929,81.66,33.73,23.1253,0.2793,0
AGB-01,3594.0,40.83,2.2968,0.2232,0.902,3502.8,11.1048,0.2723,10.98,0,1,0.2884,0.2079,47.966,81.682,33.717,21.6692,0.287,0
AGB-01,3595.0,47.11,2.3288,0.2085,1.301,3735.1,11.9734,0.2449,10.32,0,1,0.2252,0.2037,48.002,81.705,33.703,25.1713,0.284,0
AGB-01,3596.0,53.43,2.2813,0.2304,1.149,3379.5,10.4292,0.2679,9.46,0,1,0.3042,0.2227,48.039,81.728,33.689,19.4774,0.2977,0
AGB-01,3597.0,55.61,2.2433,0.2603,0.597,3086.3,8.9865,0.269,6.47,0,1,0.3501,0.243,48.075,81.75,33.675,15.5964,0.3061,0
AGB-01,3598.0,40.18,2.3292,0.2279,0.756,3761.6,12.14,0.2397,10.06,1,1,0.1855,0.2107,48.112,81.773,33.661,25.9977,0.2764,0
AGB-01,3599.0,66.43,2.2803,0.2737,0.635,2938.5,8.1163,0.2992,9.27,0,2,0.4567,0.2291,48.148,81.796,33.648,13.5901,0.3237,0
AGB-01,3600.0,71.01,2.2865,0.2704,1.176,2819.8,7.0275,0.3143,6.43,0,2,0.5345,0.2297,48.185,81.819,33.634,11.3143,0.3503,0
AGB-01,3601.0,71.73,2.2835,0.293,1.701,2633.4,6.5569,0.3268,7.06,0,2,0.5362,0.2392,48.221,81.841,33.62,10.3954,0.3374,0
AGB-01,3602.0,67.91,2.2391,0.2903,0.888,2446.0,5.5218,0.3242,5.97,0,2,0.5476,0.2594,48.258,81.864,33.606,8.4847,0.3462,0
AGB-01,3603.0,70.84,2.2443,0.2917,1.022,2489.8,5.6421,0.3212,6.3,0,2,0.5531,0.2547,48.295,81.887,33.592,8.6997,0.3492,0
AGB-01,3604.0,71.62,2.2555,0.3301,1.274,2497.1,5.3939,0.3321,4.75,0,2,0.5627,0.2592,48.332,81.91,33.578,8.258,0.3627,0
AGB-01,3605.0,69.48,2.2909,0.2852,1.254,2648.8,7.097,0.293,6.86,0,2,0.5166,0.2312,48.368,81.932,33.564,11.4538,0.314,0
AGB-01,3606.0,68.59,2.2851,0.2874,0.91,2650.0,6.8753,0.3005,6.95,0,2,0.5324,0.2315,48.405,81.955,33.55,11.0136,0.3253,0
AGB-01,3607.0,68.16,2.2661,0.2872,1.153,2873.0,7.0957,0.3213,7.02,0,2,0.5257,0.2304,48.442,81.978,33.536,11.4508,0.3539,0
AGB-01,3608.0,47.19,2.2915,0.2379,0.642,3437.9,11.0478,0.2739,9.29,0,1,0.2527,0.2207,48.479,82.0,33.522,21.4763,0.2741,0
AGB-01,3609.0,41.5,2.3056,0.213,0.86,3520.4,11.4199,0.2468,10.94,0,1,0.2511,0.2096,48.516,82.023,33.508,22.8299,0.2708,0
AGB-01,3610.0,42.93,2.3377,0.2288,1.197,3378.7,11.306,0.2167,11.78,0,1,0.249,0.2131,48.553,82.046,33.493,22.3988,0.2461,0
AGB-01,3611.0,45.93,2.2974,0.2363,0.962,3309.3,10.9538,0.2093,9.58,0,1,0.2531,0.2195,48.59,82.069,33.479,21.1513,0.2452,0
AGB-01,3612.0,53.32,2.2458,0.2531,0.982,3185.0,9.6558,0.2874,7.46,0,1,0.3042,0.2407,48.626,82.091,33.465,17.2906,0.2921,0
AGB-01,3613.0,49.53,2.2807,0.2527,0.691,3512.2,10.8429,0.263,8.5,0,1,0.2788,0.2204,48.663,82.114,33.451,20.777,0.3021,0
AGB-01,3614.0,46.81,2.3235,0.2201,1.119,3543.7,11.6468,0.2538,11.2,0,1,0.2364,0.2075,48.701,82.137,33.436,23.721,0.2626,0
AGB-01,3615.0,40.77,2.313,0.2288,1.195,3598.3,11.852,0.2378,11.33,0,1,0.2002,0.2119,48.738,82.16,33.422,24.5984,0.2575,0
AGB-01,3616.0,49.76,2.362,0.1924,1.322,3548.6,11.9064,0.2179,13.23,0,1,0.2694,0.1862,48.775,82.182,33.408,24.8409,0.2488,0
AGB-01,3617.0,48.59,2.2768,0.2505,1.002,3276.2,10.5549,0.2437,7.54,0,1,0.2649,0.2283,48.812,82.205,33.393,19.8484,0.2631,0
AGB-01,3618.0,49.45,2.3191,0.219,0.925,3398.7,10.996,0.2366,11.62,0,1,0.296,0.2079,48.849,82.228,33.379,21.2753,0.2734,0
AGB-01,3619.0,51.84,2.3376,0.223,1.073,3370.3,10.8722,0.2439,9.92,0,1,0.3163,0.2063,48.886,82.25,33.364,20.8562,0.2782,0
AGB-01,3620.0,53.4,2.2712,0.2376,0.633,3259.2,9.5139,0.297,7.64,0,1,0.3493,0.2329,48.923,82.273,33.35,16.903,0.3192,0
AGB-01,3621.0,45.38,2.305,0.2451,1.242,3455.7,11.2284,0.2421,11.5,0,1,0.2442,0.2185,48.961,82.296,33.335,22.0788,0.269,0
AGB-01,3622.0,41.35,2.327,0.2042,0.772,3690.2,11.9417,0.255,12.66,0,1,0.217,0.2067,48.998,82.319,33.321,24.9679,0.2769,0
AGB-01,3623.0,44.46,2.3154,0.218,0.799,3405.0,11.2199,0.2457,10.58,0,1,0.2301,0.2234,49.035,82.341,33.306,22.0392,0.2577,0
AGB-01,3624.0,47.18,2.293,0.2468,0.901,3300.1,10.6945,0.2498,8.82,0,1,0.2706,0.2234,49.073,82.364,33.291,20.2629,0.2635,0
AGB-01,3625.0,44.78,2.3081,0.2485,1.064,3359.6,10.8149,0.2544,8.57,0,1,0.2594,0.227,49.11,82.387,33.277,20.6466,0.2744,0
AGB-01,3626.0,42.51,2.2856,0.2253,0.97,3381.8,11.3009,0.2099,8.81,0,1,0.2248,0.2165,49.147,82.41,33.262,22.3212,0.2362,0
AGB-01,3627.0,43.24,2.3072,0.2078,1.202,3640.8,11.8381,0.2513,11.58,0,1,0.2108,0.2103,49.185,82.432,33.247,24.4712,0.2701,0
AGB-01,3628.0,43.99,2.3241,0.2167,1.301,3732.4,12.0521,0.2534,9.32,0,1,0.2007,0.2086,49.222,82.455,33.233,25.4536,0.2779,0
AGB-01,3629.0,48.41,2.2991,0.2312,0.981,3351.8,10.8979,0.2409,10.02,0,1,0.2621,0.2212,49.26,82.478,33.218,20.9041,0.2648,0
AGB-01,3630.0,39.26,2.3311,0.2136,0.729,3708.4,11.8274,0.2621,10.92,0,1,0.2143,0.215,49.297,82.5,33.203,24.4054,0.2909,0
AGB-01,3631.0,45.16,2.3004,0.2278,1.845,3541.5,11.5114,0.2539,11.37,0,1,0.2413,0.2099,49.335,82.523,33.188,23.0961,0.2699,0
AGB-01,3632.0,51.89,2.2909,0.2639,1.198,3270.9,10.1322,0.2766,8.27,0,1,0.3279,0.2221,49.373,82.546,33.173,18.5509,0.2931,0
AGB-01,3633.0,54.11,2.2691,0.2429,1.217,3244.6,9.7397,0.2823,10.18,0,1,0.3275,0.2332,49.41,82.569,33.158,17.4667,0.3055,0
AGB-01,3634.0,39.31,2.334,0.1863,1.335,3915.9,12.7572,0.223,11.7,0,1,0.1369,0.1937,49.448,82.591,33.144,29.7829,0.2508,0
AGB-01,3635.0,94.1,2.1966,0.3589,3.41,1644.3,1.377,0.4049,3.67,0,3,0.8506,0.29,49.486,82.614,33.129,1.9097,0.437,0
AGB-01,3636.0,101.74,2.197,0.3981,1.109,1485.2,1.362,0.3995,4.39,0,3,0.8901,0.2953,49.523,82.637,33.114,1.8882,0.4205,0
AGB-01,3637.0,88.05,2.1598,0.3703,1.376,1503.8,1.3417,0.3875,3.94,0,3,0.8113,0.3069,49.561,82.66,33.099,1.8591,0.4228,0
AGB-01,3638.0,100.38,2.1977,0.37,1.36,1623.6,1.3762,0.41,4.56,0,3,0.8786,0.2884,49.599,82.682,33.083,1.9082,0.4352,0
AGB-01,3639.0,93.31,2.2371,0.3387,1.786,1913.7,1.6514,0.418,5.05,0,3,0.8314,0.2726,49.637,82.705,33.068,2.303,0.4462,0
AGB-01,3640.0,92.33,2.1512,0.3919,1.06,1450.0,1.3304,0.387,3.69,0,3,0.8731,0.3118,49.675,82.728,33.053,1.8428,0.416,0
AGB-01,3641.0,98.52,2.2284,0.374,2.039,1679.4,1.3995,0.4113,3.98,0,3,0.8865,0.2818,49.712,82.75,33.038,1.9413,0.4399,0
AGB-01,3642.0,96.08,2.1351,0.3875,1.737,1450.0,1.3208,0.3735,2.98,0,3,0.8687,0.3127,49.75,82.773,33.023,1.8291,0.416,0
AGB-01,3643.0,99.7,2.1879,0.3942,1.634,1456.8,1.3534,0.3917,4.11,0,3,0.9076,0.2897,49.788,82.796,33.008,1.8755,0.4169,0
AGB-01,3644.0,90.68,2.2131,0.3449,1.325,1897.9,1.9922,0.3993,4.27,0,3,0.8109,0.2662,49.826,82.819,32.992,2.7981,0.43,0
AGB-01,3645.0,92.01,2.1923,0.39,1.596,1508.5,1.3622,0.4003,4.1,0,3,0.8686,0.2946,49.864,82.841,32.977,1.8879,0.4233,0
AGB-01,3646.0,92.68,2.1899,0.3542,2.034,1822.9,1.3854,0.4151,3.86,0,3,0.8285,0.2842,49.902,82.864,32.962,1.921,0.4499,0
AGB-01,3647.0,92.21,2.1747,0.3413,1.644,1632.3,1.3632,0.4043,4.41,0,3,0.8674,0.2901,49.94,82.887,32.946,1.8893,0.436,0
AGB-01,3648.0,92.16,2.2084,0.3804,1.0,1652.4,1.3854,0.3959,3.66,0,3,0.8371,0.2949,49.979,82.91,32.931,1.9209,0.4377,0
AGB-01,3649.0,90.76,2.2478,0.3676,1.535,1611.6,1.4059,0.4058,4.58,0,3,0.8609,0.2828,50.017,82.932,32.916,1.9502,0.4341,0
AGB-01,3650.0,90.55,2.1808,0.361,1.451,1714.1,1.3731,0.4022,3.51,0,3,0.8449,0.2944,50.055,82.955,32.9,1.9034,0.4426,0
AGB-01,3651.0,92.56,2.2471,0.3108,2.118,1777.5,1.6412,0.4035,4.44,0,3,0.8434,0.2681,50.093,82.978,32.885,2.2878,0.4369,0
AGB-01,3652.0,101.18,2.2137,0.3778,2.299,1553.9,1.3799,0.4144,3.52,0,3,0.8873,0.288,50.131,83.0,32.869,1.9131,0.4284,0
AGB-01,3653.0,92.3,2.2055,0.363,1.696,1700.6,1.3872,0.4147,3.73,0,3,0.8191,0.2908,50.17,83.023,32.854,1.9235,0.4416,0
AGB-01,3654.0,92.32,2.1821,0.3801,1.447,1773.2,1.3778,0.42,4.58,0,3,0.8421,0.2946,50.208,83.046,32.838,1.91,0.4468,0
AGB-01,3655.0,89.77,2.1883,0.3622,1.708,1937.7,1.9785,0.4175,4.24,0,3,0.7756,0.2796,50.246,83.069,32.822,2.778,0.4331,0
AGB-01,3656.0,100.44,2.1417,0.3862,1.893,1450.0,1.3249,0.3812,3.56,0,3,0.8928,0.3082,50.285,83.091,32.807,1.8348,0.416,0
AGB-01,3657.0,86.78,2.2288,0.3518,1.46,2076.0,2.857,0.3805,4.15,0,3,0.6984,0.2799,50.323,83.114,32.791,4.0907,0.4111,0
AGB-01,3658.0,92.08,2.1988,0.3897,1.542,1827.2,1.3911,0.4017,4.44,0,3,0.8359,0.2974,50.361,83.137,32.775,1.9291,0.45,0
AGB-01,3659.0,96.68,2.1777,0.3881,1.47,1743.1,1.3731,0.4034,3.14,0,3,0.8723,0.302,50.4,83.16,32.76,1.9034,0.4447,0
AGB-01,3660.0,100.35,2.2145,0.3768,1.352,1534.9,1.3784,0.4024,3.99,0,3,0.9122,0.2923,50.438,83.182,32.744,1.911,0.4263,0
AGB-01,3661.0,104.28,2.1723,0.4031,3.193,1450.0,1.3433,0.3776,3.55,0,3,0.98,0.2982,50.477,83.205,32.728,1.861,0.416,0
AGB-01,3662.0,97.02,2.1868,0.3783,1.5,1581.7,1.3661,0.4094,3.9,0,3,0.887,0.2959,50.515,83.228,32.712,1.8935,0.4312,0
AGB-01,3663.0,100.93,2.1762,0.3721,1.53,1607.5,1.362,0.3826,4.17,0,3,0.8623,0.2932,50.554,83.25,32.697,1.8877,0.4337,0
AGB-01,3664.0,97.22,2.2007,0.3454,1.202,1663.1,1.3814,0.3976,4.67,0,3,0.8707,0.278,50.593,83.273,32.681,1.9154,0.4386,0
AGB-01,3665.0,96.78,2.2057,0.3582,1.738,1627.2,1.3816,0.3973,4.6,0,3,0.8984,0.2866,50.631,83.296,32.665,1.9156,0.4355,0
AGB-01,3666.0,94.65,2.1749,0.3622,1.661,1580.6,1.3588,0.4,3.88,0,3,0.8768,0.2935,50.67,83.319,32.649,1.8831,0.4311,0
AGB-01,3667.0,95.98,2.1791,0.384,1.493,1629.9,1.3657,0.3842,3.74,0,3,0.8691,0.2958,50.709,83.341,32.633,1.8928,0.4358,0
AGB-01,3668.0,86.9,2.2087,0.3543,1.559,1839.3,1.3979,0.4184,4.5,0,3,0.8231,0.286,50.747,83.364,32.617,1.9388,0.45,0
AGB-01,3669.0,97.43,2.1727,0.398,1.741,1486.1,1.3478,0.3971,3.94,0,3,0.8926,0.2961,50.786,83.387,32.601,1.8674,0.4207,0
AGB-01,3670.0,91.27,2.1663,0.364,1.087,1603.5,1.3557,0.4019,3.73,0,3,0.8216,0.3027,50.825,83.41,32.585,1.8786,0.4333,0
AGB-01,3671.0,94.49,2.1972,0.3793,2.097,1524.3,1.3669,0.396,3.38,0,3,0.8884,0.2916,50.864,83.432,32.569,1.8945,0.4252,0
AGB-01,3672.0,96.28,2.1854,0.3872,1.209,1695.7,1.3747,0.4155,3.45,0,3,0.8702,0.2953,50.903,83.455,32.552,1.9055,0.4412,0
AGB-01,3673.0,101.96,2.2164,0.3938,4.317,1479.7,1.3735,0.3709,4.04,0,3,0.9531,0.2816,50.942,83.478,32.536,1.9039,0.4198,0
AGB-01,3674.0,91.94,2.1461,0.3988,1.098,1453.8,1.3281,0.395,3.65,0,3,0.839,0.3221,50.98,83.5,32.52,1.8392,0.4165,0
AGB-01,3675.0,95.1,2.1486,0.3783,1.283,1616.7,1.3462,0.4032,2.94,0,3,0.8623,0.309,51.019,83.523,32.504,1.8648,0.4346,0
AGB-01,3676.0,95.5,2.1628,0.4099,2.784,1456.8,1.3387,0.3787,4.0,0,3,0.9005,0.3088,51.058,83.546,32.488,1.854,0.4169,0
AGB-01,3677.0,94.39,2.1713,0.3845,2.095,1720.9,1.368,0.3978,3.94,0,3,0.85,0.3043,51.097,83.569,32.471,1.8957,0.4431,0
AGB-01,3678.0,94.81,2.1779,0.3744,1.764,1450.0,1.347,0.4123,2.88,0,3,0.9213,0.3268,51.137,83.591,32.455,1.8657,0.416,0
AGB-01,3679.0,98.97,2.166,0.3993,1.131,1450.0,1.34,0.3802,3.3,0,3,0.8884,0.3124,51.176,83.614,32.439,1.8555,0.416,0
AGB-01,3680.0,90.15,2.1924,0.3505,2.005,1684.3,1.3785,0.4156,4.44,0,3,0.8436,0.2934,51.215,83.637,32.422,1.9104,0.4403,0
AGB-01,3681.0,98.79,2.161,0.3838,2.232,1450.0,1.337,0.3756,4.06,0,3,0.9273,0.3142,51.254,83.66,32.406,1.8512,0.416,0
AGB-01,3682.0,94.19,2.1988,0.3563,1.996,1509.8,1.3669,0.3862,3.58,0,3,0.8727,0.2896,51.293,83.682,32.389,1.8936,0.4235,0
AGB-01,3683.0,99.83,2.2094,0.3888,2.067,1895.4,1.402,0.4064,4.55,0,3,0.8843,0.2766,51.332,83.705,32.373,1.9436,0.45,0
AGB-01,3684.0,91.14,2.1404,0.3693,0.98,1800.5,1.3545,0.413,3.27,0,3,0.8128,0.2996,51.372,83.728,32.356,1.8757,0.4485,0
AGB-01,3685.0,94.82,2.1586,0.3921,1.392,1540.5,1.346,0.3999,3.18,0,3,0.8676,0.306,51.411,83.75,32.34,1.8635,0.427,0
AGB-01,3686.0,98.27,2.1541,0.3548,1.381,1450.0,1.3333,0.3831,3.5,0,3,0.9058,0.301,51.45,83.773,32.323,1.8453,0.416,0
AGB-01,3687.0,90.98,2.2065,0.3494,1.873,1665.0,1.3864,0.4198,4.65,0,3,0.8423,0.2853,51.489,83.796,32.306,1.9207,0.4388,0
AGB-01,3688.0,93.44,2.2013,0.3751,0.937,1575.8,1.3757,0.4116,4.35,0,3,0.8495,0.3003,51.529,83.819,32.29,1.9053,0.4306,0
AGB-01,3689.0,29.57,2.3025,0.208,0.946,3741.5,12.6796,0.1809,11.77,0,0,0.0699,0.2125,51.568,83.841,32.273,28.9176,0.2025,0
AGB-01,3690.0,31.55,2.3381,0.1878,0.804,3957.8,12.8944,0.2312,13.7,0,0,0.1062,0.1958,51.608,83.864,32.256,30.76,0.2457,0
AGB-01,3691.0,22.36,2.3236,0.1745,1.534,4146.2,13.1138,0.2009,14.31,0,0,0.02,0.192,51.647,83.887,32.24,34.8174,0.2233,0
AGB-01,3692.0,30.35,2.3121,0.1921,0.976,3832.1,12.7887,0.203,14.6,0,0,0.1117,0.194,51.687,83.91,32.223,29.7367,0.2201,0
AGB-01,3693.0,30.92,2.3021,0.1842,1.663,3962.4,12.7742,0.2545,15.18,0,0,0.1007,0.2058,51.726,83.932,32.206,29.6004,0.259,0
AGB-01,3694.0,30.0,2.3274,0.2102,1.592,4011.3,12.9693,0.2088,10.62,0,0,0.0761,0.2,51.766,83.955,32.189,31.5177,0.2446,0
AGB-01,3695.0,28.59,2.2882,0.1863,0.958,3966.6,12.9743,0.1917,13.64,1,0,0.0552,0.1986,51.805,83.978,32.172,31.5522,0.2196,0
AGB-01,3696.0,32.92,2.3312,0.1857,0.979,3898.6,12.9349,0.2063,15.12,0,0,0.0988,0.1902,51.845,84.0,32.155,31.0639,0.2193,0
AGB-01,3697.0,35.18,2.3452,0.184,1.008,3951.9,13.0271,0.1942,13.99,0,0,0.0842,0.1877,51.885,84.023,32.138,32.2219,0.217,0
AGB-01,3698.0,27.34,2.3405,0.1837,1.314,4111.9,13.1236,0.2156,13.59,1,0,0.0301,0.193,51.924,84.046,32.122,34.4134,0.2248,0
AGB-01,3699.0,31.07,2.3207,0.1788,1.683,3898.2,12.7828,0.233,13.94,0,0,0.1318,0.1934,51.964,84.069,32.105,29.5751,0.2466,0
AGB-01,3700.0,27.32,2.3583,0.1849,1.431,4110.4,13.1319,0.2139,16.74,0,0,0.0581,0.1826,52.004,84.091,32.087,34.6296,0.2251,0
AGB-01,3701.0,29.78,2.333,0.1676,1.372,3974.2,12.9874,0.2259,16.55,0,0,0.0885,0.1933,52.044,84.114,32.07,31.5589,0.2344,0
AGB-01,3702.0,40.36,2.3488,0.1791,1.027,3893.7,12.831,0.2381,14.65,0,0,0.1353,0.1917,52.084,84.137,32.053,29.9308,0.2453,0
AGB-01,3703.0,35.69,2.3062,0.2044,1.47,3860.3,12.6143,0.2341,10.49,0,0,0.1259,0.2065,52.123,84.16,32.036,28.2714,0.2567,0
AGB-01,3704.0,34.05,2.3441,0.212,1.147,3922.9,12.9246,0.2207,12.16,0,0,0.0962,0.1979,52.163,84.182,32.019,30.7797,0.2367,0
AGB-01,3705.0,32.76,2.3536,0.1769,1.493,4040.1,13.0851,0.2111,14.72,0,0,0.079,0.1886,52.203,84.205,32.002,32.9134,0.2342,0
AGB-01,3706.0,33.38,2.344,0.2004,1.278,3909.7,12.8875,0.2292,12.49,0,0,0.1386,0.1854,52.243,84.228,31.985,30.3769,0.2404,0
AGB-01,3707.0,34.2,2.3136,0.1855,1.805,3883.9,12.9114,0.184,15.04,0,0,0.0915,0.1946,52.283,84.25,31.967,30.5883,0.2196,0
AGB-01,3708.0,34.85,2.2939,0.2286,1.065,3522.6,11.7964,0.2246,8.67,0,0,0.1655,0.2238,52.323,84.273,31.95,24.0171,0.2431,0
AGB-01,3709.0,35.27,2.3017,0.2044,0.971,3830.6,12.4192,0.2372,9.88,0,0,0.1446,0.2115,52.363,84.296,31.933,27.0097,0.2703,0
AGB-01,3710.0,21.35,2.3872,0.173,0.826,4121.9,13.16,0.1829,15.22,0,0,0.0433,0.1829,52.403,84.319,31.915,35.5713,0.2191,0
AGB-01,3711.0,43.75,2.3014,0.2389,1.113,3452.7,11.1677,0.2549,9.26,0,1,0.2523,0.2184,52.443,84.341,31.898,21.6225,0.2768,0
AGB-01,3712.0,50.06,2.3265,0.2414,0.949,3441.8,11.2018,0.2444,9.01,0,1,0.2724,0.2117,52.484,84.364,31.881,21.7371,0.2765,0
AGB-01,3713.0,47.94,2.3579,0.232,1.478,3535.5,11.8772,0.2131,10.69,0,1,0.2475,0.1973,52.524,84.387,31.863,24.331,0.2549,0
AGB-01,3714.0,42.43,2.2792,0.2449,0.969,3463.9,10.9728,0.2794,9.43,0,1,0.242,0.2284,52.564,84.41,31.846,20.9548,0.2884,0
AGB-01,3715.0,48.48,2.3073,0.2184,0.878,3341.8,10.8797,0.2385,10.31,0,1,0.294,0.2107,52.604,84.432,31.828,20.6478,0.2694,0
AGB-01,3716.0,43.37,2.3062,0.2165,1.247,3521.4,11.2481,0.2668,10.48,0,1,0.2638,0.2137,52.644,84.455,31.811,21.8844,0.2889,0
AGB-01,3717.0,45.26,2.33,0.2071,1.579,3470.0,11.7164,0.2288,10.5,0,1,0.2384,0.2023,52.685,84.478,31.793,23.6435,0.2438,0
AGB-01,3718.0,43.62,2.3325,0.2132,0.886,3650.9,11.7464,0.2715,11.75,0,1,0.2497,0.2046,52.725,84.5,31.775,23.7619,0.2894,0
AGB-01,3719.0,58.58,2.3096,0.2581,0.638,3265.7,10.6929,0.2399,9.43,0,1,0.2835,0.2195,52.765,84.523,31.758,20.0486,0.262,0
AGB-01,3720.0,49.3,2.326,0.2165,1.138,3401.5,11.4484,0.2021,9.49,0,1,0.276,0.1972,52.806,84.546,31.74,22.5979,0.2459,0
AGB-01,3721.0,36.24,2.2961,0.2123,1.682,3703.4,12.4895,0.1937,10.84,0,1,0.124,0.2078,52.846,84.569,31.722,27.3349,0.226,0
AGB-01,3722.0,44.13,2.2815,0.2522,0.955,3274.6,10.5144,0.253,9.48,1,1,0.2677,0.23,52.887,84.591,31.705,19.5003,0.2718,0
AGB-01,3723.0,46.49,2.2919,0.2436,1.095,3494.1,10.9089,0.2662,8.94,0,1,0.263,0.2252,52.927,84.614,31.687,20.7255,0.301,0
AGB-01,3724.0,34.57,2.2836,0.2217,1.047,3632.0,12.2783,0.2144,10.05,0,0,0.1304,0.2138,52.968,84.637,31.669,26.1665,0.2256,0
AGB-01,3725.0,35.29,2.3329,0.213,1.496,3635.1,12.1,0.224,10.76,0,0,0.1932,0.2077,53.008,84.66,31.651,25.2905,0.2581,0
AGB-01,3726.0,32.31,2.3143,0.1972,1.177,3760.6,12.5286,0.2192,11.45,0,0,0.1367,0.2061,53.049,84.682,31.633,27.5573,0.2443,0
AGB-01,3727.0,20.59,2.3531,0.1816,0.636,3973.8,13.1471,0.1608,12.41,0,0,0.0242,0.1947,53.09,84.705,31.615,33.682,0.1941,0
AGB-01,3728.0,22.94,2.342,0.1672,1.802,4131.0,13.1785,0.2164,12.3,0,0,0.02,0.1882,53.13,84.728,31.598,35.2143,0.2159,0
AGB-01,3729.0,30.78,2.3249,0.1692,1.362,4001.5,13.0973,0.1802,13.25,0,0,0.0659,0.1887,53.171,84.75,31.58,32.6489,0.2191,0
AGB-01,3730.0,28.43,2.3226,0.1924,1.143,3881.5,12.896,0.2012,10.26,0,0,0.064,0.2099,53.212,84.773,31.562,30.2453,0.2287,0
AGB-01,3731.0,29.97,2.3563,0.1763,1.267,3864.8,13.0069,0.1959,13.42,0,0,0.0757,0.1954,53.252,84.796,31.544,31.3967,0.2069,0
AGB-01,3732.0,35.08,2.2987,0.2059,1.787,3906.1,12.8146,0.2232,11.51,0,0,0.0931,0.2047,53.293,84.819,31.525,29.5545,0.2439,0
AGB-01,3733.0,28.11,2.3383,0.1845,1.175,3888.3,12.995,0.1927,13.94,0,0,0.0868,0.1914,53.334,84.841,31.507,31.2777,0.213,0
AGB-01,3734.0,25.9,2.3365,0.1797,0.976,4124.0,13.162,0.1981,15.45,1,0,0.0539,0.1836,53.375,84.864,31.489,34.3397,0.2289,0
AGB-01,3735.0,35.63,2.3173,0.2076,0.773,3605.0,12.0826,0.2132,9.6,0,0,0.1756,0.2114,53.416,84.887,31.471,25.2314,0.2471,0
AGB-01,3736.0,30.44,2.3051,0.2092,1.167,3695.0,12.7039,0.1787,13.24,1,0,0.0964,0.1994,53.457,84.91,31.453,28.7503,0.1874,0
AGB-01,3737.0,30.53,2.3209,0.1841,0.982,3980.1,12.9481,0.2171,13.36,0,0,0.0965,0.1959,53.498,84.932,31.435,30.8282,0.2466,0
AGB-01,3738.0,33.46,2.3165,0.2141,1.797,3775.6,12.5727,0.2192,10.55,0,0,0.1259,0.207,53.539,84.955,31.416,27.8879,0.2426,0
AGB-01,3739.0,32.6,2.3617,0.1813,1.956,4053.3,13.1534,0.2023,14.74,0,0,0.0478,0.1848,53.58,84.978,31.398,34.37,0.2121,0
AGB-01,3740.0,23.06,2.3607,0.1683,1.024,4083.8,13.1627,0.1681,14.76,0,0,0.02,0.1853,53.621,85.0,31.38,35.3917,0.2009,0
AGB-01,3741.0,23.51,2.3278,0.1986,2.187,4082.7,13.1462,0.1894,14.97,0,0,0.0269,0.1906,53.662,85.023,31.361,34.2381,0.2149,0
AGB-01,3742.0,37.37,2.3308,0.1919,1.415,3719.8,12.5642,0.2137,8.47,0,0,0.119,0.2084,53.703,85.046,31.343,27.8789,0.2287,0
AGB-01,3743.0,32.77,2.3502,0.1795,1.401,4023.2,13.0896,0.2001,15.67,0,0,0.0761,0.1871,53.744,85.069,31.325,32.8863,0.2286,0
AGB-01,3744.0,27.6,2.3515,0.1902,0.913,4027.1,13.1463,0.174,17.65,0,0,0.0498,0.177,53.785,85.091,31.306,34.5994,0.1934,0
AGB-01,3745.0,30.67,2.3109,0.1801,0.831,3995.0,12.9641,0.2024,12.39,0,0,0.0717,0.2004,53.826,85.114,31.288,31.1832,0.242,0
AGB-01,3746.0,26.65,2.3518,0.1697,1.892,4045.0,13.1344,0.191,20.18,0,0,0.0456,0.1839,53.868,85.137,31.269,34.2918,0.2077,0
AGB-01,3747.0,33.66,2.2751,0.2068,0.913,3682.5,12.3646,0.2044,10.17,0,0,0.1294,0.2076,53.909,85.16,31.251,26.7648,0.2264,0
AGB-01,3748.0,25.02,2.3645,0.1949,1.177,4104.6,13.1398,0.1777,16.38,0,0,0.02,0.1834,53.95,85.182,31.232,35.7232,0.2029,0
AGB-01,3749.0,22.4,2.3569,0.1784,0.995,4117.7,13.137,0.1713,16.05,0,0,0.02,0.1836,53.991,85.205,31.214,35.6816,0.2062,0
AGB-01,3750.0,22.82,2.3443,0.1681,1.951,4074.9,13.1311,0.1591,15.96,0,0,0.02,0.1887,54.033,85.228,31.195,34.7837,0.2056,0
AGB-01,3751.0,24.79,2.2918,0.1882,1.317,3712.6,12.5389,0.1895,12.02,0,0,0.0992,0.2095,54.074,85.25,31.176,27.8527,0.2154,0
AGB-01,3752.0,35.74,2.3264,0.1822,0.901,3835.2,12.8519,0.1897,10.99,1,0,0.0722,0.2036,54.116,85.273,31.158,30.2309,0.214,0
AGB-01,3753.0,28.06,2.3306,0.1987,0.881,3861.6,12.766,0.2224,11.87,0,0,0.0993,0.2044,54.157,85.296,31.139,29.5081,0.2396,0
AGB-01,3754.0,32.07,2.3361,0.1842,1.047,3917.0,12.9522,0.1886,14.84,0,0,0.084,0.1927,54.199,85.319,31.12,31.3336,0.2213,0
AGB-01,3755.0,24.68,2.35,0.148,1.042,4121.6,13.1139,0.1804,16.91,0,0,0.0305,0.1896,54.24,85.341,31.101,34.7246,0.2246,0
AGB-01,3756.0,29.48,2.3089,0.1744,1.427,3799.0,12.8434,0.1748,12.23,0,0,0.0618,0.201,54.282,85.364,31.082,30.2585,0.1927,0
AGB-01,3757.0,32.37,2.309,0.1945,1.131,3762.2,12.4301,0.2335,11.68,0,0,0.1545,0.2008,54.323,85.387,31.064,27.2829,0.2491,0
AGB-01,3758.0,34.24,2.3158,0.2054,1.031,3738.0,12.4813,0.2116,11.55,0,0,0.1241,0.2082,54.365,85.41,31.045,27.6072,0.2367,0
AGB-01,3759.0,25.72,2.3398,0.1725,0.965,3992.8,13.069,0.1839,16.38,1,0,0.0514,0.1849,54.407,85.432,31.026,33.4827,0.2021,0
AGB-01,3760.0,36.97,2.3312,0.1756,1.259,3858.7,12.8107,0.2142,12.46,0,0,0.1069,0.1945,54.448,85.455,31.007,30.0606,0.2275,0
AGB-01,3761.0,32.87,2.3186,0.2219,1.394,3712.4,12.5984,0.1736,12.39,0,0,0.1169,0.1991,54.49,85.478,30.988,28.4191,0.2092,0
AGB-01,3762.0,25.62,2.3324,0.1698,1.75,4090.2,13.0756,0.1979,13.01,0,0,0.0379,0.1904,54.532,85.5,30.969,33.9392,0.2247,0
AGB-01,3763.0,34.04,2.3116,0.2067,1.434,3702.6,12.5646,0.1844,9.85,0,0,0.0795,0.2142,54.574,85.523,30.95,28.2208,0.2082,0
AGB-01,3764.0,35.82,2.3242,0.2001,1.113,3892.7,12.7,0.2121,15.27,0,0,0.1438,0.191,54.615,85.546,30.931,29.2131,0.2525,0
AGB-01,3765.0,31.36,2.3564,0.1732,1.703,4164.0,13.0852,0.2191,13.5,0,0,0.0667,0.1781,54.657,85.569,30.911,34.8067,0.2376,0
AGB-01,3766.0,26.34,2.3316,0.1918,1.065,3933.9,12.9414,0.1924,10.57,0,0,0.0625,0.1977,54.699,85.591,30.892,31.6009,0.2201,0
AGB-01,3767.0,50.27,2.3178,0.2365,1.39,3419.5,11.0613,0.2437,11.16,0,1,0.2867,0.2066,54.741,85.614,30.873,21.4224,0.2755,0
AGB-01,3768.0,41.65,2.3018,0.2118,0.842,3339.9,11.3284,0.1688,9.83,0,1,0.2342,0.2079,54.783,85.637,30.854,22.3773,0.2234,0
AGB-01,3769.0,42.9,2.3228,0.2285,0.689,3647.0,11.5122,0.2601,8.75,0,1,0.2381,0.2142,54.825,85.66,30.835,23.0785,0.298,0
AGB-01,3770.0,48.85,2.2803,0.2472,1.01,3202.4,10.0118,0.2554,6.96,0,1,0.2926,0.2335,54.867,85.682,30.815,18.2051,0.282,0
AGB-01,3771.0,43.69,2.3126,0.2155,1.281,3572.3,11.6225,0.2446,9.63,0,1,0.2318,0.2074,54.909,85.705,30.796,23.526,0.2718,0
AGB-01,3772.0,43.14,2.3025,0.2477,0.88,3435.3,11.0116,0.2645,9.58,0,1,0.2484,0.222,54.951,85.728,30.777,21.2722,0.2797,0
AGB-01,3773.0,44.6,2.266,0.2476,1.177,3178.6,10.3781,0.2248,8.82,0,1,0.2708,0.2242,54.993,85.75,30.757,19.2651,0.2447,0
AGB-01,3774.0,48.19,2.2873,0.2469,0.977,3299.3,10.7712,0.2386,7.4,0,1,0.2445,0.226,55.035,85.773,30.738,20.4817,0.2568,0
AGB-01,3775.0,48.22,2.3346,0.2173,1.034,3500.9,11.5767,0.2307,11.43,0,1,0.2364,0.2072,55.078,85.796,30.718,23.3526,0.2607,0
AGB-01,3776.0,38.3,2.2886,0.2083,0.534,3450.2,11.346,0.2253,10.28,0,1,0.2136,0.219,55.12,85.819,30.699,22.466,0.2555,0
AGB-01,3777.0,26.7,2.332,0.1606,0.888,4067.0,13.0625,0.1883,14.19,0,0,0.0381,0.1821,55.162,85.841,30.679,34.4364,0.2063,0
AGB-01,3778.0,32.56,2.3148,0.1886,0.977,3664.0,12.6139,0.1513,10.92,0,0,0.0682,0.2083,55.204,85.864,30.66,28.6914,0.1776,0
AGB-01,3779.0,37.57,2.3308,0.1989,0.982,3755.0,12.4632,0.2342,13.08,0,0,0.1292,0.2078,55.247,85.887,30.64,27.6794,0.2442,0
AGB-01,3780.0,38.23,2.2755,0.1996,0.748,3766.6,12.3107,0.2159,10.3,0,0,0.1233,0.2136,55.289,85.91,30.621,26.7788,0.2524,0
AGB-01,3781.0,27.85,2.3522,0.1705,1.423,4114.6,13.0691,0.1848,16.63,0,0,0.02,0.1826,55.331,85.932,30.601,35.5713,0.2059,0
AGB-01,3782.0,24.87,2.3347,0.1529,1.617,4065.5,13.0707,0.1682,18.91,0,0,0.02,0.1797,55.374,85.955,30.581,35.1851,0.1891,0
AGB-01,3783.0,26.98,2.3103,0.1595,1.739,3970.2,12.9813,0.2034,11.26,0,0,0.0609,0.1874,55.416,85.978,30.562,32.3524,0.2099,0
AGB-01,3784.0,30.47,2.3384,0.194,1.214,4011.7,12.9581,0.2032,10.93,0,0,0.047,0.2046,55.459,86.0,30.542,31.9854,0.239,0
AGB-01,3785.0,32.24,2.3176,0.1864,0.942,3836.6,12.8466,0.1841,13.14,0,0,0.0636,0.199,55.501,86.023,30.522,30.6378,0.2017,0
AGB-01,3786.0,28.74,2.3376,0.1953,1.412,3805.5,12.7608,0.1882,12.56,0,0,0.0608,0.2116,55.544,86.046,30.502,29.8225,0.216,0
AGB-01,3787.0,27.73,2.3102,0.208,1.288,3867.7,12.7293,0.1972,12.21,0,0,0.0942,0.202,55.586,86.069,30.483,29.5426,0.2356,0
AGB-01,3788.0,33.51,2.3441,0.1628,2.308,3842.6,12.8934,0.1724,13.94,0,0,0.0852,0.1895,55.629,86.091,30.463,31.104,0.2012,0
AGB-01,3789.0,24.55,2.3351,0.1553,0.971,3987.1,13.0446,0.172,14.83,1,0,0.0537,0.1815,55.671,86.114,30.443,33.481,0.1983,0
AGB-01,3790.0,27.45,2.335,0.144,1.946,3947.5,13.0527,0.1639,15.94,0,0,0.0337,0.1829,55.714,86.137,30.423,33.6534,0.1759,0
AGB-01,3791.0,32.38,2.3265,0.1958,0.949,3703.4,12.6178,0.1712,10.17,0,0,0.0999,0.2022,55.757,86.16,30.403,28.6413,0.2021,0
AGB-01,3792.0,50.77,2.2361,0.2666,0.895,3136.1,9.7167,0.2526,8.06,0,1,0.2938,0.2362,55.799,86.182,30.383,17.3907,0.2754,0
AGB-01,3793.0,58.35,2.3032,0.2418,1.172,3062.5,9.7703,0.2306,9.52,0,1,0.3348,0.2227,55.842,86.205,30.363,17.531,0.2634,0
AGB-01,3794.0,55.3,2.309,0.2675,0.751,3046.1,9.3839,0.2706,8.35,1,1,0.348,0.2318,55.885,86.228,30.343,16.5213,0.2859,0
AGB-01,3795.0,34.71,2.3069,0.2038,1.098,3776.5,12.3423,0.2461,12.74,0,1,0.1506,0.2064,55.928,86.25,30.323,26.8608,0.2605,0
AGB-01,3796.0,42.7,2.2913,0.2498,0.985,3456.2,11.2221,0.2445,9.77,0,1,0.237,0.2165,55.971,86.273,30.303,21.9596,0.2688,0
AGB-01,3797.0,48.28,2.309,0.2235,0.845,3252.6,10.411,0.2549,9.44,0,1,0.2873,0.2249,56.014,86.296,30.282,19.3228,0.2752,0
AGB-01,3798.0,51.26,2.2865,0.2536,0.694,3075.3,9.7907,0.2382,7.87,0,1,0.3173,0.2275,56.057,86.319,30.262,17.5681,0.2629,0
AGB-01,3799.0,45.39,2.2934,0.2182,0.74,3341.8,10.897,0.234,9.07,0,1,0.2572,0.2184,56.099,86.341,30.242,20.8306,0.2624,0
AGB-01,3800.0,53.15,2.3157,0.2139,1.327,3414.1,11.2263,0.2254,12.19,0,1,0.2568,0.21,56.142,86.364,30.222,21.9489,0.2625,0
AGB-01,3801.0,44.93,2.3016,0.2367,1.368,3516.2,11.3564,0.2601,10.55,0,1,0.2637,0.2041,56.185,86.387,30.201,22.4124,0.2771,0
AGB-01,3802.0,53.5,2.2577,0.25,0.549,3280.5,9.8616,0.2784,8.53,0,1,0.3039,0.2345,56.229,86.41,30.181,17.7422,0.306,0
AGB-01,3803.0,42.6,2.3064,0.2191,0.945,3457.4,11.418,0.2106,11.69,0,1,0.2591,0.2011,56.272,86.432,30.161,22.627,0.2579,0
AGB-01,3804.0,49.25,2.2938,0.2337,1.197,3300.6,10.972,0.2169,9.43,1,1,0.2606,0.212,56.315,86.455,30.14,21.0473,0.2442,0
AGB-01,3805.0,48.67,2.3067,0.2551,0.603,3346.9,10.1952,0.2699,9.13,0,1,0.303,0.23,56.358,86.478,30.12,18.655,0.3098,0
AGB-01,3806.0,38.88,2.3485,0.2121,0.876,3649.3,12.0096,0.2333,10.58,0,1,0.1973,0.2091,56.401,86.5,30.099,25.046,0.2697,0
AGB-01,3807.0,47.22,2.2903,0.2331,1.113,3240.2,10.4823,0.2363,7.28,0,1,0.2487,0.2346,56.444,86.523,30.079,19.4838,0.2642,0
AGB-01,3808.0,94.56,2.1691,0.3739,1.791,1450.0,1.3438,0.3532,3.32,0,3,0.8704,0.2958,56.488,86.546,30.058,1.8582,0.416,0
AGB-01,3809.0,96.79,2.2136,0.3746,1.382,1624.0,1.3889,0.4159,4.05,0,3,0.8593,0.2841,56.531,86.569,30.038,1.922,0.4352,0
AGB-01,3810.0,93.55,2.1634,0.396,1.133,1450.0,1.3407,0.3833,3.27,0,3,0.8438,0.3186,56.574,86.591,30.017,1.8533,0.416,0
AGB-01,3811.0,98.1,2.1298,0.4386,1.589,1450.0,1.3207,0.3887,3.02,0,3,0.8864,0.3259,56.617,86.614,29.997,1.8246,0.416,0
AGB-01,3812.0,92.57,2.1665,0.3794,1.866,1631.2,1.3613,0.402,3.69,0,3,0.8626,0.3034,56.661,86.637,29.976,1.8821,0.4359,0
AGB-01,3813.0,94.66,2.1886,0.4239,1.439,1461.7,1.3579,0.382,3.41,0,3,0.8976,0.3146,56.704,86.66,29.955,1.877,0.4175,0
AGB-01,3814.0,89.53,2.2178,0.34,1.901,1996.0,2.2413,0.3947,5.39,0,3,0.7869,0.2652,56.748,86.682,29.935,3.1563,0.4286,0
AGB-01,3815.0,89.57,2.2033,0.3656,0.766,1748.1,1.5473,0.4106,3.81,0,3,0.8034,0.2849,56.791,86.705,29.914,2.1466,0.4376,0
AGB-01,3816.0,92.47,2.2317,0.3745,0.884,1839.6,1.4632,0.4123,4.33,0,3,0.8209,0.2829,56.835,86.728,29.893,2.0262,0.449,0
AGB-01,3817.0,101.54,2.095,0.4528,2.488,1450.0,1.3006,0.3695,2.59,0,3,0.973,0.3455,56.878,86.75,29.872,1.7947,0.416,0
AGB-01,3818.0,92.62,2.1852,0.3793,1.999,1746.0,1.3822,0.42,3.79,0,3,0.849,0.289,56.922,86.773,29.851,1.9103,0.4449,0
AGB-01,3819.0,89.16,2.1599,0.3806,1.387,1523.3,1.3485,0.3957,3.66,0,3,0.8229,0.31,56.965,86.796,29.831,1.8622,0.425,0
AGB-01,3820.0,93.65,2.1322,0.3777,1.151,1472.8,1.3263,0.3853,3.13,0,3,0.8596,0.3182,57.009,86.819,29.81,1.8304,0.419,0
AGB-01,3821.0,91.25,2.1917,0.3646,1.8,1931.7,1.4206,0.4112,4.04,0,3,0.8206,0.284,57.053,86.841,29.789,1.9641,0.45,0
AGB-01,3822.0,91.18,2.1741,0.3722,1.601,1455.4,1.3498,0.3969,3.66,0,3,0.856,0.3065,57.096,86.864,29.768,1.8634,0.4167,0
AGB-01,3823.0,91.8,2.1539,0.4028,1.636,1567.8,1.3499,0.42,3.23,0,3,0.8811,0.3057,57.14,86.887,29.747,1.8632,0.4298,0
AGB-01,3824.0,89.63,2.1885,0.3608,2.142,1634.7,1.377,0.3989,3.41,0,3,0.8044,0.2969,57.184,86.91,29.726,1.9016,0.4362,0
AGB-01,3825.0,86.6,2.1763,0.3697,1.593,1724.1,1.3763,0.4065,3.68,0,3,0.8412,0.2874,57.228,86.932,29.705,1.9004,0.4434,0
AGB-01,3826.0,100.51,2.1477,0.3658,2.474,1554.1,1.3452,0.3791,3.55,0,3,0.9127,0.2998,57.272,86.955,29.683,1.856,0.4284,0
AGB-01,3827.0,91.09,2.1614,0.3891,2.358,1450.0,1.3422,0.4092,2.78,0,3,0.8875,0.3121,57.315,86.978,29.662,1.8516,0.416,0
AGB-01,3828.0,93.11,2.1939,0.3568,1.223,1700.8,1.3859,0.3999,4.31,0,3,0.8327,0.2869,57.359,87.0,29.641,1.9134,0.4416,0
AGB-01,3829.0,92.88,2.1332,0.3955,1.782,1450.0,1.3254,0.3657,3.03,0,3,0.8897,0.3243,57.403,87.023,29.62,1.8275,0.416,0
AGB-01,3830.0,90.74,2.1538,0.3693,1.584,1553.7,1.3493,0.3839,3.49,0,3,0.8335,0.3118,57.447,87.046,29.599,1.8612,0.4284,0
AGB-01,3831.0,97.12,2.1826,0.3658,1.489,1669.8,1.377,0.3952,4.76,0,3,0.8705,0.2829,57.491,87.069,29.577,1.9004,0.4392,0
AGB-01,3832.0,100.95,2.1661,0.3837,0.951,1450.0,1.3455,0.3866,2.87,0,3,0.8996,0.3159,57.535,87.091,29.556,1.8557,0.416,0
AGB-01,3833.0,93.93,2.1214,0.4283,1.422,1450.0,1.3186,0.372,2.49,0,3,0.8994,0.3428,57.579,87.114,29.535,1.8173,0.416,0
AGB-01,3834.0,98.29,2.1949,0.4318,2.308,1450.0,1.3631,0.3908,3.07,0,3,0.9218,0.3202,57.623,87.137,29.513,1.8803,0.416,0
AGB-01,3835.0,92.4,2.1463,0.4003,1.132,1450.0,1.3337,0.3778,2.76,0,3,0.8613,0.332,57.668,87.16,29.492,1.8387,0.416,0
AGB-01,3836.0,92.37,2.1632,0.3838,1.284,1498.0,1.3497,0.3822,3.49,0,3,0.8776,0.3104,57.712,87.182,29.471,1.8611,0.4221,0
AGB-01,3837.0,96.96,2.1253,0.4049,1.297,1450.0,1.3212,0.3811,2.77,0,3,0.8594,0.3323,57.756,87.205,29.449,1.8207,0.416,0
AGB-01,3838.0,105.62,2.1459,0.3873,1.658,1450.0,1.3336,0.3955,3.35,0,3,0.9226,0.3051,57.8,87.228,29.428,1.8383,0.416,0
AGB-01,3839.0,93.42,2.1626,0.3848,2.309,1624.5,1.3616,0.3756,3.15,0,3,0.8542,0.3076,57.844,87.251,29.406,1.8779,0.4353,0
AGB-01,3840.0,87.18,2.1269,0.3801,1.436,1551.0,1.3332,0.4013,3.28,0,3,0.8435,0.3186,57.889,87.273,29.384,1.8377,0.4281,0
AGB-01,3841.0,94.73,2.1316,0.3623,1.143,1544.6,1.3354,0.3848,3.51,0,3,0.8104,0.3177,57.933,87.296,29.363,1.8408,0.4274,0
AGB-01,3842.0,92.62,2.1277,0.388,1.948,1450.0,1.3226,0.3725,3.27,0,3,0.8501,0.3309,57.977,87.319,29.341,1.8227,0.416,0
AGB-01,3843.0,98.45,2.1387,0.403,1.764,1467.1,1.3314,0.3941,3.4,0,3,0.8516,0.3225,58.022,87.341,29.32,1.8351,0.4182,0
AGB-01,3844.0,92.59,2.1014,0.4064,1.341,1450.0,1.3067,0.3688,2.82,0,3,0.8712,0.3418,58.066,87.364,29.298,1.8002,0.416,0
AGB-01,3845.0,93.27,2.1447,0.3815,1.507,1565.1,1.3453,0.4003,4.03,0,3,0.8671,0.3071,58.111,87.387,29.276,1.8549,0.4296,0
AGB-01,3846.0,93.68,2.1263,0.3964,1.292,1450.0,1.3218,0.3797,3.14,0,3,0.8743,0.3105,58.155,87.41,29.254,1.8216,0.416,0
AGB-01,3847.0,92.19,2.1717,0.3598,1.578,1712.3,1.3737,0.4092,3.65,0,3,0.8207,0.2949,58.2,87.432,29.233,1.8952,0.4425,0
AGB-01,3848.0,97.89,2.2045,0.3752,1.634,1740.5,1.3958,0.4069,3.12,0,3,0.8817,0.2956,58.244,87.455,29.211,1.9266,0.4445,0
AGB-01,3849.0,98.65,2.1427,0.4117,1.1,1450.0,1.3315,0.379,2.98,0,3,0.8875,0.3331,58.289,87.478,29.189,1.8356,0.416,0
AGB-01,3850.0,98.0,2.1391,0.4134,1.826,1450.0,1.3293,0.3769,2.9,0,3,0.908,0.3329,58.334,87.501,29.167,1.8325,0.416,0
AGB-01,3851.0,95.06,2.181,0.37,2.582,1535.6,1.3643,0.396,3.94,0,3,0.8502,0.2954,58.378,87.523,29.145,1.8821,0.4264,0
AGB-01,3852.0,95.1,2.1307,0.4051,1.321,1450.0,1.3241,0.3711,2.93,0,3,0.8818,0.3146,58.423,87.546,29.123,1.8253,0.416,0
AGB-01,3853.0,94.03,2.1933,0.3865,1.454,1450.0,1.3619,0.3668,2.93,0,3,0.8916,0.3067,58.468,87.569,29.101,1.8789,0.416,0
AGB-01,3854.0,43.69,2.288,0.242,0.998,3390.8,10.8919,0.2619,8.12,0,1,0.2318,0.2303,58.512,87.591,29.079,20.6352,0.2788,0
AGB-01,3855.0,43.5,2.3047,0.2089,0.918,3423.6,11.7031,0.1837,12.2,0,1,0.1936,0.2102,58.557,87.614,29.057,23.5273,0.2238,0
AGB-01,3856.0,38.29,2.2753,0.1927,2.08,3499.9,11.4845,0.2414,8.9,0,1,0.2204,0.2114,58.602,87.637,29.035,22.6869,0.262,0
AGB-01,3857.0,44.88,2.2776,0.267,1.118,3195.7,9.7668,0.2915,5.81,0,1,0.2849,0.2443,58.647,87.66,29.013,17.3827,0.2978,0
AGB-01,3858.0,44.24,2.3245,0.2187,1.148,3554.2,11.4555,0.263,9.23,0,1,0.2227,0.2199,58.692,87.682,28.991,22.5864,0.2869,0
AGB-01,3859.0,52.98,2.3355,0.221,1.868,3169.3,10.2141,0.2587,8.12,0,1,0.3096,0.2233,58.737,87.705,28.968,18.6086,0.274,0
AGB-01,3860.0,44.11,2.2673,0.2545,0.795,3319.2,10.6107,0.2528,8.54,0,1,0.2452,0.2309,58.782,87.728,28.946,19.7738,0.2749,0
AGB-01,3861.0,46.44,2.2726,0.2659,0.764,3115.0,9.4334,0.26,8.3,0,1,0.3024,0.2458,58.827,87.751,28.924,16.5329,0.2967,0
AGB-01,3862.0,50.68,2.2854,0.2396,0.75,3239.6,10.0989,0.2767,7.64,0,1,0.294,0.2308,58.872,87.773,28.902,18.2932,0.2902,0
AGB-01,3863.0,43.7,2.2544,0.2618,0.624,3308.5,10.4671,0.2561,6.01,0,1,0.2465,0.2341,58.917,87.796,28.879,19.3514,0.2789,0
AGB-01,3864.0,49.72,2.2778,0.2391,0.615,3270.4,10.0867,0.2649,8.18,0,1,0.2863,0.2342,58.962,87.819,28.857,18.2645,0.2967,0
AGB-01,3865.0,57.66,2.2895,0.2586,0.963,3080.7,9.534,0.2807,8.0,0,1,0.3508,0.224,59.007,87.841,28.835,16.7961,0.2849,0
AGB-01,3866.0,47.7,2.2695,0.252,1.325,3095.0,9.5496,0.2711,7.51,0,1,0.3174,0.2347,59.052,87.864,28.812,16.8383,0.2841,0
AGB-01,3867.0,39.76,2.294,0.2244,0.702,3331.6,11.1204,0.2095,7.99,0,1,0.1909,0.2329,59.097,87.887,28.79,21.4333,0.2445,0
AGB-01,3868.0,45.65,2.2571,0.2113,0.942,3282.7,10.5184,0.2439,9.06,0,1,0.2392,0.2337,59.142,87.91,28.767,19.5183,0.2688,0
AGB-01,3869.0,69.36,2.2479,0.3063,1.202,2635.6,5.7408,0.3309,6.33,0,2,0.559,0.2482,59.188,87.932,28.745,8.8151,0.3703,0
AGB-01,3870.0,77.54,2.2157,0.3153,0.763,2300.9,4.0842,0.3408,4.51,0,2,0.5873,0.2815,59.233,87.955,28.722,5.9995,0.387,0
AGB-01,3871.0,68.72,2.1809,0.3125,0.752,2431.4,5.0842,0.3228,4.28,0,2,0.5253,0.2738,59.278,87.978,28.699,7.666,0.3601,0
AGB-01,3872.0,70.44,2.2105,0.3294,0.694,2243.5,4.336,0.3376,4.67,0,2,0.5858,0.273,59.324,88.001,28.677,6.4109,0.3664,0
AGB-01,3873.0,63.88,2.2447,0.3088,0.519,2474.7,5.5252,0.3264,5.41,0,2,0.5329,0.262,59.369,88.023,28.654,8.4348,0.3534,0
AGB-01,3874.0,77.15,2.1962,0.3113,0.775,2379.4,4.8633,0.3507,4.83,0,2,0.5385,0.2757,59.414,88.046,28.632,7.291,0.363,0
AGB-01,3875.0,78.94,2.1976,0.3449,0.816,2305.9,4.0022,0.3742,4.98,0,2,0.6011,0.2777,59.46,88.069,28.609,5.8692,0.3897,0
AGB-01,3876.0,72.23,2.212,0.2838,0.515,2547.4,4.8999,0.3702,5.21,0,2,0.555,0.2711,59.505,88.091,28.586,7.3543,0.3867,0
AGB-01,3877.0,95.59,2.1604,0.3967,1.919,1450.0,1.34,0.3861,2.79,0,3,0.8774,0.3166,59.551,88.114,28.563,1.8508,0.416,0
AGB-01,3878.0,88.68,2.2072,0.3538,1.102,1829.5,1.7501,0.3958,4.07,0,3,0.7667,0.2902,59.596,88.137,28.54,2.438,0.435,0
AGB-01,3879.0,96.46,2.1571,0.4115,3.705,1450.0,1.3378,0.3838,2.94,0,3,0.9388,0.3062,59.642,88.16,28.518,1.8479,0.416,0
AGB-01,3880.0,95.0,2.2025,0.3781,1.367,1646.1,1.385,0.3949,3.79,0,3,0.8224,0.3066,59.688,88.182,28.495,1.915,0.4372,0
AGB-01,3881.0,104.4,2.1025,0.4154,2.334,1450.0,1.3048,0.3821,2.66,0,3,0.9095,0.3384,59.733,88.205,28.472,1.8011,0.416,0
AGB-01,3882.0,90.27,2.127,0.3944,1.047,1568.5,1.3321,0.3999,3.6,0,3,0.7919,0.3253,59.779,88.228,28.449,1.8401,0.4299,0
AGB-01,3883.0,96.85,2.13,0.4211,1.203,1450.0,1.3212,0.3793,2.35,0,3,0.9322,0.3307,59.825,88.251,28.426,1.8247,0.416,0
AGB-01,3884.0,96.44,2.1137,0.3938,0.955,1450.0,1.3114,0.3839,2.79,0,3,0.9153,0.3336,59.87,88.273,28.403,1.8108,0.416,0
AGB-01,3885.0,92.69,2.2174,0.3476,2.285,1686.7,1.6878,0.3917,3.73,0,3,0.8118,0.275,59.916,88.296,28.38,2.349,0.4249,0
AGB-01,3886.0,95.86,2.1314,0.4097,1.338,1510.1,1.3288,0.4055,3.17,0,3,0.8747,0.3263,59.962,88.319,28.357,1.8356,0.4235,0
AGB-01,3887.0,91.27,2.1847,0.353,1.294,1726.2,1.3797,0.3908,4.08,0,3,0.8218,0.2879,60.008,88.341,28.334,1.9079,0.4435,0
AGB-01,3888.0,92.36,2.145,0.3801,1.255,1775.7,1.3584,0.4137,3.9,0,3,0.8414,0.3103,60.054,88.364,28.31,1.8778,0.4469,0
AGB-01,3889.0,101.45,2.1468,0.4059,1.454,1450.0,1.3311,0.3921,3.55,0,3,0.8818,0.3177,60.1,88.387,28.287,1.8391,0.416,0
AGB-01,3890.0,96.78,2.1198,0.4028,0.743,1450.0,1.3147,0.3882,2.8,0,3,0.8769,0.3269,60.146,88.41,28.264,1.816,0.416,0
AGB-01,3891.0,96.24,2.149,0.3694,1.169,1466.8,1.3343,0.3957,3.91,0,3,0.8202,0.3083,60.192,88.432,28.241,1.8438,0.4182,0
AGB-01,3892.0,91.45,2.201,0.3638,0.739,1698.9,1.3875,0.4144,3.46,0,3,0.781,0.3018,60.238,88.455,28.217,1.9195,0.4415,0
AGB-01,3893.0,95.91,2.1252,0.4224,1.765,1450.0,1.3179,0.3802,3.17,0,3,0.8744,0.3338,60.284,88.478,28.194,1.8206,0.416,0
AGB-01,3894.0,96.5,2.1383,0.3785,1.403,1450.0,1.3257,0.4039,3.03,0,3,0.8451,0.3205,60.33,88.501,28.171,1.8318,0.416,0
AGB-01,3895.0,91.48,2.1515,0.3815,1.198,1474.9,1.3366,0.3626,3.3,0,3,0.8416,0.3119,60.376,88.523,28.147,1.8474,0.4192,0
AGB-01,3896.0,88.62,2.1508,0.3767,0.658,1510.4,1.3401,0.3981,3.06,1,3,0.7884,0.3163,60.422,88.546,28.124,1.8524,0.4236,0
AGB-01,3897.0,94.54,2.1464,0.405,1.677,1450.0,1.3304,0.3832,3.06,0,3,0.9086,0.3283,60.468,88.569,28.101,1.8387,0.416,0
AGB-01,3898.0,86.31,2.1668,0.3858,1.435,1581.4,1.3567,0.4158,3.74,0,3,0.794,0.3113,60.514,88.591,28.077,1.8762,0.4312,0
AGB-01,3899.0,94.06,2.1787,0.4144,1.289,1546.3,1.3605,0.3971,3.6,0,3,0.8414,0.3098,60.561,88.614,28.054,1.8817,0.4276,0
AGB-01,3900.0,97.48,2.1393,0.4259,1.275,1450.0,1.3259,0.3743,2.97,0,3,0.8719,0.3359,60.607,88.637,28.03,1.8326,0.416,0
AGB-01,3901.0,97.83,2.1565,0.396,0.891,1450.0,1.3363,0.3846,3.3,0,3,0.8691,0.3166,60.653,88.66,28.006,1.8474,0.416,0
AGB-01,3902.0,100.04,2.1774,0.4149,1.941,1450.0,1.3488,0.3888,3.29,0,3,0.9316,0.3242,60.7,88.682,27.983,1.8653,0.416,0
AGB-01,3903.0,99.54,2.1802,0.373,2.486,1484.0,1.3545,0.3756,3.04,0,3,0.8941,0.3107,60.746,88.705,27.959,1.8735,0.4204,0
AGB-01,3904.0,92.35,2.174,0.3794,1.473,1667.3,1.3679,0.4159,2.94,0,3,0.8267,0.3087,60.792,88.728,27.935,1.8926,0.439,0
AGB-01,3905.0,94.62,2.1138,0.428,2.333,1450.0,1.3103,0.3714,2.73,0,3,0.8779,0.3342,60.839,88.751,27.912,1.8108,0.416,0
AGB-01,3906.0,93.76,2.1241,0.4118,1.332,1450.0,1.3164,0.3886,2.56,0,3,0.8564,0.3291,60.885,88.773,27.888,1.8196,0.416,0
AGB-01,3907.0,95.86,2.1889,0.3749,0.763,1535.9,1.3651,0.4032,3.53,0,3,0.8494,0.3033,60.932,88.796,27.864,1.889,0.4265,0
AGB-01,3908.0,98.46,2.1392,0.3898,1.895,1475.9,1.3284,0.3784,2.6,0,3,0.9079,0.3239,60.978,88.819,27.84,1.8369,0.4194,0
AGB-01,3909.0,93.19,2.1656,0.4128,2.726,1450.0,1.3412,0.3746,3.34,0,3,0.93,0.329,61.025,88.841,27.816,1.8552,0.416,0
AGB-01,3910.0,98.98,2.0752,0.426,1.082,1450.0,1.2866,0.3861,2.61,0,3,0.8808,0.3407,61.072,88.864,27.793,1.7778,0.416,0
AGB-01,3911.0,26.09,2.321,0.1901,1.248,3839.9,12.8543,0.1834,12.1,0,0,0.0587,0.2004,61.118,88.887,27.769,30.3115,0.2122,0
AGB-01,3912.0,28.1,2.3336,0.1923,0.891,3596.5,12.3936,0.182,10.75,0,0,0.1106,0.2075,61.165,88.91,27.745,27.0342,0.2038,0
AGB-01,3913.0,39.01,2.2499,0.2488,0.799,3372.4,10.78,0.2531,7.22,0,0,0.1737,0.2479,61.212,88.932,27.721,20.4248,0.2712,0
AGB-01,3914.0,24.99,2.351,0.1623,1.152,4085.3,13.1004,0.2103,13.74,0,0,0.0363,0.1847,61.258,88.955,27.697,34.1298,0.2246,0
AGB-01,3915.0,22.03,2.3449,0.1781,1.165,3942.8,13.0744,0.1711,12.3,0,0,0.02,0.1873,61.305,88.978,27.673,33.3985,0.1848,0
AGB-01,3916.0,29.91,2.2961,0.2191,0.973,3581.8,12.3094,0.182,10.63,0,0,0.0878,0.2149,61.352,89.001,27.649,26.5933,0.1975,0
AGB-01,3917.0,26.64,2.3211,0.2055,1.212,3840.7,12.7706,0.2066,11.21,0,0,0.0571,0.2093,61.399,89.023,27.624,29.6425,0.2277,0
AGB-01,3918.0,29.34,2.315,0.194,1.417,3796.1,12.7049,0.2137,11.38,0,0,0.0874,0.2002,61.446,89.046,27.6,29.1264,0.2222,0
AGB-01,3919.0,44.29,2.3039,0.2022,1.031,3687.4,12.1451,0.2418,9.82,0,0,0.1684,0.203,61.493,89.069,27.576,25.7558,0.257,0
AGB-01,3920.0,30.73,2.3202,0.2013,0.805,3800.9,12.663,0.2175,12.7,1,0,0.093,0.2028,61.539,89.091,27.552,28.8297,0.2318,0
AGB-01,3921.0,32.13,2.3103,0.1779,0.952,3848.9,12.6732,0.2067,12.45,0,0,0.0847,0.2063,61.586,89.114,27.528,28.9129,0.2425,0
AGB-01,3922.0,26.46,2.306,0.1833,1.275,4015.1,12.9826,0.2069,10.39,0,0,0.02,0.2044,61.633,89.137,27.503,31.9264,0.2327,0
AGB-01,3923.0,44.55,2.3275,0.226,0.877,3669.8,12.1178,0.2286,12.13,0,0,0.1624,0.2089,61.681,89.16,27.479,25.639,0.2596,0
AGB-01,3924.0,26.61,2.3139,0.1835,0.605,3832.4,12.9201,0.1559,11.85,0,0,0.02,0.201,61.728,89.182,27.455,31.1649,0.184,0
AGB-01,3925.0,25.74,2.3181,0.1835,1.401,4012.5,13.0231,0.1994,12.71,1,0,0.028,0.1948,61.775,89.205,27.43,32.6063,0.2217,0
AGB-01,3926.0,39.09,2.3314,0.2203,1.196,3816.6,12.5448,0.2287,16.53,0,0,0.1571,0.1898,61.822,89.228,27.406,28.0521,0.2546,0
AGB-01,3927.0,30.48,2.3304,0.2008,1.419,3842.6,12.7787,0.2101,13.98,0,0,0.078,0.2004,61.869,89.251,27.381,29.7986,0.2275,0
AGB-01,3928.0,24.47,2.3427,0.1688,0.949,4019.6,13.0568,0.1998,11.44,0,0,0.0268,0.191,61.916,89.273,27.357,33.3377,0.2162,0
AGB-01,3929.0,65.29,2.2009,0.3201,1.122,2574.6,5.1224,0.3564,5.49,0,2,0.5314,0.2715,61.964,89.296,27.332,7.7588,0.3807,0
AGB-01,3930.0,69.95,2.2225,0.3103,0.516,2386.1,4.8555,0.3336,4.86,0,2,0.5531,0.2702,62.011,89.319,27.308,7.3016,0.3661,0
AGB-01,3931.0,72.4,2.2335,0.3189,0.778,2408.9,4.3821,0.3761,4.91,0,2,0.5983,0.2683,62.058,89.341,27.283,6.5084,0.3897,0
AGB-01,3932.0,78.95,2.2085,0.3418,1.012,2051.9,3.7862,0.3397,4.11,0,2,0.6188,0.2739,62.105,89.364,27.259,5.5397,0.3597,0
AGB-01,3933.0,69.34,2.2339,0.3165,0.711,2362.6,4.8681,0.342,5.0,0,2,0.556,0.269,62.153,89.387,27.234,7.3233,0.3626,0
AGB-01,3934.0,66.48,2.1972,0.3176,0.948,2441.6,5.5547,0.3044,3.7,0,2,0.4686,0.28,62.2,89.41,27.209,8.5168,0.3398,0
AGB-01,3935.0,70.1,2.2765,0.2792,0.741,2637.5,6.9087,0.2859,5.95,0,2,0.491,0.2388,62.248,89.432,27.185,11.0417,0.3207,0
AGB-01,3936.0,70.79,2.2225,0.3152,1.288,2221.0,4.377,0.3404,5.69,0,2,0.5928,0.2676,62.295,89.455,27.16,6.4999,0.3607,0
AGB-01,3937.0,56.64,2.2486,0.2909,0.682,3024.3,8.7736,0.281,7.86,0,1,0.3265,0.2499,62.343,89.478,27.135,15.0269,0.3058,0
AGB-01,3938.0,43.79,2.3178,0.2462,0.515,3394.8,11.3513,0.221,8.31,0,1,0.2005,0.2192,62.39,89.501,27.11,22.4258,0.246,0
AGB-01,3939.0,38.05,2.2879,0.2159,1.093,3409.3,11.1692,0.2189,7.28,0,1,0.1844,0.2311,62.438,89.523,27.085,21.7684,0.2592,0
AGB-01,3940.0,49.56,2.2452,0.2689,0.963,3046.9,8.9682,0.2846,5.99,0,1,0.2894,0.2578,62.485,89.546,27.061,15.4874,0.2999,0
AGB-01,3941.0,49.1,2.2477,0.2688,0.955,3107.8,9.2519,0.2771,6.49,0,1,0.2995,0.2463,62.533,89.569,27.036,16.1806,0.2988,0
AGB-01,3942.0,38.65,2.2591,0.2107,0.847,3522.6,11.305,0.2578,7.35,0,1,0.1715,0.2311,62.581,89.591,27.011,22.2501,0.2737,0
AGB-01,3943.0,43.69,2.3058,0.2286,0.924,3411.5,11.173,0.2365,9.75,0,1,0.222,0.2187,62.628,89.614,26.986,21.7753,0.2635,0
AGB-01,3944.0,66.37,2.2088,0.342,1.236,2303.4,4.1232,0.3581,3.95,0,2,0.5562,0.2899,62.676,89.637,26.961,6.0822,0.3847,0
AGB-01,3945.0,71.33,2.2071,0.3044,1.236,2616.6,5.3154,0.3358,4.97,0,2,0.5374,0.2639,62.724,89.66,26.936,8.0924,0.3796,0
AGB-01,3946.0,68.17,2.2137,0.3127,0.587,2165.5,3.8769,0.3233,4.78,0,2,0.5742,0.2896,62.772,89.682,26.911,5.6831,0.3758,0
AGB-01,3947.0,70.07,2.2198,0.3115,0.809,2502.1,5.2966,0.3374,4.81,0,2,0.5122,0.2734,62.82,89.705,26.885,8.0586,0.3652,0
AGB-01,3948.0,71.12,2.2309,0.3051,0.692,2517.3,5.5616,0.3104,4.4,0,2,0.5201,0.2632,62.868,89.728,26.86,8.5248,0.3572,0
AGB-01,3949.0,69.95,2.2292,0.3136,0.866,2478.3,5.54,0.3287,4.68,0,2,0.4901,0.2747,62.915,89.751,26.835,8.486,0.3512,0
AGB-01,3950.0,81.29,2.2055,0.3516,0.701,1958.3,2.8072,0.3516,3.44,0,2,0.6425,0.2973,62.963,89.773,26.81,4.0111,0.3979,0
AGB-01,3951.0,75.86,2.1759,0.3143,0.706,2323.6,3.9531,0.3603,4.16,0,2,0.5763,0.2859,63.011,89.796,26.785,5.8042,0.3921,0
AGB-01,3952.0,68.8,2.2116,0.3091,1.11,2303.4,4.8085,0.3208,4.6,0,2,0.5555,0.2684,63.059,89.819,26.759,7.217,0.3529,0
AGB-01,3953.0,76.34,2.2154,0.3367,0.445,2087.9,3.865,0.3223,4.09,0,2,0.5806,0.2864,63.107,89.841,26.734,5.6617,0.363,0
AGB-01,3954.0,76.38,2.191,0.3574,0.736,1994.5,2.52,0.3983,3.71,0,2,0.6678,0.2975,63.156,89.864,26.709,3.5765,0.4152,0
AGB-01,3955.0,72.42,2.2191,0.3005,0.848,2285.3,4.2271,0.3435,3.77,0,2,0.5699,0.2815,63.204,89.887,26.683,6.2477,0.3785,0
AGB-01,3956.0,95.86,2.1083,0.4246,3.934,1450.0,1.3063,0.3748,2.79,0,3,0.949,0.3363,63.252,89.91,26.658,1.8061,0.416,0
AGB-01,3957.0,90.34,2.1055,0.3793,0.77,1554.1,1.3158,0.3898,3.5,0,3,0.7774,0.3203,63.3,89.932,26.632,1.8195,0.4284,0
AGB-01,3958.0,97.59,2.1458,0.347,1.147,1581.6,1.343,0.3867,3.35,0,3,0.8221,0.3099,63.348,89.955,26.607,1.858,0.4312,0
AGB-01,3959.0,93.14,2.1759,0.3699,1.356,1727.6,1.3728,0.4102,3.73,0,3,0.7895,0.305,63.397,89.978,26.581,1.9004,0.4436,0
AGB-01,3960.0,87.97,2.092,0.4002,1.184,1450.0,1.2967,0.3851,2.51,0,3,0.8265,0.3407,63.445,90.001,26.556,1.7922,0.416,0
AGB-01,3961.0,92.9,2.1458,0.4038,2.041,1517.2,1.3369,0.387,2.8,0,3,0.8635,0.3224,63.493,90.023,26.53,1.8491,0.4244,0
AGB-01,3962.0,99.02,2.1303,0.3931,1.665,1494.9,1.3252,0.3761,3.28,0,3,0.885,0.3247,63.541,90.046,26.505,1.8324,0.4217,0
AGB-01,3963.0,93.55,2.169,0.3864,1.631,1529.6,1.3524,0.3989,3.11,0,3,0.8452,0.3106,63.59,90.069,26.479,1.8709,0.4258,0
AGB-01,3964.0,86.27,2.1524,0.3899,2.259,1485.5,1.3376,0.3888,3.01,0,3,0.859,0.3139,63.638,90.091,26.453,1.8499,0.4206,0
AGB-01,3965.0,85.84,2.1982,0.3838,1.229,1833.6,2.0554,0.3854,3.38,0,3,0.7334,0.2891,63.687,90.114,26.427,2.886,0.4203,0
AGB-01,3966.0,102.28,2.1271,0.433,1.864,1450.0,1.3182,0.3863,2.37,0,3,0.9217,0.3425,63.735,90.137,26.402,1.8222,0.416,0
AGB-01,3967.0,93.16,2.1391,0.4125,2.116,1450.0,1.3255,0.3907,2.89,0,3,0.8914,0.3316,63.784,90.16,26.376,1.8325,0.416,0
AGB-01,3968.0,102.65,2.0726,0.4539,2.052,1450.0,1.2853,0.3765,2.33,0,3,0.9084,0.3551,63.832,90.182,26.35,1.7755,0.416,0
AGB-01,3969.0,100.96,2.1452,0.4203,3.705,1450.0,1.3292,0.3908,3.13,0,3,0.9466,0.3219,63.881,90.205,26.324,1.8377,0.416,0
AGB-01,3970.0,87.07,2.1626,0.3841,1.743,1583.6,1.3539,0.4025,3.15,0,3,0.8249,0.2934,63.93,90.228,26.298,1.8728,0.4314,0
AGB-01,3971.0,81.66,2.1932,0.3624,0.991,2013.0,1.8909,0.4102,4.36,0,3,0.7527,0.2887,63.978,90.251,26.272,2.6453,0.4425,0
AGB-01,3972.0,85.96,2.1434,0.3831,1.054,1491.1,1.3329,0.3859,2.73,0,3,0.8234,0.3114,64.027,90.273,26.246,1.843,0.4213,0
AGB-01,3973.0,84.62,2.1518,0.3685,1.986,1636.5,1.3519,0.4112,2.53,0,3,0.7921,0.3201,64.076,90.296,26.22,1.8698,0.4363,0
AGB-01,3974.0,100.27,2.0839,0.4319,1.575,1450.0,1.2922,0.3916,3.11,0,3,0.9072,0.3413,64.124,90.319,26.194,1.7852,0.416,0
AGB-01,3975.0,103.39,2.1391,0.425,2.158,1450.0,1.3255,0.3892,2.49,0,3,0.951,0.3319,64.173,90.341,26.168,1.8324,0.416,0
AGB-01,3976.0,97.61,2.1,0.4239,1.305,1450.0,1.302,0.3598,2.75,0,3,0.8731,0.354,64.222,90.364,26.142,1.799,0.416,0
AGB-01,3977.0,97.14,2.1482,0.4168,2.246,1450.0,1.331,0.3811,3.01,0,3,0.8951,0.325,64.271,90.387,26.116,1.8403,0.416,0
AGB-01,3978.0,87.11,2.1017,0.4011,0.852,1599.0,1.3181,0.41,2.91,0,3,0.7735,0.3285,64.32,90.41,26.09,1.822,0.4329,0
AGB-01,3979.0,98.83,2.1903,0.3801,1.333,1589.0,1.3712,0.3903,3.19,0,3,0.8211,0.3142,64.369,90.432,26.064,1.8975,0.4319,0
AGB-01,3980.0,95.06,2.0902,0.4216,1.827,1450.0,1.2959,0.3729,2.47,0,3,0.9044,0.3388,64.418,90.455,26.037,1.7906,0.416,0
AGB-01,3981.0,86.98,2.1595,0.4076,1.896,1450.0,1.3377,0.3661,2.73,0,3,0.8916,0.3193,64.467,90.478,26.011,1.85,0.416,0
AGB-01,3982.0,98.39,2.1453,0.3747,1.574,1450.0,1.3292,0.3952,3.01,0,3,0.8961,0.3251,64.516,90.501,25.985,1.8378,0.416,0
AGB-01,3983.0,91.58,2.1392,0.4,1.268,1450.0,1.3254,0.3803,3.2,0,3,0.8509,0.326,64.565,90.523,25.959,1.8326,0.416,0
AGB-01,3984.0,92.92,2.1297,0.4,1.04,1450.0,1.3196,0.4005,2.86,0,3,0.8177,0.3237,64.614,90.546,25.932,1.8244,0.416,0
AGB-01,3985.0,91.89,2.1643,0.374,0.968,1450.0,1.3404,0.3656,3.14,1,3,0.8265,0.3126,64.663,90.569,25.906,1.854,0.416,0
AGB-01,3986.0,102.46,2.1079,0.4323,1.757,1450.0,1.3064,0.3858,2.58,0,3,0.9221,0.3466,64.712,90.591,25.879,1.8058,0.416,0
AGB-01,3987.0,85.2,2.1516,0.3898,0.993,1628.2,1.3507,0.384,2.54,0,3,0.7728,0.3124,64.761,90.614,25.853,1.8687,0.4356,0
AGB-01,3988.0,91.58,2.1194,0.4013,1.617,1450.0,1.3132,0.3712,2.55,0,3,0.8196,0.3306,64.811,90.637,25.826,1.8156,0.416,0
AGB-01,3989.0,93.01,2.0686,0.4392,1.441,1450.0,1.2825,0.3783,2.31,0,3,0.8784,0.3678,64.86,90.66,25.8,1.7721,0.416,0
AGB-01,3990.0,104.07,2.1134,0.413,1.169,1450.0,1.3095,0.3877,2.82,0,3,0.89,0.3334,64.909,90.682,25.773,1.8105,0.416,0
AGB-01,3991.0,89.17,2.1624,0.3928,1.424,1549.2,1.35,0.3782,2.81,0,3,0.8076,0.326,64.958,90.705,25.747,1.868,0.4279,0
AGB-01,3992.0,95.63,2.1149,0.4314,2.649,1450.0,1.3103,0.3902,2.28,0,3,0.918,0.3502,65.008,90.728,25.72,1.8118,0.416,0
AGB-01,3993.0,89.81,2.1389,0.3942,1.452,1466.7,1.3268,0.3966,3.54,0,3,0.8661,0.3256,65.057,90.751,25.693,1.8352,0.4182,0
AGB-01,3994.0,94.09,2.1108,0.4175,1.037,1450.0,1.3078,0.4018,2.9,0,3,0.8859,0.3411,65.107,90.773,25.667,1.8083,0.416,0
AGB-01,3995.0,91.34,2.1332,0.416,0.776,1450.0,1.3212,0.3727,2.44,0,3,0.8154,0.3338,65.156,90.796,25.64,1.8275,0.416,0
AGB-01,3996.0,89.59,2.1107,0.3887,1.889,1450.0,1.3076,0.3825,2.65,0,3,0.8317,0.3348,65.206,90.819,25.613,1.8081,0.416,0
AGB-01,3997.0,96.96,2.1377,0.3974,0.921,1450.0,1.3238,0.3863,2.33,0,3,0.8335,0.3267,65.255,90.841,25.586,1.8313,0.416,0
AGB-01,3998.0,100.83,2.1247,0.4032,2.402,1450.0,1.3159,0.3772,3.06,0,3,0.892,0.3269,65.305,90.864,25.559,1.8202,0.416,0
AGB-01,3999.0,93.95,2.1118,0.4054,1.746,1450.0,1.3081,0.383,2.04,0,3,0.8937,0.3433,65.354,90.887,25.533,1.8091,0.416,0
AGB-01,4000.0,99.38,2.1493,0.388,0.907,1585.3,1.345,0.3816,2.7,0,3,0.8544,0.32,65.404,90.91,25.506,1.8615,0.4316,0
AGB-01,4001.0,91.94,2.1409,0.4181,2.183,1561.9,1.3376,0.3935,2.92,0,3,0.8666,0.3283,65.454,90.932,25.479,1.8512,0.4292,0
AGB-01,4002.0,93.37,2.1095,0.402,1.026,1450.0,1.3066,0.3668,2.47,0,3,0.8873,0.3389,65.503,90.955,25.452,1.8071,0.416,0
AGB-01,4003.0,95.06,2.112,0.43,1.586,1450.0,1.3081,0.382,2.43,0,3,0.8894,0.3381,65.553,90.978,25.425,1.8093,0.416,0
AGB-01,4004.0,99.34,2.1244,0.434,2.505,1450.0,1.3156,0.3698,2.71,0,3,0.9133,0.3328,65.603,91.001,25.398,1.8199,0.416,0
AGB-01,4005.0,86.25,2.1116,0.4092,0.994,1565.9,1.3201,0.3942,3.34,0,3,0.8077,0.3164,65.653,91.023,25.371,1.8264,0.4296,0
AGB-01,4006.0,88.26,2.1231,0.404,1.361,1450.0,1.3147,0.3816,2.67,0,3,0.8102,0.3299,65.703,91.046,25.343,1.8188,0.416,0
AGB-01,4007.0,97.08,2.0665,0.4353,1.817,1450.0,1.2805,0.3762,2.3,0,3,0.8389,0.3621,65.752,91.069,25.316,1.7703,0.416,0
AGB-01,4008.0,97.66,2.1257,0.4066,1.542,1450.0,1.3163,0.3788,2.61,0,3,0.8766,0.3244,65.802,91.091,25.289,1.8211,0.416,0
AGB-01,4009.0,91.41,2.1516,0.4182,1.632,1500.8,1.3378,0.3776,2.66,0,3,0.8657,0.3245,65.852,91.114,25.262,1.8517,0.4224,0
AGB-01,4010.0,89.75,2.1403,0.3912,1.136,1582.1,1.339,0.3983,2.6,0,3,0.8415,0.3336,65.902,91.137,25.235,1.8534,0.4313,0
AGB-01,4011.0,100.44,2.1149,0.4359,2.543,1450.0,1.3097,0.3799,2.21,0,3,0.9136,0.3514,65.952,91.16,25.207,1.8118,0.416,0
AGB-01,4012.0,95.52,2.1442,0.3945,1.34,1450.0,1.3274,0.3961,3.0,0,3,0.8258,0.3267,66.002,91.182,25.18,1.8369,0.416,0
AGB-01,4013.0,98.72,2.1114,0.4163,1.348,1450.0,1.3076,0.3795,2.42,0,3,0.9167,0.3449,66.052,91.205,25.153,1.8087,0.416,0
AGB-01,4014.0,83.57,2.1555,0.4072,0.789,1566.5,1.3467,0.3961,3.15,0,3,0.7583,0.3283,66.102,91.228,25.125,1.8644,0.4297,0
AGB-01,4015.0,100.0,2.13,0.4113,2.527,1450.0,1.3188,0.3722,2.95,0,3,0.8952,0.3245,66.153,91.251,25.098,1.8247,0.416,0
AGB-01,4016.0,93.63,2.0644,0.4289,1.298,1450.0,1.2793,0.3923,2.11,0,3,0.8547,0.3463,66.203,91.273,25.07,1.7685,0.416,0
AGB-01,4017.0,102.19,2.1398,0.4155,2.127,1450.0,1.3247,0.3897,3.74,0,3,0.8782,0.3273,66.253,91.296,25.043,1.8331,0.416,0
AGB-01,4018.0,93.53,2.085,0.4247,2.833,1450.0,1.2917,0.3894,2.57,0,3,0.9135,0.3517,66.303,91.319,25.015,1.7861,0.416,0
AGB-01,4019.0,108.01,2.12,0.4248,4.091,1450.0,1.3129,0.384,2.71,0,3,0.98,0.338,66.354,91.341,24.988,1.8161,0.416,0
AGB-01,4020.0,98.56,2.1556,0.3926,1.351,1452.1,1.3346,0.3984,3.07,0,3,0.8434,0.3047,66.404,91.364,24.96,1.847,0.4163,0
AGB-01,4021.0,88.19,2.1755,0.375,1.661,1719.9,1.3714,0.42,3.16,0,3,0.814,0.2993,66.454,91.387,24.933,1.8993,0.443,0
AGB-01,4022.0,91.84,2.111,0.4003,0.903,1450.0,1.3076,0.3837,2.64,0,3,0.8559,0.3347,66.505,91.41,24.905,1.8084,0.416,0
AGB-01,4023.0,86.1,2.134,0.424,1.021,1481.4,1.3251,0.3901,2.04,0,3,0.7974,0.3326,66.555,91.432,24.877,1.8334,0.4201,0
AGB-01,4024.0,95.38,2.126,0.4068,1.239,1450.0,1.3166,0.3763,2.46,0,3,0.8589,0.3364,66.605,91.455,24.85,1.8212,0.416,0
AGB-01,4025.0,94.96,2.1686,0.3941,2.427,1450.0,1.3424,0.3659,3.31,0,3,0.9021,0.3117,66.656,91.478,24.822,1.8578,0.416,0
AGB-01,4026.0,88.55,2.1141,0.4087,1.046,1450.0,1.3096,0.3969,2.83,0,3,0.7907,0.3411,66.707,91.501,24.794,1.8111,0.416,0
AGB-01,4027.0,96.78,2.0953,0.4314,1.464,1450.0,1.2982,0.3708,2.5,0,3,0.8854,0.3411,66.757,91.523,24.766,1.7949,0.416,0
AGB-01,4028.0,94.12,2.0961,0.4445,2.231,1450.0,1.2988,0.3782,2.45,0,3,0.8856,0.3466,66.808,91.546,24.738,1.7956,0.416,0
AGB-01,4029.0,100.11,2.1348,0.3976,2.535,1450.0,1.3222,0.4029,2.67,0,3,0.8875,0.3225,66.858,91.569,24.71,1.8288,0.416,0
AGB-01,4030.0,102.66,2.1191,0.4343,1.651,1450.0,1.3127,0.398,2.79,0,3,0.9322,0.3529,66.909,91.591,24.682,1.8153,0.416,0
AGB-01,4031.0,99.54,2.0756,0.4312,1.268,1450.0,1.2865,0.3865,2.03,0,3,0.8982,0.3593,66.96,91.614,24.655,1.7781,0.416,0
AGB-01,4032.0,97.22,2.1235,0.3922,2.713,1450.0,1.3154,0.38,1.87,0,3,0.8974,0.336,67.01,91.637,24.627,1.8191,0.416,0
AGB-01,4033.0,89.12,2.1199,0.4141,0.961,1450.0,1.3133,0.3624,2.58,0,3,0.8443,0.3322,67.061,91.66,24.598,1.816,0.416,0
AGB-01,4034.0,99.15,2.1145,0.3945,1.27,1450.0,1.3101,0.378,2.25,0,3,0.9213,0.3383,67.112,91.682,24.57,1.8114,0.416,0
AGB-01,4035.0,84.54,2.1461,0.3805,0.879,1794.8,1.3586,0.42,2.75,0,3,0.7749,0.3083,67.163,91.705,24.542,1.8803,0.4482,0
AGB-01,4036.0,98.79,2.0771,0.4454,1.645,1450.0,1.2876,0.3966,2.27,0,3,0.9073,0.3701,67.214,91.728,24.514,1.7794,0.416,0
AGB-01,4037.0,95.65,2.1613,0.3804,0.851,1450.0,1.3384,0.3807,3.55,0,3,0.843,0.3147,67.265,91.751,24.486,1.8515,0.416,0
AGB-01,4038.0,91.14,2.1404,0.405,1.072,1604.3,1.3417,0.4044,2.67,0,3,0.7711,0.3172,67.315,91.773,24.458,1.8562,0.4334,0
AGB-01,4039.0,97.99,2.1211,0.4303,1.484,1450.0,1.3142,0.3865,3.25,0,3,0.9038,0.3322,67.366,91.796,24.43,1.817,0.416,0
AGB-01,4040.0,100.81,2.056,0.4334,2.288,1450.0,1.2749,0.3888,2.05,0,3,0.9389,0.3647,67.417,91.819,24.401,1.7613,0.416,0
AGB-01,4041.0,86.73,2.1556,0.3961,0.847,1585.2,1.3494,0.3991,3.01,0,3,0.7428,0.3142,67.468,91.841,24.373,1.867,0.4316,0
AGB-01,4042.0,93.54,2.0913,0.4395,2.396,1450.0,1.2963,0.3857,1.81,0,3,0.8768,0.3557,67.52,91.864,24.345,1.7915,0.416,0
AGB-01,4043.0,93.06,2.073,0.4334,1.43,1450.0,1.2853,0.3792,2.06,0,3,0.8204,0.3497,67.571,91.887,24.316,1.7758,0.416,0
AGB-01,4044.0,103.48,2.0951,0.4221,1.85,1450.0,1.2986,0.4046,3.1,0,3,0.8989,0.3456,67.622,91.91,24.288,1.7948,0.416,0
AGB-01,4045.0,91.37,2.15,0.3799,1.293,1450.0,1.3317,0.3674,3.12,0,3,0.8343,0.3239,67.673,91.932,24.259,1.8418,0.416,0
AGB-01,4046.0,88.56,2.1681,0.417,1.799,1450.0,1.3427,0.3792,2.9,0,3,0.8566,0.3101,67.724,91.955,24.231,1.8574,0.416,0
AGB-01,4047.0,99.48,2.1272,0.432,2.461,1450.0,1.318,0.406,2.74,0,3,0.9054,0.3443,67.775,91.978,24.202,1.8223,0.416,0
AGB-01,4048.0,94.05,2.1087,0.4156,1.341,1450.0,1.3069,0.3775,2.65,0,3,0.9031,0.3409,67.827,92.001,24.174,1.8064,0.416,0
AGB-01,4049.0,102.17,2.1355,0.4335,2.424,1450.0,1.323,0.3896,2.27,0,3,0.95,0.3346,67.878,92.023,24.145,1.8294,0.416,0
AGB-01,4050.0,96.16,2.0724,0.4451,0.878,1450.0,1.2849,0.3783,2.06,0,3,0.8452,0.3612,67.929,92.046,24.117,1.7753,0.416,0
AGB-01,4051.0,91.27,2.1605,0.3545,1.483,1557.0,1.3498,0.3815,3.37,1,3,0.768,0.3137,67.981,92.069,24.088,1.8675,0.4287,0
AGB-01,4052.0,96.24,2.1093,0.4224,0.848,1450.0,1.3071,0.3936,2.64,0,3,0.8655,0.3389,68.032,92.091,24.059,1.807,0.416,0
AGB-01,4053.0,91.92,2.138,0.4102,1.348,1450.0,1.3244,0.3867,2.72,0,3,0.8536,0.3248,68.084,92.114,24.031,1.8315,0.416,0
AGB-01,4054.0,93.62,2.069,0.471,2.234,1450.0,1.2827,0.3835,1.64,0,3,0.9244,0.3792,68.135,92.137,24.002,1.7724,0.416,0
AGB-01,4055.0,92.46,2.1349,0.402,0.984,1450.0,1.3224,0.3956,2.78,0,3,0.807,0.3268,68.187,92.16,23.973,1.8289,0.416,0
AGB-01,4056.0,92.47,2.0568,0.4385,1.655,1450.0,1.2752,0.3791,1.99,0,3,0.8101,0.3775,68.238,92.182,23.944,1.762,0.416,0
AGB-01,4057.0,103.92,2.1245,0.425,4.777,1450.0,1.316,0.3807,2.58,0,3,0.98,0.3311,68.29,92.205,23.915,1.82,0.416,0
AGB-01,4058.0,91.86,2.1124,0.4248,1.263,1450.0,1.3086,0.3842,2.42,0,3,0.8355,0.3417,68.341,92.228,23.886,1.8096,0.416,0
AGB-01,4059.0,99.67,2.1056,0.4037,0.856,1450.0,1.3045,0.3777,2.72,0,3,0.8694,0.3392,68.393,92.251,23.858,1.8038,0.416,0
AGB-01,4060.0,97.89,2.1815,0.4017,1.595,1514.4,1.3576,0.3822,3.37,0,3,0.8493,0.3137,68.445,92.273,23.829,1.8794,0.424,0
AGB-01,4061.0,93.85,2.1352,0.4139,1.683,1450.0,1.3221,0.391,2.66,0,3,0.8836,0.3345,68.496,92.296,23.8,1.8292,0.416,0
AGB-01,4062.0,95.11,2.0774,0.4463,1.217,1450.0,1.2872,0.3661,1.86,0,3,0.8594,0.3605,68.548,92.319,23.771,1.7796,0.416,0
AGB-01,4063.0,95.7,2.0946,0.4207,1.73,1450.0,1.2974,0.3849,2.44,0,3,0.9467,0.3488,68.6,92.341,23.741,1.7944,0.416,0
AGB-01,4064.0,92.28,2.093,0.4298,1.066,1450.0,1.2964,0.3797,2.07,0,3,0.8622,0.3505,68.652,92.364,23.712,1.793,0.416,0
AGB-01,4065.0,95.89,2.105,0.4223,1.004,1450.0,1.3035,0.3981,2.39,0,3,0.8307,0.3469,68.704,92.387,23.683,1.8033,0.416,0
AGB-01,4066.0,97.75,2.083,0.4525,1.589,1450.0,1.2901,0.3942,2.29,0,3,0.8813,0.3638,68.756,92.41,23.654,1.7844,0.416,0
AGB-01,4067.0,88.39,2.1666,0.3861,0.839,1643.4,1.3596,0.4134,3.47,0,3,0.7992,0.3156,68.807,92.432,23.625,1.8835,0.4369,0
AGB-01,4068.0,90.6,2.1653,0.401,1.363,1602.2,1.3552,0.3924,2.78,0,3,0.7977,0.3219,68.859,92.455,23.596,1.8775,0.4332,0
AGB-01,4069.0,92.84,2.0866,0.433,1.082,1450.0,1.2918,0.3797,2.0,0,3,0.8473,0.356,68.911,92.478,23.566,1.7875,0.416,0
AGB-01,4070.0,96.46,2.1577,0.4065,1.619,1486.0,1.3388,0.3781,3.74,0,3,0.834,0.3149,68.963,92.501,23.537,1.8545,0.4206,0
AGB-01,4071.0,92.51,2.128,0.414,1.472,1450.0,1.3165,0.3624,2.49,0,3,0.8798,0.3405,69.016,92.523,23.508,1.823,0.416,0
AGB-01,4072.0,89.41,2.0895,0.4067,1.112,1450.0,1.2931,0.4038,2.1,0,3,0.81,0.3439,69.068,92.546,23.478,1.79,0.416,0
AGB-01,4073.0,98.77,2.0778,0.4333,2.383,1450.0,1.2859,0.3752,2.01,0,3,0.909,0.3518,69.12,92.569,23.449,1.78,0.416,0
AGB-01,4074.0,96.92,2.0927,0.4391,1.093,1450.0,1.2947,0.4009,2.51,0,3,0.8541,0.341,69.172,92.591,23.419,1.7927,0.416,0
AGB-01,4075.0,89.79,2.1132,0.399,1.119,1450.0,1.3069,0.3833,2.37,0,3,0.8073,0.3325,69.224,92.614,23.39,1.8103,0.416,0
AGB-01,4076.0,97.66,2.0821,0.4444,1.765,1450.0,1.288,0.3884,2.64,0,3,0.8991,0.3522,69.276,92.637,23.361,1.7837,0.416,0
AGB-01,4077.0,94.33,2.1452,0.4135,1.366,1450.0,1.3258,0.3792,2.71,0,3,0.852,0.3288,69.329,92.66,23.331,1.8377,0.416,0
AGB-01,4078.0,95.93,2.1059,0.3872,0.562,1493.0,1.3069,0.3847,3.29,0,3,0.8289,0.3227,69.381,92.682,23.301,1.8111,0.4215,0
AGB-01,4079.0,95.17,2.123,0.4134,1.489,1450.0,1.3121,0.3888,2.82,0,3,0.8599,0.3309,69.433,92.705,23.272,1.8187,0.416,0
AGB-01,4080.0,93.29,2.1331,0.4003,1.578,1450.0,1.318,0.3829,2.88,0,3,0.8519,0.3268,69.486,92.728,23.242,1.8274,0.416,0
AGB-01,4081.0,94.28,2.1473,0.4641,1.667,1450.0,1.3263,0.3742,2.8,0,3,0.9099,0.338,69.538,92.751,23.212,1.8395,0.416,0
AGB-01,4082.0,97.75,2.0981,0.4151,1.311,1450.0,1.2966,0.3911,2.49,0,3,0.8815,0.3384,69.591,92.773,23.183,1.7973,0.416,0
AGB-01,4083.0,93.57,2.0683,0.4055,1.966,1450.0,1.2784,0.3993,2.31,0,3,0.875,0.3556,69.643,92.796,23.153,1.7718,0.416,0
AGB-01,4084.0,100.37,2.1413,0.4013,2.977,1450.0,1.3222,0.3921,2.56,0,3,0.8789,0.3317,69.696,92.819,23.123,1.8343,0.416,0
AGB-01,4085.0,92.43,2.0565,0.4485,2.181,1450.0,1.271,0.383,1.97,0,3,0.8995,0.3627,69.748,92.841,23.093,1.7617,0.416,0
AGB-01,4086.0,84.35,2.1498,0.3866,0.93,1564.1,1.3393,0.4012,2.9,0,3,0.7736,0.322,69.801,92.864,23.063,1.8592,0.4294,0
AGB-01,4087.0,97.5,2.0655,0.4614,1.704,1450.0,1.2761,0.3841,2.11,0,3,0.891,0.3671,69.853,92.887,23.034,1.7694,0.416,0
AGB-01,4088.0,97.36,2.1299,0.4339,2.103,1450.0,1.3147,0.375,2.76,0,3,0.9348,0.3348,69.906,92.91,23.004,1.8246,0.416,0
AGB-01,4089.0,92.57,2.1004,0.4577,1.539,1450.0,1.2969,0.3791,2.28,0,3,0.8913,0.3642,69.959,92.932,22.974,1.7993,0.416,0
AGB-01,4090.0,83.98,2.1604,0.3831,0.912,1836.5,1.4544,0.4141,3.23,0,3,0.7464,0.3057,70.011,92.955,22.944,2.0247,0.4469,0
AGB-01,4091.0,87.85,2.1443,0.3753,0.972,1511.1,1.3299,0.391,2.89,0,3,0.8089,0.3208,70.064,92.978,22.914,1.8469,0.4236,0
AGB-01,4092.0,90.05,2.0823,0.4154,1.191,1450.0,1.2856,0.3718,2.37,0,3,0.8447,0.3546,70.117,93.001,22.884,1.7838,0.416,0
AGB-01,4093.0,95.74,2.1148,0.4392,1.038,1450.0,1.305,0.3847,2.46,0,3,0.8969,0.3506,70.17,93.023,22.854,1.8116,0.416,0
AGB-01,4094.0,94.4,2.0844,0.4428,1.757,1450.0,1.2866,0.3953,2.35,0,3,0.8911,0.3547,70.223,93.046,22.823,1.7856,0.416,0
AGB-01,4095.0,90.08,2.099,0.4179,1.132,1450.0,1.2953,0.3745,2.48,0,3,0.8539,0.3326,70.275,93.069,22.793,1.7981,0.416,0
AGB-01,4096.0,97.9,2.0576,0.4454,1.225,1450.0,1.2703,0.3771,1.71,0,3,0.8725,0.3847,70.328,93.091,22.763,1.7627,0.416,0
AGB-01,4097.0,101.9,2.1105,0.4297,1.799,1450.0,1.302,0.4002,2.43,0,3,0.9228,0.3454,70.381,93.114,22.733,1.808,0.416,0
AGB-01,4098.0,95.57,2.1225,0.4069,1.611,1450.0,1.3091,0.3686,2.49,0,3,0.8414,0.3399,70.434,93.137,22.703,1.8183,0.416,0
AGB-01,4099.0,90.46,2.1434,0.4013,1.165,1520.2,1.3296,0.3889,2.82,0,3,0.8107,0.3305,70.487,93.16,22.672,1.8475,0.4247,0
AGB-01,4100.0,88.71,2.1558,0.3834,1.129,1663.7,1.3497,0.4111,3.15,0,3,0.7649,0.3092,70.54,93.182,22.642,1.8764,0.4387,0
AGB-01,4101.0,97.13,2.0301,0.4457,1.866,1450.0,1.2534,0.3874,1.7,0,3,0.8971,0.3874,70.594,93.205,22.611,1.7391,0.416,0
AGB-01,4102.0,96.66,2.1048,0.4273,1.852,1450.0,1.2983,0.3873,2.45,0,3,0.9034,0.3413,70.647,93.228,22.581,1.8031,0.416,0
AGB-01,4103.0,94.44,2.0986,0.4412,2.138,1450.0,1.2946,0.4091,2.55,0,3,0.9447,0.3446,70.7,93.251,22.551,1.7978,0.416,0
AGB-01,4104.0,44.04,2.2668,0.2423,1.238,3068.2,9.6823,0.2347,5.64,0,1,0.2352,0.2456,70.753,93.273,22.52,17.4096,0.2609,0
AGB-01,4105.0,44.87,2.2506,0.2688,0.551,3024.4,9.2295,0.2555,6.09,0,1,0.2604,0.2498,70.806,93.296,22.49,16.2353,0.2765,0
AGB-01,4106.0,46.97,2.255,0.2861,0.973,2814.2,8.8864,0.1918,5.26,0,1,0.2822,0.2448,70.86,93.319,22.459,15.3918,0.2305,0
AGB-01,4107.0,44.45,2.266,0.2657,0.838,3189.7,10.0095,0.2558,6.02,0,1,0.2228,0.2423,70.913,93.341,22.429,18.3079,0.2735,0
AGB-01,4108.0,45.05,2.2506,0.247,0.648,3035.4,9.5881,0.2415,6.53,0,1,0.2331,0.2465,70.966,93.364,22.398,17.1576,0.2538,0
AGB-01,4109.0,45.63,2.2262,0.2824,0.732,3004.4,9.275,0.235,6.11,0,1,0.213,0.2625,71.02,93.387,22.367,16.3482,0.2623,0
AGB-01,4110.0,31.68,2.2808,0.2147,0.842,3535.5,11.2584,0.2353,6.64,0,1,0.132,0.2393,71.073,93.41,22.337,22.2991,0.28,0
AGB-01,4111.0,45.53,2.2515,0.2549,0.853,2979.9,9.028,0.2659,5.87,0,1,0.2813,0.2474,71.127,93.432,22.306,15.7324,0.2775,0
AGB-01,4112.0,52.38,2.2335,0.2864,1.086,2830.2,8.6062,0.2258,5.86,0,1,0.2797,0.2553,71.18,93.455,22.275,14.7251,0.2565,0
AGB-01,4113.0,49.35,2.2333,0.2716,0.568,2807.4,8.2265,0.2421,4.82,0,1,0.2986,0.2614,71.234,93.478,22.244,13.8591,0.2772,0
AGB-01,4114.0,41.59,2.2694,0.2629,0.477,3062.0,9.8391,0.224,6.9,0,1,0.2155,0.2461,71.287,93.501,22.213,17.8256,0.2471,0
AGB-01,4115.0,42.29,2.2842,0.2308,1.203,3248.0,10.7067,0.2039,8.49,0,1,0.1806,0.2329,71.341,93.523,22.183,20.3911,0.2415,0
AGB-01,4116.0,91.31,2.1242,0.4172,0.752,1450.0,1.3104,0.3805,2.1,0,3,0.8172,0.3436,71.394,93.546,22.152,1.8198,0.416,0
AGB-01,4117.0,96.05,2.1233,0.4103,2.35,1450.0,1.3099,0.3887,2.28,0,3,0.8759,0.3385,71.448,93.569,22.121,1.8189,0.416,0
AGB-01,4118.0,92.45,2.0935,0.4084,0.85,1450.0,1.2921,0.3882,2.7,0,3,0.8217,0.341,71.502,93.591,22.09,1.7934,0.416,0
AGB-01,4119.0,93.58,2.1227,0.4014,1.506,1450.8,1.3099,0.378,2.77,0,3,0.8488,0.329,71.555,93.614,22.059,1.8186,0.4161,0
AGB-01,4120.0,94.55,2.0956,0.4369,1.458,1450.0,1.2936,0.3818,2.47,0,3,0.9075,0.3519,71.609,93.637,22.028,1.7953,0.416,0
AGB-01,4121.0,95.72,2.0763,0.4398,1.829,1450.0,1.282,0.3825,1.97,0,3,0.9003,0.3499,71.663,93.66,21.997,1.7787,0.416,0
AGB-01,4122.0,94.81,2.0817,0.4491,1.073,1450.0,1.2853,0.3865,1.86,0,3,0.869,0.3651,71.717,93.682,21.966,1.7833,0.416,0
AGB-01,4123.0,93.79,2.0715,0.4246,1.528,1450.0,1.2793,0.3964,2.32,0,3,0.8828,0.3544,71.771,93.705,21.934,1.7746,0.416,0
AGB-01,4124.0,88.86,2.1187,0.3924,0.75,1450.0,1.3078,0.3849,2.03,0,3,0.8083,0.3352,71.825,93.728,21.903,1.815,0.416,0
AGB-01,4125.0,96.39,2.0945,0.4334,1.353,1450.0,1.2933,0.3809,2.3,0,3,0.9089,0.351,71.878,93.751,21.872,1.7943,0.416,0
AGB-01,4126.0,84.41,2.0135,0.4499,0.771,1450.0,1.2446,0.3825,1.86,0,3,0.8038,0.3823,71.932,93.773,21.841,1.7249,0.416,0
AGB-01,4127.0,97.75,2.0794,0.4323,1.414,1450.0,1.2843,0.3926,2.2,0,3,0.868,0.3508,71.986,93.796,21.81,1.7813,0.416,0
AGB-01,4128.0,94.43,2.1242,0.3968,1.076,1450.0,1.3114,0.3895,2.37,0,3,0.8655,0.3291,72.041,93.819,21.778,1.8198,0.416,0
AGB-01,4129.0,88.19,2.156,0.3984,0.97,1555.4,1.342,0.397,2.99,0,3,0.7976,0.3168,72.095,93.841,21.747,1.8634,0.4285,0
AGB-01,4130.0,101.42,2.1194,0.4197,2.641,1450.0,1.3086,0.3802,1.96,0,3,0.9241,0.3542,72.149,93.864,21.715,1.8156,0.416,0
AGB-01,4131.0,98.94,2.0455,0.434,1.138,1450.0,1.2642,0.3857,1.82,0,3,0.9045,0.372,72.203,93.887,21.684,1.7523,0.416,0
AGB-01,4132.0,94.1,2.133,0.3821,1.575,1450.0,1.3169,0.3821,2.72,0,3,0.8468,0.3221,72.257,93.91,21.653,1.8273,0.416,0
AGB-01,4133.0,92.26,2.0682,0.4559,1.73,1450.0,1.278,0.3932,1.79,0,3,0.8651,0.3736,72.311,93.932,21.621,1.7718,0.416,0
AGB-01,4134.0,101.1,2.0655,0.4448,1.038,1450.0,1.2764,0.381,2.19,0,3,0.8654,0.3622,72.365,93.955,21.59,1.7694,0.416,0
AGB-01,4135.0,104.61,2.0639,0.4687,4.366,1450.0,1.2754,0.397,2.6,0,3,0.98,0.3664,72.42,93.978,21.558,1.768,0.416,0
AGB-01,4136.0,96.25,2.1568,0.4193,1.355,1450.0,1.3314,0.3752,2.69,0,3,0.8504,0.327,72.474,94.001,21.526,1.8477,0.416,0
AGB-01,4137.0,97.58,2.1161,0.4304,1.198,1450.0,1.3069,0.3853,2.75,0,3,0.8803,0.3462,72.528,94.023,21.495,1.8128,0.416,0
AGB-01,4138.0,105.92,2.0694,0.4622,1.024,1450.0,1.2788,0.3766,2.17,0,3,0.9111,0.361,72.583,94.046,21.463,1.7728,0.416,0
AGB-01,4139.0,100.19,2.1081,0.4404,1.97,1450.0,1.3021,0.3859,3.12,0,3,0.9225,0.3528,72.637,94.069,21.431,1.806,0.416,0
AGB-01,4140.0,87.9,2.0151,0.4428,1.264,1450.0,1.2461,0.3751,1.51,0,3,0.8682,0.3817,72.692,94.091,21.4,1.7263,0.416,0
AGB-01,4141.0,92.82,2.0492,0.4286,1.708,1450.0,1.2666,0.3776,1.62,0,3,0.849,0.367,72.746,94.114,21.368,1.7555,0.416,0
AGB-01,4142.0,84.55,2.1483,0.3873,0.988,1566.2,1.3387,0.4065,3.03,0,3,0.7901,0.3175,72.801,94.137,21.336,1.8582,0.4297,0
AGB-01,4143.0,92.77,2.0946,0.4037,0.884,1450.0,1.2939,0.3857,2.31,0,3,0.8375,0.3518,72.855,94.16,21.304,1.7943,0.416,0
AGB-01,4144.0,89.48,2.1414,0.4356,1.457,1450.0,1.322,0.3912,2.62,0,3,0.8741,0.3389,72.91,94.182,21.272,1.8345,0.416,0
AGB-01,4145.0,95.43,2.0451,0.4517,1.408,1450.0,1.2641,0.3723,2.33,0,3,0.9399,0.3756,72.965,94.205,21.241,1.752,0.416,0
AGB-01,4146.0,89.03,2.1153,0.4152,0.696,1450.0,1.3062,0.3772,1.95,0,3,0.8388,0.3491,73.019,94.228,21.209,1.8121,0.416,0
AGB-01,4147.0,97.98,2.0663,0.4325,2.095,1450.0,1.2767,0.3807,2.23,0,3,0.9325,0.3688,73.074,94.251,21.177,1.7701,0.416,0
AGB-01,4148.0,93.32,2.0987,0.4401,1.617,1450.0,1.2961,0.3807,2.26,0,3,0.872,0.3588,73.129,94.273,21.145,1.7978,0.416,0
AGB-01,4149.0,88.86,2.092,0.4278,1.615,1450.0,1.2921,0.3942,2.21,0,3,0.8379,0.3407,73.183,94.296,21.113,1.7922,0.416,0
AGB-01,4150.0,92.55,2.0948,0.4345,1.247,1450.0,1.2937,0.369,2.51,0,3,0.8623,0.3554,73.238,94.319,21.08,1.7945,0.416,0
AGB-01,4151.0,95.83,2.0695,0.4293,0.735,1450.0,1.2784,0.3974,2.27,0,3,0.8418,0.3691,73.293,94.341,21.048,1.7729,0.416,0
AGB-01,4152.0,91.36,2.0876,0.4369,0.973,1450.0,1.2892,0.3916,2.58,0,3,0.8364,0.3499,73.348,94.364,21.016,1.7883,0.416,0
AGB-01,4153.0,90.06,2.0871,0.438,1.26,1450.0,1.2888,0.3899,2.26,0,3,0.8278,0.3653,73.403,94.387,20.984,1.7879,0.416,0
AGB-01,4154.0,91.37,2.0846,0.4302,0.826,1450.0,1.2872,0.3694,1.66,0,3,0.8225,0.3635,73.458,94.41,20.952,1.7858,0.416,0
AGB-01,4155.0,92.81,2.1118,0.4219,1.154,1450.0,1.3035,0.3796,2.36,0,3,0.892,0.3452,73.513,94.432,20.92,1.8091,0.416,0
AGB-01,4156.0,100.54,2.0851,0.4348,1.219,1450.0,1.2874,0.3908,2.41,0,3,0.9298,0.3522,73.568,94.455,20.887,1.7862,0.416,0
AGB-01,4157.0,91.85,2.0855,0.4231,1.166,1450.0,1.2875,0.3695,1.89,0,3,0.8146,0.3509,73.623,94.478,20.855,1.7865,0.416,0
AGB-01,4158.0,100.86,2.0573,0.4472,1.044,1450.0,1.2704,0.3789,2.11,0,3,0.874,0.3557,73.678,94.501,20.823,1.7624,0.416,0
AGB-01,4159.0,93.8,2.032,0.4423,1.013,1450.0,1.2552,0.3887,1.68,0,3,0.8628,0.3848,73.733,94.523,20.79,1.7408,0.416,0
AGB-01,4160.0,89.66,2.0781,0.4148,1.25,1450.0,1.2828,0.3978,2.06,0,3,0.824,0.3468,73.788,94.546,20.758,1.7802,0.416,0
AGB-01,4161.0,93.95,2.146,0.4282,2.149,1450.0,1.3235,0.3722,2.29,0,3,0.876,0.3334,73.843,94.569,20.725,1.8384,0.416,0
AGB-01,4162.0,94.72,2.1225,0.437,2.253,1450.0,1.3093,0.4023,2.71,0,3,0.8973,0.334,73.899,94.591,20.693,1.8183,0.416,0
AGB-01,4163.0,98.53,2.0849,0.417,1.241,1450.0,1.2866,0.382,2.28,0,3,0.8837,0.3407,73.954,94.614,20.66,1.7861,0.416,0
AGB-01,4164.0,90.21,2.0381,0.4512,0.737,1450.0,1.2584,0.3892,2.22,0,3,0.8207,0.3716,74.009,94.637,20.628,1.7459,0.416,0
AGB-01,4165.0,90.29,2.1043,0.4493,1.279,1450.0,1.2981,0.3904,1.96,0,3,0.8566,0.3543,74.065,94.66,20.595,1.8027,0.416,0
AGB-01,4166.0,97.97,2.1406,0.3747,0.786,1450.0,1.3198,0.3847,2.84,0,3,0.8274,0.3264,74.12,94.682,20.562,1.8338,0.416,0
AGB-01,4167.0,94.15,2.0852,0.4203,1.49,1450.0,1.2864,0.4036,1.97,0,3,0.8578,0.363,74.175,94.705,20.53,1.7863,0.416,0
AGB-01,4168.0,103.84,2.0783,0.4269,1.694,1450.0,1.2822,0.4042,2.38,0,3,0.8923,0.3613,74.231,94.728,20.497,1.7804,0.416,0
AGB-01,4169.0,91.53,2.1243,0.3998,1.115,1450.0,1.3098,0.3775,2.35,0,3,0.8498,0.3356,74.286,94.751,20.464,1.8198,0.416,0
AGB-01,4170.0,93.8,2.0904,0.4378,1.429,1450.0,1.2893,0.3868,2.09,0,3,0.8707,0.3542,74.342,94.773,20.431,1.7907,0.416,0
AGB-01,4171.0,94.68,2.0857,0.4163,1.749,1450.0,1.2865,0.3816,2.07,0,3,0.8696,0.3475,74.397,94.796,20.399,1.7868,0.416,0
AGB-01,4172.0,95.7,2.0691,0.4495,0.939,1450.0,1.2764,0.3991,1.81,0,3,0.8836,0.3605,74.453,94.819,20.366,1.7726,0.416,0
AGB-01,4173.0,92.67,2.0612,0.4379,1.235,1450.0,1.2716,0.3802,2.35,0,3,0.8657,0.3689,74.509,94.841,20.333,1.7658,0.416,0
AGB-01,4174.0,98.29,2.1015,0.4488,1.106,1450.0,1.2957,0.3841,1.95,0,3,0.8686,0.368,74.564,94.864,20.3,1.8003,0.416,0
AGB-01,4175.0,95.59,2.0921,0.4241,1.152,1450.0,1.2901,0.3844,1.96,0,3,0.837,0.3588,74.62,94.887,20.267,1.7923,0.416,0
AGB-01,4176.0,92.95,2.0555,0.4454,1.023,1450.0,1.268,0.3817,1.74,0,3,0.8299,0.3774,74.676,94.91,20.234,1.7609,0.416,0
AGB-01,4177.0,94.06,2.1402,0.4373,1.545,1450.0,1.3188,0.3761,3.43,0,3,0.8877,0.3286,74.731,94.932,20.201,1.8334,0.416,0
AGB-01,4178.0,85.36,2.093,0.3926,1.032,1450.0,1.2905,0.381,2.8,0,3,0.7467,0.3406,74.787,94.955,20.168,1.793,0.416,0
AGB-01,4179.0,87.27,2.1085,0.3946,0.972,1450.0,1.2997,0.3972,2.87,0,3,0.7606,0.329,74.843,94.978,20.135,1.8062,0.416,0
AGB-01,4180.0,103.52,2.1349,0.4169,5.679,1450.0,1.3155,0.3808,2.21,0,3,0.961,0.3281,74.899,95.001,20.102,1.8289,0.416,0
AGB-01,4181.0,98.42,2.0163,0.4732,0.996,1450.0,1.2443,0.3835,1.64,0,3,0.8814,0.395,74.955,95.023,20.068,1.7273,0.416,0
AGB-01,4182.0,86.09,2.1047,0.4491,1.053,1450.0,1.2974,0.3741,1.85,0,3,0.8191,0.3615,75.011,95.046,20.035,1.8031,0.416,0
AGB-01,4183.0,102.96,2.0938,0.4198,2.884,1450.0,1.2908,0.3849,2.02,0,3,0.9429,0.3632,75.067,95.069,20.002,1.7937,0.416,0
AGB-01,4184.0,97.92,2.0879,0.4441,1.245,1450.0,1.2872,0.3914,1.64,0,3,0.8909,0.3636,75.123,95.091,19.969,1.7886,0.416,0
AGB-01,4185.0,98.35,2.0322,0.4539,1.64,1450.0,1.2537,0.3905,1.8,0,3,0.8773,0.389,75.179,95.114,19.935,1.7409,0.416,0
AGB-01,4186.0,100.37,2.014,0.4396,1.864,1450.0,1.2427,0.3829,1.46,0,3,0.9016,0.3857,75.235,95.137,19.902,1.7253,0.416,0
AGB-01,4187.0,93.44,2.1195,0.4319,0.959,1450.0,1.3061,0.3856,2.31,0,3,0.838,0.3482,75.291,95.16,19.869,1.8157,0.416,0
AGB-01,4188.0,99.55,2.0519,0.4471,0.663,1450.0,1.2655,0.3698,1.99,0,3,0.8711,0.3753,75.347,95.182,19.835,1.7578,0.416,0
AGB-01,4189.0,94.38,2.097,0.419,1.905,1450.0,1.2926,0.3892,1.97,0,3,0.863,0.3489,75.403,95.205,19.802,1.7964,0.416,0
AGB-01,4190.0,95.59,2.085,0.4027,0.951,1450.0,1.2854,0.3748,2.12,0,3,0.809,0.3485,75.459,95.228,19.768,1.7862,0.416,0
AGB-01,4191.0,86.61,2.07,0.4396,1.159,1450.0,1.2763,0.3803,2.15,0,3,0.8801,0.3527,75.516,95.251,19.735,1.7733,0.416,0
AGB-01,4192.0,99.06,2.0344,0.4436,0.924,1450.0,1.2549,0.3915,1.72,0,3,0.9098,0.3837,75.572,95.273,19.701,1.7428,0.416,0
AGB-01,4193.0,85.47,2.1097,0.4104,1.466,1450.0,1.3002,0.3816,2.27,0,3,0.7964,0.3458,75.628,95.296,19.668,1.8073,0.416,0
AGB-01,4194.0,96.26,2.0705,0.4293,0.871,1450.0,1.2767,0.3646,2.3,0,3,0.8634,0.3593,75.685,95.319,19.634,1.7738,0.416,0
AGB-01,4195.0,103.55,2.0134,0.4799,1.406,1450.0,1.2423,0.3884,1.73,0,3,0.9373,0.3951,75.741,95.341,19.6,1.7248,0.416,0
AGB-01,4196.0,93.79,2.0025,0.467,1.482,1450.0,1.2358,0.3889,1.38,0,3,0.8918,0.4081,75.797,95.364,19.567,1.7155,0.416,0
AGB-01,4197.0,90.08,2.0286,0.4489,1.514,1450.0,1.2514,0.392,1.87,0,3,0.8164,0.3914,75.854,95.387,19.533,1.7378,0.416,0
AGB-01,4198.0,85.6,2.0914,0.4439,0.849,1450.0,1.2892,0.3753,2.14,0,3,0.7857,0.3544,75.91,95.41,19.499,1.7916,0.416,0
AGB-01,4199.0,89.69,2.019,0.4502,0.749,1450.0,1.2457,0.3885,1.63,0,3,0.7808,0.3832,75.967,95.432,19.465,1.7296,0.416,0
AGB-01,4200.0,93.34,2.0718,0.4365,0.964,1450.0,1.2774,0.3752,1.91,0,3,0.8598,0.3552,76.024,95.455,19.432,1.7749,0.416,0
