WELL,DEPT,GR,RHOB,NPHI,RT,VP,E_STAT,NU_STAT,UCS,IS_CORE,FACIES,VSH_TRUE,PHI_TRUE,PP_MPA,SV_MPA,SIG_EFF_MPA,E_DYN,NU_DYN,IS_HC
AGB-02,1000.0,60.32,2.1314,0.3428,0.355,2040.9,3.7742,0.2743,2.65,0,1,0.3733,0.3291,9.917,24.559,14.642,6.3221,0.3142,0
AGB-02,1001.0,59.5,2.1012,0.3762,0.374,2036.2,3.6056,0.3002,2.34,0,1,0.3569,0.3408,9.927,24.584,14.657,6.0062,0.324,0
AGB-02,1002.0,38.54,2.0955,0.3486,0.366,2487.0,5.326,0.2799,2.64,0,1,0.218,0.3314,9.937,24.608,14.672,9.4384,0.3069,0
AGB-02,1003.0,53.48,2.1191,0.355,0.418,2176.8,4.5101,0.2485,2.94,0,1,0.2889,0.3318,9.947,24.633,14.686,7.7484,0.2856,0
AGB-02,1004.0,51.71,2.0887,0.3442,0.404,2414.0,4.7346,0.296,2.59,0,1,0.2639,0.3364,9.956,24.657,14.701,8.2005,0.3305,0
AGB-02,1005.0,34.15,2.1419,0.3183,0.721,2779.4,6.566,0.2901,3.43,0,1,0.159,0.3147,9.966,24.682,14.716,12.2843,0.3002,0
AGB-02,1006.0,40.91,2.1777,0.3151,0.308,2536.1,6.3658,0.2048,3.42,0,1,0.1906,0.3048,9.976,24.706,14.73,11.7953,0.2442,0
AGB-02,1007.0,43.64,2.1352,0.3242,0.356,2496.1,5.3819,0.2965,4.09,0,1,0.272,0.3123,9.986,24.731,14.745,9.5547,0.3115,0
AGB-02,1008.0,50.2,2.125,0.3228,0.638,2393.4,4.6972,0.2979,3.06,0,1,0.3159,0.3205,9.996,24.756,14.759,8.1214,0.3331,0
AGB-02,1009.0,36.15,2.1873,0.2984,0.58,2858.6,7.4467,0.2134,3.77,0,1,0.1227,0.2964,10.006,24.78,14.774,14.5845,0.2608,0
AGB-02,1010.0,41.39,2.1383,0.3476,0.442,2623.3,5.7174,0.2968,2.45,0,1,0.204,0.3286,10.016,24.805,14.789,10.2869,0.3199,0
AGB-02,1011.0,46.01,2.1117,0.354,0.3,2523.9,5.0426,0.3089,2.14,0,1,0.2098,0.3493,10.026,24.829,14.803,8.8282,0.3374,0
AGB-02,1012.0,52.03,2.0869,0.3445,0.376,2327.2,4.3965,0.2952,2.18,0,1,0.2934,0.3374,10.036,24.854,14.818,7.5145,0.3341,0
AGB-02,1013.0,52.07,2.1107,0.3544,0.381,2274.8,4.5675,0.285,2.92,0,1,0.2979,0.329,10.046,24.878,14.833,7.8534,0.3111,0
AGB-02,1014.0,52.25,2.1099,0.3594,0.3,2199.6,4.0346,0.2882,2.52,0,1,0.3162,0.3429,10.056,24.903,14.847,6.8073,0.3332,0
AGB-02,1015.0,49.82,2.095,0.3659,0.479,2160.8,4.0243,0.3066,2.41,0,1,0.2918,0.3507,10.066,24.927,14.862,6.7862,0.3222,0
AGB-02,1016.0,35.3,2.0722,0.3649,0.343,2419.4,4.8018,0.2984,1.67,0,1,0.1901,0.3614,10.075,24.952,14.877,8.3222,0.3254,0
AGB-02,1017.0,48.42,2.1471,0.3309,0.367,2452.7,5.6945,0.2298,2.66,0,1,0.2293,0.3154,10.085,24.977,14.891,10.2206,0.275,0
AGB-02,1018.0,42.69,2.1845,0.3022,0.762,2556.1,6.3367,0.2057,4.35,0,1,0.2239,0.2964,10.095,25.001,14.906,11.6963,0.2587,0
AGB-02,1019.0,45.92,2.1103,0.3439,0.645,2519.1,4.9573,0.3148,3.2,0,1,0.2638,0.3322,10.105,25.026,14.921,8.6362,0.3418,0
AGB-02,1020.0,52.67,2.1168,0.3253,0.3,2261.1,4.5895,0.2642,2.4,0,1,0.2765,0.3368,10.115,25.05,14.935,7.8855,0.3067,0
AGB-02,1021.0,48.95,2.0856,0.3638,0.346,2253.8,4.1585,0.325,2.21,0,1,0.3073,0.3409,10.125,25.075,14.95,7.0359,0.3343,0
AGB-02,1022.0,49.93,2.1266,0.3341,0.474,2303.7,4.8979,0.2595,2.78,0,1,0.2687,0.3286,10.135,25.099,14.964,8.5078,0.2946,0
AGB-02,1023.0,41.57,2.0938,0.3568,0.3,2418.2,5.0869,0.2766,2.71,0,1,0.2385,0.333,10.145,25.124,14.979,8.8977,0.3076,0
AGB-02,1024.0,51.09,2.1105,0.3358,0.342,2265.1,4.4298,0.2983,2.49,0,1,0.3046,0.3328,10.155,25.149,14.994,7.5611,0.3202,0
AGB-02,1025.0,48.96,2.1272,0.3113,0.3,2410.5,5.5435,0.23,2.72,0,1,0.25,0.3112,10.165,25.173,15.008,9.8683,0.2711,0
AGB-02,1026.0,51.79,2.0798,0.3627,0.395,2153.1,3.8409,0.3044,2.22,0,1,0.2992,0.3553,10.175,25.198,15.023,6.4226,0.3335,0
AGB-02,1027.0,53.8,2.1271,0.3194,0.435,2324.3,5.0337,0.2474,2.82,0,1,0.2768,0.3206,10.185,25.222,15.038,8.7788,0.2896,0
AGB-02,1028.0,41.99,2.1345,0.3161,0.726,2598.3,5.9195,0.2774,3.53,0,1,0.229,0.3108,10.194,25.247,15.052,10.6976,0.3003,0
AGB-02,1029.0,39.08,2.1101,0.323,0.47,2529.9,5.7571,0.2611,2.48,0,1,0.1837,0.3306,10.204,25.271,15.067,10.3304,0.2891,0
AGB-02,1030.0,40.61,2.1325,0.3513,0.333,2408.7,5.3046,0.2626,2.97,0,1,0.211,0.3378,10.214,25.296,15.082,9.343,0.294,0
AGB-02,1031.0,48.31,2.0884,0.3285,0.338,2243.6,4.4469,0.2736,2.67,0,1,0.3026,0.3309,10.224,25.32,15.096,7.5844,0.31,0
AGB-02,1032.0,45.08,2.1653,0.3147,0.826,2513.9,6.181,0.2411,3.62,0,1,0.2233,0.3011,10.234,25.345,15.111,11.2894,0.2552,0
AGB-02,1033.0,47.23,2.1751,0.3061,0.32,2520.1,5.5525,0.2712,3.46,1,1,0.2761,0.3097,10.244,25.37,15.126,9.8717,0.3131,0
AGB-02,1034.0,43.99,2.1337,0.3449,0.344,2455.6,5.0591,0.2923,2.72,0,1,0.2764,0.3247,10.254,25.394,15.14,8.8202,0.3256,0
AGB-02,1035.0,68.92,2.0929,0.3688,0.606,1837.6,2.0794,0.3875,2.27,0,2,0.5247,0.3435,10.264,25.419,15.155,3.2916,0.4003,0
AGB-02,1036.0,71.89,2.0463,0.3929,0.518,1623.6,1.3414,0.3769,1.76,0,2,0.5653,0.3625,10.274,25.443,15.169,2.0814,0.4215,0
AGB-02,1037.0,57.59,2.1317,0.3533,0.359,2010.2,3.1984,0.3078,3.16,0,2,0.4743,0.3167,10.284,25.468,15.184,5.2306,0.3557,0
AGB-02,1038.0,68.16,2.1021,0.4027,0.398,1737.6,1.7267,0.3913,2.19,0,2,0.5301,0.3584,10.294,25.492,15.199,2.7063,0.411,0
AGB-02,1039.0,69.88,2.082,0.3684,0.325,1787.9,1.8006,0.366,2.6,0,2,0.5513,0.346,10.304,25.517,15.213,2.8276,0.4114,0
AGB-02,1040.0,64.53,2.0989,0.3791,0.525,2071.7,2.7244,0.3612,2.44,0,2,0.4797,0.3342,10.313,25.541,15.228,4.3911,0.3941,0
AGB-02,1041.0,71.86,2.1152,0.3777,0.496,1739.5,1.9623,0.3811,2.5,0,2,0.5606,0.3355,10.323,25.566,15.243,3.0947,0.3952,0
AGB-02,1042.0,102.79,1.9838,0.5,0.781,1450.0,1.1025,0.3708,1.2,0,3,0.9296,0.4366,10.333,25.591,15.257,1.6994,0.416,0
AGB-02,1043.0,91.19,2.0169,0.4564,0.701,1450.0,1.1205,0.3816,1.79,0,3,0.8983,0.4006,10.343,25.615,15.272,1.7278,0.416,0
AGB-02,1044.0,94.89,1.9635,0.4865,0.541,1450.0,1.0916,0.3782,1.23,0,3,0.8546,0.424,10.353,25.64,15.287,1.6821,0.416,0
AGB-02,1045.0,104.09,2.0399,0.4692,0.811,1450.0,1.1329,0.3874,1.98,0,3,0.8714,0.3845,10.363,25.664,15.301,1.7475,0.416,0
AGB-02,1046.0,92.82,1.986,0.4805,0.708,1450.0,1.1038,0.3686,1.52,0,3,0.8532,0.4114,10.373,25.689,15.316,1.7013,0.416,0
AGB-02,1047.0,96.72,2.007,0.5,1.024,1450.0,1.1152,0.3751,1.57,0,3,0.9474,0.4069,10.383,25.713,15.33,1.7194,0.416,0
AGB-02,1048.0,98.1,1.9935,0.4783,0.949,1450.0,1.1079,0.3825,1.51,0,3,0.8775,0.405,10.393,25.738,15.345,1.7078,0.416,0
AGB-02,1049.0,92.56,2.0543,0.4427,0.915,1450.0,1.1407,0.3864,1.69,0,3,0.8155,0.3784,10.403,25.763,15.36,1.7598,0.416,0
AGB-02,1050.0,94.08,1.9898,0.481,0.546,1450.0,1.1058,0.3778,1.61,0,3,0.8653,0.4064,10.413,25.787,15.374,1.7046,0.416,0
AGB-02,1051.0,93.31,1.9921,0.4842,0.738,1450.0,1.1071,0.3892,1.24,0,3,0.8605,0.4143,10.423,25.812,15.389,1.7066,0.416,0
AGB-02,1052.0,96.45,2.0309,0.4843,0.614,1450.0,1.128,0.3873,1.55,0,3,0.8996,0.4043,10.432,25.836,15.404,1.7398,0.416,0
AGB-02,1053.0,92.12,2.0131,0.4728,0.569,1450.0,1.1183,0.3815,1.42,0,3,0.855,0.4086,10.442,25.861,15.418,1.7245,0.416,0
AGB-02,1054.0,100.5,2.0773,0.4386,0.915,1450.0,1.1529,0.3881,2.06,0,3,0.8555,0.3703,10.452,25.885,15.433,1.7795,0.416,0
AGB-02,1055.0,87.77,2.0394,0.4015,0.446,1450.0,1.1325,0.388,1.72,0,3,0.7932,0.3668,10.462,25.91,15.448,1.7471,0.416,0
AGB-02,1056.0,96.61,2.0571,0.4353,0.635,1450.0,1.142,0.4026,1.87,0,3,0.8223,0.3585,10.472,25.934,15.462,1.7622,0.416,0
AGB-02,1057.0,96.57,1.9805,0.4692,0.785,1450.0,1.1006,0.3886,1.23,0,3,0.8939,0.4155,10.482,25.959,15.477,1.6967,0.416,0
AGB-02,1058.0,93.66,2.0858,0.4135,0.61,1450.0,1.1574,0.3584,1.92,0,3,0.8399,0.3669,10.492,25.984,15.492,1.7868,0.416,0
AGB-02,1059.0,89.51,2.0634,0.4186,0.472,1450.0,1.1453,0.3859,2.0,0,3,0.788,0.3684,10.502,26.008,15.506,1.7676,0.416,0
AGB-02,1060.0,103.05,1.9947,0.4641,1.033,1450.0,1.1082,0.3855,1.38,0,3,0.9562,0.397,10.512,26.033,15.521,1.7088,0.416,0
AGB-02,1061.0,93.96,2.0653,0.4579,0.832,1450.0,1.1462,0.3676,1.6,0,3,0.8538,0.3852,10.522,26.057,15.535,1.7692,0.416,0
AGB-02,1062.0,100.46,2.0245,0.4775,0.85,1450.0,1.1242,0.3904,1.91,0,3,0.9145,0.3919,10.532,26.082,15.55,1.7343,0.416,0
AGB-02,1063.0,91.01,2.007,0.4627,0.646,1450.0,1.1147,0.3769,1.82,0,3,0.8516,0.4068,10.542,26.106,15.565,1.7193,0.416,0
AGB-02,1064.0,97.31,2.0003,0.4746,1.357,1450.0,1.1111,0.3932,1.53,0,3,0.9149,0.4126,10.551,26.131,15.579,1.7136,0.416,0
AGB-02,1065.0,87.72,2.032,0.442,0.838,1450.0,1.1282,0.3689,1.73,0,3,0.7869,0.3883,10.561,26.155,15.594,1.7408,0.416,0
AGB-02,1066.0,90.66,2.0437,0.4283,0.548,1450.0,1.1345,0.3783,1.75,0,3,0.826,0.3811,10.571,26.18,15.609,1.7508,0.416,0
AGB-02,1067.0,99.1,1.9626,0.4886,0.592,1450.0,1.0907,0.3852,1.61,0,3,0.938,0.4152,10.581,26.205,15.623,1.6813,0.416,0
AGB-02,1068.0,91.26,2.0728,0.4596,0.894,1450.0,1.1501,0.3764,1.83,0,3,0.8833,0.3765,10.591,26.229,15.638,1.7757,0.416,0
AGB-02,1069.0,99.07,1.9361,0.5,1.084,1450.0,1.0763,0.3839,1.19,0,3,0.9229,0.426,10.601,26.254,15.653,1.6586,0.416,0
AGB-02,1070.0,96.01,1.9734,0.5,0.456,1450.0,1.0965,0.3667,1.32,0,3,0.8511,0.4228,10.611,26.278,15.667,1.6905,0.416,0
AGB-02,1071.0,96.07,2.0512,0.4308,0.786,1450.0,1.1385,0.381,1.82,0,3,0.8649,0.3705,10.621,26.303,15.682,1.7572,0.416,0
AGB-02,1072.0,94.81,2.0025,0.4991,0.482,1450.0,1.1122,0.3624,1.58,0,3,0.8646,0.4057,10.631,26.327,15.697,1.7154,0.416,0
AGB-02,1073.0,100.94,2.0321,0.4772,0.528,1450.0,1.1282,0.388,1.69,0,3,0.8932,0.393,10.641,26.352,15.711,1.7408,0.416,0
AGB-02,1074.0,97.4,2.0592,0.4664,0.58,1450.0,1.1429,0.3818,1.7,0,3,0.8721,0.3801,10.651,26.376,15.726,1.7641,0.416,0
AGB-02,1075.0,92.59,2.024,0.4528,0.828,1450.0,1.124,0.3877,1.54,0,3,0.8473,0.383,10.661,26.401,15.74,1.7339,0.416,0
AGB-02,1076.0,90.03,2.003,0.4754,0.693,1450.0,1.1127,0.3803,1.93,0,3,0.8566,0.3987,10.67,26.426,15.755,1.7159,0.416,0
AGB-02,1077.0,93.37,2.0125,0.4649,0.566,1450.0,1.1178,0.3665,1.62,0,3,0.8256,0.4114,10.68,26.45,15.77,1.7241,0.416,0
AGB-02,1078.0,91.34,2.0341,0.4705,1.033,1450.0,1.1295,0.3753,1.79,0,3,0.9147,0.3897,10.69,26.475,15.784,1.7425,0.416,0
AGB-02,1079.0,92.49,2.0358,0.4491,0.411,1450.0,1.1305,0.3999,2.16,0,3,0.8706,0.3887,10.7,26.499,15.799,1.744,0.416,0
AGB-02,1080.0,98.24,2.0773,0.4335,1.508,1450.0,1.1529,0.3824,1.69,0,3,0.8958,0.3782,10.71,26.524,15.814,1.7795,0.416,0
AGB-02,1081.0,95.34,2.0059,0.4839,0.815,1450.0,1.1145,0.3708,1.37,0,3,0.89,0.4194,10.72,26.548,15.828,1.7184,0.416,0
AGB-02,1082.0,88.69,2.0774,0.3811,0.732,1450.0,1.1531,0.3722,1.96,0,3,0.7641,0.3503,10.73,26.573,15.843,1.7796,0.416,0
AGB-02,1083.0,99.89,2.0332,0.4765,1.148,1450.0,1.1294,0.3782,1.34,0,3,0.9354,0.3943,10.74,26.598,15.858,1.7418,0.416,0
AGB-02,1084.0,94.73,2.0407,0.4506,0.711,1450.0,1.1335,0.4006,1.66,0,3,0.8718,0.3795,10.75,26.622,15.872,1.7482,0.416,0
AGB-02,1085.0,94.08,1.9656,0.4903,0.765,1450.0,1.093,0.3929,1.16,0,3,0.8622,0.4277,10.76,26.647,15.887,1.6839,0.416,0
AGB-02,1086.0,98.1,2.0082,0.4714,0.492,1450.0,1.1161,0.402,1.58,0,3,0.869,0.4138,10.77,26.671,15.902,1.7203,0.416,0
AGB-02,1087.0,100.96,1.9702,0.4996,0.474,1450.0,1.0956,0.389,1.51,0,3,0.8571,0.4141,10.78,26.696,15.916,1.6878,0.416,0
AGB-02,1088.0,98.49,1.9879,0.4995,1.197,1450.0,1.1053,0.4025,1.4,0,3,0.9328,0.414,10.789,26.72,15.931,1.703,0.416,0
AGB-02,1089.0,87.87,1.9563,0.4967,0.595,1450.0,1.0883,0.387,1.47,0,3,0.8149,0.4286,10.799,26.745,15.945,1.6759,0.416,0
AGB-02,1090.0,93.65,2.024,0.4833,0.534,1450.0,1.125,0.3655,1.54,0,3,0.8414,0.3968,10.809,26.769,15.96,1.7339,0.416,0
AGB-02,1091.0,93.3,1.9899,0.4565,0.716,1450.0,1.1066,0.3826,1.44,0,3,0.8387,0.414,10.819,26.794,15.975,1.7047,0.416,0
AGB-02,1092.0,95.09,1.973,0.4893,0.853,1450.0,1.0975,0.3897,1.72,0,3,0.8722,0.4043,10.829,26.819,15.989,1.6902,0.416,0
AGB-02,1093.0,88.3,2.075,0.4234,0.576,1450.0,1.1528,0.3821,1.88,0,3,0.7581,0.3584,10.839,26.843,16.004,1.7776,0.416,0
AGB-02,1094.0,95.2,1.9982,0.4521,0.571,1450.0,1.1113,0.391,1.83,0,3,0.7936,0.4005,10.849,26.868,16.019,1.7117,0.416,0
AGB-02,1095.0,95.21,2.0193,0.5,0.743,1450.0,1.1228,0.3814,1.75,0,3,0.8837,0.3999,10.859,26.892,16.033,1.7298,0.416,0
AGB-02,1096.0,92.83,2.0222,0.4539,0.577,1450.0,1.1244,0.389,1.73,0,3,0.8497,0.3889,10.869,26.917,16.048,1.7323,0.416,0
AGB-02,1097.0,90.05,2.0073,0.5,0.573,1450.0,1.1165,0.3881,1.61,0,3,0.9045,0.4087,10.879,26.941,16.063,1.7196,0.416,0
AGB-02,1098.0,98.6,1.9939,0.4495,0.955,1450.0,1.1092,0.4034,1.91,0,3,0.9086,0.3881,10.889,26.966,16.077,1.7081,0.416,0
AGB-02,1099.0,94.67,2.0195,0.4656,0.491,1450.0,1.123,0.3821,1.35,0,3,0.8448,0.3991,10.899,26.99,16.092,1.73,0.416,0
AGB-02,1100.0,89.34,2.0145,0.4346,0.664,1450.0,1.1203,0.3936,1.53,0,3,0.8445,0.3954,10.908,27.015,16.107,1.7257,0.416,0
AGB-02,1101.0,89.58,2.0795,0.4386,0.571,1450.0,1.1555,0.3765,1.57,1,3,0.848,0.3681,10.918,27.04,16.121,1.7814,0.416,0
AGB-02,1102.0,90.92,2.0187,0.4606,0.787,1450.0,1.1226,0.3892,1.75,0,3,0.8884,0.3968,10.928,27.064,16.136,1.7294,0.416,0
AGB-02,1103.0,97.49,2.0221,0.4653,0.659,1450.0,1.1244,0.3848,1.79,0,3,0.8701,0.3823,10.938,27.089,16.15,1.7322,0.416,0
AGB-02,1104.0,91.81,2.0421,0.453,0.928,1450.0,1.1352,0.3725,1.56,0,3,0.8546,0.3826,10.948,27.113,16.165,1.7494,0.416,0
AGB-02,1105.0,99.93,2.0256,0.4876,0.855,1450.0,1.1262,0.3856,1.92,0,3,0.8525,0.398,10.958,27.138,16.18,1.7353,0.416,0
AGB-02,1106.0,90.16,2.035,0.4582,0.3,1450.0,1.1312,0.3872,1.54,0,3,0.7596,0.397,10.968,27.162,16.194,1.7433,0.416,0
AGB-02,1107.0,99.23,2.0386,0.458,1.148,1450.0,1.1331,0.3894,1.72,0,3,0.9052,0.3854,10.978,27.187,16.209,1.7464,0.416,0
AGB-02,1108.0,52.13,2.103,0.3466,0.306,2295.4,4.4486,0.2866,2.39,0,1,0.2995,0.3372,10.988,27.211,16.224,7.5703,0.3266,0
AGB-02,1109.0,46.81,2.0961,0.3537,0.38,2322.1,4.676,0.2843,2.92,0,1,0.2828,0.3343,10.998,27.236,16.238,8.0227,0.3152,0
AGB-02,1110.0,44.65,2.1402,0.3446,0.431,2513.9,5.4907,0.2951,3.2,0,1,0.2643,0.3166,11.008,27.261,16.253,9.7183,0.3113,0
AGB-02,1111.0,52.91,2.143,0.3388,0.549,2373.3,4.9466,0.2947,2.91,0,1,0.3117,0.3171,11.018,27.285,16.268,8.5738,0.315,0
AGB-02,1112.0,46.15,2.1287,0.3292,0.543,2416.2,5.249,0.2742,3.34,0,1,0.2433,0.3308,11.027,27.31,16.282,9.2049,0.301,0
AGB-02,1113.0,45.85,2.1557,0.3302,0.3,2669.5,5.5982,0.3134,2.53,0,1,0.2633,0.3178,11.037,27.334,16.297,9.9566,0.3406,0
AGB-02,1114.0,45.95,2.1309,0.3444,0.363,2297.8,5.0621,0.2698,2.47,0,1,0.2669,0.3257,11.047,27.359,16.312,8.8168,0.2792,0
AGB-02,1115.0,44.42,2.118,0.3236,0.321,2378.9,5.1041,0.2653,2.63,0,1,0.2486,0.3328,11.057,27.383,16.326,8.9058,0.2999,0
AGB-02,1116.0,45.3,2.1571,0.3535,0.32,2541.1,5.5197,0.3006,2.61,0,1,0.2626,0.3183,11.067,27.408,16.341,9.792,0.3182,0
AGB-02,1117.0,89.1,2.0165,0.4671,0.488,1450.0,1.1198,0.3707,1.74,0,3,0.816,0.3872,11.077,27.433,16.355,1.7274,0.416,0
AGB-02,1118.0,88.7,2.0481,0.4269,0.635,1450.0,1.1367,0.3784,1.81,0,3,0.8133,0.3735,11.087,27.457,16.37,1.7545,0.416,0
AGB-02,1119.0,100.36,1.9914,0.489,0.767,1450.0,1.1059,0.413,1.56,0,3,0.9143,0.4169,11.097,27.482,16.385,1.7059,0.416,0
AGB-02,1120.0,95.16,2.025,0.4665,0.94,1450.0,1.1238,0.4027,1.43,0,3,0.8591,0.4042,11.107,27.506,16.399,1.7347,0.416,0
AGB-02,1121.0,98.29,2.0421,0.4661,0.85,1450.0,1.1328,0.3884,1.71,0,3,0.918,0.3953,11.117,27.531,16.414,1.7494,0.416,0
AGB-02,1122.0,93.31,1.9573,0.4938,0.78,1450.0,1.0868,0.3905,1.41,0,3,0.8521,0.4275,11.127,27.555,16.429,1.6767,0.416,0
AGB-02,1123.0,92.63,2.0675,0.4381,0.508,1450.0,1.146,0.3971,1.93,0,3,0.8209,0.3666,11.137,27.58,16.443,1.7712,0.416,0
AGB-02,1124.0,89.11,2.0356,0.476,0.648,1450.0,1.1286,0.3792,1.29,0,3,0.8344,0.3936,11.146,27.604,16.458,1.7438,0.416,0
AGB-02,1125.0,97.34,2.0224,0.4846,0.799,1450.0,1.1212,0.3783,1.58,0,3,0.9279,0.3923,11.156,27.629,16.473,1.7325,0.416,0
AGB-02,1126.0,91.57,2.0496,0.4606,0.483,1450.0,1.1356,0.3909,1.66,0,3,0.8423,0.3841,11.166,27.654,16.487,1.7558,0.416,0
AGB-02,1127.0,97.9,1.9651,0.4934,0.781,1450.0,1.0898,0.3772,1.23,1,3,0.8867,0.4189,11.176,27.678,16.502,1.6834,0.416,0
AGB-02,1128.0,92.5,2.0368,0.469,0.713,1450.0,1.1282,0.3854,1.67,0,3,0.8269,0.4039,11.186,27.703,16.517,1.7448,0.416,0
AGB-02,1129.0,95.82,2.0417,0.4463,0.429,1450.0,1.1305,0.3691,2.21,0,3,0.8281,0.3734,11.196,27.727,16.531,1.749,0.416,0
AGB-02,1130.0,91.37,1.9976,0.4519,0.829,1450.0,1.1065,0.3991,1.33,0,3,0.8663,0.3979,11.206,27.752,16.546,1.7113,0.416,0
AGB-02,1131.0,93.57,2.0737,0.4432,1.021,1450.0,1.1471,0.3882,2.05,0,3,0.8556,0.3613,11.216,27.776,16.56,1.7765,0.416,0
AGB-02,1132.0,100.32,2.0722,0.4718,1.14,1450.0,1.146,0.3682,1.6,0,3,0.9302,0.3692,11.226,27.801,16.575,1.7752,0.416,0
AGB-02,1133.0,99.34,2.0395,0.454,1.039,1450.0,1.1281,0.3765,1.73,0,3,0.8329,0.3815,11.236,27.825,16.59,1.7472,0.416,0
AGB-02,1134.0,106.32,2.0177,0.4668,0.643,1450.0,1.1161,0.3999,1.8,0,3,0.9383,0.3958,11.246,27.85,16.604,1.7285,0.416,0
AGB-02,1135.0,99.4,2.0665,0.4657,1.269,1450.0,1.142,0.3889,1.76,0,3,0.8997,0.3896,11.256,27.875,16.619,1.7703,0.416,0
AGB-02,1136.0,102.6,2.0691,0.4605,1.031,1450.0,1.1431,0.3752,1.82,0,3,0.9337,0.3709,11.265,27.899,16.634,1.7725,0.416,0
AGB-02,1137.0,84.24,2.0073,0.4519,0.487,1450.0,1.1097,0.3938,1.51,0,3,0.7583,0.4002,11.275,27.924,16.648,1.7196,0.416,0
AGB-02,1138.0,91.39,2.046,0.4727,0.486,1450.0,1.1301,0.3791,1.34,0,3,0.8306,0.3939,11.285,27.948,16.663,1.7527,0.416,0
AGB-02,1139.0,95.21,1.9684,0.4479,0.504,1450.0,1.0882,0.402,1.6,0,3,0.8502,0.4018,11.295,27.973,16.678,1.6863,0.416,0
AGB-02,1140.0,92.61,1.9923,0.4503,0.661,1450.0,1.1008,0.3746,1.37,0,3,0.8159,0.4027,11.305,27.997,16.692,1.7068,0.416,0
AGB-02,1141.0,96.81,2.0241,0.434,0.873,1450.0,1.1175,0.3797,1.86,0,3,0.907,0.3805,11.315,28.022,16.707,1.7339,0.416,0
AGB-02,1142.0,94.09,2.0602,0.4678,0.802,1450.0,1.1366,0.4011,1.84,0,3,0.8696,0.3848,11.325,28.047,16.722,1.7649,0.416,0
AGB-02,1143.0,85.47,1.9458,0.5,0.568,1450.0,1.075,0.3967,1.4,0,3,0.839,0.44,11.335,28.071,16.736,1.6669,0.416,0
AGB-02,1144.0,101.84,2.0571,0.4685,0.879,1450.0,1.1344,0.3735,2.01,0,3,0.9453,0.3738,11.345,28.096,16.751,1.7623,0.416,0
AGB-02,1145.0,92.67,2.017,0.4619,0.825,1450.0,1.1126,0.3793,1.39,0,3,0.8325,0.4014,11.355,28.12,16.765,1.7279,0.416,0
AGB-02,1146.0,96.81,2.0867,0.4594,0.807,1450.0,1.1497,0.3915,1.81,0,3,0.9067,0.3761,11.365,28.145,16.78,1.7876,0.416,0
AGB-02,1147.0,97.14,1.99,0.4763,0.693,1450.0,1.0977,0.391,1.58,0,3,0.8621,0.4095,11.375,28.169,16.795,1.7048,0.416,0
AGB-02,1148.0,96.74,1.9924,0.4805,0.425,1450.0,1.0987,0.3928,1.27,0,3,0.9006,0.4199,11.384,28.194,16.809,1.7068,0.416,0
AGB-02,1149.0,98.99,2.0395,0.4702,0.78,1450.0,1.1237,0.3932,1.78,0,3,0.9043,0.3918,11.394,28.218,16.824,1.7471,0.416,0
AGB-02,1150.0,97.57,2.0728,0.4403,0.923,1450.0,1.1413,0.3768,2.12,0,3,0.875,0.3685,11.404,28.243,16.839,1.7757,0.416,0
AGB-02,1151.0,101.78,2.0454,0.44,1.065,1450.0,1.1264,0.3802,2.11,0,3,0.8866,0.3822,11.414,28.268,16.853,1.7522,0.416,0
AGB-02,1152.0,88.77,2.094,0.4397,0.626,1450.0,1.1522,0.3954,1.89,0,3,0.8059,0.3612,11.424,28.292,16.868,1.7939,0.416,0
AGB-02,1153.0,91.25,2.0348,0.4206,0.871,1450.0,1.1203,0.3885,1.72,0,3,0.8252,0.3671,11.434,28.317,16.883,1.7432,0.416,0
AGB-02,1154.0,97.62,2.0942,0.4328,0.89,1450.0,1.1519,0.3753,1.7,0,3,0.8371,0.3702,11.444,28.341,16.897,1.7941,0.416,0
AGB-02,1155.0,97.24,2.0841,0.445,0.977,1450.0,1.1463,0.3895,1.93,0,3,0.8298,0.3696,11.454,28.366,16.912,1.7854,0.416,0
AGB-02,1156.0,93.99,2.0556,0.4437,0.753,1450.0,1.1309,0.3939,1.56,0,3,0.8248,0.3686,11.464,28.39,16.927,1.761,0.416,0
AGB-02,1157.0,99.21,2.0191,0.473,0.599,1450.0,1.1112,0.3864,1.62,0,3,0.8994,0.3932,11.474,28.415,16.941,1.7297,0.416,0
AGB-02,1158.0,92.95,2.0582,0.474,0.49,1450.0,1.1319,0.3718,1.88,0,3,0.8385,0.3812,11.484,28.439,16.956,1.7632,0.416,0
AGB-02,1159.0,98.51,2.046,0.455,1.035,1450.0,1.1253,0.3903,1.58,0,3,0.9256,0.3801,11.494,28.464,16.97,1.7527,0.416,0
AGB-02,1160.0,94.18,2.0025,0.468,0.514,1450.0,1.1018,0.3914,1.62,0,3,0.8063,0.4068,11.503,28.489,16.985,1.7155,0.416,0
AGB-02,1161.0,95.08,2.0386,0.455,0.613,1450.0,1.121,0.3841,1.89,0,3,0.903,0.3941,11.513,28.513,17.0,1.7464,0.416,0
AGB-02,1162.0,99.98,1.9779,0.5,1.095,1450.0,1.0884,0.384,1.44,0,3,0.9418,0.4219,11.523,28.538,17.014,1.6944,0.416,0
AGB-02,1163.0,105.82,2.0699,0.4352,0.907,1450.0,1.1375,0.3894,2.17,0,3,0.8957,0.371,11.533,28.562,17.029,1.7732,0.416,0
AGB-02,1164.0,98.65,2.071,0.4358,1.056,1450.0,1.138,0.3738,1.65,0,3,0.8725,0.3694,11.543,28.587,17.044,1.7742,0.416,0
AGB-02,1165.0,84.02,2.0163,0.47,0.438,1450.0,1.1087,0.3775,1.57,0,3,0.7639,0.3976,11.553,28.611,17.058,1.7273,0.416,0
AGB-02,1166.0,90.55,2.0635,0.4326,0.594,1450.0,1.1339,0.3763,1.73,0,3,0.8383,0.3661,11.563,28.636,17.073,1.7677,0.416,0
AGB-02,1167.0,95.27,2.0719,0.422,0.535,1450.0,1.1383,0.4062,2.63,0,3,0.8402,0.3605,11.573,28.66,17.088,1.7749,0.416,0
AGB-02,1168.0,90.38,2.0409,0.4617,0.588,1450.0,1.1217,0.3814,1.61,0,3,0.8395,0.3919,11.583,28.685,17.102,1.7484,0.416,0
AGB-02,1169.0,95.35,2.0518,0.4385,0.651,1450.0,1.1275,0.3765,1.66,0,3,0.8087,0.3831,11.593,28.71,17.117,1.7577,0.416,0
AGB-02,1170.0,93.53,2.0175,0.4777,0.686,1450.0,1.1092,0.3962,1.53,0,3,0.8577,0.4031,11.603,28.734,17.132,1.7283,0.416,0
AGB-02,1171.0,89.48,1.9785,0.4727,1.756,1450.0,1.0883,0.3968,1.72,0,3,0.8389,0.4167,11.613,28.759,17.146,1.6949,0.416,0
AGB-02,1172.0,100.1,2.0008,0.4768,0.917,1450.0,1.1003,0.3804,1.52,0,3,0.9134,0.3942,11.622,28.783,17.161,1.714,0.416,0
AGB-02,1173.0,90.44,2.0261,0.482,0.746,1450.0,1.1138,0.3933,1.99,0,3,0.8674,0.3995,11.632,28.808,17.175,1.7357,0.416,0
AGB-02,1174.0,96.31,2.0034,0.4605,0.692,1450.0,1.1018,0.3751,1.51,0,3,0.9088,0.4019,11.642,28.832,17.19,1.7163,0.416,0
AGB-02,1175.0,97.15,1.9733,0.4763,1.165,1450.0,1.0857,0.3724,1.33,0,3,0.9081,0.4156,11.652,28.857,17.205,1.6904,0.416,0
AGB-02,1176.0,84.35,2.0545,0.4499,0.737,1450.0,1.1292,0.394,1.58,0,3,0.7953,0.3921,11.662,28.882,17.219,1.76,0.416,0
AGB-02,1177.0,96.64,2.0429,0.4463,0.623,1450.0,1.1231,0.3982,2.16,0,3,0.8423,0.3707,11.672,28.906,17.234,1.7501,0.416,0
AGB-02,1178.0,89.61,2.0939,0.4314,0.553,1450.0,1.1504,0.3665,2.43,0,3,0.8122,0.3615,11.682,28.931,17.249,1.7938,0.416,0
AGB-02,1179.0,96.65,1.9929,0.4552,0.765,1450.0,1.0966,0.3868,1.48,0,3,0.8642,0.3982,11.692,28.955,17.263,1.7073,0.416,0
AGB-02,1180.0,25.85,2.1761,0.2764,0.566,3186.8,8.5898,0.2347,4.77,0,0,0.02,0.2954,11.702,28.98,17.278,18.3804,0.251,0
AGB-02,1181.0,38.02,2.1891,0.2806,0.472,2751.5,7.0615,0.2237,3.81,0,0,0.1803,0.2925,11.712,29.004,17.293,13.6586,0.2558,0
AGB-02,1182.0,35.92,2.1407,0.2986,0.456,2838.4,7.1698,0.236,3.63,0,0,0.1187,0.3098,11.722,29.029,17.307,13.9468,0.2651,0
AGB-02,1183.0,31.76,2.1792,0.2936,0.454,2973.1,7.6002,0.2624,3.87,0,0,0.1323,0.2945,11.732,29.053,17.322,15.1547,0.2776,0
AGB-02,1184.0,23.46,2.1935,0.2628,0.564,3161.6,8.8789,0.1882,4.29,0,0,0.02,0.2784,11.741,29.078,17.336,19.4472,0.2111,0
AGB-02,1185.0,31.09,2.1135,0.3276,0.311,2782.7,6.79,0.2536,3.31,0,0,0.139,0.3148,11.751,29.103,17.351,12.9306,0.2757,0
AGB-02,1186.0,30.73,2.1971,0.243,0.755,3128.3,8.5832,0.2138,5.05,0,0,0.0776,0.274,11.761,29.127,17.366,18.3101,0.2378,0
AGB-02,1187.0,29.06,2.2081,0.2765,0.337,3135.5,8.623,0.1996,5.31,0,0,0.0531,0.2832,11.771,29.152,17.38,18.4444,0.2392,0
AGB-02,1188.0,34.16,2.171,0.2764,0.374,3050.6,8.2273,0.2133,4.69,0,0,0.083,0.2847,11.781,29.176,17.395,17.0631,0.2426,0
AGB-02,1189.0,31.08,2.1332,0.3079,0.431,2877.9,7.4895,0.2175,3.75,0,0,0.0881,0.3077,11.791,29.201,17.41,14.798,0.2472,0
AGB-02,1190.0,32.51,2.176,0.3007,0.336,3039.1,7.6606,0.2851,4.64,0,0,0.1301,0.2957,11.801,29.225,17.424,15.2851,0.2913,0
AGB-02,1191.0,34.12,2.1492,0.2953,0.389,2994.3,7.9264,0.2324,4.48,0,0,0.0805,0.2966,11.811,29.25,17.439,16.0758,0.2494,0
AGB-02,1192.0,40.0,2.1823,0.2831,0.498,2974.7,7.7394,0.2403,3.53,0,0,0.1239,0.2928,11.821,29.274,17.454,15.5002,0.2686,0
AGB-02,1193.0,40.72,2.1348,0.3128,0.555,2789.9,6.8733,0.2626,3.55,0,1,0.1612,0.3061,11.831,29.299,17.468,13.099,0.2767,0
AGB-02,1194.0,42.22,2.1862,0.3026,0.415,2678.9,6.3934,0.2652,4.55,0,1,0.2241,0.3043,11.841,29.324,17.483,11.8923,0.2926,0
AGB-02,1195.0,43.86,2.1373,0.3154,0.755,2544.6,5.6333,0.2675,3.48,0,1,0.2606,0.3136,11.851,29.348,17.498,10.125,0.3053,0
AGB-02,1196.0,45.21,2.1544,0.3065,0.436,2482.6,6.0119,0.2363,3.87,0,1,0.2355,0.3057,11.86,29.373,17.512,10.9774,0.2542,0
AGB-02,1197.0,38.4,2.1533,0.3179,0.406,2583.2,6.3412,0.217,4.15,0,1,0.2193,0.3016,11.87,29.397,17.527,11.7473,0.2598,0
AGB-02,1198.0,46.58,2.166,0.312,0.416,2418.5,5.1436,0.2752,3.52,0,1,0.3183,0.3108,11.88,29.422,17.541,9.05,0.3132,0
AGB-02,1199.0,49.66,2.1484,0.3252,0.386,2663.0,6.0123,0.2893,3.19,0,1,0.2523,0.3062,11.89,29.446,17.556,10.9608,0.3109,0
AGB-02,1200.0,66.94,2.087,0.3659,0.494,1991.8,2.562,0.3664,2.31,0,2,0.4705,0.3462,11.9,29.471,17.571,4.1288,0.3908,0
AGB-02,1201.0,67.64,2.1402,0.3534,0.44,1867.7,2.5213,0.3358,2.39,0,2,0.5096,0.3343,11.91,29.495,17.585,4.0567,0.3771,0
AGB-02,1202.0,69.78,2.0594,0.3826,0.586,1708.7,1.4606,0.389,1.93,0,2,0.5555,0.3629,11.92,29.52,17.6,2.2807,0.4231,0
AGB-02,1203.0,74.7,2.1061,0.3507,0.543,1918.1,2.0968,0.3853,3.11,0,2,0.5881,0.3223,11.93,29.545,17.615,3.33,0.4101,0
AGB-02,1204.0,73.36,2.1362,0.3713,0.55,1705.9,1.6196,0.3853,2.28,0,2,0.5944,0.3426,11.94,29.569,17.629,2.5376,0.4158,0
AGB-02,1205.0,72.71,2.0836,0.3604,0.39,1974.6,2.1739,0.3814,2.82,0,2,0.5667,0.3265,11.95,29.594,17.644,3.457,0.4112,0
AGB-02,1206.0,67.49,2.1054,0.3931,0.658,1847.5,2.5661,0.3379,2.73,0,2,0.5163,0.328,11.96,29.618,17.659,4.1249,0.3671,0
AGB-02,1207.0,65.85,2.1188,0.3716,0.359,1793.6,1.7333,0.3953,2.95,1,2,0.5556,0.3519,11.97,29.643,17.673,2.7207,0.4181,0
AGB-02,1208.0,70.64,2.1417,0.3464,0.474,2003.7,3.1051,0.3247,3.15,0,2,0.4942,0.3173,11.979,29.667,17.688,5.0678,0.3619,0
AGB-02,1209.0,68.69,2.122,0.3882,0.499,1910.2,2.4884,0.3435,2.39,0,2,0.5133,0.3344,11.989,29.692,17.703,3.9857,0.386,0
AGB-02,1210.0,69.06,2.1008,0.4129,0.454,1708.0,1.6236,0.3798,2.29,0,2,0.5658,0.3523,11.999,29.717,17.717,2.5378,0.4143,0
AGB-02,1211.0,28.02,2.1849,0.283,0.306,3033.5,8.0105,0.2423,4.33,0,0,0.1058,0.2938,12.009,29.741,17.732,16.0951,0.2699,0
AGB-02,1212.0,26.2,2.1921,0.2904,0.398,2852.6,7.8809,0.1998,3.86,0,0,0.0778,0.3019,12.019,29.766,17.746,15.6941,0.2169,0
AGB-02,1213.0,35.7,2.1387,0.2904,0.3,2873.8,7.0872,0.2687,3.72,0,0,0.1494,0.3084,12.029,29.79,17.761,13.484,0.2898,0
AGB-02,1214.0,25.47,2.1869,0.2759,0.438,3114.5,8.7088,0.2087,5.67,0,0,0.0583,0.2798,12.039,29.815,17.776,18.3401,0.2286,0
AGB-02,1215.0,32.55,2.1883,0.2697,0.603,3074.8,8.4781,0.2287,5.07,0,0,0.0681,0.2874,12.049,29.839,17.79,17.5327,0.2407,0
AGB-02,1216.0,31.47,2.1576,0.2742,0.332,3013.3,8.1145,0.2198,3.98,0,0,0.0792,0.2955,12.059,29.864,17.805,16.3546,0.2491,0
AGB-02,1217.0,27.13,2.2033,0.2717,0.59,3061.6,8.4559,0.2304,3.73,0,0,0.075,0.2877,12.069,29.888,17.82,17.4325,0.2429,0
AGB-02,1218.0,39.87,2.1923,0.2904,0.348,2884.1,7.7472,0.2226,4.49,0,0,0.1405,0.2884,12.079,29.913,17.834,15.242,0.2484,0
AGB-02,1219.0,34.37,2.1667,0.2752,0.588,2753.2,7.5995,0.1756,4.25,0,0,0.1117,0.2949,12.089,29.938,17.849,14.8149,0.1982,0
AGB-02,1220.0,34.37,2.1693,0.2607,0.3,3016.2,8.2543,0.215,5.76,0,0,0.0903,0.2863,12.098,29.962,17.864,16.7475,0.2399,0
AGB-02,1221.0,30.71,2.1628,0.3106,0.474,2931.7,7.5422,0.2637,3.91,0,0,0.1021,0.3124,12.108,29.987,17.878,14.6403,0.2771,0
AGB-02,1222.0,39.27,2.1358,0.3084,0.552,2891.3,7.4421,0.2494,4.14,0,0,0.1184,0.3061,12.118,30.011,17.893,14.359,0.2677,0
AGB-02,1223.0,33.17,2.1631,0.2969,0.417,2849.3,7.4307,0.242,3.64,0,0,0.1324,0.3025,12.128,30.036,17.908,14.3221,0.261,0
AGB-02,1224.0,25.91,2.1856,0.2668,0.462,3163.9,8.4959,0.2513,4.75,0,0,0.0751,0.29,12.138,30.06,17.922,17.4928,0.2704,0
AGB-02,1225.0,35.23,2.2326,0.2792,0.528,3052.6,8.778,0.1787,4.61,0,0,0.0683,0.2764,12.148,30.085,17.937,18.4513,0.2112,0
AGB-02,1226.0,31.75,2.2259,0.2702,0.738,3224.5,8.94,0.2137,5.94,0,0,0.1086,0.2616,12.158,30.109,17.951,19.0309,0.2569,0
AGB-02,1227.0,32.47,2.2061,0.2635,0.558,3051.2,8.4346,0.2321,4.39,0,0,0.1102,0.2769,12.168,30.134,17.966,17.2715,0.245,0
AGB-02,1228.0,33.68,2.1731,0.2838,0.566,2832.7,7.9496,0.1791,3.92,0,0,0.0765,0.2971,12.178,30.159,17.981,15.7647,0.1963,0
AGB-02,1229.0,33.79,2.1568,0.2773,0.435,2810.8,7.493,0.2303,3.62,0,0,0.1427,0.2933,12.188,30.183,17.995,14.4649,0.2397,0
AGB-02,1230.0,32.99,2.1927,0.2754,0.408,3045.4,8.5448,0.2048,4.37,0,0,0.0483,0.2927,12.198,30.208,18.01,17.6202,0.2272,0
AGB-02,1231.0,30.51,2.1987,0.3216,0.412,2949.9,7.9236,0.2275,3.92,0,0,0.09,0.3051,12.208,30.232,18.025,15.6784,0.2587,0
AGB-02,1232.0,21.84,2.2187,0.2759,0.546,3234.1,8.8076,0.2476,4.14,0,0,0.0626,0.2868,12.217,30.257,18.039,18.5194,0.2713,0
AGB-02,1233.0,17.76,2.2051,0.2454,0.584,3257.4,9.1579,0.2277,4.74,0,0,0.0289,0.2793,12.227,30.281,18.054,19.8272,0.2407,0
AGB-02,1234.0,28.55,2.1375,0.2972,0.3,3025.9,8.3217,0.1963,4.63,0,0,0.0396,0.3001,12.237,30.306,18.069,16.888,0.2298,0
AGB-02,1235.0,29.03,2.2087,0.2593,0.662,3077.9,8.837,0.1634,4.88,0,0,0.0315,0.2864,12.247,30.331,18.083,18.6227,0.2086,0
AGB-02,1236.0,34.77,2.1857,0.2921,0.646,3039.5,8.386,0.2145,5.13,0,0,0.094,0.2831,12.257,30.355,18.098,17.0946,0.2413,0
AGB-02,1237.0,33.19,2.1478,0.2966,0.425,2852.2,7.5543,0.2381,4.6,0,0,0.1251,0.2987,12.267,30.38,18.113,14.6278,0.2475,0
AGB-02,1238.0,90.24,2.0401,0.4455,0.605,1450.0,1.1388,0.4002,1.94,0,3,0.8539,0.3791,12.277,30.404,18.127,1.7477,0.416,0
AGB-02,1239.0,96.56,2.0294,0.4496,0.759,1450.0,1.1329,0.3765,1.63,0,3,0.8513,0.3891,12.287,30.429,18.142,1.7385,0.416,0
AGB-02,1240.0,93.51,2.0759,0.4451,0.585,1450.0,1.158,0.3794,2.43,0,3,0.8958,0.3577,12.297,30.453,18.156,1.7783,0.416,0
AGB-02,1241.0,89.64,2.0438,0.4553,0.961,1450.0,1.1404,0.3818,2.35,0,3,0.897,0.3604,12.307,30.478,18.171,1.7508,0.416,0
AGB-02,1242.0,103.61,2.0593,0.4685,1.345,1450.0,1.1487,0.3755,1.82,0,3,0.9107,0.3831,12.317,30.502,18.186,1.7642,0.416,0
AGB-02,1243.0,94.59,2.001,0.4626,0.477,1450.0,1.1169,0.3855,1.94,0,3,0.8835,0.3924,12.327,30.527,18.2,1.7142,0.416,0
AGB-02,1244.0,95.85,2.0398,0.4457,0.552,1450.0,1.1377,0.3791,1.91,0,3,0.8668,0.3727,12.337,30.552,18.215,1.7474,0.416,0
AGB-02,1245.0,93.91,2.0464,0.4472,0.496,1450.0,1.141,0.3789,1.94,0,3,0.8589,0.3701,12.346,30.576,18.23,1.753,0.416,0
AGB-02,1246.0,97.13,2.034,0.4597,0.755,1450.0,1.134,0.3836,2.12,0,3,0.8929,0.3836,12.356,30.601,18.244,1.7424,0.416,0
AGB-02,1247.0,88.35,2.0915,0.4567,0.561,1450.0,1.1649,0.3894,2.25,0,3,0.8275,0.3694,12.366,30.625,18.259,1.7917,0.416,0
AGB-02,1248.0,96.7,2.0997,0.438,0.841,1450.0,1.169,0.3839,2.44,0,3,0.885,0.3554,12.376,30.65,18.274,1.7987,0.416,0
AGB-02,1249.0,89.06,2.0821,0.4316,0.725,1450.0,1.1592,0.3644,2.06,0,3,0.8299,0.3666,12.386,30.674,18.288,1.7837,0.416,0
AGB-02,1250.0,95.01,2.0969,0.4372,0.766,1450.0,1.1669,0.4084,1.95,0,3,0.8797,0.3623,12.396,30.699,18.303,1.7963,0.416,0
AGB-02,1251.0,93.93,2.0376,0.4691,0.749,1450.0,1.1346,0.3858,1.7,0,3,0.8314,0.3888,12.406,30.723,18.318,1.7456,0.416,0
AGB-02,1252.0,89.48,2.1206,0.4324,0.514,1450.0,1.1791,0.3691,2.71,0,3,0.8663,0.3312,12.416,30.748,18.332,1.8167,0.416,0
AGB-02,1253.0,89.16,2.0579,0.4467,0.896,1450.0,1.1449,0.3951,2.43,0,3,0.8231,0.3694,12.426,30.773,18.347,1.7629,0.416,0
AGB-02,1254.0,92.27,2.0228,0.4612,0.602,1450.0,1.1256,0.376,1.8,0,3,0.8923,0.3866,12.436,30.797,18.361,1.7328,0.416,0
AGB-02,1255.0,91.55,2.0634,0.4637,0.748,1450.0,1.1472,0.3775,1.78,0,3,0.8338,0.3688,12.446,30.822,18.376,1.7677,0.416,0
AGB-02,1256.0,95.44,1.989,0.4615,0.86,1450.0,1.1066,0.3986,1.73,0,3,0.8699,0.3986,12.456,30.846,18.391,1.7039,0.416,0
AGB-02,1257.0,102.08,2.0531,0.4764,0.878,1450.0,1.1409,0.383,1.55,0,3,0.9007,0.3848,12.465,30.871,18.405,1.7588,0.416,0
AGB-02,1258.0,94.22,2.0685,0.4708,0.869,1450.0,1.1489,0.3757,2.62,0,3,0.9089,0.3643,12.475,30.895,18.42,1.772,0.416,0
AGB-02,1259.0,102.32,2.0494,0.4473,1.033,1450.0,1.1382,0.3698,2.14,0,3,0.9183,0.3803,12.485,30.92,18.435,1.7556,0.416,0
AGB-02,1260.0,95.03,2.0699,0.4359,1.335,1450.0,1.1489,0.3921,1.96,0,3,0.8561,0.3684,12.495,30.944,18.449,1.7732,0.416,0
AGB-02,1261.0,102.26,2.0331,0.4935,0.445,1450.0,1.1287,0.3928,2.03,0,3,0.9206,0.39,12.505,30.969,18.464,1.7417,0.416,0
AGB-02,1262.0,91.79,2.059,0.4591,0.531,1450.0,1.1424,0.394,2.14,0,3,0.8129,0.3651,12.515,30.994,18.479,1.7639,0.416,0
AGB-02,1263.0,91.82,2.0125,0.4543,1.043,1450.0,1.117,0.3815,1.83,0,3,0.8385,0.3807,12.525,31.018,18.493,1.724,0.416,0
AGB-02,1264.0,86.71,2.0754,0.4283,1.033,1450.0,1.1506,0.3912,2.07,0,3,0.8089,0.3754,12.535,31.043,18.508,1.7779,0.416,0
AGB-02,1265.0,92.66,2.0473,0.4305,1.337,1450.0,1.1351,0.3724,1.96,0,3,0.8516,0.3745,12.545,31.067,18.523,1.7539,0.416,0
AGB-02,1266.0,95.62,2.075,0.4133,0.649,1450.0,1.1497,0.3852,1.88,0,3,0.8426,0.3526,12.555,31.092,18.537,1.7775,0.416,0
AGB-02,1267.0,99.63,2.0676,0.4484,0.769,1450.0,1.1455,0.3808,2.09,0,3,0.9094,0.3765,12.565,31.116,18.552,1.7713,0.416,0
AGB-02,1268.0,94.74,2.0126,0.4805,0.512,1450.0,1.1156,0.388,1.71,0,3,0.8,0.3966,12.575,31.141,18.566,1.7241,0.416,0
AGB-02,1269.0,98.76,2.0139,0.4785,0.707,1450.0,1.116,0.3819,1.53,0,3,0.9099,0.3927,12.584,31.166,18.581,1.7252,0.416,0
AGB-02,1270.0,100.67,2.0865,0.4495,1.405,1450.0,1.1548,0.3866,1.67,0,3,0.9102,0.3697,12.594,31.19,18.596,1.7874,0.416,0
AGB-02,1271.0,91.98,2.0933,0.4684,0.616,1450.0,1.1583,0.3684,2.42,0,3,0.8548,0.3567,12.604,31.215,18.61,1.7932,0.416,0
AGB-02,1272.0,27.89,2.1776,0.2676,0.501,3175.9,8.8549,0.1823,5.01,0,0,0.0417,0.279,12.614,31.239,18.625,19.0671,0.2259,0
AGB-02,1273.0,35.1,2.1589,0.2646,0.3,2957.0,7.8461,0.2254,4.33,0,0,0.1167,0.2914,12.624,31.264,18.64,15.7045,0.2509,0
AGB-02,1274.0,39.16,2.1759,0.2836,0.676,2999.3,7.8325,0.255,4.62,0,0,0.1389,0.2876,12.634,31.288,18.654,15.669,0.2699,0
AGB-02,1275.0,34.89,2.2088,0.2927,0.629,2952.5,8.0231,0.2229,4.41,0,0,0.1152,0.2886,12.644,31.313,18.669,16.2526,0.2429,0
AGB-02,1276.0,28.18,2.1444,0.278,0.551,3077.3,8.319,0.2177,4.41,0,0,0.0586,0.2931,12.654,31.337,18.684,17.2026,0.2409,0
AGB-02,1277.0,46.6,2.1623,0.3024,0.3,2710.5,6.7904,0.2408,3.98,0,0,0.197,0.2996,12.664,31.362,18.698,12.8245,0.2659,0
AGB-02,1278.0,75.55,2.1167,0.3842,0.3,1677.0,1.6677,0.3916,2.95,0,2,0.5933,0.3406,12.674,31.387,18.713,2.6198,0.4073,0
AGB-02,1279.0,74.3,2.0352,0.4159,0.431,1459.2,1.1267,0.3773,2.11,0,2,0.5965,0.3689,12.684,31.411,18.728,1.745,0.4172,0
AGB-02,1280.0,69.2,2.1153,0.3566,0.674,2051.7,2.7471,0.3519,3.16,0,2,0.5297,0.319,12.694,31.436,18.742,4.4506,0.3904,0
AGB-02,1281.0,72.53,2.1286,0.3962,0.469,1761.1,1.6374,0.3725,2.91,0,2,0.6185,0.3334,12.703,31.46,18.757,2.5706,0.4206,0
AGB-02,1282.0,72.64,2.0884,0.391,0.503,1872.5,2.4695,0.3491,2.82,0,2,0.5236,0.3301,12.713,31.485,18.771,3.9685,0.3776,0
AGB-02,1283.0,64.74,2.1049,0.3682,0.583,1955.5,2.5248,0.3494,3.45,0,2,0.5295,0.3272,12.723,31.509,18.786,4.064,0.3889,0
AGB-02,1284.0,65.73,2.1324,0.3878,0.611,1753.3,1.9869,0.3685,2.95,0,2,0.5732,0.3341,12.733,31.534,18.801,3.1495,0.3961,0
AGB-02,1285.0,66.35,2.1434,0.366,0.441,2064.0,2.7315,0.3762,2.89,0,2,0.5389,0.3177,12.743,31.558,18.815,4.4237,0.3949,0
AGB-02,1286.0,72.02,2.1187,0.362,0.3,1860.7,2.2255,0.362,2.75,0,2,0.5461,0.3339,12.753,31.583,18.83,3.5514,0.395,0
AGB-02,1287.0,64.25,2.1384,0.3656,0.486,1915.1,2.922,0.317,3.22,0,2,0.5061,0.3201,12.763,31.608,18.845,4.7591,0.3558,0
AGB-02,1288.0,72.11,2.0865,0.4046,0.328,1569.1,1.1777,0.3897,2.68,0,2,0.6295,0.3512,12.773,31.632,18.859,1.8264,0.429,0
AGB-02,1289.0,72.54,2.1557,0.3546,0.383,1992.9,2.6838,0.3619,2.7,0,2,0.5424,0.3183,12.783,31.657,18.874,4.3394,0.3884,0
AGB-02,1290.0,71.2,2.0688,0.3904,0.3,1624.8,1.4678,0.3839,1.93,1,2,0.5876,0.3511,12.793,31.681,18.889,2.2934,0.4127,0
AGB-02,1291.0,76.22,2.1087,0.3609,0.399,1786.0,1.925,0.3825,2.64,0,2,0.5799,0.3339,12.803,31.706,18.903,3.0453,0.4039,0
AGB-02,1292.0,66.79,2.1256,0.3794,0.838,2117.6,3.0999,0.3397,3.98,0,2,0.4858,0.3227,12.813,31.73,18.918,5.0746,0.3806,0
AGB-02,1293.0,66.15,2.11,0.3518,0.337,1979.6,2.2052,0.3676,2.36,0,2,0.546,0.3356,12.822,31.755,18.933,3.5154,0.4113,0
AGB-02,1294.0,75.07,2.0647,0.4268,0.422,1663.1,1.3904,0.3886,2.24,0,2,0.5653,0.364,12.832,31.779,18.947,2.1674,0.4231,0
AGB-02,1295.0,75.44,2.113,0.3798,0.3,1825.5,1.7922,0.3948,2.57,0,2,0.5793,0.341,12.842,31.804,18.962,2.8238,0.4176,0
AGB-02,1296.0,73.13,2.0921,0.3892,0.3,1585.2,1.5079,0.367,2.08,0,2,0.5977,0.3458,12.852,31.829,18.976,2.3575,0.4051,0
AGB-02,1297.0,72.82,2.1423,0.3673,0.465,2021.3,2.4667,0.3601,3.09,0,2,0.5681,0.3175,12.862,31.853,18.991,3.9604,0.404,0
AGB-02,1298.0,67.74,2.1384,0.3799,0.5,1868.5,2.4083,0.3517,2.57,0,2,0.5445,0.3276,12.872,31.878,19.006,3.8596,0.3853,0
AGB-02,1299.0,41.2,2.165,0.3004,0.429,2860.9,6.7195,0.2844,4.13,0,1,0.2427,0.2917,12.882,31.902,19.02,12.6324,0.3139,0
AGB-02,1300.0,47.85,2.1557,0.3165,0.333,2697.4,6.5495,0.2478,4.43,0,1,0.2451,0.2917,12.892,31.927,19.035,12.2095,0.282,0
AGB-02,1301.0,53.13,2.1588,0.3157,0.412,2515.7,5.3716,0.2977,3.43,0,1,0.3131,0.3089,12.902,31.951,19.05,9.5104,0.3212,0
AGB-02,1302.0,48.56,2.116,0.3496,0.395,2606.7,5.434,0.3056,3.1,0,1,0.2554,0.3274,12.912,31.976,19.064,9.6437,0.3317,0
AGB-02,1303.0,47.49,2.1418,0.331,0.3,2609.7,5.6605,0.2995,3.0,0,1,0.2688,0.3156,12.922,32.001,19.079,10.1381,0.3216,0
AGB-02,1304.0,45.46,2.2167,0.2939,0.695,2852.6,7.2291,0.2725,4.77,0,1,0.2334,0.2788,12.932,32.025,19.094,13.9439,0.2849,0
AGB-02,1305.0,47.8,2.1902,0.2634,0.448,2876.3,7.6018,0.2217,6.03,0,1,0.2179,0.2656,12.941,32.05,19.108,14.9736,0.2544,0
AGB-02,1306.0,48.55,2.1387,0.3054,0.609,2767.5,6.2611,0.2793,4.17,0,1,0.2343,0.3088,12.951,32.074,19.123,11.5069,0.3184,0
AGB-02,1307.0,47.76,2.2312,0.2625,0.489,2819.3,7.286,0.2659,4.18,0,1,0.247,0.2714,12.961,32.099,19.138,14.0921,0.2732,0
AGB-02,1308.0,34.87,2.1926,0.2672,0.44,3145.0,8.6785,0.2127,6.05,0,0,0.1014,0.2688,12.971,32.123,19.152,18.3888,0.2403,0
AGB-02,1309.0,36.62,2.2079,0.2936,0.557,3079.6,8.181,0.2367,5.61,0,0,0.1425,0.2782,12.981,32.148,19.167,16.7085,0.2713,0
AGB-02,1310.0,30.89,2.1627,0.2487,0.531,3256.1,8.9674,0.2098,4.85,0,0,0.0249,0.2835,12.991,32.172,19.181,19.4633,0.2397,0
AGB-02,1311.0,27.01,2.1618,0.2793,0.825,2980.6,7.8684,0.2101,4.13,0,0,0.0644,0.3138,13.001,32.197,19.196,15.7419,0.2586,0
AGB-02,1312.0,35.48,2.1825,0.299,0.38,2924.2,7.9446,0.2238,4.02,0,0,0.112,0.291,13.011,32.222,19.211,15.9704,0.2349,0
AGB-02,1313.0,42.84,2.1571,0.3079,0.417,2823.8,6.9311,0.2594,3.36,0,0,0.1909,0.3015,13.021,32.246,19.225,13.15,0.2893,0
AGB-02,1314.0,21.96,2.2125,0.2324,0.58,3347.7,9.3865,0.215,6.1,0,0,0.0451,0.2614,13.031,32.271,19.24,21.219,0.2349,0
AGB-02,1315.0,41.0,2.2163,0.2729,0.962,3176.5,8.7985,0.2114,5.02,0,0,0.1002,0.2677,13.041,32.295,19.255,18.8175,0.2447,0
AGB-02,1316.0,22.81,2.2097,0.2592,0.356,3331.3,9.2573,0.2307,5.11,0,0,0.022,0.2776,13.051,32.32,19.269,20.6474,0.2444,0
AGB-02,1317.0,25.5,2.1884,0.2505,0.446,3172.1,8.8042,0.2152,4.63,0,0,0.0294,0.2906,13.06,32.344,19.284,18.8399,0.235,0
AGB-02,1318.0,32.58,2.1913,0.2901,0.432,3080.2,8.5226,0.2014,4.52,0,0,0.0729,0.2851,13.07,32.369,19.299,17.8353,0.2334,0
AGB-02,1319.0,24.73,2.221,0.2667,0.381,3268.6,9.3682,0.2169,5.99,0,0,0.02,0.268,13.08,32.393,19.313,21.1422,0.2078,0
AGB-02,1320.0,33.93,2.1418,0.2832,0.462,2918.0,7.4881,0.2501,4.34,0,0,0.1191,0.3062,13.09,32.418,19.328,14.645,0.2684,0
AGB-02,1321.0,32.2,2.1757,0.2981,0.425,2925.0,7.7537,0.2221,3.3,0,0,0.1128,0.3,13.1,32.443,19.342,15.4062,0.2536,0
AGB-02,1322.0,31.05,2.1993,0.2662,0.534,3003.8,7.8833,0.2493,4.82,0,0,0.1655,0.28,13.11,32.467,19.357,15.7924,0.2725,0
AGB-02,1323.0,88.0,2.0648,0.4329,0.675,1450.0,1.1433,0.3804,2.27,0,3,0.7956,0.3703,13.12,32.492,19.372,1.7688,0.416,0
AGB-02,1324.0,94.7,2.1265,0.4048,0.76,1450.0,1.1764,0.3765,2.77,0,3,0.7985,0.3364,13.13,32.516,19.386,1.8217,0.416,0
AGB-02,1325.0,95.08,2.075,0.425,0.681,1450.0,1.1486,0.3763,2.02,0,3,0.8611,0.3574,13.14,32.541,19.401,1.7775,0.416,0
AGB-02,1326.0,100.06,2.0474,0.4817,0.866,1450.0,1.1338,0.385,2.02,0,3,0.9373,0.3841,13.15,32.565,19.416,1.754,0.416,0
AGB-02,1327.0,91.16,2.0712,0.4318,0.524,1450.0,1.1464,0.3915,2.24,0,3,0.8563,0.3565,13.16,32.59,19.43,1.7743,0.416,0
AGB-02,1328.0,85.42,2.1163,0.3982,0.825,1450.0,1.1706,0.3705,2.96,0,3,0.8223,0.3376,13.17,32.615,19.445,1.813,0.416,0
AGB-02,1329.0,94.32,2.0799,0.4235,0.606,1450.0,1.1509,0.3726,2.04,0,3,0.8089,0.3596,13.179,32.639,19.46,1.7818,0.416,0
AGB-02,1330.0,93.31,2.0889,0.4156,1.019,1450.0,1.1556,0.3982,2.53,0,3,0.8268,0.3469,13.189,32.664,19.474,1.7895,0.416,0
AGB-02,1331.0,97.59,2.0714,0.4587,0.784,1450.0,1.146,0.3917,1.88,0,3,0.9116,0.3791,13.199,32.688,19.489,1.7745,0.416,0
AGB-02,1332.0,100.09,2.0333,0.4533,0.554,1450.0,1.1254,0.3779,1.63,0,3,0.8865,0.3883,13.209,32.713,19.504,1.7418,0.416,0
AGB-02,1333.0,100.06,2.0926,0.4406,0.954,1450.0,1.1572,0.3928,2.1,0,3,0.8542,0.3568,13.219,32.737,19.518,1.7927,0.416,0
AGB-02,1334.0,100.58,2.0223,0.4931,0.674,1450.0,1.1193,0.3789,1.35,0,3,0.9259,0.4099,13.229,32.762,19.533,1.7324,0.416,0
AGB-02,1335.0,88.62,2.0502,0.4412,0.651,1450.0,1.1342,0.3938,1.91,0,3,0.8168,0.3757,13.239,32.786,19.547,1.7564,0.416,0
AGB-02,1336.0,86.02,2.0939,0.4304,0.514,1450.0,1.1575,0.39,2.56,0,3,0.749,0.3575,13.249,32.811,19.562,1.7938,0.416,0
AGB-02,1337.0,92.55,2.0922,0.4087,0.579,1450.0,1.1564,0.3867,2.91,0,3,0.8203,0.3517,13.259,32.836,19.577,1.7923,0.416,0
AGB-02,1338.0,105.23,2.1089,0.4576,0.838,1450.0,1.1652,0.382,2.09,0,3,0.9696,0.353,13.269,32.86,19.591,1.8066,0.416,0
AGB-02,1339.0,95.83,2.0531,0.4554,0.654,1450.0,1.1352,0.3936,1.9,0,3,0.8578,0.3919,13.279,32.885,19.606,1.7588,0.416,0
AGB-02,1340.0,91.73,2.0598,0.4813,0.551,1450.0,1.1387,0.3891,1.58,0,3,0.8638,0.3896,13.289,32.909,19.621,1.7645,0.416,0
AGB-02,1341.0,89.3,2.0779,0.4099,0.744,1450.0,1.1483,0.3976,2.51,0,3,0.8569,0.3461,13.298,32.934,19.635,1.78,0.416,0
AGB-02,1342.0,94.94,2.0321,0.4459,1.02,1450.0,1.1235,0.3643,1.98,0,3,0.8866,0.3752,13.308,32.958,19.65,1.7408,0.416,0
AGB-02,1343.0,88.21,2.0395,0.4473,0.628,1450.0,1.1274,0.3809,2.31,0,3,0.8392,0.3836,13.318,32.983,19.665,1.7472,0.416,0
AGB-02,1344.0,93.85,2.0897,0.4148,0.648,1450.0,1.1543,0.3967,2.19,0,3,0.7989,0.3563,13.328,33.007,19.679,1.7902,0.416,0
AGB-02,1345.0,93.12,2.0721,0.4541,1.25,1450.0,1.1447,0.3973,2.05,0,3,0.9274,0.3635,13.338,33.032,19.694,1.7751,0.416,0
AGB-02,1346.0,92.02,2.0344,0.4338,0.647,1450.0,1.1244,0.3768,2.24,0,3,0.7941,0.3775,13.348,33.057,19.709,1.7428,0.416,0
AGB-02,1347.0,93.12,2.0802,0.4047,0.948,1450.0,1.1489,0.3909,2.33,0,3,0.8456,0.3489,13.358,33.081,19.723,1.7821,0.416,0
AGB-02,1348.0,101.31,2.0827,0.4669,1.129,1450.0,1.1502,0.3889,2.17,0,3,0.8793,0.3608,13.368,33.106,19.738,1.7842,0.416,0
AGB-02,1349.0,89.7,2.0741,0.4207,0.51,1450.0,1.1455,0.3816,2.19,0,3,0.8018,0.3649,13.378,33.13,19.752,1.7768,0.416,0
AGB-02,1350.0,90.13,2.0558,0.4624,0.794,1450.0,1.1356,0.3899,1.99,0,3,0.7997,0.3784,13.388,33.155,19.767,1.7611,0.416,0
AGB-02,1351.0,101.3,2.0477,0.4699,1.033,1450.0,1.1312,0.3787,1.75,0,3,0.9418,0.3821,13.398,33.179,19.782,1.7542,0.416,0
AGB-02,1352.0,92.44,2.0714,0.4491,0.716,1450.0,1.1439,0.4079,1.9,0,3,0.8578,0.3648,13.408,33.204,19.796,1.7745,0.416,0
AGB-02,1353.0,92.11,2.1411,0.4017,0.713,1450.0,1.1812,0.3794,3.13,0,3,0.8443,0.3244,13.417,33.228,19.811,1.8342,0.416,0
AGB-02,1354.0,95.91,2.1103,0.4075,0.784,1450.0,1.1647,0.3845,2.49,0,3,0.8703,0.352,13.427,33.253,19.826,1.8078,0.416,0
AGB-02,1355.0,94.23,1.9972,0.4806,0.49,1450.0,1.104,0.3769,1.7,0,3,0.8811,0.3926,13.437,33.278,19.84,1.7109,0.416,0
AGB-02,1356.0,93.78,2.0462,0.4411,0.435,1450.0,1.1303,0.4012,1.83,0,3,0.8506,0.3733,13.447,33.302,19.855,1.7529,0.416,0
AGB-02,1357.0,92.74,2.0776,0.4554,1.178,1450.0,1.1471,0.3895,1.84,0,3,0.8533,0.3785,13.457,33.327,19.87,1.7798,0.416,0
AGB-02,1358.0,93.57,2.0292,0.4603,1.037,1450.0,1.1212,0.3935,1.89,0,3,0.8937,0.3945,13.467,33.351,19.884,1.7384,0.416,0
AGB-02,1359.0,101.27,2.0245,0.4469,0.556,1450.0,1.1187,0.3938,1.47,0,3,0.9211,0.3911,13.477,33.376,19.899,1.7343,0.416,0
AGB-02,1360.0,92.47,2.07,0.4243,0.822,1450.0,1.1432,0.3774,2.58,0,3,0.8502,0.3548,13.487,33.4,19.914,1.7733,0.416,0
AGB-02,1361.0,95.33,2.053,0.4538,0.771,1450.0,1.1341,0.3838,2.05,0,3,0.8514,0.3722,13.497,33.425,19.928,1.7587,0.416,0
AGB-02,1362.0,94.37,2.0972,0.4065,1.089,1450.0,1.1578,0.389,2.06,0,3,0.8515,0.3491,13.507,33.45,19.943,1.7966,0.416,0
AGB-02,1363.0,100.42,2.0641,0.4515,0.79,1450.0,1.1401,0.3727,2.14,0,3,0.8993,0.368,13.517,33.474,19.957,1.7682,0.416,0
AGB-02,1364.0,90.1,2.0657,0.4561,0.715,1450.0,1.1411,0.4112,1.79,0,3,0.8418,0.3726,13.527,33.499,19.972,1.7696,0.416,0
AGB-02,1365.0,90.87,2.0712,0.4303,0.428,1450.0,1.1441,0.3792,2.36,0,3,0.7916,0.3592,13.536,33.523,19.987,1.7743,0.416,0
AGB-02,1366.0,96.1,2.1113,0.4529,0.722,1450.0,1.1657,0.386,1.77,0,3,0.8717,0.3644,13.546,33.548,20.001,1.8087,0.416,0
AGB-02,1367.0,96.79,2.0821,0.4204,0.921,1450.0,1.1501,0.3837,2.52,0,3,0.8304,0.3565,13.556,33.572,20.016,1.7836,0.416,0
AGB-02,1368.0,87.04,2.057,0.4429,0.641,1450.0,1.1367,0.3846,2.12,0,3,0.8558,0.3725,13.566,33.597,20.031,1.7622,0.416,0
AGB-02,1369.0,91.58,2.094,0.4121,0.84,1450.0,1.1567,0.3794,2.16,0,3,0.7821,0.357,13.576,33.621,20.045,1.7939,0.416,0
AGB-02,1370.0,91.17,2.1004,0.4283,0.774,1450.0,1.1602,0.381,2.16,0,3,0.8474,0.3583,13.586,33.646,20.06,1.7993,0.416,0
AGB-02,1371.0,91.44,2.1076,0.428,1.057,1450.0,1.1642,0.3926,2.3,0,3,0.8225,0.3577,13.596,33.671,20.075,1.8055,0.416,0
AGB-02,1372.0,97.67,2.0123,0.4647,0.968,1450.0,1.1132,0.3803,1.98,0,3,0.9408,0.3879,13.606,33.695,20.089,1.7239,0.416,0
AGB-02,1373.0,93.66,2.053,0.4461,0.535,1450.0,1.1352,0.3634,2.15,0,3,0.8305,0.3812,13.616,33.72,20.104,1.7587,0.416,0
AGB-02,1374.0,95.92,2.0549,0.4453,0.826,1450.0,1.1363,0.3774,1.81,0,3,0.8675,0.3729,13.626,33.744,20.119,1.7604,0.416,0
AGB-02,1375.0,91.02,2.0562,0.4334,0.97,1450.0,1.1372,0.381,2.36,0,3,0.868,0.3617,13.636,33.769,20.133,1.7614,0.416,0
AGB-02,1376.0,84.57,2.1418,0.4102,0.762,1450.0,1.1833,0.3879,3.0,0,3,0.7826,0.3435,13.646,33.793,20.148,1.8348,0.416,0
AGB-02,1377.0,98.15,2.066,0.4534,0.642,1450.0,1.1427,0.3686,2.75,0,3,0.9024,0.3589,13.655,33.818,20.162,1.7699,0.416,0
AGB-02,1378.0,93.71,2.0724,0.4411,0.593,1450.0,1.1463,0.3882,2.24,0,3,0.8539,0.3743,13.665,33.842,20.177,1.7753,0.416,0
AGB-02,1379.0,87.42,2.0541,0.4493,0.747,1450.0,1.1366,0.3805,1.99,0,3,0.8303,0.3789,13.675,33.867,20.192,1.7596,0.416,0
AGB-02,1380.0,94.5,2.1229,0.3942,0.853,1450.0,1.1737,0.3785,2.78,0,3,0.8227,0.35,13.685,33.892,20.206,1.8186,0.416,0
AGB-02,1381.0,91.67,2.0305,0.4537,0.401,1450.0,1.1243,0.3815,1.9,0,3,0.8088,0.3963,13.695,33.916,20.221,1.7395,0.416,0
AGB-02,1382.0,84.45,2.0664,0.4432,0.568,1450.0,1.1438,0.3772,1.99,0,3,0.8123,0.3596,13.705,33.941,20.236,1.7702,0.416,0
AGB-02,1383.0,84.38,2.1375,0.3971,1.107,1450.0,1.1821,0.3821,3.09,0,3,0.8007,0.3253,13.715,33.965,20.25,1.8311,0.416,0
AGB-02,1384.0,97.05,2.0632,0.4449,0.584,1450.0,1.1424,0.3935,1.99,0,3,0.8808,0.3599,13.725,33.99,20.265,1.7675,0.416,0
AGB-02,1385.0,91.94,2.0768,0.4251,0.782,1450.0,1.1498,0.3801,2.5,0,3,0.7812,0.3553,13.735,34.014,20.28,1.7791,0.416,0
AGB-02,1386.0,94.94,2.0714,0.4348,0.759,1450.0,1.1471,0.3594,2.05,0,3,0.8796,0.3775,13.745,34.039,20.294,1.7745,0.416,0
AGB-02,1387.0,93.43,2.0756,0.4587,0.791,1450.0,1.1495,0.3917,2.07,0,3,0.8323,0.371,13.755,34.063,20.309,1.7781,0.416,0
AGB-02,1388.0,90.42,2.0522,0.466,0.438,1450.0,1.1371,0.3892,1.76,0,3,0.8094,0.3752,13.765,34.088,20.324,1.7581,0.416,0
AGB-02,1389.0,100.42,2.0544,0.4312,0.817,1450.0,1.1385,0.3865,2.09,0,3,0.8911,0.3641,13.774,34.113,20.338,1.7599,0.416,0
AGB-02,1390.0,94.38,2.0701,0.4496,0.989,1450.0,1.1471,0.3674,2.06,0,3,0.8498,0.372,13.784,34.137,20.353,1.7734,0.416,0
AGB-02,1391.0,89.88,2.0732,0.4502,0.453,1450.0,1.1489,0.3867,2.36,0,3,0.842,0.3557,13.794,34.162,20.367,1.776,0.416,0
AGB-02,1392.0,71.43,2.1423,0.3612,0.553,2108.0,3.0201,0.3369,3.18,0,2,0.4945,0.3255,13.804,34.186,20.382,4.9188,0.3854,0
AGB-02,1393.0,73.54,2.1573,0.3346,0.387,2023.9,3.0738,0.3434,3.43,0,2,0.5118,0.3165,13.814,34.211,20.397,5.0138,0.3693,0
AGB-02,1394.0,77.47,2.1248,0.3913,0.418,1934.2,2.2877,0.3757,3.37,0,2,0.5685,0.3254,13.824,34.235,20.411,3.6456,0.4023,0
AGB-02,1395.0,73.5,2.0782,0.4077,0.336,1655.7,1.2704,0.4013,2.26,0,2,0.6286,0.3479,13.834,34.26,20.426,1.9689,0.4313,0
AGB-02,1396.0,65.76,2.1758,0.318,0.759,2226.5,3.8633,0.3179,3.43,0,2,0.4824,0.3005,13.844,34.285,20.441,6.4586,0.3587,0
AGB-02,1397.0,72.34,2.144,0.3722,0.432,1721.9,1.7942,0.3806,2.91,0,2,0.6123,0.3303,13.854,34.309,20.455,2.8191,0.4064,0
AGB-02,1398.0,69.07,2.1379,0.3493,0.334,2303.2,3.4722,0.3684,3.34,1,2,0.4802,0.3152,13.864,34.334,20.47,5.7302,0.3888,0
AGB-02,1399.0,62.85,2.1728,0.3272,0.461,2328.9,4.399,0.3072,4.68,0,2,0.4434,0.2965,13.874,34.358,20.485,7.4866,0.3455,0
AGB-02,1400.0,66.88,2.1269,0.3833,0.386,2012.4,2.4142,0.3744,2.63,0,2,0.5445,0.33,13.884,34.383,20.499,3.8581,0.4052,0
AGB-02,1401.0,64.92,2.1282,0.3604,0.464,2101.2,3.4463,0.3377,3.35,0,2,0.478,0.3141,13.893,34.407,20.514,5.6806,0.3566,0
AGB-02,1402.0,72.63,2.1424,0.3696,0.459,1978.2,2.488,0.3557,3.61,0,2,0.5631,0.3202,13.903,34.432,20.529,3.9836,0.3976,0
AGB-02,1403.0,67.59,2.1711,0.319,0.527,2200.4,3.8797,0.3371,4.35,0,2,0.4944,0.2948,13.913,34.456,20.543,6.4837,0.3523,0
AGB-02,1404.0,61.91,2.1006,0.3887,0.3,1946.2,2.2274,0.3748,2.89,0,2,0.5674,0.3277,13.923,34.481,20.558,3.5392,0.406,0
AGB-02,1405.0,71.83,2.1387,0.3752,0.421,2156.7,2.5617,0.3923,3.07,0,2,0.5638,0.3181,13.933,34.506,20.572,4.1092,0.4145,0
AGB-02,1406.0,74.86,2.123,0.3831,0.3,1857.3,1.7459,0.3851,2.76,0,2,0.5954,0.3394,13.943,34.53,20.587,2.737,0.4245,0
AGB-02,1407.0,68.66,2.0906,0.3727,0.449,1844.7,2.1257,0.3651,2.56,0,2,0.5464,0.3392,13.953,34.555,20.602,3.3671,0.3981,0
AGB-02,1408.0,64.05,2.1241,0.3543,0.3,2041.7,2.8318,0.3309,2.97,0,2,0.4917,0.3332,13.963,34.579,20.616,4.5774,0.3853,0
AGB-02,1409.0,64.92,2.2087,0.3183,0.676,2345.1,4.6031,0.3236,3.48,0,2,0.4286,0.2975,13.973,34.604,20.631,7.8819,0.3403,0
AGB-02,1410.0,74.54,2.162,0.3354,0.443,2071.2,3.3244,0.3473,4.02,0,2,0.5446,0.2951,13.983,34.628,20.646,5.4539,0.3624,0
AGB-02,1411.0,70.1,2.1683,0.3452,0.896,2029.0,3.1158,0.3309,3.3,0,2,0.546,0.3028,13.993,34.653,20.66,5.0785,0.3688,0
AGB-02,1412.0,69.62,2.147,0.3733,0.523,2072.6,2.7634,0.3669,3.57,1,2,0.5479,0.3159,14.003,34.677,20.675,4.4564,0.3953,0
AGB-02,1413.0,73.09,2.1511,0.3776,0.83,1846.2,2.3933,0.3549,2.79,0,2,0.542,0.3318,14.012,34.702,20.69,3.818,0.3842,0
AGB-02,1414.0,77.13,2.1088,0.3833,0.467,1801.3,2.0512,0.3402,2.63,0,2,0.5512,0.3413,14.022,34.727,20.704,3.2408,0.398,0
AGB-02,1415.0,59.0,2.1791,0.307,0.632,2292.8,4.291,0.301,4.27,0,2,0.4921,0.2822,14.032,34.751,20.719,7.2639,0.3459,0
AGB-02,1416.0,62.31,2.1578,0.3435,0.569,2268.1,4.2151,0.3057,2.9,0,2,0.441,0.303,14.042,34.776,20.734,7.1165,0.3433,0
AGB-02,1417.0,69.73,2.1452,0.3393,0.316,2164.3,3.2091,0.3534,3.33,0,2,0.5099,0.3136,14.052,34.8,20.748,5.2436,0.3838,0
AGB-02,1418.0,73.68,2.1567,0.3718,0.441,2132.0,2.7281,0.374,3.4,0,2,0.5568,0.315,14.062,34.825,20.763,4.3935,0.4051,0
AGB-02,1419.0,71.03,2.159,0.3724,0.456,1890.5,2.3053,0.3648,2.75,0,2,0.5791,0.3223,14.072,34.849,20.777,3.6672,0.3976,0
AGB-02,1420.0,72.24,2.1429,0.3475,0.478,1911.6,2.6704,0.3443,3.57,0,2,0.5714,0.309,14.082,34.874,20.792,4.2926,0.3756,0
AGB-02,1421.0,71.56,2.1364,0.3339,0.361,2139.1,2.7844,0.3677,3.73,0,2,0.5584,0.3112,14.092,34.898,20.807,4.4907,0.402,0
AGB-02,1422.0,68.89,2.1276,0.3613,0.549,1910.6,2.3516,0.3706,2.93,0,2,0.5546,0.3285,14.102,34.923,20.821,3.7452,0.3956,0
AGB-02,1423.0,70.91,2.1565,0.3655,0.506,2081.3,3.0948,0.3396,3.47,0,2,0.5196,0.3141,14.112,34.948,20.836,5.0376,0.3784,0
AGB-02,1424.0,68.25,2.1016,0.3742,0.572,1939.3,2.2393,0.3838,3.35,0,2,0.5516,0.3337,14.122,34.972,20.851,3.5547,0.4047,0
AGB-02,1425.0,76.46,2.1494,0.3711,0.62,1798.3,2.1733,0.3274,2.84,0,2,0.6108,0.3147,14.131,34.997,20.865,3.4435,0.3917,0
AGB-02,1426.0,66.38,2.1895,0.3344,0.655,2297.3,3.8406,0.3351,3.83,0,2,0.4969,0.2985,14.141,35.021,20.88,6.3998,0.3738,0
AGB-02,1427.0,44.2,2.1738,0.2803,0.426,2895.4,7.0641,0.2694,3.48,0,1,0.213,0.2961,14.151,35.046,20.895,13.4184,0.3031,0
AGB-02,1428.0,39.36,2.1958,0.2839,0.368,3090.1,8.1764,0.2522,5.31,0,1,0.1736,0.2714,14.161,35.07,20.909,16.574,0.2755,0
AGB-02,1429.0,47.62,2.1996,0.2886,0.42,2562.6,6.3427,0.2368,4.92,0,1,0.2888,0.2877,14.171,35.095,20.924,11.633,0.2671,0
AGB-02,1430.0,44.32,2.1795,0.3095,0.444,2858.9,6.9839,0.272,3.85,0,1,0.233,0.2912,14.181,35.12,20.939,13.2092,0.3006,0
AGB-02,1431.0,39.69,2.1937,0.2803,0.77,2924.7,7.8319,0.2154,5.04,0,1,0.1697,0.2818,14.191,35.144,20.953,15.5269,0.2537,0
AGB-02,1432.0,37.66,2.2137,0.2597,0.438,3090.3,8.5451,0.2379,4.83,0,1,0.1439,0.2664,14.201,35.169,20.968,17.7703,0.2453,0
AGB-02,1433.0,54.17,2.1468,0.3311,0.371,2554.1,5.515,0.2844,3.57,0,1,0.2954,0.3145,14.211,35.193,20.982,9.7615,0.3208,0
AGB-02,1434.0,41.7,2.1977,0.2966,0.729,2950.3,7.8828,0.2449,4.29,0,1,0.1812,0.2768,14.221,35.218,20.997,15.6744,0.2587,0
AGB-02,1435.0,42.97,2.2216,0.2662,0.389,3025.8,8.1861,0.2472,5.42,0,1,0.207,0.2585,14.231,35.242,21.012,16.5959,0.2608,0
AGB-02,1436.0,48.22,2.1904,0.2888,0.311,2692.2,6.7657,0.2608,4.25,0,1,0.2595,0.2855,14.241,35.267,21.026,12.6539,0.2718,0
AGB-02,1437.0,98.71,2.0825,0.4302,1.054,1450.0,1.1575,0.3807,1.86,0,3,0.8769,0.3661,14.25,35.291,21.041,1.784,0.416,0
AGB-02,1438.0,97.66,2.0738,0.418,0.865,1450.0,1.1528,0.3762,2.19,0,3,0.8635,0.3527,14.26,35.316,21.056,1.7765,0.416,0
AGB-02,1439.0,90.95,2.0862,0.4226,1.054,1450.0,1.1596,0.383,3.04,0,3,0.8377,0.3474,14.27,35.341,21.07,1.7872,0.416,0
AGB-02,1440.0,91.74,2.0527,0.4606,1.183,1450.0,1.1415,0.379,2.36,0,3,0.8595,0.3781,14.28,35.365,21.085,1.7585,0.416,0
AGB-02,1441.0,98.38,2.0692,0.4397,1.103,1450.0,1.1505,0.3708,1.95,0,3,0.9612,0.3708,14.29,35.39,21.1,1.7726,0.416,0
AGB-02,1442.0,86.63,2.0257,0.4571,0.501,1450.0,1.127,0.378,1.82,0,3,0.8413,0.3903,14.3,35.414,21.114,1.7353,0.416,0
AGB-02,1443.0,90.17,2.1389,0.3907,0.527,1450.0,1.1881,0.386,2.73,0,3,0.788,0.3326,14.31,35.439,21.129,1.8323,0.416,0
AGB-02,1444.0,98.1,2.0346,0.4532,0.727,1450.0,1.1318,0.4024,2.24,0,3,0.8819,0.3735,14.32,35.463,21.143,1.743,0.416,0
AGB-02,1445.0,100.14,2.1052,0.423,1.479,1450.0,1.17,0.4001,2.65,0,3,0.9213,0.3556,14.33,35.488,21.158,1.8035,0.416,0
AGB-02,1446.0,93.01,2.0739,0.448,0.672,1450.0,1.1531,0.3904,2.32,0,3,0.8767,0.3699,14.34,35.512,21.173,1.7767,0.416,0
AGB-02,1447.0,99.36,2.0542,0.4398,1.276,1450.0,1.1424,0.3707,2.12,0,3,0.8933,0.3789,14.35,35.537,21.187,1.7597,0.416,0
AGB-02,1448.0,93.7,2.035,0.4567,1.237,1450.0,1.1321,0.3677,2.09,0,3,0.8679,0.3846,14.36,35.562,21.202,1.7433,0.416,0
AGB-02,1449.0,96.81,2.0849,0.4353,0.827,1450.0,1.159,0.3897,2.11,0,3,0.8897,0.3666,14.369,35.586,21.217,1.786,0.416,0
AGB-02,1450.0,90.9,2.0583,0.4327,0.834,1450.0,1.1446,0.3564,2.33,0,3,0.8147,0.3716,14.379,35.611,21.231,1.7633,0.416,0
AGB-02,1451.0,97.45,2.029,0.4481,1.08,1450.0,1.1287,0.3868,1.53,0,3,0.8753,0.3884,14.389,35.635,21.246,1.7382,0.416,0
AGB-02,1452.0,93.87,2.0288,0.4617,0.664,1450.0,1.1285,0.3644,2.07,0,3,0.882,0.3863,14.399,35.66,21.261,1.738,0.416,0
AGB-02,1453.0,95.03,2.1076,0.4412,1.178,1450.0,1.171,0.4015,2.42,0,3,0.8482,0.3453,14.409,35.684,21.275,1.8055,0.416,0
AGB-02,1454.0,96.85,2.0938,0.4199,1.04,1450.0,1.1635,0.3854,2.7,0,3,0.8632,0.35,14.419,35.709,21.29,1.7937,0.416,0
AGB-02,1455.0,94.03,2.1364,0.4189,0.706,1450.0,1.1864,0.3832,3.03,0,3,0.8425,0.3273,14.429,35.734,21.305,1.8302,0.416,0
AGB-02,1456.0,88.52,2.065,0.4368,0.798,1450.0,1.1477,0.3774,2.33,0,3,0.8268,0.3618,14.439,35.758,21.319,1.769,0.416,0
AGB-02,1457.0,96.88,2.1551,0.3912,1.207,1450.0,1.1962,0.3869,2.75,0,3,0.8508,0.3262,14.449,35.783,21.334,1.8462,0.416,0
AGB-02,1458.0,97.61,2.1296,0.431,1.086,1450.0,1.1823,0.3909,3.02,0,3,0.9108,0.3449,14.459,35.807,21.348,1.8244,0.416,0
AGB-02,1459.0,95.69,2.1093,0.4284,0.598,1450.0,1.1712,0.3837,2.81,0,3,0.8648,0.3353,14.469,35.832,21.363,1.807,0.416,0
AGB-02,1460.0,96.96,2.0897,0.4385,1.881,1450.0,1.1605,0.3753,2.37,0,3,0.8681,0.364,14.479,35.856,21.378,1.7901,0.416,0
AGB-02,1461.0,86.65,2.1012,0.3834,0.352,1450.0,1.1665,0.3906,2.17,0,3,0.7695,0.3495,14.488,35.881,21.392,1.8,0.416,0
AGB-02,1462.0,90.77,2.0868,0.4069,0.656,1450.0,1.1586,0.3857,2.39,0,3,0.8552,0.3576,14.498,35.905,21.407,1.7877,0.416,0
AGB-02,1463.0,95.98,2.1122,0.4285,0.711,1450.0,1.1721,0.3893,2.1,0,3,0.8811,0.355,14.508,35.93,21.422,1.8094,0.416,0
AGB-02,1464.0,97.02,2.0487,0.4424,0.821,1450.0,1.1376,0.3758,2.1,0,3,0.8602,0.367,14.518,35.955,21.436,1.755,0.416,0
AGB-02,1465.0,96.9,2.0301,0.4829,1.089,1450.0,1.1273,0.3809,1.89,0,3,0.8641,0.3907,14.528,35.979,21.451,1.7391,0.416,0
AGB-02,1466.0,86.24,2.1114,0.3824,0.439,1450.0,1.1709,0.3797,2.7,0,3,0.7853,0.3348,14.538,36.004,21.466,1.8088,0.416,0
AGB-02,1467.0,105.03,2.0302,0.4705,0.965,1450.0,1.1269,0.3772,2.34,0,3,0.9468,0.379,14.548,36.028,21.48,1.7392,0.416,0
AGB-02,1468.0,94.58,2.1531,0.3867,0.719,1532.6,1.2011,0.3827,3.01,0,3,0.7883,0.3237,14.558,36.053,21.495,1.8577,0.4261,0
AGB-02,1469.0,99.96,2.0688,0.4559,0.728,1450.0,1.1472,0.386,2.05,0,3,0.9028,0.3677,14.568,36.077,21.51,1.7722,0.416,0
AGB-02,1470.0,90.37,2.0753,0.437,0.937,1450.0,1.1504,0.3744,2.38,0,3,0.8696,0.3675,14.578,36.102,21.524,1.7778,0.416,0
AGB-02,1471.0,103.82,2.1276,0.4077,1.501,1450.0,1.1782,0.3668,2.31,0,3,0.9172,0.3406,14.588,36.126,21.539,1.8226,0.416,0
AGB-02,1472.0,89.09,2.0023,0.4766,0.748,1450.0,1.1104,0.382,2.08,0,3,0.8757,0.405,14.598,36.151,21.553,1.7153,0.416,0
AGB-02,1473.0,89.32,2.0936,0.4439,0.831,1450.0,1.1593,0.3719,2.11,0,3,0.8145,0.3653,14.607,36.176,21.568,1.7935,0.416,0
AGB-02,1474.0,93.76,2.1068,0.4267,0.942,1450.0,1.166,0.3846,2.85,0,3,0.8453,0.3482,14.617,36.2,21.583,1.8048,0.416,0
AGB-02,1475.0,89.48,2.0595,0.4264,0.753,1450.0,1.1403,0.3818,2.58,0,3,0.8029,0.3707,14.627,36.225,21.597,1.7643,0.416,0
AGB-02,1476.0,93.97,2.0917,0.441,0.806,1450.0,1.1572,0.3851,2.85,0,3,0.8432,0.3525,14.637,36.249,21.612,1.7919,0.416,0
AGB-02,1477.0,92.63,2.1068,0.4129,0.5,1450.0,1.165,0.3869,1.96,0,3,0.8164,0.3522,14.647,36.274,21.627,1.8048,0.416,0
AGB-02,1478.0,92.38,2.0718,0.4227,1.014,1450.0,1.1458,0.3945,2.32,0,3,0.851,0.3582,14.657,36.298,21.641,1.7748,0.416,0
AGB-02,1479.0,101.44,2.0472,0.4252,0.456,1450.0,1.1323,0.3801,1.83,0,3,0.8637,0.3706,14.667,36.323,21.656,1.7537,0.416,0
AGB-02,1480.0,91.04,2.0966,0.4415,0.988,1450.0,1.1585,0.3916,2.65,0,3,0.8417,0.3407,14.677,36.347,21.671,1.7961,0.416,0
AGB-02,1481.0,100.03,2.0675,0.4584,0.811,1450.0,1.1424,0.3903,2.18,0,3,0.9276,0.3737,14.687,36.372,21.685,1.7711,0.416,0
AGB-02,1482.0,90.94,2.1265,0.4094,0.772,1468.5,1.1757,0.3871,2.77,0,3,0.8373,0.3276,14.697,36.397,21.7,1.8248,0.4184,0
AGB-02,1483.0,94.91,2.1228,0.4078,0.59,1450.0,1.1714,0.3766,3.27,0,3,0.8719,0.3346,14.707,36.421,21.715,1.8185,0.416,0
AGB-02,1484.0,102.84,2.0282,0.4385,1.261,1450.0,1.1203,0.3976,2.06,0,3,0.9624,0.3898,14.717,36.446,21.729,1.7375,0.416,0
AGB-02,1485.0,93.9,2.0313,0.4564,0.551,1450.0,1.1216,0.3891,2.0,0,3,0.8343,0.3804,14.726,36.47,21.744,1.7401,0.416,0
AGB-02,1486.0,91.3,2.1051,0.4171,0.595,1450.0,1.1608,0.3848,2.65,0,3,0.8878,0.3444,14.736,36.495,21.758,1.8034,0.416,0
AGB-02,1487.0,90.2,2.1141,0.422,0.848,1450.0,1.1653,0.3874,2.34,0,3,0.8732,0.3459,14.746,36.519,21.773,1.8111,0.416,0
AGB-02,1488.0,91.21,2.0736,0.4505,0.732,1450.0,1.1433,0.3884,2.71,0,3,0.8554,0.3532,14.756,36.544,21.788,1.7764,0.416,0
AGB-02,1489.0,90.9,2.088,0.4374,0.521,1450.0,1.1506,0.3719,2.4,0,3,0.8454,0.3751,14.766,36.569,21.802,1.7887,0.416,0
AGB-02,1490.0,100.72,2.0679,0.4306,1.586,1450.0,1.1396,0.4198,2.31,0,3,0.8656,0.3687,14.776,36.593,21.817,1.7715,0.416,0
AGB-02,1491.0,91.01,2.0714,0.4181,0.463,1450.0,1.1411,0.3723,2.1,0,3,0.8138,0.359,14.786,36.618,21.832,1.7745,0.416,0
AGB-02,1492.0,92.97,2.0802,0.4394,0.899,1450.0,1.1455,0.3788,2.5,0,3,0.8317,0.3416,14.796,36.642,21.846,1.782,0.416,0
AGB-02,1493.0,92.82,2.1144,0.4192,0.83,1450.0,1.1635,0.3882,2.17,0,3,0.8524,0.345,14.806,36.667,21.861,1.8113,0.416,0
AGB-02,1494.0,90.0,2.1374,0.3937,0.925,1450.0,1.1755,0.4006,2.77,0,3,0.8411,0.3273,14.816,36.691,21.876,1.831,0.416,0
AGB-02,1495.0,99.27,2.0849,0.4271,0.653,1450.0,1.1472,0.378,2.22,0,3,0.8964,0.3635,14.826,36.716,21.89,1.786,0.416,0
AGB-02,1496.0,103.81,2.0797,0.4536,1.539,1450.0,1.1442,0.3896,2.29,0,3,0.9576,0.3628,14.836,36.74,21.905,1.7816,0.416,0
AGB-02,1497.0,95.58,2.0775,0.4717,0.779,1450.0,1.1428,0.3792,2.05,0,3,0.8736,0.3742,14.845,36.765,21.92,1.7797,0.416,0
AGB-02,1498.0,93.16,2.0599,0.4555,1.121,1450.0,1.1332,0.3839,2.36,0,3,0.8712,0.3674,14.855,36.79,21.934,1.7647,0.416,0
AGB-02,1499.0,90.78,2.0891,0.4292,0.821,1450.0,1.1486,0.4031,2.14,0,3,0.8157,0.365,14.865,36.814,21.949,1.7896,0.416,0
AGB-02,1500.0,94.94,2.0565,0.4471,0.943,1450.0,1.131,0.3911,2.0,0,3,0.8731,0.3776,14.875,36.839,21.963,1.7617,0.416,0
AGB-02,1501.0,96.5,2.1075,0.4543,0.62,1450.0,1.1581,0.3818,2.25,0,3,0.8647,0.3474,14.885,36.863,21.978,1.8054,0.416,0
AGB-02,1502.0,99.31,2.0949,0.4135,1.215,1450.0,1.1512,0.3792,3.04,0,3,0.8767,0.3519,14.895,36.888,21.993,1.7946,0.416,0
AGB-02,1503.0,90.47,2.0918,0.4144,0.89,1450.0,1.1495,0.3965,2.89,0,3,0.8657,0.3549,14.905,36.912,22.007,1.792,0.416,0
AGB-02,1504.0,87.7,2.0685,0.4243,0.787,1450.0,1.1369,0.405,2.22,0,3,0.7796,0.3631,14.915,36.937,22.022,1.772,0.416,0
AGB-02,1505.0,95.03,2.0933,0.4377,0.685,1450.0,1.1501,0.3679,2.55,0,3,0.8904,0.3593,14.925,36.961,22.037,1.7933,0.416,0
AGB-02,1506.0,91.37,2.0795,0.4156,0.722,1450.0,1.1426,0.3694,2.69,0,3,0.8397,0.3527,14.935,36.986,22.051,1.7814,0.416,0
AGB-02,1507.0,88.95,2.0809,0.4292,0.509,1450.0,1.1433,0.3841,1.92,0,3,0.8377,0.3556,14.945,37.011,22.066,1.7826,0.416,0
AGB-02,1508.0,95.67,2.0968,0.414,1.08,1450.0,1.1517,0.3684,2.74,0,3,0.865,0.3416,14.955,37.035,22.081,1.7962,0.416,0
AGB-02,1509.0,89.82,2.1035,0.417,0.793,1450.0,1.1553,0.3973,2.37,0,3,0.8147,0.3512,14.964,37.06,22.095,1.802,0.416,0
AGB-02,1510.0,91.29,2.1005,0.4132,0.603,1450.0,1.1537,0.3871,3.19,0,3,0.8243,0.3492,14.974,37.084,22.11,1.7995,0.416,0
AGB-02,1511.0,94.56,2.0729,0.4768,0.661,1450.0,1.139,0.3803,1.85,0,3,0.8179,0.3735,14.984,37.109,22.125,1.7758,0.416,0
AGB-02,1512.0,93.75,2.0749,0.4266,0.741,1450.0,1.1401,0.392,2.78,0,3,0.8738,0.3567,14.994,37.133,22.139,1.7775,0.416,0
AGB-02,1513.0,88.47,2.1203,0.3968,0.549,1450.0,1.1644,0.3766,2.78,0,3,0.8256,0.3362,15.004,37.158,22.154,1.8164,0.416,0
AGB-02,1514.0,89.73,2.1567,0.3969,0.742,1570.6,1.1954,0.3831,3.22,0,3,0.7933,0.3322,15.014,37.182,22.168,1.866,0.4301,0
AGB-02,1515.0,92.81,2.0794,0.4387,0.767,1450.0,1.1428,0.3831,2.81,0,3,0.8523,0.3556,15.024,37.207,22.183,1.7814,0.416,0
AGB-02,1516.0,96.92,2.1384,0.4045,1.481,1450.0,1.1744,0.3892,2.85,0,3,0.8513,0.3229,15.034,37.232,22.198,1.8319,0.416,0
AGB-02,1517.0,99.06,2.0303,0.4655,1.519,1450.0,1.1169,0.4064,1.94,0,3,0.9483,0.3878,15.044,37.256,22.212,1.7393,0.416,0
AGB-02,1518.0,92.31,2.0671,0.4331,0.703,1450.0,1.1366,0.3895,2.2,0,3,0.8389,0.363,15.054,37.281,22.227,1.7708,0.416,0
AGB-02,1519.0,96.73,2.0975,0.4286,0.789,1450.0,1.153,0.3761,2.02,0,3,0.8459,0.3527,15.064,37.305,22.242,1.7969,0.416,0
AGB-02,1520.0,27.65,2.2124,0.2706,0.741,3331.8,9.2155,0.2221,4.9,0,0,0.055,0.2693,15.074,37.33,22.256,20.8755,0.2389,0
AGB-02,1521.0,27.35,2.257,0.2334,0.756,3611.0,10.0295,0.2024,7.27,0,0,0.02,0.2395,15.083,37.354,22.271,25.5641,0.2255,0
AGB-02,1522.0,35.38,2.2494,0.2275,0.757,3366.8,9.3648,0.2214,8.02,0,0,0.1039,0.2479,15.093,37.379,22.286,21.5481,0.2422,0
AGB-02,1523.0,32.61,2.2075,0.284,0.593,3274.6,8.7505,0.2386,5.94,0,0,0.0905,0.2807,15.103,37.404,22.3,18.933,0.2702,0
AGB-02,1524.0,23.77,2.2637,0.2292,0.585,3610.6,10.0252,0.2233,8.89,0,0,0.0251,0.2402,15.113,37.428,22.315,25.4579,0.23,0
AGB-02,1525.0,29.79,2.2113,0.2563,0.412,3343.2,8.9524,0.2474,5.92,0,0,0.0914,0.2729,15.123,37.453,22.33,19.7046,0.2717,0
AGB-02,1526.0,30.19,2.1924,0.27,0.354,3127.2,8.5444,0.2233,4.78,0,0,0.1134,0.2744,15.133,37.477,22.344,18.1486,0.2413,0
AGB-02,1527.0,39.67,2.2097,0.2636,0.586,3071.3,8.2436,0.233,6.24,1,0,0.1584,0.2728,15.143,37.502,22.359,17.1079,0.2579,0
AGB-02,1528.0,31.77,2.1954,0.2754,0.513,3289.3,8.8306,0.2255,4.64,0,0,0.0939,0.2749,15.153,37.526,22.373,19.1922,0.2655,0
AGB-02,1529.0,27.33,2.1649,0.282,0.65,2973.4,7.8065,0.2223,4.16,0,0,0.1435,0.2907,15.163,37.551,22.388,15.7147,0.2577,0
AGB-02,1530.0,39.37,2.1908,0.257,0.386,3332.2,8.6884,0.2571,7.4,0,0,0.1381,0.2671,15.173,37.575,22.403,18.634,0.2885,0
AGB-02,1531.0,34.18,2.2095,0.2787,0.414,3072.8,8.4047,0.2128,5.15,0,0,0.1291,0.2762,15.183,37.6,22.417,17.6161,0.2427,0
AGB-02,1532.0,31.29,2.2151,0.2632,0.38,3260.6,9.1933,0.2264,6.03,0,0,0.0812,0.2591,15.193,37.625,22.432,20.6318,0.2199,0
AGB-02,1533.0,20.38,2.2435,0.2298,0.671,3440.2,9.7813,0.1706,5.51,0,0,0.0269,0.2516,15.202,37.649,22.447,23.5833,0.2102,0
AGB-02,1534.0,27.32,2.2494,0.2181,0.629,3396.7,9.5859,0.2027,6.78,0,0,0.0766,0.2471,15.212,37.674,22.461,22.4717,0.2276,0
AGB-02,1535.0,23.08,2.2391,0.2339,0.483,3498.8,9.8913,0.1845,6.82,0,0,0.02,0.2485,15.222,37.698,22.476,24.2241,0.2138,0
AGB-02,1536.0,30.69,2.2781,0.2437,0.712,3455.2,9.6086,0.2405,8.93,1,0,0.0773,0.2533,15.232,37.723,22.491,22.5551,0.2526,0
AGB-02,1537.0,31.37,2.1921,0.2609,0.437,3119.2,8.7104,0.1829,5.64,0,0,0.0837,0.2775,15.242,37.747,22.505,18.6422,0.2214,0
AGB-02,1538.0,39.64,2.2141,0.2702,0.48,3250.9,8.642,0.246,5.28,0,0,0.1377,0.2707,15.252,37.772,22.52,18.3827,0.2782,0
AGB-02,1539.0,29.22,2.232,0.2411,0.459,3224.3,9.1309,0.1842,6.87,0,0,0.0902,0.2616,15.262,37.796,22.535,20.2718,0.2218,0
AGB-02,1540.0,30.17,2.2536,0.2265,0.929,3371.4,9.7354,0.169,7.76,0,0,0.0425,0.2481,15.272,37.821,22.549,23.1756,0.1957,0
AGB-02,1541.0,30.8,2.2492,0.2368,0.872,3609.5,10.0071,0.2268,7.32,0,0,0.0366,0.2422,15.282,37.846,22.564,24.8629,0.24,0
AGB-02,1542.0,22.91,2.2923,0.2145,0.945,3630.5,10.0941,0.2034,8.16,0,0,0.0517,0.2359,15.292,37.87,22.578,25.4798,0.2434,0
AGB-02,1543.0,32.84,2.2207,0.2547,0.462,3285.0,9.1873,0.2132,5.69,0,0,0.0786,0.2656,15.302,37.895,22.593,20.4629,0.2362,0
AGB-02,1544.0,44.05,2.1907,0.2806,0.44,3029.1,8.0458,0.2371,3.85,0,0,0.1381,0.2889,15.312,37.919,22.608,16.3402,0.2626,0
AGB-02,1545.0,36.46,2.2259,0.2747,0.631,3254.2,8.7632,0.2547,5.74,0,0,0.1334,0.2687,15.321,37.944,22.622,18.7608,0.2725,0
AGB-02,1546.0,28.31,2.238,0.2525,0.447,3540.7,9.8725,0.2056,6.83,0,0,0.0258,0.2544,15.331,37.968,22.637,23.8727,0.2383,0
AGB-02,1547.0,32.02,2.2044,0.2523,0.349,3313.8,9.1806,0.2153,6.91,0,0,0.0852,0.2636,15.341,37.993,22.652,20.3924,0.244,0
AGB-02,1548.0,23.16,2.2366,0.2373,0.884,3547.6,9.8625,0.2316,7.86,0,0,0.02,0.2582,15.351,38.018,22.666,23.7801,0.2424,0
AGB-02,1549.0,24.7,2.2577,0.2325,0.95,3610.3,10.0842,0.2063,7.06,0,0,0.0271,0.2423,15.361,38.042,22.681,25.2449,0.2334,0
AGB-02,1550.0,94.56,2.1043,0.4086,1.376,1450.0,1.164,0.3816,2.23,0,3,0.8391,0.3447,15.371,38.067,22.696,1.8027,0.416,0
AGB-02,1551.0,99.78,2.0554,0.4478,0.952,1450.0,1.1379,0.3744,1.72,0,3,0.8833,0.386,15.381,38.091,22.71,1.7608,0.416,0
AGB-02,1552.0,86.85,2.0708,0.4151,0.59,1450.0,1.1463,0.3897,2.77,0,3,0.8148,0.3615,15.391,38.116,22.725,1.774,0.416,0
AGB-02,1553.0,97.25,2.1003,0.4322,0.852,1450.0,1.1622,0.3847,2.72,0,3,0.9025,0.3482,15.401,38.14,22.74,1.7992,0.416,0
AGB-02,1554.0,91.97,2.1076,0.43,0.989,1450.0,1.1663,0.3827,2.32,0,3,0.8341,0.3483,15.411,38.165,22.754,1.8055,0.416,0
AGB-02,1555.0,90.36,2.0914,0.4185,0.813,1450.0,1.1577,0.3784,2.54,0,3,0.7986,0.3545,15.421,38.189,22.769,1.7916,0.416,0
AGB-02,1556.0,99.0,2.0492,0.4482,0.996,1450.0,1.135,0.38,2.1,0,3,0.8698,0.3712,15.431,38.214,22.783,1.7555,0.416,0
AGB-02,1557.0,84.11,2.1187,0.4053,1.577,1561.8,1.1831,0.4067,2.59,0,3,0.778,0.3333,15.44,38.239,22.798,1.832,0.4292,0
AGB-02,1558.0,86.62,2.0528,0.4488,0.803,1450.0,1.1371,0.3946,2.22,0,3,0.8462,0.3611,15.45,38.263,22.813,1.7586,0.416,0
AGB-02,1559.0,91.13,2.0791,0.4224,0.854,1468.6,1.1532,0.3934,2.33,0,3,0.8166,0.3477,15.46,38.288,22.827,1.7842,0.4184,0
AGB-02,1560.0,96.69,2.0907,0.4455,1.56,1450.0,1.1576,0.3883,2.44,0,3,0.9352,0.3571,15.47,38.312,22.842,1.7911,0.416,0
AGB-02,1561.0,88.41,2.0914,0.419,0.562,1450.0,1.158,0.3588,2.0,0,3,0.7811,0.3647,15.48,38.337,22.857,1.7916,0.416,0
AGB-02,1562.0,82.81,2.0911,0.4131,0.603,1450.0,1.1578,0.3821,2.49,0,3,0.7685,0.3601,15.49,38.361,22.871,1.7914,0.416,0
AGB-02,1563.0,89.99,2.126,0.4047,0.774,1450.0,1.1765,0.3933,2.83,0,3,0.8328,0.3336,15.5,38.386,22.886,1.8213,0.416,0
AGB-02,1564.0,97.21,2.0639,0.4535,0.608,1450.0,1.1432,0.3951,2.06,0,3,0.9286,0.365,15.51,38.41,22.901,1.7681,0.416,0
AGB-02,1565.0,94.19,2.1197,0.4361,0.647,1450.0,1.1731,0.3741,2.71,0,3,0.8592,0.336,15.52,38.435,22.915,1.8159,0.416,0
AGB-02,1566.0,101.49,2.1116,0.4158,1.205,1450.0,1.1687,0.3724,2.3,0,3,0.9213,0.3366,15.53,38.46,22.93,1.8089,0.416,0
AGB-02,1567.0,95.87,2.1236,0.4206,0.742,1450.0,1.1751,0.3918,2.64,0,3,0.8175,0.3382,15.54,38.484,22.945,1.8192,0.416,0
AGB-02,1568.0,99.97,2.1032,0.4568,0.904,1450.0,1.1641,0.3815,2.47,0,3,0.9109,0.3639,15.55,38.509,22.959,1.8018,0.416,0
AGB-02,1569.0,99.34,2.0856,0.4414,0.942,1450.0,1.1546,0.389,2.96,0,3,0.8841,0.3296,15.559,38.533,22.974,1.7867,0.416,0
AGB-02,1570.0,95.09,2.1048,0.4134,0.478,1450.0,1.1648,0.3788,3.06,0,3,0.8167,0.3452,15.569,38.558,22.988,1.8031,0.416,0
AGB-02,1571.0,87.9,2.1101,0.4025,0.576,1450.0,1.1676,0.3763,2.3,0,3,0.8078,0.3401,15.579,38.582,23.003,1.8077,0.416,0
AGB-02,1572.0,93.23,2.088,0.434,1.023,1450.0,1.1556,0.3647,2.31,0,3,0.8658,0.3548,15.589,38.607,23.018,1.7887,0.416,0
AGB-02,1573.0,95.63,2.1325,0.4127,0.822,1450.0,1.1794,0.3836,3.59,0,3,0.8591,0.3321,15.599,38.631,23.032,1.8268,0.416,0
AGB-02,1574.0,87.4,2.159,0.4024,0.992,1450.0,1.1935,0.4001,3.29,0,3,0.8066,0.312,15.609,38.656,23.047,1.8495,0.416,0
AGB-02,1575.0,32.63,2.208,0.269,0.473,3166.7,8.6611,0.2243,5.5,0,0,0.115,0.2764,15.619,38.681,23.062,18.3515,0.2529,0
AGB-02,1576.0,32.51,2.276,0.2222,0.758,3567.6,10.0004,0.2036,7.86,0,0,0.0636,0.2376,15.629,38.705,23.076,24.6389,0.2386,0
AGB-02,1577.0,25.26,2.2297,0.2594,0.404,3352.0,9.6225,0.1766,6.34,0,0,0.02,0.2646,15.639,38.73,23.091,22.4299,0.2041,0
AGB-02,1578.0,31.68,2.2311,0.2374,1.01,3300.0,9.3652,0.1798,7.14,0,0,0.0808,0.2571,15.649,38.754,23.106,21.191,0.2228,0
AGB-02,1579.0,26.71,2.2342,0.2288,0.509,3595.1,9.7887,0.2431,6.86,0,0,0.0644,0.25,15.659,38.779,23.12,23.3503,0.2652,0
AGB-02,1580.0,33.41,2.2476,0.2228,0.584,3351.2,9.2379,0.2481,5.74,0,0,0.1283,0.2523,15.669,38.803,23.135,20.6383,0.2598,0
AGB-02,1581.0,40.76,2.1887,0.2821,0.426,3114.8,8.7612,0.1962,7.11,0,0,0.1135,0.2649,15.678,38.828,23.149,18.7432,0.2147,0
AGB-02,1582.0,37.52,2.2335,0.2508,0.522,3289.5,8.9528,0.2373,5.99,0,0,0.1539,0.2542,15.688,38.853,23.164,19.477,0.2668,0
AGB-02,1583.0,30.3,2.2616,0.2563,0.531,3343.5,9.5521,0.2146,6.77,0,0,0.0812,0.2504,15.698,38.877,23.179,22.1193,0.2208,0
AGB-02,1584.0,33.49,2.2457,0.2538,0.423,3393.5,9.4861,0.2247,7.22,0,0,0.0895,0.2529,15.708,38.902,23.193,21.801,0.2437,0
AGB-02,1585.0,29.46,2.2437,0.2236,0.506,3393.8,9.6165,0.2115,5.65,0,0,0.0594,0.2546,15.718,38.926,23.208,22.4619,0.2251,0
AGB-02,1586.0,24.22,2.2873,0.2008,0.547,3707.0,10.1808,0.228,8.73,0,0,0.038,0.2376,15.728,38.951,23.223,26.1492,0.2509,0
AGB-02,1587.0,23.72,2.2838,0.2256,1.305,3635.3,10.2271,0.2027,7.48,0,0,0.0205,0.2334,15.738,38.975,23.237,26.5851,0.2161,0
AGB-02,1588.0,24.43,2.2625,0.2312,0.563,3551.6,10.1297,0.1875,9.23,0,0,0.02,0.2355,15.748,39.0,23.252,25.7464,0.1981,0
AGB-02,1589.0,28.33,2.2563,0.2341,0.769,3501.6,9.8469,0.1895,7.95,0,0,0.056,0.2457,15.758,39.024,23.267,23.7894,0.2319,0
AGB-02,1590.0,30.3,2.2886,0.2297,1.074,3519.8,10.0304,0.1751,10.11,0,0,0.0704,0.2289,15.768,39.049,23.281,25.0101,0.2151,0
AGB-02,1591.0,32.06,2.223,0.2467,0.537,3293.4,9.2534,0.1955,6.9,0,0,0.1092,0.2515,15.778,39.074,23.296,20.7688,0.2309,0
AGB-02,1592.0,30.97,2.2454,0.2322,0.524,3354.3,9.5299,0.1962,9.18,0,0,0.0998,0.2427,15.788,39.098,23.311,22.0677,0.2219,0
AGB-02,1593.0,35.2,2.2499,0.2317,0.871,3272.2,9.2363,0.2208,8.69,0,0,0.1309,0.2467,15.797,39.123,23.325,20.7039,0.2323,0
AGB-02,1594.0,27.76,2.2498,0.2103,0.575,3567.4,10.0804,0.1956,8.26,1,0,0.02,0.2398,15.807,39.147,23.34,25.4196,0.2105,0
AGB-02,1595.0,34.24,2.2302,0.2714,0.769,3273.6,9.3003,0.1923,6.75,0,0,0.1042,0.2497,15.817,39.172,23.354,20.9941,0.218,0
AGB-02,1596.0,30.04,2.253,0.2545,0.717,3323.7,9.3525,0.2241,6.18,0,0,0.0905,0.258,15.827,39.196,23.369,21.235,0.2367,0
AGB-02,1597.0,22.43,2.2433,0.2325,1.1,3366.7,9.699,0.1848,7.65,0,0,0.0446,0.2504,15.837,39.221,23.384,22.9788,0.1967,0
AGB-02,1598.0,32.47,2.2399,0.2739,0.905,3261.9,9.2349,0.2093,6.44,0,0,0.112,0.2518,15.847,39.245,23.398,20.7136,0.2251,0
AGB-02,1599.0,22.08,2.2612,0.231,0.921,3491.7,10.0247,0.179,7.49,1,0,0.0284,0.2381,15.857,39.27,23.413,25.032,0.1927,0
AGB-02,1600.0,35.08,2.2489,0.2355,0.772,3302.7,9.3768,0.2027,7.02,0,0,0.1012,0.2502,15.867,39.295,23.428,21.3577,0.224,0
AGB-02,1601.0,28.57,2.2215,0.2438,0.724,3323.8,9.2083,0.2058,6.93,0,0,0.1142,0.254,15.877,39.319,23.442,20.6028,0.246,0
AGB-02,1602.0,33.52,2.233,0.2562,0.478,3303.9,8.9241,0.2478,4.76,0,0,0.1206,0.2688,15.887,39.344,23.457,19.435,0.2717,0
AGB-02,1603.0,27.02,2.253,0.2494,0.685,3511.8,9.8972,0.2052,7.66,0,0,0.0466,0.2445,15.897,39.368,23.472,24.175,0.2245,0
AGB-02,1604.0,33.73,2.2083,0.2452,0.401,3231.2,8.869,0.2068,6.28,0,0,0.1514,0.2535,15.907,39.393,23.486,19.2222,0.2497,0
AGB-02,1605.0,29.65,2.2653,0.2019,0.751,3668.9,10.1591,0.2214,8.69,0,0,0.0385,0.233,15.916,39.417,23.501,26.1164,0.2344,0
AGB-02,1606.0,40.1,2.2129,0.2702,0.63,2952.3,8.0414,0.2134,6.41,0,0,0.1968,0.2663,15.926,39.442,23.516,16.3645,0.24,0
AGB-02,1607.0,23.73,2.2464,0.2296,0.455,3509.7,9.719,0.2185,7.27,0,0,0.0554,0.2551,15.936,39.466,23.53,23.1092,0.2488,0
AGB-02,1608.0,33.62,2.2404,0.2406,0.605,3202.4,9.0029,0.207,7.18,0,0,0.1165,0.2616,15.946,39.491,23.545,19.7499,0.2322,0
AGB-02,1609.0,34.18,2.2769,0.2308,0.982,3537.9,9.8875,0.2194,8.31,0,0,0.0866,0.2354,15.956,39.516,23.559,24.1155,0.2415,0
AGB-02,1610.0,30.33,2.2132,0.2376,0.602,3458.5,9.5524,0.2268,6.71,0,0,0.0641,0.2567,15.966,39.54,23.574,22.2198,0.2461,0
AGB-02,1611.0,34.91,2.2384,0.2363,0.513,3411.6,9.4802,0.2137,8.65,1,0,0.1171,0.2423,15.976,39.565,23.589,21.8602,0.2462,0
AGB-02,1612.0,38.2,2.2443,0.2452,0.556,3215.1,8.8962,0.2065,6.29,0,0,0.1534,0.2552,15.986,39.589,23.603,19.3288,0.2501,0
AGB-02,1613.0,31.99,2.249,0.24,0.674,3415.1,9.5033,0.223,6.89,1,0,0.1051,0.247,15.996,39.614,23.618,21.9743,0.2471,0
AGB-02,1614.0,24.3,2.2129,0.2439,0.496,3171.3,9.0668,0.1832,6.65,0,0,0.0835,0.2638,16.006,39.638,23.633,20.0118,0.2007,0
AGB-02,1615.0,37.29,2.2107,0.2664,0.718,3282.5,9.1528,0.2139,7.25,0,0,0.1129,0.2545,16.016,39.663,23.647,20.3711,0.2353,0
AGB-02,1616.0,31.22,2.25,0.2323,0.52,3598.8,9.899,0.2321,9.75,0,0,0.0835,0.2353,16.026,39.688,23.662,24.1937,0.252,0
AGB-02,1617.0,25.62,2.256,0.2361,0.88,3496.1,9.9711,0.1988,7.66,0,0,0.02,0.2471,16.035,39.712,23.677,24.6735,0.2046,0
AGB-02,1618.0,36.61,2.2102,0.2532,0.956,3318.9,9.1919,0.2094,6.35,0,0,0.1096,0.2555,16.045,39.737,23.691,20.5389,0.2432,0
AGB-02,1619.0,66.16,2.2263,0.3097,0.444,2457.1,5.1498,0.3228,5.08,0,2,0.4634,0.2702,16.055,39.761,23.706,9.0667,0.3302,0
AGB-02,1620.0,69.99,2.1982,0.3415,0.486,2262.0,3.9841,0.3232,4.21,0,2,0.5195,0.2869,16.065,39.786,23.721,6.7235,0.359,0
AGB-02,1621.0,68.59,2.1732,0.3617,0.793,2094.1,2.8895,0.3692,3.14,0,2,0.5666,0.3075,16.075,39.81,23.735,4.7082,0.3921,0
AGB-02,1622.0,68.02,2.1448,0.3534,0.709,1869.4,2.6268,0.3409,3.49,0,2,0.5627,0.316,16.085,39.835,23.75,4.2466,0.3696,0
AGB-02,1623.0,74.88,2.1437,0.3574,0.83,1849.1,2.401,0.3651,2.53,0,2,0.5828,0.3177,16.095,39.859,23.764,3.856,0.3825,0
AGB-02,1624.0,72.17,2.1887,0.3074,0.374,2356.7,4.1397,0.3303,5.28,0,2,0.5257,0.2796,16.105,39.884,23.779,7.024,0.3659,0
AGB-02,1625.0,69.64,2.159,0.3581,0.499,1943.5,2.1216,0.3756,3.23,0,2,0.6287,0.3136,16.115,39.909,23.794,3.3804,0.4141,0
AGB-02,1626.0,67.17,2.1593,0.3721,0.504,2011.6,2.6716,0.3938,3.55,0,2,0.5847,0.308,16.125,39.933,23.808,4.3252,0.3919,0
AGB-02,1627.0,70.56,2.1913,0.3357,0.736,2196.1,3.7618,0.3396,3.95,0,2,0.5185,0.2944,16.135,39.958,23.823,6.3023,0.3595,0
AGB-02,1628.0,70.69,2.1652,0.3657,0.609,2103.2,2.7042,0.3654,3.58,0,2,0.5719,0.3127,16.145,39.982,23.838,4.3826,0.4025,0
AGB-02,1629.0,66.71,2.1244,0.3638,0.349,2163.0,2.698,0.3637,3.02,0,2,0.5233,0.3302,16.154,40.007,23.852,4.372,0.4074,0
AGB-02,1630.0,66.48,2.1423,0.3744,0.3,2107.1,2.8437,0.3727,3.91,0,2,0.5412,0.3178,16.164,40.031,23.867,4.6284,0.3943,0
AGB-02,1631.0,69.37,2.1864,0.3569,0.393,2164.3,3.2271,0.3585,3.33,0,2,0.5474,0.3032,16.174,40.056,23.882,5.3149,0.3847,0
AGB-02,1632.0,71.75,2.1564,0.3799,0.481,2011.7,2.3645,0.3722,3.61,0,2,0.6072,0.312,16.184,40.08,23.896,3.7946,0.4088,0
AGB-02,1633.0,71.11,2.2081,0.3311,0.447,2285.0,4.0865,0.3325,4.89,0,2,0.4891,0.2959,16.194,40.105,23.911,6.9234,0.3581,0
AGB-02,1634.0,67.27,2.1709,0.3474,0.476,2096.5,3.1111,0.3524,3.5,0,2,0.5428,0.308,16.204,40.13,23.926,5.1059,0.3797,0
AGB-02,1635.0,43.61,2.2084,0.2766,0.501,3127.1,8.3567,0.2478,5.59,1,1,0.1724,0.2685,16.214,40.154,23.94,17.404,0.2668,0
AGB-02,1636.0,50.29,2.1976,0.2828,0.739,2806.6,6.7572,0.2761,5.51,0,1,0.3296,0.2664,16.224,40.179,23.955,12.7812,0.3021,0
AGB-02,1637.0,53.76,2.1996,0.2757,0.506,2794.0,6.596,0.2747,5.47,0,1,0.3161,0.2779,16.234,40.203,23.969,12.3776,0.3103,0
AGB-02,1638.0,38.45,2.2312,0.254,0.511,3187.4,8.6429,0.245,6.0,0,1,0.1696,0.2603,16.244,40.228,23.984,18.4052,0.2632,0
AGB-02,1639.0,42.25,2.2399,0.2738,0.709,3370.9,8.459,0.2792,7.09,0,1,0.2103,0.2608,16.254,40.252,23.999,17.7568,0.3205,0
AGB-02,1640.0,37.29,2.2568,0.2456,0.847,3326.9,9.3177,0.2166,7.05,0,0,0.119,0.2506,16.264,40.277,24.013,21.1331,0.2416,0
AGB-02,1641.0,38.85,2.2292,0.2528,0.505,3425.7,9.1789,0.2624,6.5,0,0,0.116,0.2615,16.273,40.302,24.028,20.5186,0.2789,0
AGB-02,1642.0,17.67,2.2286,0.2588,0.724,3508.8,9.668,0.2325,6.52,0,0,0.0286,0.2671,16.283,40.326,24.043,22.8816,0.2496,0
AGB-02,1643.0,31.31,2.2206,0.2536,0.435,3321.7,9.1781,0.2309,5.9,0,0,0.0911,0.2652,16.293,40.351,24.057,20.5168,0.2474,0
AGB-02,1644.0,27.58,2.2389,0.2312,0.903,3443.9,9.5748,0.2188,6.22,0,0,0.0579,0.2606,16.303,40.375,24.072,22.3859,0.2436,0
AGB-02,1645.0,29.22,2.2524,0.2562,0.78,3192.3,9.2106,0.1949,6.5,0,0,0.1299,0.2438,16.313,40.4,24.087,20.6584,0.2,0
AGB-02,1646.0,40.0,2.2571,0.2567,0.506,3248.6,8.8865,0.2335,7.2,0,0,0.166,0.2547,16.323,40.424,24.101,19.3239,0.2636,0
AGB-02,1647.0,25.85,2.3131,0.2045,0.483,3622.6,10.2644,0.1677,8.01,0,0,0.02,0.2301,16.333,40.449,24.116,27.2552,0.2019,0
AGB-02,1648.0,36.51,2.2186,0.2501,0.627,3387.8,9.2594,0.2265,6.35,0,0,0.1057,0.2579,16.343,40.473,24.131,20.8706,0.2586,0
AGB-02,1649.0,94.48,2.0996,0.4366,1.124,1450.0,1.1582,0.3814,2.77,0,3,0.8861,0.3429,16.353,40.498,24.145,1.7986,0.416,0
AGB-02,1650.0,88.26,2.079,0.4309,1.255,1450.0,1.1472,0.3859,2.73,0,3,0.8321,0.3616,16.363,40.523,24.16,1.781,0.416,0
AGB-02,1651.0,91.92,2.0777,0.4068,0.747,1450.0,1.1466,0.3978,2.36,0,3,0.8281,0.3542,16.373,40.547,24.174,1.7799,0.416,0
AGB-02,1652.0,104.3,2.0816,0.4484,1.685,1450.0,1.1487,0.4035,2.26,0,3,0.9447,0.3634,16.383,40.572,24.189,1.7833,0.416,0
AGB-02,1653.0,98.38,2.1151,0.4296,0.892,1450.0,1.1667,0.3927,2.46,0,3,0.9206,0.344,16.392,40.596,24.204,1.8119,0.416,0
AGB-02,1654.0,97.41,2.1108,0.4315,0.964,1450.0,1.1645,0.3722,2.91,0,3,0.9172,0.3414,16.402,40.621,24.218,1.8082,0.416,0
AGB-02,1655.0,87.35,2.098,0.4366,0.892,1481.5,1.1609,0.3903,2.84,0,3,0.8081,0.3373,16.412,40.645,24.233,1.8024,0.4201,0
AGB-02,1656.0,102.13,2.1319,0.4342,0.978,1450.0,1.1759,0.3853,2.13,0,3,0.94,0.3509,16.422,40.67,24.248,1.8263,0.416,0
AGB-02,1657.0,87.11,2.1434,0.3904,0.763,1552.7,1.1921,0.3872,2.63,0,3,0.7802,0.328,16.432,40.694,24.262,1.8521,0.4283,0
AGB-02,1658.0,89.98,2.0938,0.4215,0.638,1450.0,1.1557,0.3904,2.2,0,3,0.8324,0.348,16.442,40.719,24.277,1.7937,0.416,0
AGB-02,1659.0,99.05,2.0927,0.4216,0.691,1450.0,1.1552,0.386,2.31,0,3,0.9111,0.3506,16.452,40.744,24.292,1.7927,0.416,0
AGB-02,1660.0,33.34,2.2074,0.248,0.597,3298.9,9.1405,0.2099,5.92,1,0,0.0985,0.2629,16.462,40.768,24.306,20.3096,0.242,0
AGB-02,1661.0,27.05,2.2095,0.2368,0.83,3361.4,9.4845,0.1964,6.43,0,0,0.0687,0.2551,16.472,40.793,24.321,21.8624,0.2201,0
AGB-02,1662.0,37.37,2.2336,0.2345,0.613,3291.9,9.3649,0.1814,6.47,0,0,0.1106,0.2466,16.482,40.817,24.336,21.2862,0.2172,0
AGB-02,1663.0,32.54,2.2585,0.2527,0.962,3270.0,9.5223,0.1638,8.08,0,0,0.0996,0.2407,16.492,40.842,24.35,22.0315,0.1886,0
AGB-02,1664.0,25.73,2.2471,0.2581,1.176,3363.1,9.5911,0.1874,7.45,0,0,0.0925,0.2441,16.502,40.866,24.365,22.3705,0.2166,0
AGB-02,1665.0,29.55,2.2378,0.2358,0.723,3421.8,9.6588,0.2025,8.82,0,0,0.0732,0.2491,16.511,40.891,24.379,22.7169,0.2268,0
AGB-02,1666.0,27.82,2.2823,0.1976,0.632,3604.8,10.1811,0.2152,9.16,0,0,0.0557,0.2259,16.521,40.915,24.394,26.1757,0.2147,0
AGB-02,1667.0,29.03,2.308,0.1938,0.864,3469.6,10.1209,0.1597,8.64,0,0,0.0368,0.2333,16.531,40.94,24.409,25.653,0.1776,0
AGB-02,1668.0,26.94,2.2596,0.2374,0.3,3595.1,10.1629,0.193,8.9,0,0,0.02,0.2381,16.541,40.965,24.423,25.9757,0.2091,0
AGB-02,1669.0,34.08,2.2563,0.255,0.895,3381.6,9.4081,0.2183,7.45,0,0,0.1276,0.247,16.551,40.989,24.438,21.4234,0.2519,0
AGB-02,1670.0,41.8,2.2615,0.2306,0.375,3453.9,9.56,0.2256,7.86,0,0,0.1255,0.2423,16.561,41.014,24.453,22.1479,0.2578,0
AGB-02,1671.0,28.21,2.251,0.2467,0.551,3513.0,9.7481,0.2227,7.33,0,0,0.0885,0.2449,16.571,41.038,24.467,23.1307,0.2504,0
AGB-02,1672.0,31.26,2.2487,0.2166,0.737,3417.5,9.7218,0.2113,8.06,0,0,0.0719,0.2474,16.581,41.063,24.482,22.9728,0.2209,0
AGB-02,1673.0,35.6,2.2634,0.2367,0.739,3530.4,9.8364,0.218,9.18,0,0,0.0851,0.2425,16.591,41.087,24.497,23.6127,0.2476,0
AGB-02,1674.0,34.78,2.2441,0.2502,0.725,3228.7,8.8996,0.2313,7.79,0,0,0.1789,0.2492,16.601,41.112,24.511,19.2371,0.2569,0
AGB-02,1675.0,28.15,2.2345,0.2477,0.573,3322.5,9.3711,0.2074,7.2,0,0,0.1133,0.2497,16.611,41.137,24.526,21.1914,0.2325,0
AGB-02,1676.0,36.87,2.2233,0.2765,0.505,3409.3,9.3191,0.2249,5.34,0,0,0.0771,0.2703,16.621,41.161,24.541,20.9477,0.264,0
AGB-02,1677.0,25.43,2.2693,0.2034,0.69,3716.3,10.2173,0.2291,8.63,0,0,0.0525,0.2319,16.63,41.186,24.555,26.2317,0.2477,0
AGB-02,1678.0,21.99,2.2513,0.2016,0.706,3602.5,10.2051,0.189,7.89,0,0,0.02,0.2357,16.64,41.21,24.57,26.104,0.2057,0
AGB-02,1679.0,42.19,2.2371,0.281,0.555,3047.4,7.9541,0.2473,6.68,0,1,0.2389,0.2649,16.65,41.235,24.584,15.9999,0.2864,0
AGB-02,1680.0,55.79,2.1926,0.2896,0.742,2660.8,6.335,0.2676,5.68,0,1,0.3482,0.2734,16.66,41.259,24.599,11.6742,0.2955,0
AGB-02,1681.0,46.65,2.1997,0.3023,0.547,2747.3,7.0196,0.241,4.55,0,1,0.2658,0.2802,16.67,41.284,24.614,13.3733,0.267,0
AGB-02,1682.0,45.51,2.1811,0.299,0.507,2868.9,7.3028,0.2592,5.25,0,1,0.2513,0.2766,16.68,41.308,24.628,14.1216,0.2776,0
AGB-02,1683.0,45.01,2.2151,0.2824,0.66,2925.6,7.343,0.2672,5.93,0,1,0.2705,0.273,16.69,41.333,24.643,14.2276,0.2963,0
AGB-02,1684.0,44.48,2.2324,0.2631,0.465,3081.5,8.0412,0.2583,6.08,0,1,0.2507,0.2577,16.7,41.358,24.658,16.2446,0.2883,0
AGB-02,1685.0,44.63,2.2273,0.2593,0.312,3114.1,8.1869,0.271,5.41,0,1,0.2352,0.2578,16.71,41.382,24.672,16.6957,0.2849,0
AGB-02,1686.0,48.08,2.2182,0.2672,0.398,2769.3,7.0543,0.2601,6.02,0,1,0.2974,0.2697,16.72,41.407,24.687,13.4487,0.2755,0
AGB-02,1687.0,50.69,2.2345,0.3047,0.933,2768.0,6.877,0.2457,5.33,0,1,0.3176,0.271,16.73,41.431,24.702,12.9894,0.2922,0
AGB-02,1688.0,44.01,2.2279,0.2871,0.782,3064.4,7.8875,0.2609,5.24,0,1,0.2328,0.2706,16.74,41.456,24.716,15.7631,0.2948,0
AGB-02,1689.0,34.6,2.2445,0.2328,0.829,3458.7,9.7827,0.1986,8.57,0,0,0.0882,0.2418,16.749,41.48,24.731,23.1108,0.2314,0
AGB-02,1690.0,28.61,2.2649,0.2332,0.567,3556.1,9.9555,0.2186,9.0,0,0,0.0742,0.2421,16.759,41.505,24.746,24.1164,0.2443,0
AGB-02,1691.0,28.32,2.2642,0.2565,0.398,3336.5,9.693,0.1772,7.46,1,0,0.0936,0.2413,16.769,41.529,24.76,22.6116,0.2026,0
AGB-02,1692.0,22.79,2.2524,0.2259,0.64,3584.8,10.1743,0.1894,7.55,0,0,0.02,0.2421,16.779,41.554,24.775,25.6162,0.2127,0
AGB-02,1693.0,29.86,2.2073,0.2588,0.423,3452.1,9.5466,0.2279,6.23,0,0,0.0614,0.2642,16.789,41.579,24.789,21.8633,0.2514,0
AGB-02,1694.0,40.07,2.2628,0.2315,0.405,3141.7,8.9157,0.2113,7.25,0,0,0.1926,0.2429,16.799,41.603,24.804,19.1772,0.2328,0
AGB-02,1695.0,27.44,2.2401,0.2331,0.488,3634.7,10.1191,0.2219,7.25,0,0,0.0363,0.2436,16.809,41.628,24.819,25.1671,0.2386,0
AGB-02,1696.0,33.42,2.264,0.2209,0.368,3480.5,9.9804,0.1823,8.36,0,0,0.0786,0.234,16.819,41.652,24.833,24.2204,0.2143,0
AGB-02,1697.0,18.18,2.3161,0.2031,1.103,3670.8,10.4365,0.1759,9.72,0,0,0.0272,0.2214,16.829,41.677,24.848,28.1075,0.1994,0
AGB-02,1698.0,33.09,2.2547,0.2391,0.48,3469.2,9.7527,0.2109,8.05,0,0,0.0999,0.2429,16.839,41.701,24.863,22.882,0.2435,0
AGB-02,1699.0,30.02,2.2681,0.2233,0.621,3432.8,9.9318,0.1897,9.24,0,0,0.0737,0.2377,16.849,41.726,24.877,23.898,0.2051,0
AGB-02,1700.0,20.97,2.2461,0.2278,0.547,3614.1,10.0725,0.2167,7.21,0,0,0.02,0.2547,16.859,41.75,24.892,24.7977,0.2421,0
AGB-02,1701.0,26.3,2.2784,0.2181,1.227,3676.2,10.2847,0.2021,10.07,0,0,0.0423,0.233,16.868,41.775,24.907,26.438,0.2329,0
AGB-02,1702.0,21.63,2.2554,0.1888,0.74,3787.6,10.3779,0.2118,8.33,0,0,0.02,0.233,16.878,41.8,24.921,27.3415,0.2423,0
AGB-02,1703.0,27.98,2.2909,0.1782,0.523,3661.7,10.3975,0.1916,10.25,1,0,0.0346,0.2217,16.888,41.824,24.936,27.5468,0.2028,0
AGB-02,1704.0,29.41,2.2644,0.2287,1.245,3381.9,9.8974,0.1719,9.17,0,0,0.059,0.242,16.898,41.849,24.95,23.6633,0.1873,0
AGB-02,1705.0,32.05,2.2458,0.2304,0.608,3464.6,9.7357,0.2248,8.07,0,0,0.0907,0.2468,16.908,41.873,24.965,22.7585,0.2428,0
AGB-02,1706.0,33.62,2.2484,0.2322,0.787,3556.7,9.9839,0.227,6.76,0,0,0.0556,0.2465,16.918,41.898,24.98,24.1806,0.2388,0
AGB-02,1707.0,31.59,2.2707,0.2129,1.022,3546.5,10.1544,0.2037,9.03,0,0,0.0634,0.23,16.928,41.922,24.994,25.3335,0.2111,0
AGB-02,1708.0,33.2,2.267,0.253,0.844,3498.9,9.8655,0.224,9.24,1,0,0.1117,0.2341,16.938,41.947,25.009,23.4604,0.2421,0
AGB-02,1709.0,29.15,2.223,0.2497,0.546,3255.4,9.2096,0.2143,6.01,0,0,0.0984,0.2641,16.948,41.972,25.024,20.296,0.2308,0
AGB-02,1710.0,31.35,2.2959,0.226,0.704,3513.9,10.0212,0.2058,8.34,0,0,0.104,0.2293,16.958,41.996,25.038,24.4014,0.2313,0
AGB-02,1711.0,27.17,2.2309,0.2456,0.415,3423.8,9.6497,0.2189,7.79,0,0,0.0666,0.2583,16.968,42.021,25.053,22.2942,0.2372,0
AGB-02,1712.0,32.96,2.2321,0.2548,0.451,3436.2,9.7701,0.1962,7.02,0,0,0.0509,0.2563,16.978,42.045,25.068,22.9179,0.2249,0
AGB-02,1713.0,32.07,2.2546,0.246,0.566,3496.9,9.8068,0.228,7.87,0,0,0.0904,0.2453,16.987,42.07,25.082,23.1142,0.2467,0
AGB-02,1714.0,29.12,2.2481,0.2474,0.782,3402.9,9.6569,0.2133,7.44,0,0,0.0925,0.2492,16.997,42.094,25.097,22.3224,0.2337,0
AGB-02,1715.0,36.46,2.2511,0.2362,0.466,3443.2,9.4849,0.2272,9.16,0,0,0.1431,0.2438,17.007,42.119,25.112,21.49,0.2672,0
AGB-02,1716.0,21.15,2.3135,0.1973,0.696,3812.9,10.5314,0.2019,13.6,0,0,0.0373,0.2122,17.017,42.143,25.126,29.3337,0.2229,0
AGB-02,1717.0,29.79,2.2945,0.2039,0.446,3652.6,10.3434,0.1962,10.0,0,0,0.0398,0.2294,17.027,42.168,25.141,26.8774,0.2183,0
AGB-02,1718.0,20.29,2.1939,0.2633,0.587,3326.9,9.4596,0.1969,5.46,1,0,0.0404,0.2706,17.037,42.193,25.155,21.3675,0.2168,0
AGB-02,1719.0,31.34,2.2328,0.2354,0.468,3295.0,9.2694,0.2214,6.66,0,0,0.0978,0.2649,17.047,42.217,25.17,20.5286,0.2411,0
AGB-02,1720.0,30.11,2.2789,0.2269,0.79,3635.7,10.2454,0.202,7.29,0,0,0.0398,0.238,17.057,42.242,25.185,25.9902,0.2298,0
AGB-02,1721.0,31.19,2.2529,0.2399,0.728,3519.9,9.8385,0.2212,8.38,0,0,0.1144,0.2352,17.067,42.266,25.199,23.2715,0.2497,0
AGB-02,1722.0,30.26,2.2608,0.2477,0.484,3454.4,10.0308,0.1539,9.62,0,0,0.049,0.2404,17.077,42.291,25.214,24.426,0.1951,0
AGB-02,1723.0,28.86,2.2239,0.2335,0.616,3500.2,9.7502,0.2249,8.41,0,0,0.0868,0.2474,17.087,42.315,25.229,22.7871,0.248,0
AGB-02,1724.0,24.92,2.2526,0.2308,0.615,3405.7,9.9758,0.1675,8.96,0,0,0.0538,0.2381,17.097,42.34,25.243,24.0755,0.1795,0
AGB-02,1725.0,32.33,2.2309,0.2369,0.517,3630.9,10.0428,0.2293,9.12,0,0,0.0689,0.2393,17.106,42.364,25.258,24.5011,0.2502,0
AGB-02,1726.0,33.94,2.2218,0.2846,0.746,3056.6,8.491,0.2166,5.52,0,0,0.1715,0.2663,17.116,42.389,25.273,17.6048,0.2402,0
AGB-02,1727.0,37.69,2.2423,0.2548,0.959,3262.0,9.1478,0.2092,6.85,0,0,0.1563,0.2495,17.126,42.414,25.287,20.0186,0.2463,0
AGB-02,1728.0,26.87,2.2694,0.2301,0.751,3511.3,9.9786,0.2012,7.86,0,0,0.081,0.2389,17.136,42.438,25.302,24.0907,0.2312,0
AGB-02,1729.0,40.04,2.2359,0.2815,0.562,3228.1,8.8285,0.2344,6.13,0,0,0.1547,0.2654,17.146,42.463,25.317,18.7892,0.2664,0
AGB-02,1730.0,26.5,2.2721,0.2424,0.508,3658.1,10.2166,0.2121,6.7,0,0,0.0387,0.2423,17.156,42.487,25.331,25.7464,0.2411,0
AGB-02,1731.0,30.46,2.2546,0.2426,0.509,3477.6,9.7295,0.2475,6.91,0,0,0.0976,0.248,17.166,42.512,25.346,22.6782,0.251,0
AGB-02,1732.0,30.57,2.2431,0.2426,0.601,3425.9,9.5618,0.2195,7.52,0,0,0.0919,0.2574,17.176,42.536,25.36,21.8398,0.2524,0
AGB-02,1733.0,34.74,2.2492,0.2541,0.616,3462.3,9.8378,0.1949,7.47,0,0,0.0575,0.2536,17.186,42.561,25.375,23.2674,0.2298,0
AGB-02,1734.0,31.02,2.2513,0.2248,0.367,3423.8,9.798,0.1979,7.43,0,0,0.0981,0.2389,17.196,42.586,25.39,23.0502,0.2219,0
AGB-02,1735.0,30.78,2.2604,0.2224,0.583,3471.2,9.9135,0.2016,7.78,0,0,0.1018,0.2326,17.206,42.61,25.404,23.71,0.2241,0
AGB-02,1736.0,24.46,2.2538,0.2364,0.749,3486.9,10.0373,0.1981,7.29,0,0,0.032,0.2481,17.216,42.635,25.419,24.4832,0.2057,0
AGB-02,1737.0,26.59,2.2058,0.2543,0.691,3459.6,9.8123,0.1996,6.43,0,0,0.061,0.2475,17.225,42.659,25.434,23.139,0.2196,0
AGB-02,1738.0,26.22,2.2729,0.2257,0.505,3604.6,10.2021,0.1934,7.13,0,0,0.0277,0.2447,17.235,42.684,25.448,25.665,0.2252,0
AGB-02,1739.0,52.52,2.19,0.2837,0.385,2937.1,7.3439,0.2729,5.07,0,1,0.2331,0.2875,17.245,42.708,25.463,14.1739,0.2964,0
AGB-02,1740.0,50.44,2.2361,0.2744,0.803,2906.1,7.2451,0.2876,5.77,0,1,0.327,0.2589,17.255,42.733,25.478,13.91,0.303,0
AGB-02,1741.0,44.41,2.2397,0.251,0.633,3090.8,8.4178,0.2247,5.55,0,1,0.2276,0.2525,17.265,42.757,25.492,17.3781,0.2631,0
AGB-02,1742.0,45.58,2.2022,0.2689,0.784,2846.5,7.7118,0.2026,6.46,0,1,0.2423,0.2646,17.275,42.782,25.507,15.2063,0.2374,0
AGB-02,1743.0,57.79,2.2114,0.3017,0.455,2845.2,6.7489,0.2715,6.83,0,1,0.3573,0.2628,17.285,42.807,25.522,12.6367,0.3169,0
AGB-02,1744.0,43.9,2.2447,0.2357,0.438,3175.9,8.6211,0.2504,8.2,0,1,0.2201,0.2496,17.295,42.831,25.536,18.0778,0.271,0
AGB-02,1745.0,50.74,2.2437,0.28,0.547,3058.1,8.1503,0.2499,7.51,0,1,0.2525,0.2547,17.305,42.856,25.551,16.5293,0.277,0
AGB-02,1746.0,41.48,2.3054,0.2438,1.334,3305.4,9.452,0.232,8.14,0,1,0.1773,0.233,17.315,42.88,25.565,21.3814,0.2397,0
AGB-02,1747.0,53.42,2.1881,0.2741,0.431,2728.3,6.4216,0.2865,4.99,0,1,0.3212,0.284,17.325,42.905,25.58,11.845,0.3073,0
AGB-02,1748.0,42.02,2.2497,0.2677,0.698,3076.0,8.3208,0.2548,6.21,0,1,0.2274,0.2576,17.335,42.929,25.595,17.0839,0.2687,0
AGB-02,1749.0,40.29,2.2305,0.2449,0.69,3157.4,8.9715,0.2161,8.89,1,1,0.1882,0.2395,17.344,42.954,25.609,19.3841,0.2232,0
AGB-02,1750.0,50.41,2.1963,0.299,0.559,2756.9,6.729,0.2879,5.14,0,1,0.3169,0.275,17.354,42.978,25.624,12.6022,0.2941,0
AGB-02,1751.0,47.04,2.2287,0.2816,0.469,2914.0,7.5957,0.25,6.41,0,1,0.2887,0.2582,17.364,43.003,25.639,14.9014,0.2772,0
AGB-02,1752.0,43.04,2.2698,0.2918,0.743,2930.8,8.2012,0.2012,7.11,1,1,0.2353,0.2552,17.374,43.028,25.653,16.7172,0.2337,0
AGB-02,1753.0,41.06,2.2555,0.2596,0.597,3194.7,8.7261,0.2357,7.44,0,1,0.2043,0.2521,17.384,43.052,25.668,18.4937,0.2682,0
AGB-02,1754.0,45.64,2.2156,0.2598,0.572,2997.4,7.8369,0.263,6.73,0,1,0.2545,0.2624,17.394,43.077,25.683,15.6113,0.2789,0
AGB-02,1755.0,50.14,2.2758,0.2517,0.583,3215.9,8.6724,0.2509,7.52,0,1,0.2373,0.2451,17.404,43.101,25.697,18.3148,0.2822,0
AGB-02,1756.0,45.57,2.226,0.2744,0.603,2979.5,7.7551,0.2366,4.87,0,1,0.2671,0.2616,17.414,43.126,25.712,15.3798,0.2821,0
AGB-02,1757.0,48.81,2.23,0.2572,0.325,3013.2,7.8888,0.2547,6.0,0,1,0.2777,0.2532,17.424,43.15,25.727,15.7794,0.2815,0
AGB-02,1758.0,43.35,2.2357,0.2597,0.445,2934.3,7.6114,0.2398,5.82,0,1,0.2705,0.2658,17.434,43.175,25.741,14.9742,0.2823,0
AGB-02,1759.0,45.89,2.2621,0.2596,0.612,3343.2,9.1693,0.2241,8.69,0,1,0.191,0.2402,17.444,43.199,25.756,20.2511,0.2696,0
AGB-02,1760.0,24.59,2.2628,0.2506,0.681,3478.1,9.8158,0.2147,9.51,0,0,0.0733,0.2497,17.454,43.224,25.77,23.3816,0.236,0
AGB-02,1761.0,26.48,2.241,0.2096,0.698,3705.5,10.1287,0.23,9.77,0,0,0.06,0.237,17.463,43.249,25.785,25.4502,0.254,0
AGB-02,1762.0,34.77,2.2376,0.255,0.608,3398.4,9.2925,0.2312,7.16,0,0,0.1279,0.2565,17.473,43.273,25.8,20.8051,0.2672,0
AGB-02,1763.0,39.1,2.274,0.2434,0.888,3357.0,9.536,0.2324,6.8,0,0,0.1244,0.2447,17.483,43.298,25.814,21.943,0.2345,0
AGB-02,1764.0,41.01,2.2494,0.2324,0.552,3277.5,9.3822,0.1985,8.81,0,0,0.1266,0.2457,17.493,43.322,25.829,21.2272,0.218,0
AGB-02,1765.0,30.66,2.1878,0.2679,0.3,3392.7,9.1225,0.2507,7.27,0,0,0.109,0.2668,17.503,43.347,25.844,20.1116,0.2709,0
AGB-02,1766.0,24.09,2.3115,0.2183,0.628,3736.1,10.3342,0.207,10.18,0,0,0.0527,0.2265,17.513,43.371,25.858,27.4644,0.2381,0
AGB-02,1767.0,33.82,2.2842,0.2363,0.566,3769.1,10.1835,0.2508,7.49,0,0,0.0927,0.2265,17.523,43.396,25.873,26.0298,0.2689,0
AGB-02,1768.0,29.98,2.2741,0.2215,0.581,3511.9,9.9316,0.2212,7.65,1,0,0.0867,0.2371,17.533,43.421,25.888,24.2095,0.2296,0
AGB-02,1769.0,25.42,2.2945,0.2131,0.915,3766.4,10.3709,0.2006,8.91,0,0,0.024,0.2299,17.543,43.445,25.902,28.0203,0.2313,0
AGB-02,1770.0,23.74,2.2355,0.2204,0.623,3456.0,9.7905,0.186,7.43,0,0,0.0755,0.2436,17.553,43.47,25.917,23.3829,0.2201,0
AGB-02,1771.0,68.36,2.2167,0.323,0.369,2280.6,4.0819,0.322,4.55,0,2,0.551,0.2752,17.563,43.494,25.932,6.8988,0.3588,0
AGB-02,1772.0,70.0,2.1571,0.3214,0.416,2153.5,3.1241,0.3522,3.86,0,2,0.5715,0.2985,17.573,43.519,25.946,5.1194,0.3869,0
AGB-02,1773.0,79.91,2.1931,0.3814,0.906,1916.9,2.4823,0.3624,3.89,0,2,0.6338,0.2995,17.582,43.543,25.961,3.9909,0.3918,0
AGB-02,1774.0,69.24,2.1774,0.3345,0.58,2186.0,3.5753,0.3334,4.57,0,2,0.5451,0.2928,17.592,43.568,25.975,5.9453,0.368,0
AGB-02,1775.0,68.63,2.1844,0.3371,0.561,2055.1,3.6354,0.3168,4.44,0,2,0.5377,0.2915,17.602,43.592,25.99,6.0582,0.3373,0
AGB-02,1776.0,65.32,2.2002,0.3551,0.912,2250.1,3.3759,0.3569,4.63,0,2,0.55,0.3004,17.612,43.617,26.005,5.58,0.3901,0
AGB-02,1777.0,65.11,2.1693,0.3356,0.672,2407.5,4.4958,0.3273,4.56,0,2,0.4709,0.2898,17.622,43.642,26.019,7.719,0.3533,0
AGB-02,1778.0,69.68,2.1746,0.3367,0.461,2227.3,3.4815,0.3491,3.58,0,2,0.5337,0.3011,17.632,43.666,26.034,5.7761,0.3796,0
AGB-02,1779.0,73.18,2.1593,0.3343,0.495,2161.4,3.0382,0.3564,3.9,0,2,0.5668,0.3037,17.642,43.691,26.049,4.9719,0.3925,0
AGB-02,1780.0,31.05,2.2581,0.2295,0.486,3576.7,9.9135,0.22,8.05,0,0,0.0675,0.2454,17.652,43.715,26.063,24.2854,0.2452,0
AGB-02,1781.0,26.45,2.2596,0.234,0.946,3560.6,9.9453,0.2098,9.45,0,0,0.0614,0.244,17.662,43.74,26.078,24.5098,0.235,0
AGB-02,1782.0,29.45,2.2233,0.2486,0.548,3452.6,9.3322,0.2443,7.96,0,0,0.1517,0.2435,17.672,43.764,26.093,21.1774,0.2707,0
AGB-02,1783.0,24.78,2.2706,0.216,0.493,3799.2,10.2653,0.2311,9.68,0,0,0.0387,0.233,17.682,43.789,26.107,27.2142,0.2519,0
AGB-02,1784.0,29.97,2.2703,0.2279,1.123,3617.0,10.0644,0.2235,8.81,0,0,0.0746,0.2319,17.692,43.813,26.122,25.4113,0.2351,0
AGB-02,1785.0,25.85,2.2924,0.1969,0.528,3645.2,10.2728,0.1835,9.93,0,0,0.0374,0.2252,17.701,43.838,26.137,27.3382,0.2022,0
AGB-02,1786.0,28.63,2.2892,0.1958,0.561,3773.8,10.3722,0.2006,9.29,0,0,0.02,0.2227,17.711,43.863,26.151,28.6982,0.2166,0
AGB-02,1787.0,28.8,2.2899,0.2103,1.484,3695.9,10.2452,0.1996,9.67,1,0,0.0474,0.2284,17.721,43.887,26.166,27.0731,0.2279,0
AGB-02,1788.0,29.42,2.271,0.2405,0.54,3407.6,9.7644,0.1775,6.71,0,0,0.0795,0.2436,17.731,43.912,26.18,23.447,0.2094,0
AGB-02,1789.0,31.38,2.2603,0.2534,0.873,3540.2,9.6717,0.2366,7.11,0,0,0.1001,0.2493,17.741,43.936,26.195,22.9262,0.2648,0
AGB-02,1790.0,25.23,2.2582,0.2334,1.159,3648.4,10.1348,0.199,9.39,0,0,0.0503,0.2329,17.751,43.961,26.21,26.0588,0.2268,0
AGB-02,1791.0,36.67,2.2312,0.2635,0.668,3149.2,8.6896,0.2275,7.07,0,0,0.1667,0.2608,17.761,43.985,26.224,18.599,0.2453,0
AGB-02,1792.0,26.87,2.2442,0.2193,0.578,3743.3,10.2337,0.2133,9.12,0,0,0.0507,0.2239,17.771,44.01,26.239,27.0186,0.2325,0
AGB-02,1793.0,33.31,2.241,0.2271,0.586,3454.4,9.6514,0.2034,8.23,0,0,0.0939,0.2459,17.781,44.034,26.254,22.8347,0.2362,0
AGB-02,1794.0,40.57,2.2635,0.252,0.622,3228.6,8.983,0.2185,6.0,0,0,0.1582,0.2557,17.791,44.059,26.268,19.735,0.248,0
AGB-02,1795.0,30.23,2.2919,0.2111,1.078,3809.3,10.3234,0.2176,9.65,0,0,0.048,0.2224,17.801,44.084,26.283,28.1224,0.2419,0
AGB-02,1796.0,30.12,2.2418,0.2404,1.544,3237.5,9.2302,0.1906,7.37,0,0,0.1212,0.2516,17.811,44.108,26.298,20.7815,0.2132,0
AGB-02,1797.0,26.63,2.2639,0.1999,1.209,3640.0,10.2471,0.1808,11.08,0,0,0.0325,0.224,17.82,44.133,26.312,27.1969,0.1939,0
AGB-02,1798.0,38.93,2.2037,0.2556,0.495,3273.9,8.9064,0.244,7.14,0,0,0.1483,0.2587,17.83,44.157,26.327,19.4334,0.2567,0
AGB-02,1799.0,28.61,2.2711,0.2439,0.537,3590.0,10.0582,0.2065,8.53,0,0,0.064,0.2341,17.84,44.182,26.342,25.4671,0.2244,0
AGB-02,1800.0,33.48,2.2708,0.2188,1.02,3516.5,9.9245,0.2083,10.34,1,0,0.1129,0.2237,17.85,44.206,26.356,24.4972,0.2227,0
AGB-02,1801.0,30.38,2.2485,0.2353,0.558,3476.4,9.6129,0.2296,7.71,0,0,0.0855,0.2544,17.86,44.231,26.371,22.6354,0.2502,0
AGB-02,1802.0,37.32,2.236,0.2443,0.45,3384.8,9.4122,0.2041,7.21,0,0,0.0962,0.2577,17.87,44.256,26.385,21.6172,0.2431,0
AGB-02,1803.0,34.07,2.2375,0.2267,0.57,3490.2,9.6641,0.2201,5.63,0,0,0.057,0.261,17.88,44.28,26.4,22.9074,0.2454,0
AGB-02,1804.0,24.7,2.2525,0.2322,0.481,3566.8,10.0262,0.1787,8.57,0,0,0.0461,0.2402,17.89,44.305,26.415,25.2044,0.2172,0
AGB-02,1805.0,34.18,2.2887,0.2408,0.638,3511.3,9.745,0.2231,8.43,0,0,0.1276,0.2359,17.9,44.329,26.429,23.3558,0.2536,0
AGB-02,1806.0,26.86,2.264,0.2182,0.59,3646.8,10.0846,0.2172,8.33,0,0,0.0654,0.2339,17.91,44.354,26.444,25.6437,0.2378,0
AGB-02,1807.0,27.94,2.2718,0.2129,0.845,3623.5,9.9717,0.219,7.95,1,0,0.1054,0.2295,17.92,44.378,26.459,24.786,0.2515,0
AGB-02,1808.0,38.56,2.2262,0.2567,0.788,3285.1,9.1926,0.2212,7.5,0,0,0.1334,0.2512,17.93,44.403,26.473,20.5926,0.2339,0
AGB-02,1809.0,29.83,2.2746,0.2183,0.728,3287.2,9.5499,0.1802,8.47,0,0,0.1015,0.2447,17.939,44.427,26.488,22.2673,0.1946,0
AGB-02,1810.0,34.6,2.2526,0.2456,0.773,3428.4,9.7089,0.2082,7.21,0,0,0.0935,0.2425,17.949,44.452,26.503,23.1144,0.2222,0
AGB-02,1811.0,35.36,2.2206,0.2465,0.605,3216.9,8.7931,0.2394,7.16,0,0,0.1378,0.2692,17.959,44.477,26.517,18.9634,0.2552,0
AGB-02,1812.0,27.54,2.264,0.2085,0.968,3519.8,10.1651,0.151,11.05,0,0,0.02,0.2317,17.969,44.501,26.532,26.2479,0.1638,0
AGB-02,1813.0,27.55,2.27,0.2126,0.835,3776.3,10.2843,0.2149,7.62,0,0,0.0342,0.2316,17.979,44.526,26.547,27.4292,0.2407,0
AGB-02,1814.0,28.56,2.2796,0.218,0.836,3508.9,9.9472,0.2005,9.69,0,0,0.0945,0.2314,17.989,44.55,26.561,24.5394,0.2213,0
AGB-02,1815.0,34.42,2.3023,0.218,0.517,3637.8,10.0859,0.2139,10.09,0,0,0.1089,0.2239,17.999,44.575,26.576,25.537,0.2469,0
AGB-02,1816.0,28.54,2.2559,0.2119,1.229,3674.1,10.1284,0.1963,11.64,0,0,0.0761,0.2276,18.009,44.599,26.59,25.8635,0.2394,0
AGB-02,1817.0,22.76,2.2728,0.2111,0.848,3685.8,10.216,0.2226,8.77,1,0,0.0444,0.2331,18.019,44.624,26.605,26.6257,0.2302,0
AGB-02,1818.0,26.83,2.2684,0.2266,0.691,3559.8,10.1007,0.2007,8.92,0,0,0.0517,0.2348,18.029,44.648,26.62,25.6023,0.2081,0
AGB-02,1819.0,35.08,2.2827,0.2368,0.843,3642.2,10.1056,0.2304,10.14,0,0,0.0976,0.2246,18.039,44.673,26.634,25.6261,0.2415,0
AGB-02,1820.0,35.57,2.2378,0.2514,0.613,3221.9,9.0637,0.2076,5.66,0,0,0.1389,0.2565,18.049,44.698,26.649,19.9738,0.232,0
AGB-02,1821.0,25.16,2.2646,0.2373,0.801,3687.7,10.2922,0.1792,8.43,0,0,0.02,0.232,18.058,44.722,26.664,27.3171,0.2111,0
AGB-02,1822.0,25.64,2.3212,0.1914,0.848,3574.5,10.1942,0.1704,9.9,0,0,0.1,0.2158,18.068,44.747,26.678,26.3187,0.2108,0
AGB-02,1823.0,22.84,2.2532,0.2215,0.493,3482.7,10.0175,0.157,7.72,0,0,0.02,0.2485,18.078,44.771,26.693,24.8972,0.1898,0
AGB-02,1824.0,23.85,2.2613,0.2305,0.72,3719.5,10.2813,0.2002,8.13,0,0,0.02,0.2366,18.088,44.796,26.708,27.1202,0.2268,0
AGB-02,1825.0,92.15,2.1544,0.3957,0.825,1650.9,1.2072,0.4074,3.45,0,3,0.8273,0.3165,18.098,44.82,26.722,1.8738,0.4376,0
AGB-02,1826.0,97.85,2.147,0.4039,0.89,1450.0,1.1858,0.3925,3.35,0,3,0.8948,0.3266,18.108,44.845,26.737,1.8392,0.416,0
AGB-02,1827.0,93.9,2.1121,0.4185,1.351,1450.0,1.1672,0.3958,3.0,0,3,0.8874,0.3291,18.118,44.869,26.752,1.8093,0.416,0
AGB-02,1828.0,95.04,2.1141,0.4359,0.724,1450.0,1.1684,0.3956,2.44,0,3,0.9176,0.3523,18.128,44.894,26.766,1.811,0.416,0
AGB-02,1829.0,90.64,2.1197,0.4165,0.88,1450.0,1.1716,0.392,2.59,0,3,0.8036,0.3394,18.138,44.919,26.781,1.8159,0.416,0
AGB-02,1830.0,91.48,2.112,0.414,1.005,1450.0,1.1677,0.3667,2.38,0,3,0.8713,0.3557,18.148,44.943,26.795,1.8092,0.416,0
AGB-02,1831.0,91.14,2.1323,0.4012,0.679,1594.8,1.1921,0.401,3.34,0,3,0.7815,0.3226,18.158,44.968,26.81,1.848,0.4325,0
AGB-02,1832.0,95.89,2.1149,0.3989,1.209,1450.0,1.1695,0.3654,3.57,0,3,0.867,0.3231,18.168,44.992,26.825,1.8117,0.416,0
AGB-02,1833.0,93.34,2.169,0.3995,0.842,1457.4,1.1995,0.3687,3.73,0,3,0.8419,0.3131,18.177,45.017,26.839,1.8594,0.417,0
AGB-02,1834.0,94.81,2.1556,0.3969,0.678,1606.1,1.206,0.3995,3.2,0,3,0.8252,0.3086,18.187,45.041,26.854,1.8695,0.4336,0
AGB-02,1835.0,94.12,2.1554,0.3651,1.081,1518.3,1.1987,0.3942,3.87,0,3,0.8584,0.3143,18.197,45.066,26.869,1.8576,0.4245,0
AGB-02,1836.0,99.9,2.1685,0.378,0.724,1493.0,1.2034,0.4015,3.28,0,3,0.8432,0.3107,18.207,45.091,26.883,1.8649,0.4215,0
AGB-02,1837.0,97.48,2.1448,0.3939,0.861,1450.0,1.1862,0.3756,3.15,0,3,0.9008,0.3266,18.217,45.115,26.898,1.8373,0.416,0
AGB-02,1838.0,89.42,2.1249,0.4015,0.55,1450.0,1.1757,0.3751,3.38,0,3,0.8385,0.3349,18.227,45.14,26.913,1.8203,0.416,0
AGB-02,1839.0,101.19,2.1211,0.417,2.1,1450.0,1.1738,0.3877,3.39,0,3,0.937,0.3331,18.237,45.164,26.927,1.8171,0.416,0
AGB-02,1840.0,85.77,2.1828,0.3893,1.272,1636.4,1.2238,0.4108,3.72,0,3,0.8133,0.3146,18.247,45.189,26.942,1.8968,0.4363,0
AGB-02,1841.0,90.19,2.1167,0.4135,1.004,1450.0,1.1716,0.3717,2.78,0,3,0.8375,0.3291,18.257,45.213,26.956,1.8133,0.416,0
AGB-02,1842.0,93.82,2.1189,0.4262,0.624,1450.0,1.1728,0.3928,2.21,0,3,0.846,0.352,18.267,45.238,26.971,1.8152,0.416,0
AGB-02,1843.0,93.77,2.1526,0.3823,1.274,1568.2,1.2023,0.3929,3.89,0,3,0.806,0.3126,18.277,45.262,26.986,1.8622,0.4299,0
AGB-02,1844.0,87.86,2.1433,0.3972,1.149,1471.2,1.1883,0.3905,2.67,0,3,0.7896,0.3251,18.287,45.287,27.0,1.8397,0.4188,0
AGB-02,1845.0,89.07,2.1055,0.4092,0.733,1450.0,1.1657,0.3864,2.51,0,3,0.8373,0.3296,18.296,45.312,27.015,1.8037,0.416,0
AGB-02,1846.0,93.21,2.1038,0.4289,1.265,1450.0,1.1649,0.3658,2.99,0,3,0.858,0.3297,18.306,45.336,27.03,1.8023,0.416,0
AGB-02,1847.0,96.04,2.0947,0.445,0.442,1450.0,1.16,0.3897,2.6,0,3,0.8625,0.3644,18.316,45.361,27.044,1.7945,0.416,0
AGB-02,1848.0,95.2,2.1486,0.3785,1.075,1512.5,1.1954,0.3871,3.32,0,3,0.8449,0.3129,18.326,45.385,27.059,1.8508,0.4238,0
AGB-02,1849.0,94.48,2.1471,0.3906,0.608,1549.1,1.1979,0.4031,3.14,0,3,0.8214,0.317,18.336,45.41,27.074,1.8549,0.4279,0
AGB-02,1850.0,100.51,2.142,0.3982,0.913,1450.0,1.1854,0.4054,3.39,0,3,0.9018,0.3195,18.346,45.434,27.088,1.8349,0.416,0
AGB-02,1851.0,88.0,2.1502,0.3631,0.732,1591.7,1.2031,0.3916,3.34,0,3,0.8026,0.303,18.356,45.459,27.103,1.8631,0.4322,0
AGB-02,1852.0,95.13,2.0905,0.4469,1.929,1450.0,1.1577,0.3949,3.09,0,3,0.906,0.3518,18.366,45.483,27.118,1.7908,0.416,0
AGB-02,1853.0,106.17,2.0827,0.4338,2.445,1450.0,1.1535,0.3706,2.78,0,3,0.9732,0.3548,18.376,45.508,27.132,1.7841,0.416,0
AGB-02,1854.0,96.96,2.1256,0.4084,0.754,1450.0,1.1765,0.3762,2.75,0,3,0.8582,0.3337,18.386,45.533,27.147,1.8209,0.416,0
AGB-02,1855.0,93.05,2.1476,0.3998,0.772,1450.0,1.1883,0.3814,3.67,0,3,0.8578,0.3185,18.396,45.557,27.161,1.8398,0.416,0
AGB-02,1856.0,90.14,2.1205,0.4046,1.141,1450.0,1.1737,0.3981,2.6,0,3,0.8413,0.3328,18.406,45.582,27.176,1.8166,0.416,0
AGB-02,1857.0,96.18,2.0471,0.4308,1.105,1450.0,1.1341,0.3877,2.93,0,3,0.8838,0.3507,18.415,45.606,27.191,1.7536,0.416,0
AGB-02,1858.0,97.03,2.0913,0.4143,0.949,1450.0,1.1578,0.3931,3.06,0,3,0.8566,0.3412,18.425,45.631,27.205,1.7915,0.416,0
AGB-02,1859.0,92.81,2.1667,0.3941,0.922,1661.4,1.2167,0.4058,3.51,0,3,0.8279,0.3039,18.435,45.655,27.22,1.8856,0.4385,0
AGB-02,1860.0,96.03,2.1618,0.3961,0.609,1501.2,1.2008,0.3695,3.24,0,3,0.8888,0.3124,18.445,45.68,27.235,1.8604,0.4225,0
AGB-02,1861.0,99.99,2.1223,0.4243,1.864,1450.0,1.1742,0.3843,3.07,0,3,0.9339,0.336,18.455,45.705,27.249,1.8181,0.416,0
AGB-02,1862.0,91.24,2.1137,0.3953,1.009,1464.3,1.171,0.3771,3.73,0,3,0.8217,0.3248,18.465,45.729,27.264,1.8131,0.4179,0
AGB-02,1863.0,97.0,2.1364,0.3823,0.46,1450.0,1.1816,0.3846,3.07,0,3,0.8685,0.3263,18.475,45.754,27.279,1.8302,0.416,0
AGB-02,1864.0,89.42,2.1668,0.3781,1.171,1563.0,1.2087,0.3913,4.09,0,3,0.8488,0.3067,18.485,45.778,27.293,1.8738,0.4293,0
AGB-02,1865.0,89.48,2.1688,0.4075,0.968,1450.0,1.1987,0.3832,3.24,0,3,0.8699,0.3132,18.495,45.803,27.308,1.858,0.416,0
AGB-02,1866.0,95.83,2.1375,0.4117,1.338,1450.0,1.1818,0.3606,3.74,0,3,0.8656,0.3241,18.505,45.827,27.323,1.8311,0.416,0
AGB-02,1867.0,97.45,2.1075,0.4106,1.144,1450.0,1.1655,0.3845,3.36,0,3,0.8707,0.3457,18.515,45.852,27.337,1.8054,0.416,0
AGB-02,1868.0,99.33,2.2045,0.3705,0.945,1469.2,1.2195,0.401,4.16,0,3,0.9005,0.2899,18.525,45.876,27.352,1.8919,0.4185,0
AGB-02,1869.0,102.04,2.1015,0.4317,2.008,1450.0,1.1621,0.3801,3.18,0,3,0.9488,0.3533,18.535,45.901,27.366,1.8003,0.416,0
AGB-02,1870.0,94.65,2.1357,0.4242,0.593,1450.0,1.1802,0.3806,2.9,0,3,0.8629,0.3404,18.544,45.926,27.381,1.8295,0.416,0
AGB-02,1871.0,95.04,2.1537,0.4058,1.181,1450.0,1.1898,0.395,3.59,0,3,0.9027,0.3084,18.554,45.95,27.396,1.845,0.416,0
AGB-02,1872.0,77.22,2.2363,0.3212,0.787,2386.9,4.3115,0.3153,5.15,0,2,0.58,0.26,18.564,45.975,27.41,7.345,0.3663,0
AGB-02,1873.0,69.52,2.1789,0.3295,0.796,2291.3,3.9611,0.3271,5.01,0,2,0.5441,0.2817,18.574,45.999,27.425,6.6683,0.3641,0
AGB-02,1874.0,68.22,2.193,0.3243,0.39,2287.1,3.9988,0.317,5.21,0,2,0.5278,0.2874,18.584,46.024,27.44,6.7415,0.3625,0
AGB-02,1875.0,67.72,2.2009,0.3448,0.568,2352.9,3.904,0.3402,4.53,0,2,0.5416,0.2869,18.594,46.048,27.454,6.5616,0.3786,0
AGB-02,1876.0,64.57,2.2038,0.3266,1.191,2478.8,4.3842,0.3352,4.45,0,2,0.5126,0.2826,18.604,46.073,27.469,7.493,0.3739,0
AGB-02,1877.0,74.31,2.2055,0.3238,0.74,2330.4,3.8559,0.3337,5.75,0,2,0.5838,0.2723,18.614,46.097,27.484,6.4727,0.3781,0
AGB-02,1878.0,73.81,2.1564,0.3672,0.708,2190.5,2.7879,0.3731,3.17,0,2,0.5815,0.3092,18.624,46.122,27.498,4.5253,0.4081,0
AGB-02,1879.0,75.82,2.1925,0.3247,0.817,2224.9,3.4903,0.3603,4.65,0,2,0.5919,0.2807,18.634,46.147,27.513,5.7912,0.3802,0
AGB-02,1880.0,93.31,2.1689,0.413,0.802,1556.5,1.2068,0.4063,3.15,0,3,0.8327,0.3164,18.644,46.171,27.528,1.8747,0.4287,0
AGB-02,1881.0,84.16,2.1791,0.3672,0.572,1679.0,1.3556,0.4105,3.78,0,3,0.7569,0.3016,18.654,46.196,27.542,2.1145,0.4317,0
AGB-02,1882.0,90.35,2.1835,0.3735,1.07,1506.1,1.2097,0.3861,4.36,0,3,0.8404,0.2945,18.663,46.22,27.557,1.8799,0.4231,0
AGB-02,1883.0,90.79,2.142,0.4164,1.912,1450.0,1.1814,0.3762,2.86,0,3,0.8638,0.3338,18.673,46.245,27.571,1.8349,0.416,0
AGB-02,1884.0,92.81,2.1291,0.4084,1.217,1450.0,1.1744,0.3777,2.86,0,3,0.8869,0.3352,18.683,46.269,27.586,1.824,0.416,0
AGB-02,1885.0,94.59,2.1498,0.4293,0.728,1450.0,1.1853,0.3888,3.45,0,3,0.872,0.3306,18.693,46.294,27.601,1.8417,0.416,0
AGB-02,1886.0,94.78,2.1651,0.3866,0.665,1450.0,1.1934,0.3866,3.28,0,3,0.8533,0.317,18.703,46.318,27.615,1.8548,0.416,0
AGB-02,1887.0,95.52,2.1448,0.3729,0.763,1541.8,1.1913,0.3916,3.68,0,3,0.8471,0.3139,18.713,46.343,27.63,1.8518,0.4271,0
AGB-02,1888.0,97.56,2.1469,0.3836,1.354,1450.0,1.1833,0.3865,3.28,0,3,0.8871,0.3173,18.723,46.368,27.645,1.8392,0.416,0
AGB-02,1889.0,103.88,2.1557,0.4041,1.463,1450.0,1.1879,0.3849,3.58,0,3,0.9137,0.3248,18.733,46.392,27.659,1.8467,0.416,0
AGB-02,1890.0,104.73,2.1421,0.4402,3.014,1450.0,1.1804,0.364,3.27,0,3,0.9687,0.3302,18.743,46.417,27.674,1.835,0.416,0
AGB-02,1891.0,99.38,2.1658,0.3986,1.326,1450.0,1.1929,0.3761,2.94,0,3,0.9065,0.3242,18.753,46.441,27.689,1.8553,0.416,0
AGB-02,1892.0,91.57,2.1297,0.3941,0.654,1450.0,1.1735,0.4045,2.75,0,3,0.7913,0.3368,18.763,46.466,27.703,1.8244,0.416,0
AGB-02,1893.0,97.53,2.1184,0.4033,0.775,1450.0,1.1673,0.3694,3.18,0,3,0.87,0.3378,18.773,46.49,27.718,1.8148,0.416,0
AGB-02,1894.0,89.36,2.1381,0.4038,0.958,1450.0,1.1777,0.3778,2.99,0,3,0.7889,0.3311,18.782,46.515,27.733,1.8316,0.416,0
AGB-02,1895.0,91.78,2.1692,0.3915,0.952,1832.1,1.2223,0.4055,3.24,0,3,0.8062,0.3044,18.792,46.54,27.747,1.9036,0.45,0
AGB-02,1896.0,88.06,2.1405,0.3843,0.758,1450.0,1.1787,0.3754,2.95,0,3,0.8424,0.3322,18.802,46.564,27.762,1.8337,0.416,0
AGB-02,1897.0,90.92,2.1752,0.3657,0.678,1519.2,1.2041,0.3977,3.64,0,3,0.7877,0.3147,18.812,46.589,27.776,1.8747,0.4246,0
AGB-02,1898.0,96.6,2.1325,0.4178,1.103,1450.0,1.1741,0.3739,2.99,0,3,0.9048,0.3272,18.822,46.613,27.791,1.8268,0.416,0
AGB-02,1899.0,96.89,2.1956,0.3788,1.535,1450.0,1.2077,0.3868,3.63,0,3,0.913,0.3063,18.832,46.638,27.806,1.8809,0.416,0
AGB-02,1900.0,94.39,2.1171,0.3792,1.833,1520.2,1.1725,0.3962,2.84,0,3,0.8537,0.3214,18.842,46.662,27.82,1.8248,0.4247,0
AGB-02,1901.0,94.56,2.1562,0.3954,0.944,1527.4,1.1941,0.374,3.51,0,3,0.8615,0.3079,18.852,46.687,27.835,1.8596,0.4255,0
AGB-02,1902.0,90.24,2.1445,0.3991,0.881,1482.6,1.1834,0.4105,3.24,0,3,0.8156,0.3235,18.862,46.711,27.85,1.8426,0.4202,0
AGB-02,1903.0,92.06,2.1085,0.4007,1.32,1450.0,1.1607,0.3801,2.83,0,3,0.8702,0.3342,18.872,46.736,27.864,1.8063,0.416,0
AGB-02,1904.0,82.73,2.2044,0.3518,1.651,1868.2,1.8042,0.387,4.04,0,3,0.7534,0.2835,18.882,46.761,27.879,2.857,0.4251,0
AGB-02,1905.0,105.93,2.1085,0.4313,1.225,1450.0,1.1605,0.3744,3.0,0,3,0.8971,0.3344,18.892,46.785,27.894,1.8063,0.416,0
AGB-02,1906.0,87.56,2.1931,0.3614,0.958,1848.4,1.5079,0.4057,4.92,0,3,0.7685,0.2908,18.901,46.81,27.908,2.3691,0.4383,0
AGB-02,1907.0,103.72,2.1382,0.411,1.273,1450.0,1.1761,0.3808,3.02,0,3,0.9186,0.3304,18.911,46.834,27.923,1.8317,0.416,0
AGB-02,1908.0,94.61,2.1333,0.3886,0.938,1498.5,1.1783,0.391,3.69,0,3,0.8328,0.3153,18.921,46.859,27.938,1.8355,0.4222,0
AGB-02,1909.0,98.62,2.1232,0.4091,0.974,1450.0,1.1678,0.3818,3.33,0,3,0.8903,0.3357,18.931,46.883,27.952,1.8189,0.416,0
AGB-02,1910.0,101.39,2.1139,0.4085,1.34,1450.0,1.1628,0.3893,2.47,0,3,0.9224,0.3309,18.941,46.908,27.967,1.8109,0.416,0
AGB-02,1911.0,82.75,2.1498,0.402,0.554,1711.3,1.2032,0.42,3.14,0,3,0.7804,0.3171,18.951,46.932,27.981,1.876,0.4424,0
AGB-02,1912.0,93.74,2.1224,0.4204,0.988,1450.0,1.1671,0.3887,2.9,0,3,0.8719,0.3418,18.961,46.957,27.996,1.8182,0.416,0
AGB-02,1913.0,96.35,2.1313,0.4124,0.607,1450.0,1.1718,0.3764,2.92,0,3,0.8788,0.3361,18.971,46.982,28.011,1.8258,0.416,0
AGB-02,1914.0,85.42,2.148,0.3939,0.747,1450.0,1.1807,0.3734,3.81,0,3,0.8503,0.3146,18.981,47.006,28.025,1.8401,0.416,0
AGB-02,1915.0,106.59,2.1354,0.4042,1.07,1450.0,1.1739,0.3911,3.3,0,3,0.9138,0.3308,18.991,47.031,28.04,1.8294,0.416,0
AGB-02,1916.0,94.55,2.154,0.3905,1.149,1450.0,1.1837,0.3968,3.5,0,3,0.9071,0.3149,19.001,47.055,28.055,1.8452,0.416,0
AGB-02,1917.0,99.01,2.1568,0.3897,1.17,1450.0,1.1852,0.376,3.44,0,3,0.8704,0.3142,19.011,47.08,28.069,1.8477,0.416,0
AGB-02,1918.0,94.63,2.1593,0.4166,1.271,1450.0,1.1864,0.3778,2.86,0,3,0.8725,0.3231,19.02,47.104,28.084,1.8498,0.416,0
AGB-02,1919.0,93.38,2.1559,0.3924,1.156,1516.7,1.1913,0.3754,3.1,0,3,0.853,0.3197,19.03,47.129,28.099,1.8578,0.4243,0
AGB-02,1920.0,91.8,2.2131,0.3755,1.024,1455.3,1.2155,0.3908,4.21,0,3,0.8442,0.2987,19.04,47.153,28.113,1.8968,0.4167,0
AGB-02,1921.0,100.74,2.126,0.4304,1.514,1450.0,1.1685,0.3846,3.33,0,3,0.9295,0.3293,19.05,47.178,28.128,1.8213,0.416,0
AGB-02,1922.0,95.3,2.1715,0.388,0.887,1654.7,1.2107,0.42,3.39,0,3,0.8436,0.2978,19.06,47.203,28.143,1.8891,0.4379,0
AGB-02,1923.0,87.34,2.106,0.4148,0.785,1450.0,1.1578,0.3676,3.3,0,3,0.7929,0.3394,19.07,47.227,28.157,1.8041,0.416,0
AGB-02,1924.0,91.44,2.0726,0.4342,1.425,1450.0,1.14,0.3872,2.77,0,3,0.8207,0.352,19.08,47.252,28.172,1.7756,0.416,0
AGB-02,1925.0,90.92,2.141,0.4161,0.766,1563.5,1.1872,0.4022,3.27,0,3,0.802,0.3225,19.09,47.276,28.186,1.8515,0.4294,0
AGB-02,1926.0,91.38,2.1948,0.3229,1.133,1564.9,1.38,0.3884,4.08,0,3,0.8046,0.2819,19.1,47.301,28.201,2.1632,0.4173,0
AGB-02,1927.0,92.08,2.1378,0.4125,1.514,1522.6,1.182,0.3955,3.03,0,3,0.8323,0.3199,19.11,47.325,28.216,1.843,0.425,0
AGB-02,1928.0,90.96,2.121,0.4213,1.088,1564.5,1.1766,0.4034,3.48,0,3,0.8142,0.3192,19.12,47.35,28.23,1.8344,0.4295,0
AGB-02,1929.0,102.22,2.1478,0.4014,1.277,1450.0,1.1802,0.3886,3.79,0,3,0.9177,0.31,19.13,47.375,28.245,1.84,0.416,0
AGB-02,1930.0,97.98,2.1665,0.3909,1.436,1450.0,1.1902,0.3757,3.48,0,3,0.9212,0.3134,19.139,47.399,28.26,1.856,0.416,0
AGB-02,1931.0,70.87,2.2057,0.3167,0.709,2467.4,4.7449,0.3201,6.29,0,2,0.5129,0.2696,19.149,47.424,28.274,8.2668,0.3527,0
AGB-02,1932.0,67.72,2.2101,0.3188,0.671,2316.4,4.0701,0.341,4.87,0,2,0.5604,0.2737,19.159,47.448,28.289,6.9202,0.3639,0
AGB-02,1933.0,77.81,2.2165,0.3272,0.461,2196.2,3.2407,0.3533,4.04,0,2,0.5992,0.2883,19.169,47.473,28.304,5.3603,0.39,0
AGB-02,1934.0,72.99,2.1843,0.3498,0.506,2027.6,2.7668,0.3553,3.68,0,2,0.619,0.2957,19.179,47.497,28.318,4.5095,0.3897,0
AGB-02,1935.0,59.62,2.1834,0.3119,0.745,2337.0,4.5914,0.3073,3.78,0,2,0.4711,0.2875,19.189,47.522,28.333,7.9513,0.3333,0
AGB-02,1936.0,75.64,2.1899,0.3396,0.719,2090.8,2.9876,0.3698,3.72,0,2,0.5932,0.2979,19.199,47.546,28.348,4.9016,0.3868,0
AGB-02,1937.0,59.13,2.1795,0.3113,0.763,2457.6,4.675,0.3231,4.36,0,2,0.4596,0.2909,19.209,47.571,28.362,8.119,0.3523,0
AGB-02,1938.0,70.21,2.2661,0.3159,0.651,2327.1,4.4476,0.325,6.59,0,2,0.558,0.2646,19.219,47.596,28.377,7.6592,0.3496,0
AGB-02,1939.0,73.32,2.2465,0.2778,0.75,2421.9,4.881,0.3186,6.4,0,2,0.533,0.2591,19.229,47.62,28.391,8.5402,0.3406,0
AGB-02,1940.0,71.76,2.1895,0.324,0.912,2263.2,3.8247,0.34,4.66,0,2,0.5552,0.283,19.239,47.645,28.406,6.4428,0.367,0
AGB-02,1941.0,80.28,2.202,0.3437,0.458,2160.4,3.2215,0.3591,5.3,0,2,0.6179,0.2809,19.249,47.669,28.421,5.3201,0.3851,0
AGB-02,1942.0,72.03,2.1985,0.3425,0.624,2233.5,3.3036,0.3648,4.21,0,2,0.6053,0.2833,19.258,47.694,28.435,5.4689,0.3908,0
AGB-02,1943.0,67.36,2.2164,0.2898,0.684,2527.4,4.8361,0.3214,6.21,0,2,0.5374,0.259,19.268,47.718,28.45,8.4402,0.3596,0
AGB-02,1944.0,98.16,2.1074,0.4122,1.111,1450.0,1.1604,0.3648,2.57,0,3,0.9163,0.3362,19.278,47.743,28.465,1.8054,0.416,0
AGB-02,1945.0,88.35,2.1228,0.3707,0.582,1668.6,1.1873,0.402,2.58,0,3,0.7979,0.327,19.288,47.767,28.479,1.8481,0.4391,0
AGB-02,1946.0,96.05,2.1584,0.3891,1.4,1450.0,1.1881,0.3798,4.05,0,3,0.8592,0.3096,19.298,47.792,28.494,1.8491,0.416,0
AGB-02,1947.0,92.0,2.1835,0.3909,1.151,1627.4,1.2178,0.4138,3.7,0,3,0.7862,0.3188,19.308,47.817,28.509,1.8964,0.4355,0
AGB-02,1948.0,88.79,2.1474,0.3709,0.813,1705.8,1.2037,0.3997,3.97,0,3,0.7911,0.3059,19.318,47.841,28.523,1.8734,0.442,0
AGB-02,1949.0,89.33,2.1596,0.3742,0.6,1553.6,1.1995,0.3803,3.34,0,3,0.7762,0.3141,19.328,47.866,28.538,1.8663,0.4284,0
AGB-02,1950.0,93.68,2.1753,0.4243,1.033,1450.0,1.1981,0.3873,4.05,0,3,0.8854,0.3203,19.338,47.89,28.553,1.8635,0.416,0
AGB-02,1951.0,96.43,2.0948,0.4255,0.991,1450.0,1.1553,0.3794,2.83,0,3,0.9011,0.348,19.348,47.915,28.567,1.7945,0.416,0
AGB-02,1952.0,83.83,2.1366,0.3956,1.098,1551.7,1.1877,0.4025,3.09,0,3,0.7847,0.3116,19.358,47.939,28.582,1.8461,0.4282,0
AGB-02,1953.0,88.02,2.1353,0.4029,0.906,1450.0,1.1775,0.3806,3.07,0,3,0.8058,0.3249,19.368,47.964,28.596,1.8293,0.416,0
AGB-02,1954.0,86.89,2.142,0.3687,1.301,1559.3,1.1919,0.3847,3.87,0,3,0.8275,0.3166,19.377,47.989,28.611,1.8518,0.429,0
AGB-02,1955.0,97.86,2.1693,0.3971,1.389,1450.0,1.1963,0.3793,3.57,0,3,0.9208,0.3061,19.387,48.013,28.626,1.8583,0.416,0
AGB-02,1956.0,92.8,2.1385,0.405,0.785,1450.0,1.1801,0.3599,2.8,0,3,0.8593,0.3229,19.397,48.038,28.64,1.832,0.416,0
AGB-02,1957.0,85.5,2.1986,0.3714,0.766,1857.7,1.6147,0.4062,4.25,0,3,0.7664,0.2875,19.407,48.062,28.655,2.5351,0.4341,0
AGB-02,1958.0,101.21,2.1097,0.4529,1.11,1450.0,1.1652,0.3936,3.25,0,3,0.9187,0.3357,19.417,48.087,28.67,1.8073,0.416,0
AGB-02,1959.0,89.86,2.1606,0.3901,0.558,1543.8,1.202,0.3922,3.47,0,3,0.8217,0.3022,19.427,48.111,28.684,1.8657,0.4273,0
AGB-02,1960.0,96.23,2.1696,0.387,0.832,1450.0,1.1979,0.3887,3.12,0,3,0.8808,0.321,19.437,48.136,28.699,1.8586,0.416,0
AGB-02,1961.0,98.31,2.1263,0.3792,1.478,1450.0,1.175,0.3881,3.74,0,3,0.8203,0.3295,19.447,48.16,28.714,1.8215,0.416,0
AGB-02,1962.0,95.47,2.1086,0.4005,0.721,1450.0,1.1658,0.3881,3.33,0,3,0.8541,0.3319,19.457,48.185,28.728,1.8063,0.416,0
AGB-02,1963.0,87.51,2.1333,0.4047,1.187,1450.0,1.1793,0.389,3.22,0,3,0.8161,0.3271,19.467,48.21,28.743,1.8275,0.416,0
AGB-02,1964.0,90.63,2.219,0.3493,0.83,1762.0,1.4176,0.4198,5.38,0,3,0.8222,0.2757,19.477,48.234,28.757,2.2099,0.4372,0
AGB-02,1965.0,92.1,2.1764,0.398,0.893,1695.1,1.2238,0.3996,3.43,0,3,0.795,0.313,19.487,48.259,28.772,1.8976,0.4412,0
AGB-02,1966.0,98.46,2.1376,0.3868,1.433,1450.0,1.1825,0.3886,3.43,0,3,0.8555,0.3215,19.496,48.283,28.787,1.8312,0.416,0
AGB-02,1967.0,91.28,2.1522,0.387,0.848,1558.1,1.2011,0.4086,4.07,0,3,0.8268,0.3065,19.506,48.308,28.801,1.8605,0.4288,0
AGB-02,1968.0,91.13,2.1205,0.403,0.698,1450.0,1.1738,0.3822,3.07,0,3,0.7952,0.336,19.516,48.332,28.816,1.8166,0.416,0
AGB-02,1969.0,87.69,2.1393,0.3604,0.585,1779.9,1.2095,0.42,3.36,0,3,0.7722,0.3062,19.526,48.357,28.831,1.8731,0.4472,0
AGB-02,1970.0,90.08,2.1631,0.3605,1.125,1634.2,1.2138,0.4076,3.82,0,3,0.8314,0.3064,19.536,48.381,28.845,1.8795,0.4361,0
AGB-02,1971.0,101.12,2.1584,0.4202,1.008,1450.0,1.1949,0.3946,3.37,0,3,0.894,0.3216,19.546,48.406,28.86,1.849,0.416,0
AGB-02,1972.0,99.08,2.1591,0.3883,1.012,1505.1,1.2013,0.387,3.37,0,3,0.8866,0.3106,19.556,48.431,28.875,1.8587,0.4229,0
AGB-02,1973.0,102.85,2.0866,0.449,2.53,1450.0,1.1568,0.3946,2.65,0,3,0.9339,0.3639,19.566,48.455,28.889,1.7875,0.416,0
AGB-02,1974.0,95.11,2.1595,0.4044,1.413,1469.0,1.1983,0.3825,3.8,0,3,0.8856,0.321,19.576,48.48,28.904,1.8532,0.4185,0
AGB-02,1975.0,103.88,2.1797,0.393,1.123,1457.1,1.2081,0.3674,3.13,0,3,0.8934,0.3055,19.586,48.504,28.919,1.8686,0.4169,0
AGB-02,1976.0,98.86,2.1843,0.3768,0.774,1675.5,1.2295,0.4069,3.87,0,3,0.8457,0.3072,19.596,48.529,28.933,1.9025,0.4396,0
AGB-02,1977.0,96.03,2.161,0.3859,1.044,1450.0,1.1976,0.3846,4.66,0,3,0.8677,0.3222,19.606,48.553,28.948,1.8512,0.416,0
AGB-02,1978.0,100.77,2.1915,0.3781,1.06,1593.6,1.2278,0.4103,4.64,0,3,0.8562,0.2888,19.615,48.578,28.962,1.8991,0.4324,0
AGB-02,1979.0,84.98,2.2256,0.3699,0.764,1789.0,1.6662,0.3957,3.89,0,3,0.7684,0.2855,19.625,48.602,28.977,2.607,0.4264,0
AGB-02,1980.0,100.25,2.0911,0.4198,1.392,1450.0,1.1604,0.3818,2.54,0,3,0.9123,0.3409,19.635,48.627,28.992,1.7914,0.416,0
AGB-02,1981.0,101.92,2.171,0.3915,1.006,1450.0,1.2035,0.3777,3.48,0,3,0.9032,0.3106,19.645,48.652,29.006,1.8598,0.416,0
AGB-02,1982.0,93.26,2.1478,0.407,1.025,1450.0,1.1912,0.3773,2.88,0,3,0.8716,0.3284,19.655,48.676,29.021,1.8399,0.416,0
AGB-02,1983.0,98.7,2.1175,0.4078,0.943,1450.0,1.1749,0.378,4.04,0,3,0.9356,0.3158,19.665,48.701,29.036,1.814,0.416,0
AGB-02,1984.0,103.6,2.1669,0.4019,1.262,1450.0,1.2016,0.4009,3.56,0,3,0.9474,0.3167,19.675,48.725,29.05,1.8563,0.416,0
AGB-02,1985.0,100.02,2.1835,0.3943,2.182,1450.0,1.2106,0.3874,3.73,0,3,0.9419,0.2932,19.685,48.75,29.065,1.8706,0.416,0
AGB-02,1986.0,109.45,2.0975,0.4357,3.293,1450.0,1.1643,0.3857,3.02,0,3,0.9798,0.348,19.695,48.774,29.08,1.7968,0.416,0
AGB-02,1987.0,98.34,2.0978,0.4286,2.01,1450.0,1.1645,0.3851,3.4,0,3,0.9793,0.3445,19.705,48.799,29.094,1.7971,0.416,0
AGB-02,1988.0,102.2,2.1263,0.4027,0.962,1450.0,1.1799,0.3846,2.65,0,3,0.9054,0.3274,19.715,48.824,29.109,1.8215,0.416,0
AGB-02,1989.0,92.83,2.1568,0.3735,1.204,1582.2,1.2088,0.42,3.5,0,3,0.7969,0.3241,19.725,48.848,29.124,1.8676,0.4313,0
AGB-02,1990.0,91.7,2.2021,0.3548,1.011,1703.1,1.2422,0.4189,5.15,0,3,0.8039,0.2956,19.734,48.873,29.138,1.9208,0.4418,0
AGB-02,1991.0,90.63,2.1537,0.3998,1.87,1554.8,1.2049,0.3999,2.83,0,3,0.8222,0.3195,19.744,48.897,29.153,1.8613,0.4285,0
AGB-02,1992.0,88.02,2.1992,0.386,0.809,1616.2,1.2346,0.4021,4.38,0,3,0.8394,0.2964,19.754,48.922,29.167,1.9086,0.4345,0
AGB-02,1993.0,94.57,2.1833,0.37,0.947,1758.1,1.2352,0.42,4.38,0,3,0.8258,0.2946,19.764,48.946,29.182,1.9097,0.4458,0
AGB-02,1994.0,92.09,2.152,0.3873,1.124,1450.0,1.1937,0.3926,2.95,0,3,0.8685,0.327,19.774,48.971,29.197,1.8436,0.416,0
AGB-02,1995.0,97.9,2.1585,0.3838,0.631,1603.2,1.2113,0.4106,3.33,0,3,0.8573,0.3064,19.784,48.995,29.211,1.8718,0.4333,0
AGB-02,1996.0,90.59,2.207,0.3343,1.078,1863.7,1.3975,0.3965,4.77,0,3,0.8068,0.283,19.794,49.02,29.226,2.1701,0.4457,0
AGB-02,1997.0,94.21,2.1377,0.3991,0.554,1545.5,1.1952,0.4001,3.98,0,3,0.833,0.3153,19.804,49.045,29.241,1.8462,0.4275,0
AGB-02,1998.0,102.51,2.1887,0.3664,1.444,1450.0,1.2132,0.3975,3.48,0,3,0.9335,0.3009,19.814,49.069,29.255,1.875,0.416,0
AGB-02,1999.0,89.03,2.1776,0.3608,0.907,1450.0,1.2071,0.394,3.48,0,3,0.8649,0.3047,19.824,49.094,29.27,1.8655,0.416,0
AGB-02,2000.0,90.58,2.1602,0.3892,0.638,1588.8,1.2108,0.4011,3.4,0,3,0.8369,0.3068,19.834,49.118,29.285,1.8714,0.4319,0
AGB-02,2001.0,84.78,2.1291,0.3972,1.021,1632.9,1.1971,0.42,3.2,0,3,0.7956,0.3206,19.844,49.143,29.299,1.8498,0.436,0
AGB-02,2002.0,88.46,2.1479,0.398,0.982,1450.0,1.1909,0.373,2.93,0,3,0.8474,0.3094,19.853,49.167,29.314,1.84,0.416,0
AGB-02,2003.0,96.22,2.2232,0.353,1.998,1795.9,1.2585,0.42,3.49,0,3,0.8563,0.2773,19.863,49.192,29.329,1.9479,0.4483,0
AGB-02,2004.0,100.64,2.1217,0.3986,1.609,1450.0,1.1767,0.3658,3.13,0,3,0.9306,0.322,19.873,49.216,29.343,1.8176,0.416,0
AGB-02,2005.0,35.52,2.2986,0.2176,0.783,3579.5,10.1818,0.2044,7.99,0,0,0.1131,0.2225,19.883,49.241,29.358,25.614,0.2247,0
AGB-02,2006.0,32.42,2.2484,0.2297,0.54,3590.4,10.0591,0.2195,7.46,0,0,0.0882,0.2372,19.893,49.266,29.372,24.7307,0.2367,0
AGB-02,2007.0,31.4,2.3097,0.1747,1.18,3882.4,10.5152,0.2237,11.64,1,0,0.0661,0.2134,19.903,49.29,29.387,29.3818,0.243,0
AGB-02,2008.0,32.46,2.2713,0.2409,0.724,3559.7,10.1166,0.2163,8.12,0,0,0.0965,0.2299,19.913,49.315,29.402,25.1444,0.2217,0
AGB-02,2009.0,28.93,2.2671,0.2273,0.553,3550.8,10.0846,0.1988,10.13,0,0,0.081,0.2377,19.923,49.339,29.416,24.9243,0.223,0
AGB-02,2010.0,30.61,2.3032,0.2118,1.117,3786.3,10.4271,0.214,10.68,0,0,0.0784,0.2185,19.933,49.364,29.431,28.0384,0.2395,0
AGB-02,2011.0,30.31,2.3407,0.1889,0.802,3806.5,10.5177,0.1921,12.52,0,0,0.092,0.202,19.943,49.388,29.446,29.5163,0.2243,0
AGB-02,2012.0,41.56,2.2798,0.2136,0.993,3765.3,10.3357,0.2167,9.97,0,0,0.0967,0.2194,19.953,49.413,29.46,27.0177,0.2484,0
AGB-02,2013.0,23.5,2.3024,0.2017,0.622,3909.5,10.5352,0.2143,9.8,0,0,0.0263,0.2225,19.963,49.437,29.475,29.9578,0.238,0
AGB-02,2014.0,32.19,2.2886,0.2301,1.07,3560.8,10.134,0.1886,10.13,0,0,0.0964,0.2307,19.972,49.462,29.49,25.2985,0.2231,0
AGB-02,2015.0,22.9,2.2925,0.2032,1.041,3928.7,10.5584,0.1991,13.76,0,0,0.0387,0.2069,19.982,49.487,29.504,30.8263,0.2236,0
AGB-02,2016.0,27.22,2.3051,0.2139,0.962,3749.6,10.4096,0.1992,9.78,0,0,0.0654,0.2241,19.992,49.511,29.519,27.8511,0.2323,0
AGB-02,2017.0,35.95,2.2326,0.2648,0.424,3450.5,9.4419,0.2338,7.99,0,0,0.1444,0.2509,20.002,49.536,29.534,21.3718,0.2678,0
AGB-02,2018.0,22.66,2.3448,0.164,1.313,4021.8,10.5264,0.1757,13.87,0,0,0.02,0.1945,20.012,49.56,29.548,33.6932,0.21,0
AGB-02,2019.0,40.12,2.2738,0.2329,0.727,3453.3,9.9366,0.2027,10.15,0,0,0.1188,0.231,20.022,49.585,29.563,23.9743,0.2135,0
AGB-02,2020.0,31.06,2.2512,0.2171,0.656,3657.0,10.2353,0.193,10.47,0,0,0.0815,0.2265,20.032,49.609,29.577,26.0981,0.2269,0
AGB-02,2021.0,35.29,2.2982,0.2429,0.897,3509.2,9.7995,0.2327,8.61,0,0,0.1584,0.2334,20.042,49.634,29.592,23.1686,0.2592,0
AGB-02,2022.0,32.35,2.2756,0.2305,0.673,3606.5,10.1323,0.2199,10.46,0,0,0.1057,0.2287,20.052,49.659,29.607,25.2762,0.2362,0
AGB-02,2023.0,34.6,2.307,0.2297,0.805,3350.2,9.7499,0.2028,8.07,0,0,0.1487,0.2328,20.062,49.683,29.621,22.8883,0.2136,0
AGB-02,2024.0,34.96,2.3188,0.2598,1.083,3624.8,10.1216,0.2223,9.94,0,0,0.1445,0.222,20.072,49.708,29.636,25.1843,0.2543,0
AGB-02,2025.0,25.62,2.3014,0.2082,0.835,3745.0,10.444,0.1984,10.82,0,0,0.0725,0.2158,20.082,49.732,29.651,28.2335,0.2209,0
AGB-02,2026.0,28.19,2.2545,0.2262,1.089,3690.4,10.3624,0.1936,11.95,0,0,0.0718,0.2176,20.091,49.757,29.665,27.248,0.2108,0
AGB-02,2027.0,30.51,2.3092,0.1993,1.161,3790.2,10.4586,0.2053,10.66,0,0,0.0826,0.214,20.101,49.781,29.68,28.4,0.2346,0
AGB-02,2028.0,37.27,2.2833,0.2399,0.774,3498.0,9.8731,0.2269,8.03,0,0,0.142,0.2324,20.111,49.806,29.695,23.5516,0.2437,0
AGB-02,2029.0,38.67,2.2803,0.234,0.717,3413.3,9.639,0.2144,9.13,0,0,0.1775,0.2307,20.121,49.83,29.709,22.2809,0.2465,0
AGB-02,2030.0,36.19,2.3018,0.2345,1.1,3486.5,9.8353,0.2234,9.29,0,0,0.1704,0.2264,20.131,49.855,29.724,23.3197,0.2499,0
AGB-02,2031.0,29.7,2.3328,0.2112,1.189,4027.7,10.5823,0.2205,11.71,0,0,0.0412,0.2092,20.141,49.88,29.739,31.6376,0.2483,0
AGB-02,2032.0,34.12,2.3003,0.17,0.546,3660.0,10.2986,0.2103,10.44,0,0,0.1028,0.2206,20.151,49.904,29.753,26.5329,0.2311,0
AGB-02,2033.0,33.35,2.2618,0.2375,0.73,3580.9,9.9103,0.2506,7.45,0,0,0.125,0.2381,20.161,49.929,29.768,23.7297,0.2595,0
AGB-02,2034.0,36.79,2.3151,0.1888,0.859,3667.4,10.331,0.2158,11.34,0,0,0.1017,0.2202,20.171,49.953,29.782,26.8049,0.2313,0
AGB-02,2035.0,27.91,2.3444,0.1877,1.03,3782.4,10.5385,0.1788,11.75,0,0,0.0813,0.2055,20.181,49.978,29.797,29.5322,0.2164,0
AGB-02,2036.0,30.24,2.2407,0.2393,0.603,3570.5,10.016,0.2169,7.98,0,0,0.0726,0.2468,20.191,50.002,29.812,24.3522,0.2372,0
AGB-02,2037.0,37.23,2.2568,0.2299,0.568,3448.9,9.7133,0.2273,8.52,0,0,0.1538,0.2345,20.201,50.027,29.826,22.6034,0.2443,0
AGB-02,2038.0,30.96,2.3077,0.2307,0.851,3683.9,10.3192,0.2113,11.09,0,0,0.1053,0.2211,20.21,50.051,29.841,26.6291,0.2387,0
AGB-02,2039.0,32.02,2.3227,0.2006,0.785,3644.9,10.3792,0.1766,11.37,0,0,0.0933,0.2181,20.22,50.076,29.856,27.1975,0.2157,0
AGB-02,2040.0,22.8,2.3379,0.2003,0.963,3948.2,10.6013,0.1965,11.49,0,0,0.0274,0.209,20.23,50.101,29.87,31.7911,0.2227,0
AGB-02,2041.0,26.33,2.2841,0.2278,0.671,3602.1,10.1703,0.2141,9.57,0,0,0.0923,0.2343,20.24,50.125,29.885,25.356,0.235,0
AGB-02,2042.0,26.72,2.2875,0.2019,0.968,3718.5,10.4352,0.1904,11.17,0,0,0.065,0.2213,20.25,50.15,29.9,27.7586,0.2187,0
AGB-02,2043.0,24.09,2.3243,0.2003,0.646,3973.6,10.5996,0.2113,10.51,0,0,0.0439,0.212,20.26,50.174,29.914,30.9531,0.2434,0
AGB-02,2044.0,28.67,2.2673,0.2172,0.882,3649.9,10.3711,0.1792,12.5,0,0,0.0667,0.2221,20.27,50.199,29.929,27.0291,0.2045,0
AGB-02,2045.0,40.29,2.2664,0.2416,0.65,3456.3,9.3267,0.2515,8.77,0,1,0.2165,0.2363,20.28,50.223,29.944,20.7319,0.2887,0
AGB-02,2046.0,44.36,2.2812,0.2476,0.625,3156.6,8.6013,0.2317,9.6,1,1,0.2863,0.2364,20.29,50.248,29.958,17.953,0.2759,0
AGB-02,2047.0,32.42,2.2846,0.2291,0.684,3639.8,10.2244,0.2228,9.56,0,1,0.1016,0.2286,20.3,50.273,29.973,25.7069,0.2394,0
AGB-02,2048.0,46.72,2.294,0.2131,1.102,3456.2,9.6954,0.2256,11.26,0,1,0.2317,0.2122,20.31,50.297,29.987,22.4372,0.2591,0
AGB-02,2049.0,42.7,2.3027,0.2313,1.003,3432.3,9.5732,0.226,9.73,0,1,0.2287,0.2212,20.32,50.322,30.002,21.8317,0.2674,0
AGB-02,2050.0,43.75,2.2621,0.2515,0.451,3189.5,8.8189,0.2224,6.44,0,1,0.2451,0.241,20.329,50.346,30.017,18.713,0.2625,0
AGB-02,2051.0,49.55,2.2664,0.2469,1.274,3332.6,9.1385,0.2625,10.03,0,1,0.2481,0.2299,20.339,50.371,30.031,19.93,0.2748,0
AGB-02,2052.0,47.99,2.2889,0.2474,0.876,3488.8,9.525,0.2515,9.18,0,1,0.2168,0.2294,20.349,50.395,30.046,21.5968,0.2837,0
AGB-02,2053.0,47.19,2.2568,0.2453,0.65,3170.3,8.2664,0.2554,7.02,0,1,0.2939,0.2468,20.359,50.42,30.061,16.8332,0.3003,0
AGB-02,2054.0,44.94,2.2679,0.2274,0.656,3374.1,9.313,0.2297,7.21,0,1,0.2267,0.2307,20.369,50.444,30.075,20.6482,0.2703,0
AGB-02,2055.0,43.57,2.2552,0.2567,1.041,3538.0,9.5544,0.2632,9.09,0,1,0.1918,0.2352,20.379,50.469,30.09,21.7318,0.2865,0
AGB-02,2056.0,46.35,2.2656,0.2596,0.831,3217.1,8.8101,0.24,8.55,0,1,0.2312,0.2486,20.389,50.494,30.105,18.6759,0.2722,0
AGB-02,2057.0,50.31,2.2852,0.2513,0.567,3098.5,8.3987,0.2569,7.48,0,1,0.3199,0.2315,20.399,50.518,30.119,17.2597,0.2776,0
AGB-02,2058.0,49.64,2.2581,0.2482,0.997,3203.2,8.8258,0.2334,7.57,0,1,0.2567,0.2366,20.409,50.543,30.134,18.7337,0.2652,0
AGB-02,2059.0,52.06,2.2357,0.2718,0.516,3028.5,7.9574,0.2569,6.62,0,1,0.2993,0.2513,20.419,50.567,30.149,15.8816,0.2841,0
AGB-02,2060.0,40.86,2.3101,0.2434,0.812,3420.5,9.6853,0.2325,10.78,0,1,0.2214,0.2175,20.429,50.592,30.163,22.3757,0.2535,0
AGB-02,2061.0,43.09,2.291,0.2437,1.151,3330.7,8.9597,0.2743,9.29,0,1,0.277,0.2307,20.439,50.616,30.178,19.2351,0.2932,0
AGB-02,2062.0,52.15,2.2335,0.2737,0.787,2975.6,7.87,0.2396,7.29,0,1,0.3128,0.2477,20.448,50.641,30.192,15.6253,0.2757,0
AGB-02,2063.0,42.71,2.2959,0.2338,1.553,3476.3,9.6065,0.2615,9.35,0,1,0.2133,0.2264,20.458,50.665,30.207,21.9951,0.2742,0
AGB-02,2064.0,38.22,2.2943,0.2267,0.656,3585.5,10.1981,0.2393,9.38,0,0,0.116,0.2242,20.468,50.69,30.222,25.5053,0.2285,0
AGB-02,2065.0,30.43,2.2895,0.1877,0.965,3770.4,10.5743,0.1553,11.97,0,0,0.02,0.2142,20.478,50.715,30.236,29.9062,0.1822,0
AGB-02,2066.0,25.58,2.2783,0.2089,0.649,3597.3,10.3517,0.1616,11.45,0,0,0.0733,0.2204,20.488,50.739,30.251,26.83,0.1908,0
AGB-02,2067.0,30.11,2.2968,0.1925,0.799,3876.6,10.5871,0.1852,11.9,0,0,0.0447,0.2087,20.498,50.764,30.266,30.3795,0.2166,0
AGB-02,2068.0,28.9,2.2545,0.2159,0.567,3649.9,10.291,0.189,10.18,0,0,0.0759,0.2272,20.508,50.788,30.28,26.3046,0.22,0
AGB-02,2069.0,28.41,2.3153,0.2054,1.258,3833.6,10.5528,0.1899,10.19,0,0,0.0408,0.2205,20.518,50.813,30.295,29.5662,0.2253,0
AGB-02,2070.0,25.97,2.3164,0.1942,1.009,3865.2,10.5999,0.1798,13.06,0,0,0.02,0.2083,20.528,50.837,30.31,31.3301,0.1952,0
AGB-02,2071.0,36.72,2.3294,0.2114,1.097,3807.5,10.5447,0.1937,12.96,1,0,0.0756,0.2088,20.538,50.862,30.324,29.4762,0.2223,0
AGB-02,2072.0,38.41,2.321,0.206,0.677,3639.0,10.11,0.2375,9.57,0,0,0.1382,0.2294,20.548,50.886,30.339,24.9524,0.2633,0
AGB-02,2073.0,24.67,2.3301,0.1813,1.208,3882.7,10.5949,0.191,11.59,1,0,0.02,0.2106,20.558,50.911,30.354,31.4665,0.2037,0
AGB-02,2074.0,24.43,2.3218,0.1849,1.066,4009.1,10.5895,0.2367,12.59,0,0,0.059,0.2064,20.567,50.936,30.368,31.1427,0.2492,0
AGB-02,2075.0,26.81,2.3139,0.1884,1.244,3845.3,10.55,0.2078,13.37,1,0,0.0656,0.2091,20.577,50.96,30.383,29.7735,0.2244,0
AGB-02,2076.0,25.88,2.2974,0.198,1.159,3652.8,10.3984,0.1816,11.72,0,0,0.0718,0.2198,20.587,50.985,30.397,27.4932,0.2027,0
AGB-02,2077.0,37.24,2.3048,0.2346,0.946,3704.0,10.3176,0.222,9.56,0,0,0.0988,0.2246,20.597,51.009,30.412,26.6915,0.2429,0
AGB-02,2078.0,37.89,2.2802,0.2083,0.874,3571.1,10.2238,0.1664,10.38,0,0,0.1075,0.2193,20.607,51.034,30.427,25.8923,0.2083,0
AGB-02,2079.0,33.4,2.2951,0.203,0.641,3582.7,10.1951,0.2031,10.39,0,0,0.1169,0.2218,20.617,51.058,30.441,25.6807,0.2232,0
AGB-02,2080.0,34.98,2.2892,0.2261,0.878,3706.8,10.2401,0.2368,11.86,0,0,0.1163,0.2236,20.627,51.083,30.456,26.0617,0.253,0
AGB-02,2081.0,28.02,2.2933,0.1981,1.184,3956.6,10.5733,0.2067,13.53,0,0,0.054,0.2002,20.637,51.108,30.471,31.2072,0.2251,0
AGB-02,2082.0,31.71,2.2811,0.2222,1.158,3667.2,10.2055,0.218,7.8,0,0,0.0966,0.2311,20.647,51.132,30.485,25.8113,0.2448,0
AGB-02,2083.0,34.6,2.297,0.2442,0.856,3542.1,10.0611,0.2118,10.19,0,0,0.1541,0.2176,20.657,51.157,30.5,24.763,0.2324,0
AGB-02,2084.0,23.76,2.3155,0.1927,1.05,3856.6,10.5542,0.1975,12.03,0,0,0.0461,0.2077,20.667,51.181,30.515,30.5842,0.2103,0
AGB-02,2085.0,28.26,2.2755,0.2258,0.53,3767.1,10.2978,0.2296,8.79,0,0,0.092,0.2268,20.677,51.206,30.529,26.6696,0.2547,0
AGB-02,2086.0,26.9,2.2941,0.1981,0.972,3831.6,10.5451,0.1678,11.64,0,0,0.02,0.2144,20.686,51.23,30.544,30.4044,0.1975,0
AGB-02,2087.0,36.72,2.2675,0.237,0.526,3496.2,9.6072,0.2521,8.52,0,0,0.1768,0.236,20.696,51.255,30.559,22.185,0.2699,0
AGB-02,2088.0,41.46,2.2834,0.2448,0.805,3422.1,9.5907,0.2292,7.2,0,0,0.1826,0.2333,20.706,51.279,30.573,22.1125,0.2541,0
AGB-02,2089.0,23.43,2.2975,0.1699,0.902,3856.1,10.5079,0.2059,12.77,1,0,0.0579,0.2129,20.716,51.304,30.588,29.5832,0.2275,0
AGB-02,2090.0,34.23,2.3245,0.1994,0.655,3863.3,10.5273,0.2104,15.66,0,0,0.0903,0.1984,20.726,51.329,30.602,30.141,0.2254,0
AGB-02,2091.0,30.86,2.3067,0.1918,1.283,3646.3,10.3479,0.1825,9.67,0,0,0.0797,0.2208,20.736,51.353,30.617,27.3043,0.2084,0
AGB-02,2092.0,30.65,2.3143,0.1917,0.622,3869.5,10.541,0.206,14.03,0,0,0.0583,0.2002,20.746,51.378,30.632,30.8764,0.2077,0
AGB-02,2093.0,36.62,2.2789,0.2382,0.818,3569.6,9.7548,0.2595,9.85,0,0,0.1939,0.2237,20.756,51.402,30.646,23.0118,0.2744,0
AGB-02,2094.0,37.73,2.3094,0.2453,0.95,3429.1,9.8693,0.2162,9.28,0,0,0.1664,0.2224,20.766,51.427,30.661,23.6749,0.2231,0
AGB-02,2095.0,42.61,2.2013,0.152,6.07,2952.1,8.0958,0.2135,8.65,0,1,0.2496,0.2361,20.776,51.451,30.676,16.4238,0.2346,1
AGB-02,2096.0,45.49,2.2683,0.1556,12.648,2947.3,8.6204,0.1615,13.56,0,1,0.2458,0.2145,20.786,51.476,30.69,18.1627,0.1792,1
AGB-02,2097.0,50.49,2.2343,0.1718,7.948,2845.9,7.5372,0.2334,7.54,0,1,0.3203,0.2352,20.796,51.5,30.705,14.7752,0.2605,1
AGB-02,2098.0,93.47,2.1672,0.3778,1.219,1574.1,1.2107,0.4146,3.73,0,3,0.8512,0.3002,20.805,51.525,30.72,1.8756,0.4305,0
AGB-02,2099.0,82.71,2.1675,0.3752,0.584,1652.8,1.2167,0.3973,4.11,0,3,0.8045,0.3108,20.815,51.55,30.734,1.8854,0.4377,0
AGB-02,2100.0,99.78,2.2111,0.3828,1.45,1593.7,1.2358,0.4162,4.39,0,3,0.8947,0.2883,20.825,51.574,30.749,1.9162,0.4324,0
AGB-02,2101.0,94.87,2.1466,0.4003,1.344,1620.6,1.2028,0.4053,3.56,0,3,0.8616,0.3108,20.835,51.599,30.763,1.8635,0.4349,0
AGB-02,2102.0,93.44,2.2406,0.3471,1.286,1740.0,1.438,0.4155,4.72,0,3,0.8271,0.2744,20.845,51.623,30.778,2.2419,0.4349,0
AGB-02,2103.0,90.84,2.1745,0.3715,1.003,1776.0,1.2276,0.41,3.78,0,3,0.806,0.2961,20.855,51.648,30.793,1.9036,0.447,0
AGB-02,2104.0,87.19,2.1668,0.3607,0.667,1759.3,1.303,0.4091,4.51,0,3,0.8192,0.282,20.865,51.672,30.807,2.0246,0.4415,0
AGB-02,2105.0,94.03,2.1691,0.414,0.706,1450.0,1.199,0.3665,3.65,0,3,0.8807,0.3231,20.875,51.697,30.822,1.8582,0.416,0
AGB-02,2106.0,88.93,2.1269,0.4248,1.005,1450.0,1.1763,0.3857,2.82,0,3,0.8632,0.3314,20.885,51.721,30.837,1.822,0.416,0
AGB-02,2107.0,32.95,2.2464,0.1126,17.1,3354.7,9.8779,0.13,12.05,0,0,0.0913,0.2077,20.895,51.746,30.851,23.8397,0.1551,1
AGB-02,2108.0,30.14,2.2254,0.1524,35.541,3353.4,9.8045,0.1375,9.6,0,0,0.0346,0.2335,20.905,51.771,30.866,23.411,0.1642,1
AGB-02,2109.0,33.25,2.271,0.1279,23.088,3308.4,9.8239,0.1152,14.88,0,0,0.1075,0.2063,20.915,51.795,30.881,23.5315,0.1505,1
AGB-02,2110.0,28.38,2.3005,0.1143,36.519,3574.7,10.3398,0.1441,13.77,0,0,0.0382,0.1999,20.924,51.82,30.895,27.5741,0.1613,1
AGB-02,2111.0,28.37,2.2414,0.1209,29.256,3513.4,10.1361,0.1419,11.15,0,0,0.0384,0.2137,20.934,51.844,30.91,25.6575,0.1733,1
AGB-02,2112.0,27.55,2.2078,0.1542,22.754,3182.2,9.4752,0.0953,9.96,1,0,0.0641,0.2276,20.944,51.869,30.925,21.71,0.1133,1
AGB-02,2113.0,30.29,2.2161,0.1457,28.175,3212.1,9.4615,0.1395,9.47,0,0,0.1007,0.2225,20.954,51.893,30.939,21.6508,0.1502,1
AGB-02,2114.0,32.8,2.2325,0.1398,20.141,3455.0,9.9077,0.1846,10.55,0,0,0.0846,0.215,20.964,51.918,30.954,24.0797,0.1968,1
AGB-02,2115.0,32.89,2.2288,0.163,25.412,3217.1,9.4967,0.1269,10.25,0,0,0.0868,0.2275,20.974,51.943,30.968,21.8293,0.1509,1
AGB-02,2116.0,33.15,2.2411,0.1364,14.033,3185.4,9.3604,0.142,9.47,0,0,0.1319,0.2214,20.984,51.967,30.983,21.1929,0.1682,1
AGB-02,2117.0,28.49,2.2351,0.1279,19.295,3290.3,9.8176,0.0982,11.49,0,0,0.0669,0.2094,20.994,51.992,30.998,23.5518,0.109,1
AGB-02,2118.0,37.56,2.2445,0.1444,20.117,3231.1,9.2435,0.2003,9.87,0,1,0.1797,0.2173,21.004,52.016,31.012,20.682,0.2147,1
AGB-02,2119.0,51.5,2.2446,0.1577,6.524,2831.9,8.1114,0.1536,8.96,0,1,0.2594,0.2268,21.014,52.041,31.027,16.542,0.1821,1
AGB-02,2120.0,46.0,2.2403,0.1606,10.18,2956.8,8.4161,0.1671,11.34,0,1,0.2626,0.2173,21.024,52.065,31.042,17.5402,0.2039,1
AGB-02,2121.0,40.51,2.1974,0.1778,9.391,2905.6,8.1664,0.2006,9.93,0,1,0.2175,0.2395,21.034,52.09,31.056,16.7221,0.1988,1
AGB-02,2122.0,56.6,2.2528,0.1892,20.418,2844.2,7.8406,0.2114,9.92,0,1,0.3248,0.2198,21.043,52.114,31.071,15.7166,0.2301,1
AGB-02,2123.0,54.72,2.2239,0.1773,8.407,2742.8,7.4275,0.1852,11.1,0,1,0.3327,0.2281,21.053,52.139,31.086,14.5263,0.2258,1
AGB-02,2124.0,68.81,2.208,0.3261,0.696,2235.7,3.4588,0.3602,4.71,0,2,0.6143,0.2773,21.063,52.164,31.1,5.7299,0.3846,0
AGB-02,2125.0,71.28,2.2393,0.3113,0.761,2349.9,4.9701,0.2867,5.93,0,2,0.5299,0.2585,21.073,52.188,31.115,8.6793,0.3187,0
AGB-02,2126.0,67.52,2.2504,0.2896,0.598,2539.8,4.9199,0.3333,5.34,0,2,0.5399,0.2608,21.083,52.213,31.13,8.576,0.3615,0
AGB-02,2127.0,76.5,2.2581,0.2996,0.709,2522.2,4.5883,0.3316,6.62,0,2,0.6051,0.2473,21.093,52.237,31.144,7.901,0.375,0
AGB-02,2128.0,74.28,2.2848,0.3091,0.623,2590.5,5.4373,0.3219,6.54,0,2,0.5146,0.2557,21.103,52.262,31.159,9.6739,0.3471,0
AGB-02,2129.0,72.18,2.2032,0.2922,0.908,2379.1,4.5554,0.3287,6.04,0,2,0.5495,0.2644,21.113,52.286,31.173,7.8362,0.348,0
AGB-02,2130.0,90.68,2.1762,0.3758,1.218,1544.5,1.21,0.3939,4.18,0,3,0.8312,0.302,21.123,52.311,31.188,1.8793,0.4274,0
AGB-02,2131.0,90.57,2.2126,0.3728,1.235,1730.8,1.2432,0.4002,4.18,0,3,0.8502,0.2871,21.133,52.335,31.203,1.9327,0.4438,0
AGB-02,2132.0,96.76,2.1448,0.4144,1.077,1545.7,1.193,0.4059,3.46,0,3,0.889,0.3131,21.143,52.36,31.217,1.8523,0.4275,0
AGB-02,2133.0,93.29,2.1728,0.405,1.033,1735.9,1.2218,0.42,4.18,0,3,0.8174,0.3021,21.153,52.385,31.232,1.8985,0.4442,0
AGB-02,2134.0,97.14,2.2013,0.3846,1.267,1450.0,1.2138,0.3936,4.1,0,3,0.9075,0.309,21.162,52.409,31.247,1.8858,0.416,0
AGB-02,2135.0,99.01,2.1093,0.412,1.832,1450.0,1.1645,0.3808,3.52,0,3,0.9246,0.3201,21.172,52.434,31.261,1.8069,0.416,0
AGB-02,2136.0,92.67,2.1763,0.3879,1.129,1642.6,1.2175,0.4007,3.81,0,3,0.8545,0.2973,21.182,52.458,31.276,1.8919,0.4369,0
AGB-02,2137.0,97.36,2.1805,0.3906,1.082,1608.7,1.2172,0.3909,3.53,0,3,0.8836,0.2994,21.192,52.483,31.291,1.8915,0.4338,0
AGB-02,2138.0,98.76,2.1369,0.3944,1.655,1457.2,1.18,0.3816,3.52,0,3,0.8757,0.3157,21.202,52.507,31.305,1.8318,0.4169,0
AGB-02,2139.0,92.27,2.142,0.4032,1.049,1600.4,1.1957,0.3937,3.39,0,3,0.8334,0.3149,21.212,52.532,31.32,1.8571,0.433,0
AGB-02,2140.0,90.06,2.1757,0.3857,0.985,1663.7,1.2185,0.419,4.07,0,3,0.8214,0.2926,21.222,52.557,31.335,1.8937,0.4387,0
AGB-02,2141.0,93.7,2.2215,0.3376,1.523,1737.5,1.2554,0.4165,4.98,0,3,0.8529,0.2729,21.232,52.581,31.349,1.9529,0.4439,0
AGB-02,2142.0,89.8,2.144,0.3743,0.818,1623.9,1.1985,0.4037,3.64,0,3,0.8299,0.3017,21.242,52.606,31.364,1.8617,0.4352,0
AGB-02,2143.0,91.94,2.1483,0.3821,0.612,1548.7,1.1948,0.4082,3.71,0,3,0.8093,0.3126,21.252,52.63,31.378,1.8558,0.4278,0
AGB-02,2144.0,95.72,2.2131,0.384,1.512,1626.0,1.2361,0.42,4.74,0,3,0.8757,0.2918,21.262,52.655,31.393,1.9219,0.4354,0
AGB-02,2145.0,103.14,2.1435,0.4258,1.552,1450.0,1.1826,0.3991,3.24,0,3,0.9561,0.315,21.272,52.679,31.408,1.8362,0.416,0
AGB-02,2146.0,94.25,2.1821,0.4128,1.35,1497.9,1.2083,0.3722,4.03,0,3,0.8437,0.3083,21.281,52.704,31.422,1.8774,0.4221,0
AGB-02,2147.0,90.86,2.1655,0.3554,1.183,1814.2,1.2218,0.4124,4.64,0,3,0.8747,0.2797,21.291,52.728,31.437,1.8989,0.4494,0
AGB-02,2148.0,93.86,2.1473,0.3834,0.972,1551.5,1.1946,0.3968,4.72,0,3,0.8897,0.2977,21.301,52.753,31.452,1.8553,0.4281,0
AGB-02,2149.0,99.38,2.2127,0.3528,2.069,1617.0,1.2353,0.3965,4.43,0,3,0.9174,0.2853,21.311,52.778,31.466,1.9205,0.4346,0
AGB-02,2150.0,94.47,2.2374,0.3344,0.779,1891.1,1.3693,0.42,4.79,1,3,0.8392,0.2736,21.321,52.802,31.481,2.1363,0.4493,0
AGB-02,2151.0,92.89,2.1617,0.4028,0.735,1620.3,1.208,0.3822,3.26,0,3,0.8553,0.3094,21.331,52.827,31.496,1.8766,0.4349,0
AGB-02,2152.0,102.19,2.1525,0.3755,1.92,1450.0,1.1877,0.4044,3.71,0,3,0.9156,0.3007,21.341,52.851,31.51,1.844,0.416,0
AGB-02,2153.0,97.08,2.1432,0.3982,1.092,1519.7,1.1898,0.4011,3.69,0,3,0.8691,0.3184,21.351,52.876,31.525,1.8472,0.4246,0
AGB-02,2154.0,97.02,2.1423,0.4053,1.165,1450.0,1.1823,0.3835,3.08,0,3,0.9117,0.3387,21.361,52.9,31.54,1.8352,0.416,0
AGB-02,2155.0,91.86,2.1851,0.3904,1.321,1633.2,1.2219,0.3996,4.06,0,3,0.8293,0.2974,21.371,52.925,31.554,1.8985,0.436,0
AGB-02,2156.0,99.32,2.2304,0.3546,1.347,1587.4,1.2429,0.3949,4.52,0,3,0.8924,0.2807,21.381,52.949,31.569,1.932,0.4318,0
AGB-02,2157.0,92.84,2.1659,0.3912,0.99,1764.8,1.2199,0.42,4.32,0,3,0.8235,0.2895,21.391,52.974,31.583,1.895,0.4462,0
AGB-02,2158.0,104.91,2.1287,0.4018,1.308,1450.0,1.1753,0.3923,4.31,0,3,0.9475,0.317,21.4,52.999,31.598,1.8236,0.416,0
AGB-02,2159.0,88.47,2.1611,0.3937,0.486,1592.6,1.2061,0.4177,3.86,0,3,0.8127,0.304,21.41,53.023,31.613,1.8727,0.4323,0
AGB-02,2160.0,91.87,2.1883,0.3675,1.438,1735.3,1.2307,0.42,3.98,0,3,0.8311,0.2937,21.42,53.048,31.627,1.9119,0.4442,0
AGB-02,2161.0,92.54,2.1868,0.3597,1.123,1717.9,1.229,0.4088,5.06,0,3,0.8292,0.2855,21.43,53.072,31.642,1.9089,0.4429,0
AGB-02,2162.0,88.93,2.1537,0.3856,1.002,1606.5,1.2035,0.3864,3.32,0,3,0.8242,0.3108,21.44,53.097,31.657,1.868,0.4336,0
AGB-02,2163.0,89.56,2.1842,0.3462,1.296,1809.3,1.2329,0.4116,3.93,0,3,0.8012,0.2971,21.45,53.121,31.671,1.9149,0.4491,0
AGB-02,2164.0,92.93,2.1774,0.4103,1.556,1513.9,1.2086,0.3854,4.45,0,3,0.8787,0.3025,21.46,53.146,31.686,1.8759,0.424,0
AGB-02,2165.0,97.3,2.1618,0.407,2.047,1450.0,1.1938,0.3774,3.95,0,3,0.9185,0.3121,21.47,53.17,31.701,1.8519,0.416,0
AGB-02,2166.0,92.82,2.1817,0.3704,1.036,1722.7,1.2271,0.4022,4.12,0,3,0.8243,0.2925,21.48,53.195,31.715,1.905,0.4432,0
AGB-02,2167.0,95.32,2.1132,0.4398,1.166,1450.0,1.168,0.3799,2.78,0,3,0.8962,0.3408,21.49,53.22,31.73,1.8103,0.416,0
AGB-02,2168.0,85.06,2.2331,0.3324,0.975,2016.9,2.6457,0.3876,6.5,0,3,0.7328,0.2617,21.5,53.244,31.745,4.2713,0.399,0
AGB-02,2169.0,94.32,2.1589,0.4185,1.136,1450.0,1.1928,0.3916,3.55,0,3,0.8805,0.3133,21.51,53.269,31.759,1.8495,0.416,0
AGB-02,2170.0,94.16,2.1506,0.3913,1.284,1450.0,1.1884,0.3783,3.96,0,3,0.8918,0.3143,21.519,53.293,31.774,1.8424,0.416,0
AGB-02,2171.0,94.64,2.1833,0.3869,1.663,1450.0,1.2061,0.3943,3.52,0,3,0.9126,0.305,21.529,53.318,31.788,1.8704,0.416,0
AGB-02,2172.0,90.7,2.1147,0.4199,0.674,1471.5,1.1716,0.4141,3.12,0,3,0.841,0.3368,21.539,53.342,31.803,1.8152,0.4188,0
AGB-02,2173.0,98.05,2.168,0.3902,1.285,1486.6,1.202,0.3899,3.35,0,3,0.8878,0.3182,21.549,53.367,31.818,1.8635,0.4207,0
AGB-02,2174.0,89.93,2.2159,0.3569,1.465,1866.3,1.2544,0.42,4.52,0,3,0.8077,0.2955,21.559,53.392,31.832,1.9472,0.45,0
AGB-02,2175.0,94.84,2.1813,0.3837,0.898,1636.1,1.2222,0.4143,3.46,0,3,0.8336,0.2958,21.569,53.416,31.847,1.8955,0.4363,0
AGB-02,2176.0,97.06,2.1746,0.3649,1.557,1575.1,1.214,0.3844,4.5,0,3,0.8955,0.3032,21.579,53.441,31.862,1.8821,0.4306,0
AGB-02,2177.0,96.79,2.1644,0.3738,1.823,1450.0,1.1966,0.3859,3.5,0,3,0.9301,0.3204,21.589,53.465,31.876,1.8542,0.416,0
AGB-02,2178.0,87.71,2.1209,0.4142,1.049,1482.9,1.1768,0.4055,3.41,0,3,0.8263,0.3258,21.599,53.49,31.891,1.8224,0.4202,0
AGB-02,2179.0,96.95,2.2008,0.3855,1.228,1450.0,1.2163,0.3804,3.81,0,3,0.9166,0.305,21.609,53.514,31.906,1.8854,0.416,0
AGB-02,2180.0,95.44,2.1944,0.3865,0.722,1503.6,1.2186,0.3895,3.6,0,3,0.8332,0.3086,21.619,53.539,31.92,1.8889,0.4228,0
AGB-02,2181.0,91.42,2.187,0.3633,0.918,1768.8,1.2343,0.42,4.56,0,3,0.8205,0.2988,21.629,53.563,31.935,1.9139,0.4465,0
AGB-02,2182.0,88.32,2.1763,0.3494,0.797,1813.8,1.3554,0.4023,4.6,0,3,0.7969,0.2889,21.638,53.588,31.95,2.1082,0.4432,0
AGB-02,2183.0,100.31,2.1192,0.4178,2.945,1450.0,1.1729,0.3799,3.4,0,3,0.98,0.327,21.648,53.613,31.964,1.8155,0.416,0
AGB-02,2184.0,87.02,2.1753,0.4018,1.325,1629.5,1.2192,0.42,4.36,0,3,0.8256,0.2962,21.658,53.637,31.979,1.8895,0.4357,0
AGB-02,2185.0,99.94,2.1868,0.3478,1.222,1706.6,1.2308,0.4195,4.26,0,3,0.8875,0.2903,21.668,53.662,31.993,1.9079,0.442,0
AGB-02,2186.0,97.51,2.1621,0.3927,0.73,1698.4,1.2169,0.4179,3.83,0,3,0.8651,0.3056,21.678,53.686,32.008,1.8855,0.4414,0
AGB-02,2187.0,95.2,2.2106,0.3815,1.338,1736.4,1.2457,0.4048,3.56,0,3,0.8603,0.289,21.688,53.711,32.023,1.9316,0.4442,0
AGB-02,2188.0,93.63,2.167,0.3606,0.894,1568.1,1.2101,0.3982,4.59,0,3,0.8736,0.2922,21.698,53.735,32.037,1.8746,0.4299,0
AGB-02,2189.0,105.61,2.1508,0.4099,2.573,1450.0,1.1901,0.3768,4.14,0,3,0.9729,0.3208,21.708,53.76,32.052,1.8425,0.416,0
AGB-02,2190.0,82.93,2.168,0.3834,1.019,1562.2,1.2102,0.4117,3.91,0,3,0.8155,0.299,21.718,53.784,32.067,1.8747,0.4293,0
AGB-02,2191.0,95.25,2.1066,0.412,0.966,1450.0,1.1663,0.3726,3.55,0,3,0.8949,0.3423,21.728,53.809,32.081,1.8047,0.416,0
AGB-02,2192.0,97.91,2.1418,0.3801,0.803,1485.3,1.1889,0.3887,3.8,0,3,0.8492,0.3208,21.738,53.834,32.096,1.8407,0.4205,0
AGB-02,2193.0,95.31,2.1347,0.4121,1.024,1450.0,1.1813,0.3848,3.04,0,3,0.8738,0.3268,21.748,53.858,32.111,1.8287,0.416,0
AGB-02,2194.0,93.69,2.1698,0.3705,0.945,1540.3,1.2092,0.3858,3.45,0,3,0.8729,0.302,21.757,53.883,32.125,1.8732,0.4269,0
AGB-02,2195.0,91.05,2.1578,0.3922,0.853,1679.2,1.2132,0.3923,3.93,0,3,0.821,0.3028,21.767,53.907,32.14,1.8797,0.4399,0
AGB-02,2196.0,89.87,2.205,0.3813,1.043,1650.0,1.2369,0.4163,4.16,0,3,0.8348,0.2947,21.777,53.932,32.155,1.9177,0.4375,0
AGB-02,2197.0,88.5,2.1614,0.3533,0.531,1692.4,1.216,0.4025,4.1,0,3,0.7899,0.3036,21.787,53.956,32.169,1.8843,0.441,0
AGB-02,2198.0,92.63,2.2043,0.3862,1.677,1627.8,1.2348,0.4123,4.37,0,3,0.8929,0.2899,21.797,53.981,32.184,1.9145,0.4356,0
AGB-02,2199.0,91.88,2.2011,0.361,0.671,1724.1,1.2394,0.4172,4.61,0,3,0.8304,0.2907,21.807,54.005,32.198,1.922,0.4434,0
AGB-02,2200.0,91.35,2.1937,0.3733,1.536,1652.2,1.2306,0.3951,4.17,0,3,0.8657,0.2918,21.817,54.03,32.213,1.908,0.4377,0
AGB-02,2201.0,95.35,2.1946,0.3568,0.57,1671.3,1.2323,0.4015,4.32,0,3,0.8284,0.2946,21.827,54.055,32.228,1.911,0.4393,0
AGB-02,2202.0,93.48,2.2065,0.3639,0.917,1694.9,1.2402,0.4106,4.57,0,3,0.8477,0.2886,21.837,54.079,32.242,1.9238,0.4411,0
AGB-02,2203.0,100.27,2.1796,0.4081,1.733,1542.7,1.2139,0.3965,3.89,0,3,0.8708,0.3009,21.847,54.104,32.257,1.8819,0.4272,0
AGB-02,2204.0,101.38,2.1495,0.4006,2.222,1450.0,1.1884,0.3959,3.55,0,3,0.9003,0.3039,21.857,54.128,32.272,1.8414,0.416,0
AGB-02,2205.0,96.27,2.1625,0.3713,1.233,1574.6,1.2072,0.3819,4.99,0,3,0.8209,0.3038,21.867,54.153,32.286,1.8715,0.4305,0
AGB-02,2206.0,91.22,2.1886,0.3924,0.783,1610.6,1.224,0.4092,4.75,0,3,0.8508,0.2823,21.876,54.177,32.301,1.8987,0.434,0
AGB-02,2207.0,104.38,2.1769,0.3736,1.478,1533.0,1.2111,0.3661,3.97,0,3,0.9038,0.2889,21.886,54.202,32.316,1.8783,0.4261,0
AGB-02,2208.0,103.72,2.146,0.4118,2.141,1450.0,1.186,0.3686,3.06,0,3,0.9537,0.3282,21.896,54.227,32.33,1.8384,0.416,0
AGB-02,2209.0,96.02,2.1634,0.3727,1.895,1649.3,1.2128,0.4032,3.84,0,3,0.8509,0.2913,21.906,54.251,32.345,1.8814,0.4374,0
AGB-02,2210.0,93.91,2.1637,0.3705,0.6,1527.1,1.203,0.402,3.68,0,3,0.8376,0.3048,21.916,54.276,32.36,1.866,0.4255,0
AGB-02,2211.0,94.38,2.1715,0.3806,1.211,1639.0,1.2162,0.4076,4.78,0,3,0.8384,0.2938,21.926,54.3,32.374,1.8873,0.4365,0
AGB-02,2212.0,95.42,2.1786,0.4042,0.947,1552.4,1.213,0.4127,3.55,0,3,0.8894,0.3111,21.936,54.325,32.389,1.8825,0.4282,0
AGB-02,2213.0,95.34,2.1863,0.3645,1.406,1880.3,1.2376,0.4188,4.55,0,3,0.8797,0.2779,21.946,54.349,32.403,1.9222,0.45,0
AGB-02,2214.0,92.65,2.1834,0.3721,0.873,1598.9,1.2191,0.4004,3.88,0,3,0.8878,0.2902,21.956,54.374,32.418,1.8928,0.4329,0
AGB-02,2215.0,88.96,2.1626,0.3694,1.08,1450.0,1.1939,0.3884,4.68,0,3,0.8461,0.3108,21.966,54.398,32.433,1.8526,0.416,0
AGB-02,2216.0,94.76,2.159,0.3805,1.267,1450.0,1.1918,0.3911,4.32,0,3,0.8731,0.3056,21.976,54.423,32.447,1.8495,0.416,0
AGB-02,2217.0,100.63,2.149,0.384,2.137,1450.0,1.1863,0.3807,3.98,0,3,0.9293,0.3158,21.986,54.448,32.462,1.8409,0.416,0
AGB-02,2218.0,93.79,2.1345,0.3909,0.986,1450.0,1.1784,0.3925,3.55,0,3,0.8941,0.316,21.995,54.472,32.477,1.8285,0.416,0
AGB-02,2219.0,90.35,2.1922,0.3566,0.839,1797.6,1.3759,0.4048,5.54,0,3,0.8117,0.2828,22.005,54.497,32.491,2.1464,0.4413,0
AGB-02,2220.0,92.46,2.2068,0.3759,1.264,1550.0,1.2268,0.4054,4.32,0,3,0.8665,0.2917,22.015,54.521,32.506,1.9065,0.428,0
AGB-02,2221.0,89.44,2.2234,0.352,1.074,1725.2,1.3173,0.42,4.86,0,3,0.8194,0.2833,22.025,54.546,32.521,2.0522,0.4397,0
AGB-02,2222.0,91.63,2.1951,0.3603,0.995,1568.5,1.2218,0.402,4.34,0,3,0.8818,0.2945,22.035,54.57,32.535,1.8989,0.4299,0
AGB-02,2223.0,98.03,2.1628,0.3796,2.149,1450.0,1.1929,0.3912,3.62,0,3,0.903,0.298,22.045,54.595,32.55,1.8528,0.416,0
AGB-02,2224.0,101.22,2.1768,0.3798,1.593,1571.8,1.212,0.4014,3.32,0,3,0.8702,0.3087,22.055,54.619,32.564,1.8836,0.4302,0
AGB-02,2225.0,99.99,2.1789,0.3967,1.223,1639.7,1.2182,0.42,3.65,0,3,0.8726,0.3013,22.065,54.644,32.579,1.8938,0.4366,0
AGB-02,2226.0,93.24,2.1867,0.3875,0.725,1827.8,1.2335,0.42,3.83,0,3,0.8436,0.2982,22.075,54.669,32.594,1.9186,0.45,0
AGB-02,2227.0,90.07,2.2183,0.3605,1.13,1722.8,1.2448,0.42,4.83,0,3,0.8226,0.2896,22.085,54.693,32.608,1.9369,0.4433,0
AGB-02,2228.0,92.97,2.2198,0.4008,1.905,1592.6,1.2364,0.3914,4.95,0,3,0.8885,0.2833,22.095,54.718,32.623,1.9235,0.4323,0
AGB-02,2229.0,98.55,2.1972,0.3691,1.52,1565.1,1.2219,0.3976,4.07,0,3,0.8979,0.2919,22.105,54.742,32.638,1.9003,0.4296,0
AGB-02,2230.0,93.23,2.2376,0.3626,0.846,1920.0,1.3137,0.4003,5.93,0,3,0.8487,0.2731,22.114,54.767,32.652,2.0483,0.45,0
AGB-02,2231.0,95.8,2.2002,0.3906,1.494,1588.2,1.2252,0.3944,3.28,0,3,0.8938,0.3035,22.124,54.791,32.667,1.906,0.4319,0
AGB-02,2232.0,97.0,2.1706,0.4008,1.062,1679.6,1.2158,0.4147,3.7,0,3,0.852,0.3043,22.134,54.816,32.682,1.891,0.4399,0
AGB-02,2233.0,97.14,2.2047,0.3786,0.986,1450.0,1.2143,0.3768,4.2,0,3,0.9036,0.2973,22.144,54.84,32.696,1.8887,0.416,0
AGB-02,2234.0,95.46,2.2062,0.3582,1.413,1681.7,1.2351,0.4145,4.25,0,3,0.8639,0.2952,22.154,54.865,32.711,1.9222,0.4401,0
AGB-02,2235.0,90.38,2.1224,0.3943,0.702,1569.0,1.1814,0.3948,2.94,0,3,0.7718,0.3308,22.164,54.89,32.726,1.8362,0.43,0
AGB-02,2236.0,93.73,2.169,0.4192,0.896,1631.4,1.2114,0.4072,4.84,0,3,0.8425,0.3095,22.174,54.914,32.74,1.8843,0.4359,0
AGB-02,2237.0,97.42,2.2039,0.3919,1.655,1484.9,1.2174,0.3816,3.93,0,3,0.9228,0.2901,22.184,54.939,32.755,1.894,0.4205,0
AGB-02,2238.0,95.72,2.1487,0.3955,1.299,1450.0,1.1841,0.395,4.78,0,3,0.8834,0.313,22.194,54.963,32.769,1.8407,0.416,0
AGB-02,2239.0,90.52,2.1915,0.3645,1.011,1613.8,1.2221,0.3958,4.02,0,3,0.8471,0.2942,22.204,54.988,32.784,1.9017,0.4343,0
AGB-02,2240.0,103.44,2.1973,0.3599,1.01,1709.5,1.2318,0.42,4.56,0,3,0.905,0.2857,22.214,55.012,32.799,1.9173,0.4423,0
AGB-02,2241.0,99.08,2.2153,0.3812,2.51,1450.0,1.2196,0.3985,4.33,0,3,0.9148,0.298,22.224,55.037,32.813,1.8977,0.416,0
AGB-02,2242.0,99.7,2.1431,0.383,1.067,1450.0,1.181,0.3934,3.83,0,3,0.8586,0.3047,22.233,55.062,32.828,1.8359,0.416,0
AGB-02,2243.0,92.65,2.2248,0.3568,1.194,1728.0,1.2478,0.42,6.0,0,3,0.8637,0.2715,22.243,55.086,32.843,1.9431,0.4436,0
AGB-02,2244.0,90.85,2.1783,0.3745,0.771,1605.8,1.2142,0.3952,4.16,0,3,0.8417,0.3104,22.253,55.111,32.857,1.8892,0.4335,0
AGB-02,2245.0,107.14,2.1521,0.3763,1.422,1576.8,1.1978,0.3907,4.03,0,3,0.8952,0.3047,22.263,55.135,32.872,1.8628,0.4307,0
AGB-02,2246.0,93.64,2.1947,0.3799,1.339,1585.8,1.2215,0.3996,4.43,0,3,0.8707,0.2914,22.273,55.16,32.887,1.9009,0.4316,0
AGB-02,2247.0,94.93,2.1902,0.3961,1.067,1566.0,1.2175,0.4015,3.74,0,3,0.8708,0.2981,22.283,55.184,32.901,1.8944,0.4296,0
AGB-02,2248.0,91.87,2.2224,0.3325,0.511,1880.4,1.6876,0.4077,4.79,0,3,0.8114,0.2699,22.293,55.209,32.916,2.6591,0.4331,0
AGB-02,2249.0,91.42,2.1854,0.3784,1.186,1652.2,1.2215,0.4009,4.17,0,3,0.8331,0.2935,22.303,55.233,32.931,1.9009,0.4377,0
AGB-02,2250.0,90.06,2.1634,0.3908,0.882,1746.5,1.2155,0.4116,4.59,0,3,0.8223,0.2954,22.313,55.258,32.945,1.8913,0.445,0
AGB-02,2251.0,93.26,2.148,0.3854,0.8,1491.8,1.188,0.389,3.42,0,3,0.861,0.3161,22.323,55.283,32.96,1.8471,0.4213,0
AGB-02,2252.0,91.86,2.183,0.3644,0.796,1700.3,1.2235,0.42,4.32,0,3,0.8199,0.2986,22.333,55.307,32.974,1.9039,0.4416,0
AGB-02,2253.0,86.46,2.2162,0.3672,1.583,1818.3,1.5608,0.4081,5.98,0,3,0.7904,0.2832,22.343,55.332,32.989,2.4507,0.434,0
AGB-02,2254.0,90.49,2.2124,0.3468,0.895,1799.6,1.2452,0.4168,5.01,0,3,0.8328,0.2857,22.352,55.356,33.004,1.9388,0.4485,0
AGB-02,2255.0,96.44,2.1651,0.3696,1.306,1602.9,1.207,0.4163,4.24,0,3,0.856,0.2978,22.362,55.381,33.018,1.8775,0.4333,0
AGB-02,2256.0,94.32,2.202,0.3472,0.853,1858.2,1.3537,0.415,5.1,0,3,0.8203,0.2811,22.372,55.405,33.033,2.1136,0.4469,0
AGB-02,2257.0,98.07,2.2168,0.3599,1.57,1503.0,1.2262,0.3748,3.59,0,3,0.9004,0.2926,22.382,55.43,33.048,1.9081,0.4227,0
AGB-02,2258.0,93.5,2.2017,0.3605,1.641,1647.8,1.2303,0.4011,5.07,0,3,0.881,0.276,22.392,55.454,33.062,1.9146,0.4373,0
AGB-02,2259.0,97.38,2.1567,0.383,0.974,1631.6,1.2047,0.4125,4.62,0,3,0.8712,0.3007,22.402,55.479,33.077,1.8736,0.4359,0
AGB-02,2260.0,93.95,2.2272,0.3657,1.503,1873.8,1.2571,0.4172,4.23,0,3,0.8474,0.2781,22.412,55.504,33.092,1.9577,0.45,0
AGB-02,2261.0,104.3,2.1771,0.3851,2.397,1450.0,1.1995,0.3774,4.2,0,3,0.97,0.2966,22.422,55.528,33.106,1.8651,0.416,0
AGB-02,2262.0,98.44,2.2219,0.4001,1.492,1464.7,1.225,0.3891,4.94,0,3,0.9285,0.2938,22.432,55.553,33.121,1.906,0.4179,0
AGB-02,2263.0,98.34,2.1846,0.4067,2.186,1450.0,1.2035,0.3927,3.78,0,3,0.9327,0.3119,22.442,55.577,33.136,1.8715,0.416,0
AGB-02,2264.0,88.85,2.1953,0.3698,0.884,1797.8,1.2361,0.42,4.11,0,3,0.798,0.2961,22.452,55.602,33.15,1.9237,0.4484,0
AGB-02,2265.0,94.01,2.1764,0.3915,0.667,1769.0,1.2242,0.4139,4.44,0,3,0.8052,0.302,22.462,55.626,33.165,1.9047,0.4465,0
AGB-02,2266.0,95.41,2.2024,0.3651,1.297,1472.3,1.2155,0.3903,4.18,0,3,0.905,0.297,22.471,55.651,33.179,1.8906,0.4189,0
AGB-02,2267.0,86.74,2.2072,0.3731,1.03,1707.8,1.2447,0.3844,4.57,0,3,0.8094,0.2904,22.481,55.676,33.194,1.9375,0.4417,0
AGB-02,2268.0,100.79,2.1931,0.412,2.608,1617.0,1.2236,0.4021,4.07,0,3,0.9129,0.3044,22.491,55.7,33.209,1.9035,0.4346,0
AGB-02,2269.0,84.85,2.1906,0.377,0.647,1663.4,1.2256,0.4086,3.8,1,3,0.8281,0.2997,22.501,55.725,33.223,1.9066,0.4386,0
AGB-02,2270.0,97.78,2.1598,0.3926,1.066,1450.0,1.1904,0.3782,4.46,0,3,0.8916,0.3087,22.511,55.749,33.238,1.8502,0.416,0
AGB-02,2271.0,101.28,2.1696,0.3822,2.232,1698.9,1.2166,0.3971,4.9,0,3,0.8782,0.2936,22.521,55.774,33.253,1.8921,0.4415,0
AGB-02,2272.0,92.81,2.1856,0.3606,1.488,1838.0,1.6226,0.3809,5.11,0,3,0.7838,0.2822,22.531,55.798,33.267,2.5511,0.4314,0
AGB-02,2273.0,102.56,2.2126,0.3802,1.727,1463.9,1.2202,0.3835,4.68,0,3,0.9139,0.2907,22.541,55.823,33.282,1.8979,0.4178,0
AGB-02,2274.0,94.41,2.2182,0.3844,2.476,1545.9,1.2314,0.4072,3.59,0,3,0.8978,0.2858,22.551,55.847,33.297,1.9158,0.4275,0
AGB-02,2275.0,102.3,2.1084,0.397,1.66,1450.0,1.163,0.3733,4.09,0,3,0.948,0.3188,22.561,55.872,33.311,1.8062,0.416,0
AGB-02,2276.0,94.56,2.1495,0.38,1.566,1510.5,1.1913,0.4115,4.48,0,3,0.8912,0.3015,22.571,55.897,33.326,1.8513,0.4236,0
AGB-02,2277.0,97.06,2.1646,0.3806,1.566,1557.1,1.2036,0.3873,3.99,0,3,0.8548,0.3031,22.581,55.921,33.341,1.871,0.4287,0
AGB-02,2278.0,91.92,2.1793,0.3454,1.357,1738.4,1.2244,0.3981,4.34,0,3,0.8793,0.2823,22.59,55.946,33.355,1.9044,0.4444,0
AGB-02,2279.0,93.72,2.1928,0.3687,0.998,1450.0,1.2083,0.3871,3.91,0,3,0.8947,0.2926,22.6,55.97,33.37,1.8785,0.416,0
AGB-02,2280.0,90.46,2.1962,0.3772,0.674,1659.1,1.2286,0.4149,4.86,0,3,0.8444,0.2931,22.61,55.995,33.384,1.911,0.4383,0
AGB-02,2281.0,98.1,2.1914,0.3806,1.03,1627.5,1.2238,0.4073,4.49,0,3,0.8045,0.299,22.62,56.019,33.399,1.9032,0.4355,0
AGB-02,2282.0,101.1,2.2147,0.3712,1.115,1619.9,1.2359,0.4186,4.01,0,3,0.8727,0.2953,22.63,56.044,33.414,1.9225,0.4348,0
AGB-02,2283.0,50.39,2.2536,0.1592,7.693,3063.5,8.5222,0.2139,10.05,0,1,0.2959,0.2102,22.64,56.068,33.428,17.9615,0.2394,1
AGB-02,2284.0,41.22,2.2419,0.1707,14.219,2889.9,8.287,0.1672,9.85,0,1,0.2457,0.2286,22.65,56.093,33.443,17.1603,0.1845,1
AGB-02,2285.0,50.03,2.2507,0.1526,15.749,3004.9,8.4529,0.1868,9.52,0,1,0.2679,0.2209,22.66,56.118,33.458,17.7174,0.2232,1
AGB-02,2286.0,49.86,2.2551,0.1402,18.618,2941.2,8.4296,0.1843,9.84,0,1,0.2766,0.2145,22.67,56.142,33.472,17.6358,0.1964,1
AGB-02,2287.0,42.6,2.2499,0.1336,14.502,3140.1,9.1314,0.1718,11.54,0,1,0.2101,0.2092,22.68,56.167,33.487,20.2815,0.1868,1
AGB-02,2288.0,45.3,2.2291,0.1451,17.082,3023.3,8.7043,0.1617,11.95,0,1,0.2381,0.2148,22.69,56.191,33.502,18.6029,0.1879,1
AGB-02,2289.0,42.0,2.2092,0.1754,15.128,2851.9,8.0545,0.1638,8.61,1,1,0.2628,0.2287,22.7,56.216,33.516,16.4029,0.1881,1
AGB-02,2290.0,47.62,2.2397,0.1516,10.718,2908.7,8.6031,0.1128,12.17,0,1,0.2421,0.2079,22.709,56.24,33.531,18.2307,0.1285,1
AGB-02,2291.0,49.53,2.2259,0.1702,17.595,2929.5,8.2169,0.19,9.92,0,1,0.2723,0.2245,22.719,56.265,33.546,16.9144,0.2124,1
AGB-02,2292.0,49.21,2.2315,0.172,6.733,2924.2,8.0366,0.2186,9.72,0,1,0.2908,0.2279,22.729,56.289,33.56,16.338,0.2346,1
AGB-02,2293.0,42.5,2.2393,0.1564,8.007,3083.0,8.5969,0.2114,9.64,1,1,0.2469,0.2248,22.739,56.314,33.575,18.1978,0.2355,1
AGB-02,2294.0,50.68,2.2298,0.1641,7.859,3033.7,8.192,0.2253,8.66,0,1,0.2941,0.2246,22.749,56.339,33.589,16.8248,0.2584,1
AGB-02,2295.0,35.58,2.2187,0.151,12.917,3362.7,9.5914,0.1983,11.05,0,1,0.1367,0.2169,22.759,56.363,33.604,22.3726,0.2072,1
AGB-02,2296.0,49.99,2.2751,0.1379,7.164,3073.7,8.8835,0.177,12.3,0,1,0.2689,0.2032,22.769,56.388,33.619,19.243,0.2041,1
AGB-02,2297.0,48.07,2.216,0.1802,13.913,2918.3,7.7903,0.2305,8.07,0,1,0.3009,0.2348,22.779,56.412,33.633,15.5723,0.2552,1
AGB-02,2298.0,91.04,2.2073,0.3488,0.751,1794.0,1.489,0.3911,4.57,0,3,0.8024,0.282,22.789,56.437,33.648,2.3288,0.4356,0
AGB-02,2299.0,90.3,2.2193,0.35,1.272,1767.7,1.3507,0.3932,5.5,0,3,0.8334,0.2768,22.799,56.461,33.663,2.1044,0.4412,0
AGB-02,2300.0,98.34,2.1934,0.3804,1.04,1810.7,1.2381,0.4115,5.11,0,3,0.8463,0.2818,22.809,56.486,33.677,1.9231,0.4492,0
AGB-02,2301.0,97.2,2.2321,0.3668,1.532,1651.7,1.2497,0.4081,5.2,0,3,0.899,0.2841,22.819,56.511,33.692,1.9414,0.4376,0
AGB-02,2302.0,95.8,2.1592,0.4198,1.865,1490.0,1.1968,0.3855,2.78,0,3,0.8991,0.3179,22.828,56.535,33.707,1.8564,0.4211,0
AGB-02,2303.0,101.85,2.2287,0.391,2.551,1549.2,1.24,0.3923,4.57,0,3,0.9164,0.2849,22.838,56.56,33.721,1.9254,0.4279,0
AGB-02,2304.0,94.46,2.1956,0.3755,1.261,1649.1,1.2302,0.4127,4.04,0,3,0.8594,0.2782,22.848,56.584,33.736,1.9094,0.4374,0
AGB-02,2305.0,95.04,2.2306,0.3615,1.533,1875.4,1.3533,0.42,5.02,0,3,0.8359,0.2765,22.858,56.609,33.751,2.1069,0.4489,0
AGB-02,2306.0,97.62,2.2137,0.3403,1.029,1829.4,1.3795,0.4129,4.81,0,3,0.822,0.28,22.868,56.633,33.765,2.1489,0.4442,0
AGB-02,2307.0,100.29,2.196,0.3673,1.225,1549.1,1.2231,0.3899,4.78,0,3,0.8822,0.2894,22.878,56.658,33.78,1.8971,0.4279,0
AGB-02,2308.0,97.85,2.2125,0.3773,1.166,1683.3,1.2425,0.4115,4.6,0,3,0.8826,0.2918,22.888,56.682,33.794,1.9279,0.4402,0
AGB-02,2309.0,94.41,2.224,0.3709,1.234,1648.9,1.2466,0.4059,4.51,0,3,0.8979,0.2846,22.898,56.707,33.809,1.9341,0.4374,0
AGB-02,2310.0,88.2,2.2216,0.3438,1.022,2069.6,1.9462,0.39,5.05,0,3,0.7872,0.2696,22.908,56.732,33.824,3.0763,0.4366,0
AGB-02,2311.0,90.74,2.2121,0.3581,0.762,1829.4,1.7002,0.3954,4.51,0,3,0.7884,0.2783,22.918,56.756,33.838,2.669,0.4278,0
AGB-02,2312.0,98.4,2.157,0.3975,1.602,1450.0,1.1932,0.3973,4.29,0,3,0.9283,0.3107,22.928,56.781,33.853,1.8478,0.416,0
AGB-02,2313.0,84.11,2.2089,0.357,1.174,1998.6,1.6359,0.403,6.25,0,3,0.8031,0.2761,22.938,56.805,33.868,2.5628,0.4441,0
AGB-02,2314.0,92.3,2.2119,0.3658,1.366,1960.7,1.6651,0.4195,4.73,0,3,0.8009,0.2756,22.947,56.83,33.882,2.6101,0.4404,0
AGB-02,2315.0,93.93,2.2004,0.3668,0.943,1743.5,1.3252,0.4118,4.92,0,3,0.827,0.2802,22.957,56.854,33.897,2.0583,0.4402,0
AGB-02,2316.0,92.84,2.2059,0.3661,1.246,1656.3,1.2386,0.4173,4.64,0,3,0.887,0.2891,22.967,56.879,33.912,1.9191,0.438,0
AGB-02,2317.0,87.85,2.2378,0.3303,0.783,2124.2,2.0044,0.399,5.24,0,3,0.7733,0.2735,22.977,56.903,33.926,3.1695,0.4388,0
AGB-02,2318.0,88.2,2.2017,0.3371,0.894,1844.0,1.7482,0.3933,4.85,0,3,0.7913,0.275,22.987,56.928,33.941,2.7447,0.4263,0
AGB-02,2319.0,88.85,2.2325,0.3438,0.928,1856.2,1.5369,0.4016,5.57,0,3,0.8187,0.2748,22.997,56.953,33.956,2.3989,0.4392,0
AGB-02,2320.0,94.11,2.2127,0.3721,1.288,1613.7,1.24,0.4,4.58,0,3,0.8755,0.2857,23.007,56.977,33.97,1.9201,0.4343,0
AGB-02,2321.0,102.65,2.166,0.3888,1.553,1557.9,1.2102,0.4028,4.21,0,3,0.9127,0.3021,23.017,57.002,33.985,1.8723,0.4288,0
AGB-02,2322.0,89.12,2.2137,0.3465,1.263,1936.9,1.5143,0.42,4.85,0,3,0.827,0.2724,23.027,57.026,33.999,2.3612,0.4455,0
AGB-02,2323.0,103.69,2.182,0.3924,2.478,1450.0,1.2086,0.3827,4.2,0,3,0.9574,0.2994,23.037,57.051,34.014,1.8693,0.416,0
AGB-02,2324.0,97.26,2.1628,0.3927,1.519,1505.4,1.2042,0.4106,4.37,0,3,0.8733,0.2969,23.047,57.075,34.029,1.862,0.423,0
AGB-02,2325.0,91.42,2.1739,0.3758,1.004,1547.7,1.2142,0.3882,3.96,0,3,0.832,0.3025,23.057,57.1,34.043,1.8777,0.4277,0
AGB-02,2326.0,98.09,2.1767,0.4184,1.369,1519.4,1.2133,0.389,3.21,0,3,0.8628,0.313,23.066,57.124,34.058,1.8761,0.4246,0
AGB-02,2327.0,92.56,2.2063,0.3593,1.139,1802.2,1.3488,0.4142,4.51,0,3,0.819,0.2827,23.076,57.149,34.073,2.0927,0.4437,0
AGB-02,2328.0,99.82,2.1928,0.366,1.243,1617.5,1.2306,0.4084,4.93,0,3,0.9148,0.2832,23.086,57.174,34.087,1.9032,0.4346,0
AGB-02,2329.0,93.89,2.2065,0.3325,2.094,1732.2,1.246,0.397,4.81,0,3,0.8987,0.2776,23.096,57.198,34.102,1.9276,0.4439,0
AGB-02,2330.0,87.7,2.2359,0.3502,0.783,2102.2,2.2198,0.3844,6.0,0,3,0.7569,0.2713,23.106,57.223,34.117,3.5253,0.4287,0
AGB-02,2331.0,93.14,2.2081,0.3641,1.215,1749.6,1.248,0.3986,3.57,0,3,0.8546,0.2823,23.116,57.247,34.131,1.9306,0.4452,0
AGB-02,2332.0,89.69,2.2086,0.3655,1.034,1905.6,1.4723,0.42,5.13,0,3,0.8322,0.2722,23.126,57.272,34.146,2.2907,0.4452,0
AGB-02,2333.0,98.75,2.1916,0.3735,1.43,1728.4,1.2379,0.3887,4.11,0,3,0.8922,0.2979,23.136,57.296,34.161,1.9142,0.4437,0
AGB-02,2334.0,96.81,2.2122,0.3747,1.366,1595.4,1.2399,0.3947,4.45,0,3,0.8926,0.2827,23.146,57.321,34.175,1.9173,0.4326,0
AGB-02,2335.0,89.24,2.2117,0.358,1.741,1806.9,1.3541,0.4033,5.33,0,3,0.8316,0.2778,23.156,57.346,34.19,2.1,0.444,0
AGB-02,2336.0,88.63,2.2334,0.3438,0.995,1808.8,1.4075,0.4098,4.4,0,3,0.824,0.2788,23.166,57.37,34.204,2.1858,0.4421,0
AGB-02,2337.0,98.35,2.1558,0.3896,1.442,1450.0,1.1958,0.3854,4.25,0,3,0.9384,0.2988,23.176,57.395,34.219,1.8468,0.416,0
AGB-02,2338.0,93.71,2.2347,0.3574,0.705,1784.4,1.2649,0.4117,4.61,0,3,0.8452,0.2775,23.185,57.419,34.234,1.957,0.4475,0
AGB-02,2339.0,93.09,2.1912,0.3705,1.205,1628.4,1.2312,0.4181,4.12,0,3,0.8769,0.2867,23.195,57.444,34.248,1.9032,0.4356,0
AGB-02,2340.0,100.0,2.1671,0.4134,1.522,1450.0,1.2019,0.3978,3.14,0,3,0.9369,0.3097,23.205,57.468,34.263,1.8565,0.416,0
AGB-02,2341.0,91.23,2.1649,0.3573,0.683,1604.3,1.215,0.3935,4.13,0,3,0.8708,0.3063,23.215,57.493,34.278,1.8774,0.4334,0
AGB-02,2342.0,91.75,2.2262,0.3557,1.273,1788.3,1.2605,0.4104,5.53,0,3,0.8392,0.2831,23.225,57.517,34.292,1.95,0.4478,0
AGB-02,2343.0,93.79,2.2568,0.3449,1.547,1936.3,1.5556,0.42,5.28,0,3,0.8227,0.2737,23.235,57.542,34.307,2.4252,0.445,0
AGB-02,2344.0,87.5,2.2222,0.3339,1.348,1911.8,1.7949,0.4094,4.39,0,3,0.7791,0.279,23.245,57.567,34.322,2.8164,0.4311,0
AGB-02,2345.0,97.99,2.1914,0.3951,1.456,1645.6,1.2325,0.4137,4.56,0,3,0.8951,0.2863,23.255,57.591,34.336,1.9054,0.4371,0
AGB-02,2346.0,94.79,2.1861,0.3697,0.939,1509.3,1.2181,0.397,4.42,0,3,0.8688,0.2949,23.265,57.616,34.351,1.8826,0.4234,0
AGB-02,2347.0,96.91,2.2099,0.3688,2.003,1639.1,1.2419,0.4012,4.49,1,3,0.9021,0.28,23.275,57.64,34.366,1.9206,0.4366,0
AGB-02,2348.0,104.07,2.1668,0.4011,1.992,1450.0,1.2015,0.3884,4.07,0,3,0.9716,0.3118,23.285,57.665,34.38,1.8562,0.416,0
AGB-02,2349.0,89.12,2.1771,0.3755,0.677,1596.0,1.2207,0.4009,4.43,0,3,0.8685,0.3057,23.295,57.689,34.395,1.887,0.4326,0
AGB-02,2350.0,85.27,2.2495,0.3579,0.764,2003.7,2.0035,0.3984,5.72,0,3,0.8006,0.2633,23.304,57.714,34.409,3.1628,0.4302,0
AGB-02,2351.0,97.56,2.2343,0.3517,0.975,1882.4,1.6074,0.3953,5.03,0,3,0.8197,0.2718,23.314,57.738,34.424,2.5105,0.438,0
AGB-02,2352.0,92.11,2.2037,0.3804,1.712,1787.4,1.4827,0.42,5.22,0,3,0.7978,0.2846,23.324,57.763,34.439,2.3082,0.4355,0
AGB-02,2353.0,87.27,2.1981,0.3334,0.785,1988.3,1.9017,0.4013,5.34,0,3,0.7801,0.2736,23.334,57.788,34.453,2.9943,0.4316,0
AGB-02,2354.0,94.82,2.2105,0.3929,1.474,1698.1,1.2457,0.4092,3.79,0,3,0.8794,0.2884,23.344,57.812,34.468,1.9276,0.4414,0
AGB-02,2355.0,96.82,2.189,0.3832,4.057,1540.3,1.2219,0.3917,4.08,0,3,0.8979,0.2914,23.354,57.837,34.483,1.8898,0.4269,0
AGB-02,2356.0,92.58,2.1795,0.3769,2.344,1611.5,1.2226,0.4071,4.17,0,3,0.8811,0.2994,23.364,57.861,34.497,1.891,0.4341,0
AGB-02,2357.0,89.39,2.1761,0.4074,1.627,1638.7,1.2227,0.4156,3.79,0,3,0.8984,0.299,23.374,57.886,34.512,1.8912,0.4365,0
AGB-02,2358.0,90.06,2.1617,0.3778,1.366,1765.2,1.2227,0.4034,3.67,0,3,0.835,0.3074,23.384,57.91,34.527,1.8914,0.4462,0
AGB-02,2359.0,91.11,2.2021,0.3675,0.655,1844.7,1.2489,0.4109,4.07,0,3,0.8402,0.2874,23.394,57.935,34.541,1.9334,0.45,0
AGB-02,2360.0,91.6,2.2067,0.3501,0.947,1877.6,1.4058,0.42,5.61,0,3,0.8229,0.2789,23.404,57.96,34.556,2.1855,0.4462,0
AGB-02,2361.0,98.35,2.1564,0.398,1.379,1537.4,1.2035,0.3939,3.6,0,3,0.9208,0.3056,23.414,57.984,34.57,1.8612,0.4266,0
AGB-02,2362.0,98.7,2.1834,0.3784,1.001,1566.8,1.2206,0.3966,4.05,0,3,0.8521,0.2973,23.423,58.009,34.585,1.8886,0.4297,0
AGB-02,2363.0,90.27,2.2268,0.3513,1.075,1875.5,1.5427,0.42,5.12,0,3,0.8259,0.272,23.433,58.033,34.6,2.4073,0.4403,0
AGB-02,2364.0,97.74,2.2185,0.3718,1.027,1659.3,1.2466,0.4087,4.78,0,3,0.8619,0.2768,23.443,58.058,34.614,1.9304,0.4383,0
AGB-02,2365.0,91.87,2.196,0.3848,0.64,1730.8,1.3128,0.3872,4.26,0,3,0.8031,0.2902,23.453,58.082,34.629,2.0365,0.4398,0
AGB-02,2366.0,97.96,2.1923,0.3785,2.231,1485.5,1.2175,0.3988,4.15,0,3,0.8692,0.3014,23.463,58.107,34.644,1.8841,0.4206,0
AGB-02,2367.0,94.39,2.2326,0.344,1.273,1699.5,1.3061,0.4086,4.97,0,3,0.8625,0.2685,23.473,58.131,34.658,2.026,0.4387,0
AGB-02,2368.0,92.39,2.2225,0.3621,0.803,1905.5,1.6315,0.4061,5.93,0,3,0.8217,0.2697,23.483,58.156,34.673,2.5526,0.4382,0
AGB-02,2369.0,84.6,2.2113,0.3431,1.696,1749.6,1.2483,0.4038,4.79,0,3,0.8568,0.2797,23.493,58.181,34.688,1.9334,0.4452,0
AGB-02,2370.0,87.57,2.2259,0.3714,1.346,1825.4,1.423,0.4064,5.65,0,3,0.8376,0.2728,23.503,58.205,34.702,2.2143,0.4423,0
AGB-02,2371.0,100.84,2.2066,0.3606,1.22,1628.2,1.2376,0.4096,4.46,0,3,0.887,0.2743,23.513,58.23,34.717,1.9165,0.4356,0
AGB-02,2372.0,94.38,2.2062,0.3774,0.876,1711.8,1.2431,0.4059,4.98,0,3,0.846,0.2909,23.523,58.254,34.732,1.9253,0.4424,0
AGB-02,2373.0,86.11,2.2319,0.3247,1.178,2118.0,1.9835,0.4012,4.91,0,3,0.8024,0.2634,23.533,58.279,34.746,3.1336,0.439,0
AGB-02,2374.0,90.91,2.2113,0.3179,1.468,2037.9,2.0442,0.406,4.83,0,3,0.7766,0.2698,23.542,58.303,34.761,3.235,0.4297,0
AGB-02,2375.0,93.39,2.1688,0.3736,0.818,1662.2,1.2194,0.4162,5.26,0,3,0.8699,0.2892,23.552,58.328,34.775,1.8875,0.4385,0
AGB-02,2376.0,90.48,2.2166,0.3503,0.767,1733.5,1.2501,0.4151,4.92,0,3,0.8479,0.2823,23.562,58.352,34.79,1.9365,0.444,0
AGB-02,2377.0,95.99,2.2565,0.3507,1.688,1867.6,1.3032,0.4056,3.95,0,3,0.8435,0.2772,23.572,58.377,34.805,2.0216,0.45,0
AGB-02,2378.0,95.95,2.2063,0.3588,1.299,1618.4,1.2367,0.3909,5.29,0,3,0.8442,0.2897,23.582,58.402,34.819,1.9151,0.4347,0
AGB-02,2379.0,92.16,2.2222,0.3448,0.963,1994.4,1.8553,0.3995,6.34,0,3,0.8098,0.265,23.592,58.426,34.834,2.9208,0.4349,0
AGB-02,2380.0,92.48,2.2005,0.3533,1.936,1779.1,1.2439,0.4022,4.84,0,3,0.8643,0.2749,23.602,58.451,34.849,1.9266,0.4472,0
AGB-02,2381.0,93.16,2.2149,0.3499,1.173,1892.2,1.3118,0.4152,5.24,0,3,0.8487,0.2737,23.612,58.475,34.863,2.0352,0.45,0
AGB-02,2382.0,86.05,2.2441,0.3512,0.813,1885.1,1.5662,0.3959,5.34,0,3,0.8414,0.2656,23.622,58.5,34.878,2.4463,0.4404,0
AGB-02,2383.0,93.87,2.2227,0.3739,2.056,1647.3,1.2479,0.4097,4.01,0,3,0.8992,0.2769,23.632,58.524,34.893,1.9327,0.4373,0
AGB-02,2384.0,90.62,2.2286,0.3699,1.024,1684.5,1.2537,0.3995,4.43,0,3,0.8601,0.2909,23.642,58.549,34.907,1.942,0.4403,0
AGB-02,2385.0,93.02,2.195,0.367,0.847,1750.3,1.2395,0.4129,5.52,0,3,0.8556,0.2842,23.652,58.573,34.922,1.9192,0.4452,0
AGB-02,2386.0,84.86,2.2355,0.3241,0.972,1948.3,2.0324,0.393,5.66,0,3,0.7981,0.2626,23.661,58.598,34.937,3.2146,0.4232,0
AGB-02,2387.0,85.3,2.2106,0.3496,1.177,1737.4,1.2474,0.42,4.98,0,3,0.8454,0.2815,23.671,58.623,34.951,1.9317,0.4443,0
AGB-02,2388.0,95.27,2.1935,0.3623,1.252,1593.1,1.2281,0.3989,4.59,0,3,0.9153,0.2959,23.681,58.647,34.966,1.9008,0.4323,0
AGB-02,2389.0,94.78,2.1633,0.4046,1.811,1528.8,1.2063,0.3792,3.54,0,3,0.9224,0.3024,23.691,58.672,34.98,1.8659,0.4257,0
AGB-02,2390.0,99.33,2.2636,0.3596,2.732,1467.6,1.2542,0.3786,5.14,0,3,0.9468,0.2714,23.701,58.696,34.995,1.9423,0.4183,0
AGB-02,2391.0,98.21,2.1887,0.3686,1.35,1552.5,1.2223,0.3877,4.33,0,3,0.9016,0.2915,23.711,58.721,35.01,1.8912,0.4282,0
AGB-02,2392.0,97.09,2.1812,0.3663,2.127,1619.6,1.2237,0.42,4.07,0,3,0.8965,0.2888,23.721,58.745,35.024,1.8934,0.4348,0
AGB-02,2393.0,105.89,2.212,0.3914,2.945,1450.0,1.2247,0.391,5.36,0,3,0.971,0.2829,23.731,58.77,35.039,1.895,0.416,0
AGB-02,2394.0,98.26,2.2191,0.3882,1.758,1552.9,1.2389,0.4017,4.46,0,3,0.8682,0.2913,23.741,58.795,35.054,1.9176,0.4283,0
AGB-02,2395.0,88.97,2.2143,0.355,0.959,1705.8,1.4119,0.3959,5.37,0,3,0.8084,0.284,23.751,58.819,35.068,2.1951,0.4325,0
AGB-02,2396.0,98.13,2.2001,0.3633,1.9,1528.7,1.2265,0.4075,4.92,0,3,0.9168,0.2779,23.761,58.844,35.083,1.8976,0.4257,0
AGB-02,2397.0,98.74,2.1649,0.4045,2.055,1466.8,1.2013,0.3933,4.59,0,3,0.9449,0.299,23.771,58.868,35.098,1.8575,0.4182,0
AGB-02,2398.0,94.23,2.2213,0.3552,0.898,1793.3,1.3343,0.42,4.16,0,3,0.8182,0.2845,23.78,58.893,35.112,2.0703,0.4442,0
AGB-02,2399.0,92.27,2.2256,0.3341,0.83,1949.8,1.645,0.4067,4.53,0,3,0.8149,0.2722,23.79,58.917,35.127,2.5733,0.441,0
AGB-02,2400.0,93.1,2.2169,0.3562,1.37,1743.2,1.2516,0.42,4.16,0,3,0.8458,0.2815,23.8,58.942,35.142,1.9377,0.4447,0
AGB-02,2401.0,99.34,2.2212,0.3688,0.832,1806.9,1.2575,0.42,4.2,0,3,0.8898,0.2863,23.81,58.966,35.156,1.9471,0.4489,0
AGB-02,2402.0,105.96,2.212,0.3804,1.609,1450.0,1.2248,0.3696,4.54,0,3,0.9624,0.2936,23.82,58.991,35.171,1.8949,0.416,0
AGB-02,2403.0,87.3,2.2348,0.3272,1.208,1942.6,1.8435,0.4014,6.16,0,3,0.8038,0.2683,23.83,59.016,35.185,2.8996,0.4318,0
AGB-02,2404.0,47.01,2.2396,0.1589,10.291,3160.2,9.0154,0.193,9.85,0,1,0.2502,0.2088,23.84,59.04,35.2,19.5658,0.2209,1
AGB-02,2405.0,41.41,2.285,0.1384,18.548,3401.4,9.8523,0.1759,13.15,0,1,0.1863,0.1968,23.85,59.065,35.215,23.471,0.2104,1
AGB-02,2406.0,39.18,2.2585,0.1259,12.903,3327.5,9.6832,0.1708,13.2,0,1,0.1841,0.2018,23.86,59.089,35.229,22.5486,0.1985,1
AGB-02,2407.0,54.15,2.2238,0.1664,11.58,2991.2,8.0159,0.2597,9.41,0,1,0.3199,0.225,23.87,59.114,35.244,16.1367,0.2638,1
AGB-02,2408.0,43.46,2.2557,0.1247,10.382,3208.9,9.3974,0.1647,12.28,0,1,0.2076,0.2046,23.88,59.138,35.259,21.1725,0.1894,1
AGB-02,2409.0,89.31,2.2246,0.3435,0.807,1827.9,1.3874,0.4045,4.52,0,3,0.8326,0.2766,23.89,59.163,35.273,2.1561,0.4442,0
AGB-02,2410.0,93.33,2.2176,0.3645,1.633,1766.5,1.3872,0.3981,5.49,0,3,0.8504,0.2694,23.899,59.187,35.288,2.1557,0.4393,0
AGB-02,2411.0,89.54,2.1989,0.3429,1.768,1889.4,1.8924,0.39,4.87,0,3,0.789,0.2705,23.909,59.212,35.303,2.9811,0.423,0
AGB-02,2412.0,97.41,2.1936,0.3475,2.722,1557.4,1.2253,0.4065,5.62,0,3,0.9423,0.2786,23.919,59.237,35.317,1.8962,0.4288,0
AGB-02,2413.0,99.15,2.2067,0.3817,1.914,1765.5,1.2469,0.4189,5.46,0,3,0.9094,0.2766,23.929,59.261,35.332,1.9308,0.4463,0
AGB-02,2414.0,91.31,2.2424,0.3202,2.159,1843.3,1.462,0.4116,4.81,0,3,0.8463,0.2685,23.939,59.286,35.347,2.2769,0.4422,0
AGB-02,2415.0,89.44,2.2303,0.3626,0.65,2052.8,1.9888,0.3929,4.87,0,3,0.7952,0.266,23.949,59.31,35.361,3.1419,0.434,0
AGB-02,2416.0,94.61,2.1835,0.3755,1.55,1666.3,1.2279,0.4103,4.46,0,3,0.8415,0.2979,23.959,59.335,35.376,1.9008,0.4389,0
AGB-02,2417.0,99.21,2.2303,0.38,1.751,1669.5,1.2535,0.4159,4.76,0,3,0.8781,0.2798,23.969,59.359,35.39,1.9419,0.4391,0
AGB-02,2418.0,101.46,2.2241,0.3915,1.718,1530.2,1.2388,0.4,4.34,0,3,0.926,0.2828,23.979,59.384,35.405,1.9185,0.4258,0
AGB-02,2419.0,100.71,2.165,0.3937,2.251,1450.0,1.1988,0.3976,3.43,0,3,0.9499,0.3039,23.989,59.408,35.42,1.8547,0.416,0
AGB-02,2420.0,97.59,2.1889,0.3824,0.951,1670.8,1.2309,0.4053,4.21,0,3,0.8462,0.2959,23.999,59.433,35.434,1.906,0.4392,0
AGB-02,2421.0,83.4,2.2223,0.3629,0.982,1868.5,1.6686,0.4058,5.92,0,3,0.7943,0.2788,24.009,59.458,35.449,2.6141,0.4334,0
AGB-02,2422.0,94.9,2.2058,0.3784,0.66,1772.3,1.2462,0.4132,4.46,0,3,0.8282,0.2908,24.018,59.482,35.464,1.9307,0.4467,0
AGB-02,2423.0,97.48,2.18,0.3758,1.496,1698.7,1.2276,0.4029,3.83,0,3,0.8535,0.2959,24.028,59.507,35.478,1.9011,0.4414,0
AGB-02,2424.0,101.67,2.2042,0.3804,1.849,1636.4,1.2365,0.3975,4.41,0,3,0.9032,0.2789,24.038,59.531,35.493,1.9154,0.4363,0
AGB-02,2425.0,95.45,2.2192,0.3623,1.197,1849.2,1.4642,0.3962,4.87,0,3,0.841,0.2698,24.048,59.556,35.508,2.2818,0.4418,0
AGB-02,2426.0,92.01,2.2293,0.3571,1.452,1806.4,1.5083,0.4122,5.69,0,3,0.8376,0.2693,24.058,59.58,35.522,2.3533,0.4366,0
AGB-02,2427.0,90.58,2.2437,0.3377,0.894,1962.3,1.8067,0.3897,5.03,0,3,0.825,0.2621,24.068,59.605,35.537,2.8419,0.4353,0
AGB-02,2428.0,94.87,2.1658,0.4023,1.369,1572.3,1.2104,0.3973,4.29,0,3,0.8884,0.2999,24.078,59.63,35.552,1.8741,0.4303,0
AGB-02,2429.0,95.06,2.2319,0.3558,1.169,1711.8,1.2756,0.4185,4.43,0,3,0.8648,0.2695,24.088,59.654,35.566,1.9784,0.4414,0
AGB-02,2430.0,99.82,2.1878,0.3774,1.286,1450.0,1.2105,0.386,3.72,0,3,0.9553,0.299,24.098,59.679,35.581,1.8742,0.416,0
AGB-02,2431.0,96.57,2.2216,0.3221,1.663,1803.0,1.3748,0.4009,5.6,0,3,0.8858,0.2567,24.108,59.703,35.595,2.1377,0.4429,0
AGB-02,2432.0,97.07,2.2273,0.3475,1.557,1715.1,1.2541,0.4069,4.53,0,3,0.9186,0.2812,24.118,59.728,35.61,1.944,0.4427,0
AGB-02,2433.0,99.34,2.2236,0.3673,1.939,1700.4,1.2511,0.4132,5.47,0,3,0.8731,0.2783,24.128,59.752,35.625,1.9393,0.4416,0
AGB-02,2434.0,96.34,2.2357,0.3563,2.542,1696.7,1.2575,0.4089,5.27,0,3,0.9092,0.2723,24.137,59.777,35.639,1.9495,0.4413,0
AGB-02,2435.0,45.73,2.2704,0.1606,16.847,3147.4,9.3809,0.1263,16.51,0,1,0.2241,0.1946,24.147,59.801,35.654,21.1596,0.1579,1
AGB-02,2436.0,47.02,2.2333,0.1711,9.945,2883.8,7.9952,0.2005,8.93,0,1,0.3089,0.2254,24.157,59.826,35.669,16.1057,0.2266,1
AGB-02,2437.0,45.52,2.2161,0.1707,10.803,2996.0,8.7067,0.1533,8.94,0,1,0.2217,0.222,24.167,59.851,35.683,18.4555,0.1728,1
AGB-02,2438.0,53.68,2.2198,0.1712,12.336,2894.4,8.0184,0.206,8.82,0,1,0.2955,0.2283,24.177,59.875,35.698,16.1746,0.2247,1
AGB-02,2439.0,40.9,2.2829,0.1257,8.322,3196.1,9.47,0.1442,11.63,0,1,0.2161,0.1983,24.187,59.9,35.713,21.5612,0.1763,1
AGB-02,2440.0,53.47,2.2822,0.1473,10.273,3061.6,8.6574,0.2039,11.57,0,1,0.3152,0.2045,24.197,59.924,35.727,18.2735,0.236,1
AGB-02,2441.0,47.24,2.2624,0.1446,9.51,3213.0,9.056,0.2091,12.52,0,1,0.258,0.2099,24.207,59.949,35.742,19.7685,0.2414,1
AGB-02,2442.0,38.49,2.2433,0.1378,12.221,3245.0,9.362,0.1927,11.38,0,1,0.1978,0.2124,24.217,59.973,35.757,21.0565,0.2075,1
AGB-02,2443.0,41.15,2.2264,0.1479,10.606,2978.7,8.4828,0.1869,11.42,0,1,0.2707,0.2185,24.227,59.998,35.771,17.6608,0.2052,1
AGB-02,2444.0,44.18,2.2498,0.1512,7.683,3068.9,8.7492,0.2098,8.78,0,1,0.2399,0.2245,24.237,60.022,35.786,18.5922,0.2188,1
AGB-02,2445.0,42.95,2.2188,0.1448,18.762,3100.6,9.0279,0.1536,13.02,0,1,0.219,0.2118,24.247,60.047,35.8,19.6424,0.1801,1
AGB-02,2446.0,42.26,2.2917,0.1457,6.293,3229.4,9.2534,0.2003,14.2,0,1,0.2606,0.2019,24.256,60.072,35.815,20.5638,0.2316,1
AGB-02,2447.0,46.26,2.2748,0.1518,12.475,3215.3,9.4395,0.176,10.75,0,1,0.2157,0.2024,24.266,60.096,35.83,21.384,0.1915,1
AGB-02,2448.0,48.36,2.2494,0.1691,8.677,3059.6,8.4667,0.2174,12.79,0,1,0.3129,0.2121,24.276,60.121,35.844,17.5901,0.2487,1
AGB-02,2449.0,50.56,2.268,0.1366,10.221,3064.6,8.7074,0.1976,11.71,0,1,0.29,0.2103,24.286,60.145,35.859,18.4213,0.2284,1
AGB-02,2450.0,47.04,2.2425,0.1631,13.658,3069.1,8.567,0.2254,9.85,0,1,0.2972,0.2126,24.296,60.17,35.874,17.9232,0.2399,1
AGB-02,2451.0,40.94,2.2735,0.1307,11.005,3302.4,9.4872,0.2109,14.25,0,1,0.2432,0.1957,24.306,60.194,35.888,21.5761,0.2243,1
AGB-02,2452.0,44.63,2.2744,0.1425,11.221,3049.5,8.8957,0.1784,12.96,0,1,0.2733,0.2051,24.316,60.219,35.903,19.0966,0.1974,1
AGB-02,2453.0,29.81,2.2868,0.1212,43.18,3665.8,10.4621,0.1457,15.2,0,0,0.0619,0.1931,24.326,60.244,35.918,28.4654,0.1744,1
AGB-02,2454.0,30.8,2.2679,0.1287,16.474,3225.9,9.7878,0.0932,11.83,0,0,0.0956,0.2133,24.336,60.268,35.932,23.0693,0.1007,1
AGB-02,2455.0,26.66,2.3139,0.1058,25.265,3689.7,10.4845,0.1742,17.16,0,0,0.0883,0.1867,24.346,60.293,35.947,28.7292,0.1889,1
AGB-02,2456.0,26.99,2.2667,0.1023,31.04,3644.9,10.5002,0.1059,19.05,0,0,0.0493,0.1817,24.356,60.317,35.962,28.9479,0.1298,1
AGB-02,2457.0,35.52,2.2897,0.1277,14.556,3432.9,10.1618,0.1452,17.18,1,0,0.1317,0.1909,24.366,60.342,35.976,25.3991,0.1573,1
AGB-02,2458.0,36.52,2.277,0.1234,28.046,3472.8,10.2508,0.132,19.2,0,0,0.1127,0.1881,24.375,60.366,35.991,26.0867,0.1462,1
AGB-02,2459.0,32.84,2.2962,0.1158,23.137,3366.5,10.1249,0.1102,12.8,0,0,0.0998,0.1999,24.385,60.391,36.005,25.0975,0.1248,1
AGB-02,2460.0,32.37,2.3007,0.1315,24.904,3621.8,10.4236,0.1695,16.39,0,0,0.0862,0.1934,24.395,60.415,36.02,27.7386,0.1819,1
AGB-02,2461.0,28.81,2.2906,0.1117,41.492,3745.6,10.5743,0.1343,19.54,0,0,0.02,0.1896,24.405,60.44,36.035,30.3133,0.1548,1
AGB-02,2462.0,33.32,2.271,0.1259,24.872,3509.6,10.1839,0.1529,14.81,0,0,0.1227,0.1983,24.415,60.465,36.049,25.4837,0.1899,1
AGB-02,2463.0,32.37,2.291,0.1323,31.873,3567.5,10.4132,0.1256,17.46,0,0,0.0929,0.1856,24.425,60.489,36.064,27.5391,0.1533,1
AGB-02,2464.0,27.95,2.3121,0.11,33.608,3431.8,10.3276,0.0936,17.1,0,0,0.0764,0.1904,24.435,60.514,36.079,26.6454,0.1,1
AGB-02,2465.0,27.22,2.3119,0.1197,39.476,3682.0,10.555,0.1519,16.88,0,0,0.0584,0.1838,24.445,60.538,36.093,29.56,0.155,1
AGB-02,2466.0,40.19,2.3953,0.141,1.426,4141.8,10.4729,0.2077,23.18,1,0,0.1371,0.159,24.455,60.563,36.108,35.3939,0.2309,0
AGB-02,2467.0,34.33,2.2842,0.1425,16.177,3271.1,9.9552,0.0911,13.67,0,0,0.1183,0.1985,24.465,60.587,36.123,23.8829,0.1013,1
AGB-02,2468.0,24.58,2.3518,0.1843,0.897,4252.9,10.2439,0.1935,19.26,0,0,0.0201,0.1786,24.475,60.612,36.137,37.7327,0.2111,0
AGB-02,2469.0,29.08,2.2875,0.114,18.174,3534.5,10.3628,0.1328,14.74,0,0,0.0857,0.1951,24.485,60.636,36.152,26.8839,0.1579,1
AGB-02,2470.0,36.98,2.2933,0.1172,31.047,3399.4,10.183,0.1031,13.9,0,0,0.1054,0.1976,24.494,60.661,36.167,25.362,0.1363,1
AGB-02,2471.0,31.58,2.3528,0.1656,1.224,4207.5,10.4555,0.2039,17.14,1,0,0.0697,0.1782,24.504,60.686,36.181,35.7658,0.2328,0
AGB-02,2472.0,26.8,2.2962,0.0873,25.78,3516.0,10.4419,0.08,17.31,0,0,0.0671,0.185,24.514,60.71,36.196,27.6601,0.1069,1
AGB-02,2473.0,31.62,2.2753,0.1081,19.277,3430.1,10.0021,0.1678,18.24,0,0,0.1663,0.1969,24.524,60.735,36.21,24.1123,0.1994,1
AGB-02,2474.0,32.2,2.2705,0.1362,25.561,3324.1,10.0269,0.1093,11.99,0,0,0.0904,0.2084,24.534,60.759,36.225,24.2582,0.1206,1
AGB-02,2475.0,25.28,2.3431,0.1805,0.963,4246.8,10.4974,0.2219,16.27,0,0,0.051,0.1907,24.544,60.784,36.24,35.3392,0.2481,0
AGB-02,2476.0,92.67,2.2307,0.3475,0.971,1962.1,1.9425,0.3969,6.66,0,3,0.8138,0.261,24.554,60.808,36.254,3.0538,0.4289,0
AGB-02,2477.0,91.41,2.214,0.3685,1.098,1846.9,1.3241,0.4118,3.76,0,3,0.8197,0.285,24.564,60.833,36.269,2.0475,0.4484,0
AGB-02,2478.0,93.03,2.172,0.3997,0.967,1798.3,1.2338,0.4145,4.57,0,3,0.8446,0.2983,24.574,60.857,36.284,1.9033,0.4484,0
AGB-02,2479.0,95.86,2.2261,0.3657,2.39,1776.0,1.2625,0.418,5.73,0,3,0.8912,0.2698,24.584,60.882,36.298,1.9488,0.447,0
AGB-02,2480.0,92.51,2.2184,0.3581,1.304,1882.7,1.2648,0.42,6.01,0,3,0.8588,0.2729,24.594,60.907,36.313,1.9524,0.45,0
AGB-02,2481.0,95.71,2.1944,0.3803,1.753,1708.4,1.2412,0.3917,4.77,0,3,0.8483,0.2889,24.604,60.931,36.328,1.9146,0.4422,0
AGB-02,2482.0,97.01,2.2569,0.329,1.13,2090.5,2.1408,0.3894,5.93,0,3,0.8315,0.2478,24.614,60.956,36.342,3.3827,0.432,0
AGB-02,2483.0,95.3,2.1798,0.3847,2.088,1739.1,1.2352,0.4138,4.15,0,3,0.8519,0.2954,24.623,60.98,36.357,1.9049,0.4444,0
AGB-02,2484.0,96.62,2.2261,0.3677,1.282,1786.1,1.2633,0.4197,5.09,0,3,0.8863,0.2795,24.633,61.005,36.372,1.9496,0.4476,0
AGB-02,2485.0,93.38,2.2395,0.347,0.786,1891.6,1.5253,0.4042,5.26,0,3,0.8185,0.2771,24.643,61.029,36.386,2.3699,0.4429,0
AGB-02,2486.0,90.26,2.2006,0.3772,1.204,1678.4,1.2991,0.3996,4.74,0,3,0.8212,0.2848,24.653,61.054,36.401,2.0065,0.4365,0
AGB-02,2487.0,93.17,2.1808,0.3745,0.711,1710.3,1.2342,0.4097,4.54,0,3,0.8094,0.2972,24.663,61.079,36.415,1.903,0.4423,0
AGB-02,2488.0,86.08,2.2303,0.3642,1.076,1730.6,1.4975,0.42,5.63,0,3,0.8086,0.2813,24.673,61.103,36.43,2.3248,0.4308,0
AGB-02,2489.0,97.7,2.1917,0.3822,1.396,1782.5,1.2444,0.4045,3.97,0,3,0.834,0.2843,24.683,61.128,36.445,1.9192,0.4474,0
AGB-02,2490.0,101.22,2.2216,0.3819,2.14,1746.4,1.2589,0.3968,4.61,0,3,0.9189,0.2819,24.693,61.152,36.459,1.9421,0.445,0
AGB-02,2491.0,93.19,2.2682,0.3727,1.485,1904.7,1.6089,0.4083,5.57,0,3,0.8653,0.2563,24.703,61.177,36.474,2.5049,0.4409,0
AGB-02,2492.0,86.84,2.232,0.3675,1.187,1710.9,1.3441,0.4028,4.86,0,3,0.8116,0.2873,24.713,61.201,36.489,2.0781,0.4378,0
AGB-02,2493.0,92.84,2.2264,0.3732,1.786,1849.8,1.2671,0.42,4.88,0,3,0.8736,0.268,24.723,61.226,36.503,1.9552,0.45,0
AGB-02,2494.0,90.32,2.2455,0.3041,1.042,2172.5,2.9128,0.3571,6.52,0,3,0.75,0.2505,24.733,61.25,36.518,4.7039,0.4063,0
AGB-02,2495.0,99.4,2.1984,0.3712,1.821,1812.8,1.2499,0.4195,4.74,0,3,0.8532,0.2787,24.742,61.275,36.533,1.9277,0.4493,0
AGB-02,2496.0,90.76,2.2522,0.3662,2.239,1911.4,1.2842,0.42,5.7,0,3,0.9018,0.2602,24.752,61.3,36.547,1.9824,0.45,0
AGB-02,2497.0,100.1,2.2195,0.3704,1.58,1744.5,1.2577,0.4129,4.3,0,3,0.8925,0.282,24.762,61.324,36.562,1.9401,0.4448,0
AGB-02,2498.0,91.96,2.2155,0.3758,1.34,1705.4,1.2531,0.42,4.68,0,3,0.8584,0.2774,24.772,61.349,36.576,1.9328,0.442,0
AGB-02,2499.0,98.05,2.1722,0.3693,1.53,1684.9,1.2281,0.42,3.94,0,3,0.8884,0.2902,24.782,61.373,36.591,1.8929,0.4404,0
AGB-02,2500.0,92.82,2.2042,0.365,0.926,1873.8,1.3451,0.42,5.28,0,3,0.8451,0.2742,24.792,61.398,36.606,2.0795,0.4489,0
AGB-02,2501.0,91.78,2.221,0.3601,1.389,1889.3,1.2661,0.4134,4.97,0,3,0.8556,0.276,24.802,61.422,36.62,1.9534,0.45,0
AGB-02,2502.0,97.19,2.2212,0.3913,1.448,1874.7,1.2655,0.4093,4.34,0,3,0.8887,0.2737,24.812,61.447,36.635,1.9524,0.45,0
AGB-02,2503.0,100.56,2.2008,0.3708,1.533,1637.6,1.2405,0.3992,5.26,0,3,0.8881,0.2792,24.822,61.471,36.65,1.9126,0.4364,0
AGB-02,2504.0,91.0,2.1931,0.376,1.398,1757.5,1.3084,0.3974,4.99,0,3,0.8336,0.2797,24.832,61.496,36.664,2.0209,0.4423,0
AGB-02,2505.0,70.72,2.2563,0.3035,0.711,2728.0,5.6233,0.3187,7.89,0,2,0.5513,0.2424,24.842,61.521,36.679,9.971,0.3604,0
AGB-02,2506.0,62.81,2.2685,0.2799,0.471,2808.9,6.4479,0.3039,9.64,0,2,0.4989,0.2371,24.852,61.545,36.694,11.847,0.3352,0
AGB-02,2507.0,68.21,2.3106,0.2532,0.88,2998.3,7.2961,0.2923,10.58,0,2,0.4662,0.2272,24.861,61.57,36.708,13.981,0.3307,0
AGB-02,2508.0,71.49,2.2892,0.2681,0.48,2876.9,6.8077,0.3012,9.05,0,2,0.5047,0.2253,24.871,61.594,36.723,12.7234,0.3314,0
AGB-02,2509.0,62.44,2.305,0.2784,1.133,3024.1,7.2833,0.3004,9.08,0,2,0.4819,0.2217,24.881,61.619,36.738,13.9472,0.3353,0
AGB-02,2510.0,58.82,2.3,0.2824,1.305,2794.3,6.8644,0.301,8.28,0,2,0.4805,0.2316,24.891,61.643,36.752,12.8653,0.3123,0
AGB-02,2511.0,70.97,2.2864,0.3116,1.101,2691.3,5.5487,0.3322,8.69,0,2,0.5693,0.2394,24.901,61.668,36.767,9.8095,0.3609,0
AGB-02,2512.0,69.85,2.2644,0.2751,0.833,2765.3,6.2061,0.287,7.69,0,2,0.548,0.2254,24.911,61.692,36.781,11.2794,0.3393,0
AGB-02,2513.0,75.35,2.2981,0.2645,0.985,2804.3,6.2088,0.3242,10.19,0,2,0.5698,0.2201,24.921,61.717,36.796,11.2859,0.3495,0
AGB-02,2514.0,63.02,2.3154,0.2597,0.562,2845.5,6.5509,0.304,8.22,0,2,0.5283,0.2266,24.931,61.742,36.811,12.0943,0.3418,0
AGB-02,2515.0,68.99,2.2747,0.3138,0.571,2551.7,4.5908,0.3352,7.77,0,2,0.6126,0.2515,24.941,61.766,36.825,7.8286,0.3818,0
AGB-02,2516.0,76.78,2.2776,0.2787,1.088,2579.4,5.3681,0.3152,6.98,0,2,0.5952,0.2332,24.951,61.791,36.84,9.4233,0.3504,0
AGB-02,2517.0,74.61,2.2864,0.3021,0.783,2563.1,5.1709,0.3355,7.29,0,2,0.5831,0.2447,24.961,61.815,36.855,9.0086,0.3583,0
AGB-02,2518.0,71.66,2.2797,0.2802,0.617,2684.4,6.1531,0.2786,9.3,0,2,0.5293,0.234,24.971,61.84,36.869,11.1586,0.3282,0
AGB-02,2519.0,70.08,2.3238,0.292,0.728,2694.4,6.1969,0.2927,9.31,0,2,0.5505,0.2277,24.98,61.864,36.884,11.2602,0.333,0
AGB-02,2520.0,78.8,2.2361,0.3109,0.448,2330.3,3.9094,0.3669,6.37,0,2,0.6393,0.2595,24.99,61.889,36.899,6.514,0.3793,0
AGB-02,2521.0,72.23,2.2097,0.3201,0.975,2485.7,4.8833,0.3276,5.44,1,2,0.5538,0.2597,25.0,61.914,36.913,8.4172,0.3524,0
AGB-02,2522.0,69.59,2.2539,0.3026,0.712,2647.0,4.7428,0.3605,5.56,0,2,0.5924,0.2542,25.01,61.938,36.928,8.1337,0.3859,0
AGB-02,2523.0,72.74,2.2936,0.2728,1.022,2796.6,6.1801,0.3168,8.71,0,2,0.5579,0.2252,25.02,61.963,36.943,11.2234,0.3491,0
AGB-02,2524.0,66.03,2.2825,0.2779,0.979,2942.1,7.1835,0.3093,9.72,0,2,0.4806,0.2223,25.03,61.987,36.957,13.6904,0.3225,0
AGB-02,2525.0,71.37,2.2587,0.3215,0.721,2680.6,5.2493,0.3488,6.6,0,2,0.5621,0.2502,25.04,62.012,36.972,9.1758,0.37,0
AGB-02,2526.0,68.4,2.2362,0.2819,0.455,2605.7,5.5838,0.3152,7.38,0,2,0.5316,0.2481,25.05,62.036,36.986,9.8907,0.3393,0
AGB-02,2527.0,67.76,2.2948,0.2826,1.171,2736.3,5.9548,0.3214,7.74,0,2,0.543,0.2376,25.06,62.061,37.001,10.7122,0.3499,0
AGB-02,2528.0,68.98,2.2286,0.3228,0.588,2334.8,4.4518,0.3162,5.09,0,2,0.572,0.2664,25.07,62.085,37.016,7.5586,0.3503,0
AGB-02,2529.0,70.7,2.2686,0.2581,1.06,2719.4,5.8786,0.3281,9.01,0,2,0.5748,0.2258,25.08,62.11,37.03,10.5426,0.348,0
AGB-02,2530.0,70.63,2.3011,0.2776,1.456,2844.3,6.2435,0.3265,8.73,0,2,0.5647,0.2218,25.09,62.135,37.045,11.3766,0.3543,0
AGB-02,2531.0,75.09,2.2475,0.3472,0.957,2504.1,4.4667,0.3582,7.34,0,2,0.5995,0.2587,25.099,62.159,37.06,7.5896,0.3786,0
AGB-02,2532.0,67.44,2.3144,0.2803,0.985,2765.1,6.1867,0.3145,7.45,0,2,0.5448,0.231,25.109,62.184,37.074,11.2471,0.3454,0
AGB-02,2533.0,71.26,2.2786,0.2925,0.627,2588.8,5.1319,0.3463,9.14,0,2,0.5943,0.2417,25.119,62.208,37.089,8.9361,0.3634,0
AGB-02,2534.0,68.4,2.2755,0.2855,0.525,2778.4,6.2524,0.3043,8.44,0,2,0.5392,0.2283,25.129,62.233,37.104,11.4024,0.3402,0
AGB-02,2535.0,71.55,2.3062,0.2819,0.731,2849.0,6.2823,0.3258,8.13,0,2,0.5582,0.2235,25.139,62.257,37.118,11.4738,0.3537,0
AGB-02,2536.0,73.51,2.2715,0.29,0.74,2720.7,5.8998,0.3288,7.89,0,2,0.5372,0.2397,25.149,62.282,37.133,10.5985,0.3473,0
AGB-02,2537.0,70.27,2.2808,0.2823,1.565,2681.2,5.9181,0.3225,7.71,0,2,0.5784,0.2232,25.159,62.306,37.148,10.6411,0.3403,0
AGB-02,2538.0,71.78,2.2838,0.2784,1.018,2668.7,5.1012,0.3622,7.58,0,2,0.6046,0.24,25.169,62.331,37.162,8.8777,0.3763,0
AGB-02,2539.0,79.19,2.2434,0.3108,0.717,2298.3,3.7362,0.3329,6.07,1,2,0.6724,0.2528,25.179,62.356,37.177,6.1996,0.3834,0
AGB-02,2540.0,76.1,2.2808,0.2783,0.808,2737.0,5.4104,0.3479,7.46,0,2,0.5835,0.2388,25.189,62.38,37.191,9.5322,0.3724,0
AGB-02,2541.0,68.88,2.2835,0.2734,0.65,2885.9,6.4089,0.3328,7.86,0,2,0.5219,0.2321,25.199,62.405,37.206,11.7838,0.3513,0
AGB-02,2542.0,69.06,2.2877,0.2803,0.885,2966.4,6.6638,0.3265,10.1,0,2,0.5238,0.2245,25.209,62.429,37.221,12.4018,0.3526,0
AGB-02,2543.0,70.22,2.2355,0.3109,0.637,2525.8,5.1589,0.308,6.49,0,2,0.5592,0.2504,25.218,62.454,37.235,9.0048,0.3469,0
AGB-02,2544.0,71.75,2.2996,0.3145,0.726,2584.6,5.0962,0.3418,6.87,0,2,0.5983,0.2424,25.228,62.478,37.25,8.8754,0.3659,0
AGB-02,2545.0,65.75,2.3009,0.2626,0.803,2881.1,6.3219,0.3335,9.73,0,2,0.5518,0.2246,25.238,62.503,37.265,11.586,0.3559,0
AGB-02,2546.0,61.27,2.2548,0.3108,0.517,2646.3,5.6969,0.3207,6.29,0,2,0.5107,0.2542,25.248,62.527,37.279,10.1642,0.3423,0
AGB-02,2547.0,66.61,2.2716,0.2918,1.576,2844.9,6.5625,0.3152,7.91,0,2,0.5142,0.2281,25.258,62.552,37.294,12.1668,0.3353,0
AGB-02,2548.0,92.11,2.1955,0.3632,1.607,1805.0,1.2448,0.4151,4.98,0,3,0.8527,0.276,25.268,62.577,37.309,1.9244,0.4488,0
AGB-02,2549.0,89.64,2.2324,0.3305,1.53,1942.6,1.8609,0.4017,6.09,0,3,0.8276,0.2594,25.278,62.601,37.323,2.9248,0.431,0
AGB-02,2550.0,95.29,2.1729,0.3926,2.015,1558.4,1.2156,0.395,4.73,0,3,0.8865,0.2999,25.288,62.626,37.338,1.8784,0.4289,0
AGB-02,2551.0,96.3,2.2739,0.3112,1.323,1971.6,1.8093,0.3976,5.06,0,3,0.8489,0.2548,25.298,62.65,37.353,2.8405,0.4371,0
AGB-02,2552.0,90.62,2.2417,0.3315,0.987,1952.8,2.1021,0.3972,6.6,0,3,0.7983,0.2612,25.308,62.675,37.367,3.3272,0.4206,0
AGB-02,2553.0,95.93,2.2187,0.3547,1.999,1761.1,1.2543,0.42,5.38,0,3,0.8686,0.2707,25.318,62.699,37.382,1.9409,0.446,0
AGB-02,2554.0,96.42,2.2059,0.3616,1.846,1559.3,1.2329,0.3931,4.77,0,3,0.9052,0.2947,25.328,62.724,37.396,1.907,0.429,0
AGB-02,2555.0,90.82,2.2879,0.3147,1.072,2104.7,2.811,0.3848,7.0,0,3,0.7663,0.2493,25.337,62.749,37.411,4.543,0.4051,0
AGB-02,2556.0,91.88,2.2166,0.3717,1.43,1767.0,1.253,0.42,5.25,0,3,0.8458,0.2834,25.347,62.773,37.426,1.9396,0.4464,0
AGB-02,2557.0,98.11,2.2565,0.341,1.146,1925.6,1.5157,0.4183,4.54,0,3,0.8538,0.2647,25.357,62.798,37.44,2.3629,0.4459,0
AGB-02,2558.0,94.84,2.2274,0.39,3.265,1743.9,1.2572,0.42,5.98,0,3,0.908,0.2675,25.367,62.822,37.455,1.9469,0.4448,0
AGB-02,2559.0,87.75,2.2583,0.3497,1.344,2030.3,1.6178,0.4177,5.71,0,3,0.8451,0.264,25.377,62.847,37.47,2.5296,0.4482,0
AGB-02,2560.0,97.57,2.1921,0.3606,1.741,1721.6,1.2363,0.42,4.84,0,3,0.9116,0.283,25.387,62.871,37.484,1.914,0.4432,0
AGB-02,2561.0,96.48,2.2326,0.3542,2.077,1809.0,1.2632,0.42,5.23,0,3,0.8981,0.2704,25.397,62.896,37.499,1.9573,0.4491,0
AGB-02,2562.0,89.42,2.2566,0.3264,1.087,2049.1,2.2675,0.3926,6.61,0,3,0.7987,0.2556,25.407,62.92,37.514,3.6112,0.4227,0
AGB-02,2563.0,91.92,2.2483,0.3478,1.024,1965.5,1.7221,0.3904,5.9,0,3,0.8327,0.2638,25.417,62.945,37.528,2.7019,0.4394,0
AGB-02,2564.0,90.82,2.2885,0.3046,1.342,2165.1,2.4374,0.3921,6.94,0,3,0.8074,0.2475,25.427,62.97,37.543,3.9017,0.427,0
AGB-02,2565.0,92.58,2.2082,0.3358,1.271,1786.4,1.4724,0.4097,4.57,0,3,0.8265,0.2753,25.437,62.994,37.558,2.2952,0.436,0
AGB-02,2566.0,86.52,2.2301,0.3522,1.207,1901.0,1.939,0.3956,4.84,0,3,0.7862,0.2718,25.447,63.019,37.572,3.0612,0.423,0
AGB-02,2567.0,96.86,2.2787,0.3211,1.865,2175.1,2.3779,0.4079,6.31,0,3,0.8388,0.2373,25.456,63.043,37.587,3.8013,0.4297,0
AGB-02,2568.0,92.55,2.2648,0.3269,1.433,2227.6,2.2976,0.3976,6.6,0,3,0.8333,0.2421,25.466,63.068,37.601,3.665,0.436,0
AGB-02,2569.0,94.98,2.232,0.3337,0.829,1768.6,1.4317,0.3847,5.0,0,3,0.8474,0.2697,25.476,63.092,37.616,2.2303,0.4375,0
AGB-02,2570.0,86.34,2.2171,0.3488,1.081,2110.9,1.9424,0.4186,4.52,0,3,0.7882,0.2713,25.486,63.117,37.631,3.0683,0.4395,0
AGB-02,2571.0,91.12,2.276,0.3182,1.386,2064.1,2.2469,0.3991,6.22,0,3,0.8173,0.2499,25.496,63.141,37.645,3.58,0.4256,0
AGB-02,2572.0,90.69,2.2226,0.36,1.689,1811.5,1.2563,0.4111,5.42,0,3,0.8495,0.2843,25.506,63.166,37.66,1.9487,0.4492,0
AGB-02,2573.0,96.26,2.2606,0.3593,2.589,1850.8,1.279,0.4087,5.16,0,3,0.8849,0.2646,25.516,63.191,37.675,1.9853,0.45,0
AGB-02,2574.0,93.53,2.2284,0.3776,1.313,1804.4,1.5669,0.4096,5.27,0,3,0.8331,0.2692,25.526,63.215,37.689,2.4509,0.4332,0
AGB-02,2575.0,101.37,2.2311,0.3517,1.015,1734.4,1.2564,0.4162,7.14,0,3,0.8808,0.265,25.536,63.24,37.704,1.9493,0.4441,0
AGB-02,2576.0,95.78,2.1982,0.3713,1.879,1722.8,1.2377,0.4087,5.33,0,3,0.9053,0.2701,25.546,63.264,37.719,1.9194,0.4433,0
AGB-02,2577.0,96.36,2.2364,0.3631,1.37,1741.5,1.2596,0.3911,5.72,0,3,0.8777,0.2835,25.556,63.289,37.733,1.9545,0.4446,0
AGB-02,2578.0,95.67,2.2403,0.33,1.654,1928.4,1.2791,0.42,5.11,0,3,0.8952,0.2591,25.566,63.313,37.748,1.9859,0.45,0
AGB-02,2579.0,86.53,2.2475,0.3378,1.367,2003.1,2.505,0.3605,4.66,0,3,0.7603,0.2606,25.575,63.338,37.763,4.023,0.4057,0
AGB-02,2580.0,92.16,2.2283,0.347,1.384,1812.7,1.259,0.4137,5.86,0,3,0.8789,0.269,25.585,63.363,37.777,1.9538,0.4493,0
AGB-02,2581.0,94.44,2.2375,0.3536,0.743,1767.3,1.4401,0.42,6.22,0,3,0.8551,0.2666,25.595,63.387,37.792,2.2455,0.4371,0
AGB-02,2582.0,94.76,2.2459,0.3587,1.443,1670.5,1.26,0.42,4.78,0,3,0.9036,0.2671,25.605,63.412,37.806,1.9555,0.4392,0
AGB-02,2583.0,90.43,2.2014,0.351,1.048,1909.5,1.2488,0.4041,5.63,0,3,0.8568,0.2787,25.615,63.436,37.821,1.9375,0.45,0
AGB-02,2584.0,94.56,2.21,0.3622,1.444,1670.5,1.2406,0.42,5.17,0,3,0.9304,0.2716,25.625,63.461,37.836,1.9243,0.4392,0
AGB-02,2585.0,99.68,2.2297,0.3574,2.006,1689.3,1.2525,0.4096,5.64,0,3,0.8946,0.2776,25.635,63.485,37.85,1.9435,0.4407,0
AGB-02,2586.0,93.05,2.2191,0.3836,1.697,1606.2,1.2408,0.3912,4.27,0,3,0.8763,0.2845,25.645,63.51,37.865,1.9247,0.4336,0
AGB-02,2587.0,100.45,2.2017,0.3678,1.742,1577.3,1.229,0.42,5.35,0,3,0.8995,0.2784,25.655,63.534,37.88,1.9058,0.4308,0
AGB-02,2588.0,95.69,2.1846,0.3746,1.72,1545.9,1.2172,0.4049,4.06,0,3,0.8948,0.2884,25.665,63.559,37.894,1.8868,0.4275,0
AGB-02,2589.0,96.69,2.2554,0.368,1.062,1784.9,1.3718,0.3837,5.12,0,3,0.8705,0.2644,25.675,63.584,37.909,2.1351,0.4426,0
AGB-02,2590.0,94.85,2.2122,0.3534,1.893,1786.9,1.249,0.4134,4.42,0,3,0.8669,0.2807,25.685,63.608,37.924,1.9376,0.4477,0
AGB-02,2591.0,96.16,2.2701,0.3513,1.429,1797.7,1.2813,0.4087,5.88,0,3,0.8869,0.264,25.694,63.633,37.938,1.9892,0.4484,0
AGB-02,2592.0,98.55,2.2057,0.4247,1.82,1450.0,1.2192,0.3938,3.99,0,3,0.9553,0.3063,25.704,63.657,37.953,1.8895,0.416,0
AGB-02,2593.0,89.66,2.2796,0.3361,1.232,2158.6,2.6761,0.396,6.37,0,3,0.7718,0.2522,25.714,63.682,37.968,4.3179,0.4162,0
AGB-02,2594.0,93.96,2.2334,0.3354,1.441,1749.1,1.2588,0.42,4.73,0,3,0.87,0.275,25.724,63.706,37.982,1.9527,0.4451,0
AGB-02,2595.0,91.3,2.235,0.3469,1.1,2106.7,2.2438,0.3882,5.27,0,3,0.795,0.2575,25.734,63.731,37.997,3.5748,0.4278,0
AGB-02,2596.0,99.16,2.2034,0.3537,1.873,1683.5,1.2386,0.3939,4.92,0,3,0.9175,0.2765,25.744,63.755,38.011,1.92,0.4403,0
AGB-02,2597.0,91.18,2.2464,0.3473,1.242,1915.3,2.01,0.3995,4.85,0,3,0.8298,0.2529,25.754,63.78,38.026,3.1806,0.4215,0
AGB-02,2598.0,88.58,2.2255,0.3187,1.781,2091.5,2.0345,0.4054,6.4,0,3,0.8093,0.2599,25.764,63.805,38.041,3.2211,0.4348,0
AGB-02,2599.0,98.34,2.2302,0.3533,1.85,1711.3,1.2554,0.4081,5.16,0,3,0.9208,0.2741,25.774,63.829,38.055,1.9462,0.4424,0
AGB-02,2600.0,91.64,2.2195,0.3598,1.413,1910.9,1.436,0.4136,5.84,0,3,0.84,0.2727,25.784,63.854,38.07,2.2365,0.4473,0
AGB-02,2601.0,95.09,2.1906,0.3796,1.336,1733.3,1.2354,0.4156,4.55,0,3,0.8623,0.2853,25.794,63.878,38.085,1.9138,0.444,0
AGB-02,2602.0,98.91,2.2152,0.3634,3.069,1579.9,1.2382,0.3842,5.61,0,3,0.9112,0.281,25.804,63.903,38.099,1.9179,0.431,0
AGB-02,2603.0,94.37,2.2523,0.3129,0.967,2065.3,2.2903,0.3875,7.28,0,3,0.8266,0.2441,25.813,63.927,38.114,3.65,0.423,0
AGB-02,2604.0,96.01,2.2084,0.3667,1.697,1726.8,1.2453,0.4088,4.68,0,3,0.8579,0.279,25.823,63.952,38.129,1.9287,0.4436,0
AGB-02,2605.0,91.92,2.1985,0.356,2.412,1704.6,1.2387,0.42,4.04,1,3,0.8626,0.2837,25.833,63.976,38.143,1.9178,0.4419,0
AGB-02,2606.0,100.62,2.1984,0.3879,1.422,1727.2,1.2402,0.4185,4.44,0,3,0.9072,0.2766,25.843,64.001,38.158,1.92,0.4436,0
AGB-02,2607.0,95.44,2.2878,0.3311,1.444,2212.6,2.5356,0.3813,7.63,0,3,0.802,0.2465,25.853,64.026,38.173,4.0669,0.4271,0
AGB-02,2608.0,95.73,2.1977,0.3667,0.918,1833.2,1.246,0.42,4.17,0,3,0.843,0.2874,25.863,64.05,38.187,1.9287,0.45,0
AGB-02,2609.0,89.88,2.2082,0.3632,1.446,1746.2,1.2472,0.42,3.79,0,3,0.8292,0.2853,25.873,64.075,38.202,1.9303,0.4449,0
AGB-02,2610.0,89.81,2.2189,0.3239,1.33,1903.6,1.5368,0.42,4.98,0,3,0.8226,0.275,25.883,64.099,38.216,2.3963,0.4424,0
AGB-02,2611.0,88.53,2.223,0.3536,0.812,1778.7,1.2756,0.3975,5.05,0,3,0.8487,0.2767,25.893,64.124,38.231,1.9751,0.4462,0
AGB-02,2612.0,95.83,2.2099,0.3634,1.621,1756.1,1.2493,0.4183,4.62,0,3,0.8551,0.2837,25.903,64.148,38.246,1.9327,0.4456,0
AGB-02,2613.0,92.14,2.2183,0.3533,1.307,1685.4,1.2498,0.4107,5.05,0,3,0.867,0.2789,25.913,64.173,38.26,1.9331,0.4404,0
AGB-02,2614.0,94.16,2.2443,0.3294,3.029,1971.8,1.6169,0.4112,5.18,0,3,0.874,0.2527,25.923,64.198,38.275,2.5248,0.4443,0
AGB-02,2615.0,92.79,2.2262,0.362,1.535,1884.6,1.2655,0.42,5.44,0,3,0.8456,0.2801,25.932,64.222,38.29,1.9576,0.45,0
AGB-02,2616.0,93.29,2.2336,0.3417,0.597,2075.1,1.9909,0.4072,6.14,0,3,0.8074,0.2629,25.942,64.247,38.304,3.1395,0.4359,0
AGB-02,2617.0,95.29,2.23,0.3646,1.609,1790.2,1.2632,0.4141,5.03,0,3,0.8516,0.2784,25.952,64.271,38.319,1.9534,0.4479,0
AGB-02,2618.0,96.39,2.2122,0.3754,1.693,1635.7,1.2439,0.4032,4.68,0,3,0.8737,0.2906,25.962,64.296,38.334,1.9223,0.4363,0
AGB-02,2619.0,101.99,2.2471,0.3172,2.859,1862.2,1.2767,0.42,6.17,0,3,0.9199,0.2609,25.972,64.32,38.348,1.9743,0.45,0
AGB-02,2620.0,92.04,2.2826,0.3262,1.469,1939.5,2.3325,0.3689,7.26,0,3,0.8366,0.2394,25.982,64.345,38.363,3.7112,0.4095,0
AGB-02,2621.0,100.62,2.2026,0.395,1.27,1555.2,1.2327,0.3987,4.05,0,3,0.9205,0.2916,25.992,64.369,38.377,1.9036,0.4285,0
AGB-02,2622.0,98.39,2.2744,0.3337,1.807,2193.5,2.2634,0.42,6.29,0,3,0.8307,0.2453,26.002,64.394,38.392,3.5932,0.4354,0
AGB-02,2623.0,93.66,2.2103,0.3351,1.118,1975.1,1.643,0.4125,4.96,0,3,0.8144,0.2736,26.012,64.419,38.407,2.5641,0.4425,0
AGB-02,2624.0,95.71,2.2133,0.3679,2.304,1707.8,1.2503,0.4146,4.71,0,3,0.9386,0.2737,26.022,64.443,38.421,1.9311,0.4421,0
AGB-02,2625.0,97.65,2.19,0.3646,1.26,1632.5,1.2326,0.3896,5.59,0,3,0.8903,0.2844,26.032,64.468,38.436,1.9026,0.436,0
AGB-02,2626.0,93.81,2.2355,0.3415,0.874,1983.0,1.4487,0.42,5.36,0,3,0.8576,0.2664,26.042,64.492,38.451,2.2485,0.45,0
AGB-02,2627.0,89.66,2.2572,0.3254,1.071,1887.6,2.0165,0.3921,5.92,0,3,0.8339,0.2518,26.051,64.517,38.465,3.1777,0.4191,0
AGB-02,2628.0,95.18,2.195,0.3601,1.412,1674.6,1.2386,0.409,5.11,0,3,0.8733,0.2802,26.061,64.541,38.48,1.9117,0.4395,0
AGB-02,2629.0,91.77,2.2677,0.3194,1.062,1995.8,2.3164,0.3819,5.83,0,3,0.799,0.2544,26.071,64.566,38.495,3.6806,0.416,0
AGB-02,2630.0,90.45,2.21,0.3621,1.438,1866.9,1.3285,0.4126,4.94,0,3,0.8482,0.2745,26.081,64.59,38.509,2.0551,0.4493,0
AGB-02,2631.0,101.22,2.1849,0.3725,0.889,1569.1,1.2252,0.4021,5.25,0,3,0.8823,0.2759,26.091,64.615,38.524,1.8902,0.43,0
AGB-02,2632.0,99.24,2.2259,0.3911,2.046,1746.1,1.2602,0.42,4.76,0,3,0.9398,0.275,26.101,64.64,38.539,1.9459,0.4449,0
AGB-02,2633.0,93.58,2.2376,0.3468,1.239,2002.4,1.7358,0.4192,4.99,0,3,0.8397,0.261,26.111,64.664,38.553,2.7139,0.4414,0
AGB-02,2634.0,94.87,2.2461,0.3299,1.707,2057.4,1.827,0.412,6.43,0,3,0.8298,0.2615,26.121,64.689,38.568,2.8636,0.4417,0
AGB-02,2635.0,91.74,2.258,0.3534,1.178,1855.0,1.6472,0.3976,4.35,0,3,0.8447,0.2629,26.131,64.713,38.582,2.5693,0.4349,0
AGB-02,2636.0,96.18,2.2568,0.3356,1.175,2101.3,1.9857,0.42,5.79,0,3,0.8253,0.2573,26.141,64.738,38.597,3.1259,0.4388,0
AGB-02,2637.0,106.3,2.228,0.3678,1.075,1570.5,1.2488,0.3968,4.98,0,3,0.9135,0.2718,26.151,64.762,38.612,1.9277,0.4301,0
AGB-02,2638.0,99.04,2.1927,0.3741,2.168,1524.4,1.2255,0.3845,4.35,0,3,0.9217,0.2882,26.161,64.787,38.626,1.8906,0.4252,0
AGB-02,2639.0,99.56,2.2242,0.3665,0.699,1642.0,1.2523,0.412,4.65,0,3,0.8956,0.2758,26.17,64.811,38.641,1.9334,0.4368,0
AGB-02,2640.0,87.36,2.2642,0.3504,0.947,1840.6,1.73,0.3916,5.81,0,3,0.8572,0.2547,26.18,64.836,38.656,2.7049,0.4297,0
AGB-02,2641.0,86.08,2.2391,0.3263,0.685,2278.0,2.7189,0.4018,6.97,0,3,0.7576,0.256,26.19,64.861,38.67,4.3708,0.4239,0
AGB-02,2642.0,92.25,2.2517,0.3246,1.852,1991.5,1.6229,0.42,5.46,0,3,0.87,0.2545,26.2,64.885,38.685,2.5305,0.4457,0
AGB-02,2643.0,95.56,2.2382,0.3373,0.876,1849.6,1.4323,0.42,5.75,0,3,0.8758,0.2599,26.21,64.91,38.7,2.2223,0.4441,0
AGB-02,2644.0,94.47,2.2129,0.3567,1.224,2035.6,1.7465,0.4064,5.08,0,3,0.8252,0.2655,26.22,64.934,38.714,2.7329,0.4424,0
AGB-02,2645.0,98.36,2.2228,0.3651,1.478,1520.2,1.2407,0.3929,4.69,0,3,0.8921,0.2723,26.23,64.959,38.729,1.9159,0.4247,0
AGB-02,2646.0,92.51,2.2546,0.3574,0.995,1868.4,1.398,0.42,4.93,0,3,0.8681,0.2649,26.24,64.983,38.744,2.1678,0.4474,0
AGB-02,2647.0,90.07,2.2483,0.3634,1.153,1959.9,1.4788,0.3948,4.21,0,3,0.8522,0.2675,26.25,65.008,38.758,2.2983,0.4495,0
AGB-02,2648.0,91.61,2.2578,0.3284,1.874,1854.7,2.0583,0.3789,5.71,0,3,0.8351,0.2496,26.26,65.033,38.772,3.2499,0.4131,0
AGB-02,2649.0,92.12,2.2168,0.3434,0.885,1774.0,1.2554,0.4036,6.22,0,3,0.8885,0.2726,26.27,65.057,38.787,1.9404,0.4468,0
AGB-02,2650.0,94.94,2.2342,0.3376,1.447,1865.7,1.5554,0.4,4.43,0,3,0.8535,0.2629,26.281,65.082,38.801,2.4235,0.4393,0
AGB-02,2651.0,91.64,2.2235,0.3452,1.641,2124.7,2.0101,0.3975,5.72,0,3,0.8147,0.2594,26.292,65.106,38.815,3.1712,0.4383,0
AGB-02,2652.0,92.75,2.2359,0.3641,1.223,1860.0,1.417,0.4025,5.53,0,3,0.8828,0.2578,26.302,65.131,38.828,2.2004,0.4454,0
AGB-02,2653.0,101.79,2.2736,0.3467,1.27,1927.3,1.3928,0.4108,4.26,0,3,0.8958,0.2551,26.313,65.155,38.842,2.1618,0.45,0
AGB-02,2654.0,89.27,2.2688,0.3188,0.77,2181.7,2.9227,0.3882,7.28,0,3,0.7916,0.2362,26.324,65.18,38.856,4.7363,0.4077,0
AGB-02,2655.0,93.58,2.2152,0.3533,1.317,1861.6,1.3575,0.4188,4.53,0,3,0.8549,0.2707,26.335,65.204,38.869,2.106,0.4477,0
AGB-02,2656.0,96.61,2.1962,0.3758,2.415,1620.4,1.2327,0.4037,5.62,0,3,0.914,0.2861,26.346,65.229,38.883,1.9065,0.4349,0
AGB-02,2657.0,100.29,2.2382,0.3599,1.952,1612.4,1.2547,0.387,4.87,0,3,0.9529,0.2695,26.357,65.254,38.896,1.9421,0.4342,0
AGB-02,2658.0,90.68,2.2459,0.3677,1.098,1750.6,1.2705,0.4136,4.99,0,3,0.859,0.2738,26.368,65.278,38.91,1.9677,0.4451,0
AGB-02,2659.0,89.44,2.2227,0.3408,1.066,1994.0,1.7987,0.4116,4.96,0,3,0.8197,0.2655,26.38,65.303,38.923,2.826,0.4374,0
AGB-02,2660.0,92.29,2.2398,0.351,0.693,1724.5,1.5332,0.4019,5.15,0,3,0.8239,0.2748,26.391,65.327,38.936,2.3923,0.4281,0
AGB-02,2661.0,99.02,2.264,0.3683,1.73,1804.6,1.294,0.4025,7.3,0,3,0.9081,0.2543,26.402,65.352,38.949,2.0068,0.4481,0
AGB-02,2662.0,92.07,2.2611,0.3423,0.985,1909.3,2.3766,0.3594,6.2,0,3,0.7893,0.2549,26.414,65.376,38.962,3.7973,0.4017,0
AGB-02,2663.0,99.36,2.1777,0.3723,1.332,1600.2,1.2192,0.4025,4.89,0,3,0.9002,0.2879,26.425,65.401,38.976,1.888,0.433,0
AGB-02,2664.0,97.16,2.2317,0.3485,1.386,1800.2,1.2932,0.42,5.46,0,3,0.8735,0.2668,26.437,65.425,38.988,2.0068,0.447,0
AGB-02,2665.0,99.28,2.2462,0.3557,0.838,1798.5,1.2688,0.4091,4.82,0,3,0.8702,0.2704,26.449,65.45,39.001,1.9683,0.4484,0
AGB-02,2666.0,98.09,2.2078,0.3674,1.303,1580.0,1.2331,0.3978,4.84,0,3,0.8942,0.2755,26.46,65.475,39.014,1.9115,0.4311,0
AGB-02,2667.0,92.23,2.2853,0.3491,1.144,1946.2,1.9167,0.3836,6.82,0,3,0.882,0.2384,26.472,65.499,39.027,3.0268,0.4304,0
AGB-02,2668.0,96.47,2.2407,0.3499,1.802,2099.5,1.9116,0.394,5.19,0,3,0.833,0.2566,26.484,65.524,39.04,3.0191,0.4407,0
AGB-02,2669.0,92.3,2.2541,0.3206,1.708,2025.5,1.9026,0.4151,7.24,0,3,0.8614,0.2462,26.496,65.548,39.052,3.0049,0.4362,0
AGB-02,2670.0,93.55,2.2235,0.3655,1.424,1776.1,1.2538,0.4099,4.47,0,3,0.8772,0.2756,26.508,65.573,39.065,1.9465,0.447,0
AGB-02,2671.0,87.68,2.2414,0.3354,1.048,2228.8,2.629,0.3977,5.73,0,3,0.7606,0.2576,26.52,65.597,39.078,4.2409,0.4227,0
AGB-02,2672.0,95.17,2.2506,0.3222,1.619,2075.1,2.3265,0.4034,6.4,0,3,0.8083,0.25,26.532,65.622,39.09,3.7211,0.422,0
AGB-02,2673.0,96.43,2.1997,0.388,1.008,1728.5,1.2373,0.42,4.14,0,3,0.8534,0.2852,26.544,65.647,39.103,1.9213,0.4437,0
AGB-02,2674.0,95.14,2.2363,0.3635,1.896,1757.8,1.2587,0.42,4.63,0,3,0.9031,0.2702,26.556,65.671,39.115,1.956,0.4457,0
AGB-02,2675.0,84.63,2.2526,0.3232,1.602,2282.3,3.0598,0.3887,7.42,0,3,0.7683,0.24,26.568,65.696,39.127,5.0053,0.411,0
AGB-02,2676.0,95.54,2.2262,0.3231,1.27,2026.8,2.1468,0.3905,6.45,0,3,0.815,0.2532,26.58,65.72,39.14,3.4194,0.4245,0
AGB-02,2677.0,103.22,2.2188,0.3763,1.032,1746.0,1.2477,0.4064,4.49,0,3,0.8929,0.2771,26.593,65.745,39.152,1.9397,0.4449,0
AGB-02,2678.0,96.37,2.2264,0.3416,2.179,1826.5,1.2559,0.4188,5.61,0,3,0.8871,0.2812,26.605,65.769,39.164,1.9533,0.45,0
AGB-02,2679.0,87.63,2.1893,0.3449,1.464,1724.1,1.3355,0.4161,5.44,0,3,0.8486,0.2728,26.618,65.794,39.176,2.0818,0.4374,0
AGB-02,2680.0,89.35,2.2355,0.3563,1.97,1944.0,2.3311,0.3586,6.39,0,3,0.7996,0.2518,26.63,65.818,39.188,3.7357,0.4068,0
AGB-02,2681.0,94.84,2.2592,0.3238,1.517,1920.8,1.8565,0.3963,6.41,0,3,0.8489,0.2525,26.642,65.843,39.201,2.9361,0.4298,0
AGB-02,2682.0,94.07,2.2665,0.3209,1.223,2165.4,2.8808,0.364,6.63,0,3,0.8037,0.2324,26.655,65.868,39.213,4.6939,0.4069,0
AGB-02,2683.0,89.91,2.2121,0.3545,0.686,1862.6,1.568,0.4091,4.91,0,3,0.8096,0.2783,26.668,65.892,39.225,2.4612,0.4372,0
AGB-02,2684.0,86.61,2.275,0.3556,0.892,1842.9,1.6454,0.3948,4.36,0,3,0.8315,0.2682,26.68,65.917,39.236,2.5886,0.4339,0
AGB-02,2685.0,94.27,2.2614,0.3313,2.597,1927.1,1.6216,0.3925,5.85,0,3,0.8725,0.2534,26.693,65.941,39.248,2.55,0.4411,0
AGB-02,2686.0,90.13,2.2303,0.3512,0.767,2008.1,1.5451,0.4196,5.01,0,3,0.8461,0.2662,26.706,65.966,39.26,2.425,0.4487,0
AGB-02,2687.0,90.27,2.2749,0.3008,2.017,2296.2,3.0987,0.3978,7.42,0,3,0.7836,0.2336,26.718,65.99,39.272,5.0873,0.4116,0
AGB-02,2688.0,102.46,2.2558,0.3841,3.523,1773.8,1.2671,0.4009,4.67,0,3,0.9058,0.2678,26.731,66.015,39.284,1.9746,0.4468,0
AGB-02,2689.0,89.04,2.2214,0.3587,1.318,1907.5,1.5851,0.3922,5.1,0,3,0.8643,0.2568,26.744,66.039,39.295,2.4917,0.4401,0
AGB-02,2690.0,97.01,2.2106,0.3718,2.111,1718.7,1.2389,0.4177,4.73,0,3,0.9405,0.2738,26.757,66.064,39.307,1.9299,0.443,0
AGB-02,2691.0,88.0,2.2262,0.3354,1.868,2017.7,2.3452,0.3805,5.77,0,3,0.7855,0.2567,26.77,66.089,39.319,3.7666,0.4138,0
AGB-02,2692.0,96.93,2.2076,0.3595,1.111,1765.3,1.2397,0.4053,5.19,0,3,0.9229,0.2655,26.783,66.113,39.33,1.9316,0.4462,0
AGB-02,2693.0,99.8,2.2425,0.3253,1.673,1962.7,1.5358,0.3893,4.88,0,3,0.8723,0.2567,26.796,66.138,39.342,2.4121,0.4466,0
AGB-02,2694.0,99.7,2.2432,0.3327,1.366,1693.0,1.3856,0.3992,5.0,0,3,0.8777,0.2606,26.809,66.162,39.353,2.1676,0.4334,0
AGB-02,2695.0,88.64,2.2393,0.3535,1.411,1975.0,1.6279,0.416,5.26,0,3,0.8319,0.2682,26.822,66.187,39.365,2.5636,0.4434,0
AGB-02,2696.0,92.01,2.2261,0.3388,1.325,1984.2,1.9039,0.3967,4.56,0,3,0.8445,0.2513,26.835,66.211,39.376,3.0214,0.4316,0
AGB-02,2697.0,89.67,2.2264,0.3245,0.965,1927.0,1.7108,0.397,5.73,0,3,0.8338,0.2633,26.848,66.236,39.388,2.7006,0.4358,0
AGB-02,2698.0,89.53,2.2592,0.317,1.78,2134.1,2.3466,0.4,6.19,0,3,0.8026,0.2519,26.862,66.26,39.399,3.7717,0.4263,0
AGB-02,2699.0,103.79,2.2223,0.3652,1.427,1753.1,1.2463,0.4158,4.54,0,3,0.9244,0.275,26.875,66.285,39.41,1.9433,0.4454,0
AGB-02,2700.0,95.14,2.24,0.3662,1.166,1910.1,1.3227,0.42,5.8,0,3,0.8982,0.2562,26.888,66.31,39.422,2.0668,0.45,0
AGB-02,2701.0,90.55,2.2611,0.3412,1.147,1766.4,1.4919,0.4194,5.93,0,3,0.8852,0.2536,26.901,66.334,39.433,2.3419,0.4346,0
AGB-02,2702.0,97.7,2.2246,0.3718,1.426,1669.1,1.242,0.415,5.18,0,3,0.9058,0.2745,26.915,66.359,39.444,1.9368,0.4391,0
AGB-02,2703.0,105.21,2.2278,0.3581,1.524,1452.5,1.2246,0.3718,5.84,0,3,0.9378,0.2772,26.928,66.383,39.455,1.9089,0.4163,0
AGB-02,2704.0,95.09,2.2265,0.3481,0.891,1736.0,1.2472,0.4194,5.08,0,3,0.8637,0.2762,26.942,66.408,39.466,1.9454,0.4442,0
AGB-02,2705.0,102.25,2.2636,0.3428,1.988,1801.4,1.271,0.42,5.23,0,3,0.9287,0.2583,26.955,66.432,39.477,1.9838,0.4486,0
AGB-02,2706.0,97.51,2.2257,0.3598,1.151,1844.0,1.5305,0.4046,5.46,0,3,0.8511,0.2642,26.969,66.457,39.488,2.4055,0.4379,0
AGB-02,2707.0,95.8,2.1788,0.3701,1.221,1770.7,1.2232,0.418,4.47,0,3,0.8393,0.2835,26.982,66.482,39.499,1.9069,0.4466,0
AGB-02,2708.0,94.79,2.2049,0.3807,1.226,1753.6,1.2364,0.4083,5.42,0,3,0.8765,0.2798,26.996,66.506,39.51,1.9282,0.4454,0
AGB-02,2709.0,90.61,2.2694,0.338,1.639,1957.2,1.9449,0.4162,6.42,0,3,0.8523,0.248,27.01,66.531,39.521,3.0922,0.4289,0
AGB-02,2710.0,92.27,2.2625,0.3384,1.691,1999.4,2.2749,0.3683,5.0,0,3,0.7973,0.2561,27.023,66.555,39.532,3.651,0.4169,0
AGB-02,2711.0,99.34,2.2701,0.3371,1.495,1800.0,1.8,0.395,5.75,0,3,0.8616,0.2497,27.037,66.58,39.543,2.8505,0.4211,0
AGB-02,2712.0,96.1,2.2407,0.3561,1.792,1791.0,1.5036,0.3995,5.13,0,3,0.8483,0.2668,27.051,66.604,39.553,2.362,0.4354,0
AGB-02,2713.0,93.47,2.2529,0.3657,1.38,1829.5,1.482,0.4128,5.3,0,3,0.8666,0.2612,27.065,66.629,39.564,2.3267,0.44,0
AGB-02,2714.0,86.74,2.2727,0.328,1.272,2080.3,2.4393,0.3893,5.7,0,3,0.7926,0.2525,27.079,66.653,39.575,3.9341,0.4179,0
AGB-02,2715.0,100.42,2.2322,0.355,1.64,1793.6,1.2532,0.4087,4.89,0,3,0.9466,0.2651,27.092,66.678,39.586,1.9557,0.4481,0
AGB-02,2716.0,97.19,2.2282,0.3711,1.638,1796.1,1.545,0.4146,6.47,0,3,0.8286,0.2722,27.106,66.703,39.596,2.4301,0.4331,0
AGB-02,2717.0,85.4,2.2575,0.343,1.178,2034.6,2.1302,0.4077,6.68,0,3,0.8205,0.2528,27.12,66.727,39.607,3.4053,0.4268,0
AGB-02,2718.0,103.05,2.2041,0.4009,2.909,1450.0,1.2112,0.3836,4.42,0,3,0.9506,0.2885,27.134,66.752,39.617,1.8881,0.416,0
AGB-02,2719.0,93.57,2.2748,0.3625,1.344,1773.4,1.5059,0.3979,5.33,0,3,0.8489,0.2674,27.148,66.776,39.628,2.3662,0.4349,0
AGB-02,2720.0,98.89,2.2762,0.342,1.948,1821.6,1.2991,0.42,5.36,0,3,0.9156,0.2514,27.162,66.801,39.638,2.0301,0.4489,0
AGB-02,2721.0,97.16,2.2397,0.3335,0.969,1920.2,1.5431,0.4149,5.38,0,3,0.8601,0.2609,27.177,66.825,39.649,2.4271,0.4433,0
AGB-02,2722.0,93.12,2.2494,0.3298,1.4,2074.3,1.6365,0.42,5.85,0,3,0.8694,0.254,27.191,66.85,39.659,2.5809,0.4493,0
AGB-02,2723.0,99.43,2.2267,0.3611,1.939,1780.7,1.2492,0.4006,5.08,0,3,0.8713,0.2713,27.205,66.874,39.67,1.9497,0.4473,0
AGB-02,2724.0,93.39,2.248,0.3225,1.822,1958.8,1.6794,0.4013,6.11,0,3,0.8567,0.2567,27.219,66.899,39.68,2.6516,0.4403,0
AGB-02,2725.0,89.6,2.2069,0.3317,1.427,1867.0,1.4826,0.4036,5.77,0,3,0.8498,0.2664,27.233,66.924,39.69,2.3286,0.4413,0
AGB-02,2726.0,86.52,2.2807,0.3385,1.081,2139.4,2.7459,0.3707,5.85,0,3,0.7866,0.2442,27.248,66.948,39.701,4.4709,0.4105,0
AGB-02,2727.0,88.14,2.2535,0.3245,1.635,2258.8,2.8072,0.3872,6.19,0,3,0.7705,0.2478,27.262,66.973,39.711,4.5794,0.4183,0
AGB-02,2728.0,94.42,2.2305,0.3543,1.915,1983.0,1.6932,0.4173,4.53,0,3,0.8348,0.2641,27.276,66.997,39.721,2.6748,0.4408,0
AGB-02,2729.0,92.5,2.2282,0.3575,0.721,1890.5,1.5006,0.4038,4.84,0,3,0.8381,0.2709,27.291,67.022,39.731,2.3582,0.4428,0
AGB-02,2730.0,95.95,2.254,0.3448,1.928,1811.8,1.2711,0.4186,5.0,0,3,0.8602,0.2734,27.305,67.046,39.741,1.9855,0.449,0
AGB-02,2731.0,90.79,2.251,0.3405,1.016,2066.6,1.8717,0.4021,5.07,0,3,0.7945,0.2731,27.32,67.071,39.751,2.9718,0.4399,0
AGB-02,2732.0,99.36,2.2649,0.353,1.859,1839.9,1.2727,0.42,5.59,0,3,0.9117,0.2577,27.334,67.095,39.761,1.9881,0.45,0
AGB-02,2733.0,98.65,2.1883,0.3796,1.379,1663.7,1.2208,0.3926,4.57,0,3,0.8804,0.2755,27.349,67.12,39.771,1.9046,0.4386,0
AGB-02,2734.0,96.28,2.2314,0.3642,2.578,1719.4,1.2478,0.42,4.99,0,3,0.9193,0.2588,27.363,67.145,39.781,1.9481,0.443,0
AGB-02,2735.0,102.27,2.2372,0.3449,1.326,1653.6,1.2465,0.4098,4.33,0,3,0.903,0.2697,27.378,67.169,39.791,1.9461,0.4378,0
AGB-02,2736.0,95.24,2.2144,0.376,1.341,1948.5,1.431,0.42,5.24,0,3,0.8392,0.2733,27.393,67.194,39.801,2.2452,0.4493,0
AGB-02,2737.0,96.78,2.2321,0.3438,1.506,1961.5,1.6221,0.4062,5.95,0,3,0.8544,0.2596,27.407,67.218,39.811,2.5583,0.4424,0
AGB-02,2738.0,91.32,2.2393,0.3413,1.211,2067.7,1.7428,0.403,5.04,0,3,0.8309,0.264,27.422,67.243,39.821,2.7578,0.4446,0
AGB-02,2739.0,103.4,2.2032,0.4079,2.764,1514.0,1.2166,0.3807,3.89,0,3,0.9515,0.2946,27.437,67.267,39.831,1.8981,0.424,0
AGB-02,2740.0,90.48,2.2181,0.3788,2.017,1705.7,1.2395,0.4124,5.45,0,3,0.8993,0.2777,27.451,67.292,39.841,1.9351,0.442,0
AGB-02,2741.0,85.71,2.2459,0.3345,1.283,2056.2,1.8463,0.4014,5.78,0,3,0.8249,0.2622,27.466,67.317,39.85,2.9303,0.44,0
AGB-02,2742.0,94.27,2.2718,0.3623,3.472,1809.4,1.2745,0.4159,5.79,0,3,0.9206,0.254,27.481,67.341,39.86,1.9917,0.4491,0
AGB-02,2743.0,89.52,2.2592,0.3335,1.053,2030.5,2.2549,0.4022,5.18,0,3,0.8119,0.2514,27.496,67.366,39.87,3.6206,0.4208,0
AGB-02,2744.0,98.27,2.208,0.3719,0.828,1595.4,1.2261,0.4057,4.31,0,3,0.8863,0.2853,27.511,67.39,39.879,1.9136,0.4326,0
AGB-02,2745.0,97.68,2.2405,0.3495,2.2,1674.5,1.2494,0.3972,4.53,0,3,0.9417,0.2718,27.526,67.415,39.889,1.9513,0.4395,0
AGB-02,2746.0,91.9,2.2647,0.373,1.092,2102.5,1.6362,0.4133,5.92,0,3,0.8283,0.2704,27.541,67.439,39.898,2.5819,0.45,0
AGB-02,2747.0,94.35,2.2032,0.344,1.303,1908.2,1.2418,0.4115,5.35,0,3,0.896,0.2676,27.556,67.464,39.908,1.939,0.45,0
AGB-02,2748.0,93.7,2.2106,0.3477,1.133,2075.3,1.8804,0.3904,6.44,0,3,0.7962,0.2708,27.571,67.488,39.918,2.9874,0.4388,0
AGB-02,2749.0,96.95,2.2337,0.362,1.056,1868.9,1.4662,0.42,4.74,0,3,0.8412,0.2713,27.586,67.513,39.927,2.303,0.443,0
AGB-02,2750.0,89.58,2.2179,0.3259,1.461,2011.0,2.0545,0.3778,5.51,0,3,0.826,0.2523,27.601,67.538,39.936,3.2798,0.4265,0
AGB-02,2751.0,93.39,2.2373,0.3604,1.892,2028.9,1.5845,0.4176,4.87,0,3,0.8495,0.2635,27.616,67.562,39.946,2.4967,0.4484,0
AGB-02,2752.0,92.18,2.2517,0.3482,1.491,1997.1,1.643,0.4148,4.69,0,3,0.8498,0.2612,27.631,67.587,39.955,2.5929,0.4445,0
AGB-02,2753.0,101.42,2.2283,0.3521,2.786,1590.6,1.2368,0.4004,4.72,0,3,0.9342,0.2665,27.647,67.611,39.965,1.9306,0.4321,0
AGB-02,2754.0,96.73,2.2237,0.3936,1.939,1674.0,1.2405,0.4182,4.45,0,3,0.9163,0.2794,27.662,67.636,39.974,1.9366,0.4395,0
AGB-02,2755.0,83.52,2.2489,0.3135,0.825,2269.8,2.6776,0.3887,5.42,0,3,0.7479,0.2611,27.677,67.66,39.983,4.3522,0.424,0
AGB-02,2756.0,93.88,2.2443,0.3459,0.84,1880.9,1.7679,0.4167,5.05,0,3,0.852,0.2544,27.693,67.685,39.992,2.7993,0.4297,0
AGB-02,2757.0,92.55,2.2439,0.3446,1.303,1996.0,1.9914,0.4093,5.13,0,3,0.8218,0.2573,27.708,67.709,40.002,3.1727,0.4291,0
AGB-02,2758.0,93.53,2.1927,0.3757,1.637,1740.3,1.2281,0.4122,5.03,0,3,0.8977,0.2841,27.723,67.734,40.011,1.9163,0.4445,0
AGB-02,2759.0,93.79,2.2171,0.3401,1.013,1936.3,1.7472,0.4005,5.15,0,3,0.819,0.2674,27.739,67.759,40.02,2.7645,0.4344,0
AGB-02,2760.0,94.77,2.2258,0.3737,1.581,1981.4,1.3381,0.4093,5.2,0,3,0.8979,0.2555,27.754,67.783,40.029,2.0939,0.45,0
AGB-02,2761.0,95.49,2.2164,0.3684,2.427,1673.2,1.2369,0.4089,4.12,0,3,0.9247,0.2795,27.77,67.808,40.038,1.9301,0.4394,0
AGB-02,2762.0,92.72,2.2697,0.3449,1.599,1841.9,1.665,0.4128,5.39,0,3,0.8495,0.2605,27.785,67.832,40.047,2.6281,0.4324,0
AGB-02,2763.0,92.2,2.2572,0.3351,1.547,1843.2,1.4609,0.4081,6.17,0,3,0.8728,0.2601,27.801,67.857,40.056,2.2929,0.4422,0
AGB-02,2764.0,94.29,2.2706,0.3443,1.383,2152.9,2.1376,0.3967,7.36,0,3,0.8416,0.2455,27.816,67.881,40.065,3.4181,0.4363,0
AGB-02,2765.0,92.14,2.2421,0.3324,1.913,1913.1,1.8983,0.3857,5.83,0,3,0.8176,0.2624,27.832,67.906,40.074,3.0149,0.4261,0
AGB-02,2766.0,101.95,2.2709,0.3245,1.858,1778.3,1.5963,0.3978,6.77,0,3,0.9031,0.2426,27.847,67.931,40.083,2.514,0.4303,0
AGB-02,2767.0,95.24,2.2548,0.3205,1.283,1891.9,1.7075,0.3984,6.25,0,3,0.8633,0.2531,27.863,67.955,40.092,2.697,0.4341,0
AGB-02,2768.0,95.3,2.2526,0.33,1.377,2058.9,2.1885,0.407,6.11,0,3,0.8079,0.2556,27.879,67.98,40.101,3.5031,0.4262,0
AGB-02,2769.0,92.32,2.2014,0.3604,1.651,1778.0,1.3655,0.3998,4.98,0,3,0.8412,0.2749,27.895,68.004,40.11,2.1365,0.4404,0
AGB-02,2770.0,92.84,2.3141,0.3251,2.034,2076.9,2.5251,0.389,6.74,0,3,0.8378,0.2337,27.91,68.029,40.118,4.0807,0.4156,0
AGB-02,2771.0,99.53,2.244,0.3772,2.987,1867.0,1.264,0.42,4.93,0,3,0.9069,0.2727,27.926,68.053,40.127,1.9719,0.45,0
AGB-02,2772.0,93.69,2.2815,0.3644,0.789,1933.8,1.8402,0.3995,6.52,0,3,0.8363,0.259,27.942,68.078,40.136,2.9155,0.4323,0
AGB-02,2773.0,92.63,2.2252,0.3521,1.801,1941.3,1.705,0.3946,5.64,0,3,0.8399,0.2615,27.958,68.102,40.145,2.6909,0.4372,0
AGB-02,2774.0,93.78,2.2371,0.3731,1.63,1871.8,1.5011,0.3946,6.13,0,3,0.8645,0.2611,27.974,68.127,40.153,2.3557,0.4418,0
AGB-02,2775.0,97.45,2.1926,0.3741,1.119,1655.3,1.2246,0.3971,4.73,0,3,0.9157,0.2854,27.99,68.152,40.162,1.9074,0.438,0
AGB-02,2776.0,89.56,2.2499,0.3441,0.827,2015.4,2.1052,0.3912,4.87,0,3,0.7975,0.2626,28.006,68.176,40.17,3.3584,0.426,0
AGB-02,2777.0,88.82,2.2829,0.308,0.715,2451.2,3.5813,0.3665,6.64,0,3,0.7404,0.2357,28.022,68.201,40.179,5.9741,0.4086,0
AGB-02,2778.0,93.01,2.2749,0.3353,2.574,1809.6,1.5916,0.3996,5.37,0,3,0.8751,0.254,28.038,68.225,40.188,2.5024,0.4336,0
AGB-02,2779.0,92.06,2.2187,0.3409,1.121,1863.9,1.3583,0.4129,4.51,0,3,0.8394,0.2768,28.054,68.25,40.196,2.122,0.4475,0
AGB-02,2780.0,89.23,2.2198,0.3694,0.985,2009.3,2.1093,0.4003,5.25,0,3,0.7864,0.2657,28.07,68.274,40.205,3.3632,0.4241,0
AGB-02,2781.0,91.87,2.2382,0.342,1.295,1923.5,1.3514,0.42,4.64,0,3,0.8587,0.2704,28.086,68.299,40.213,2.1102,0.45,0
AGB-02,2782.0,94.9,2.2673,0.35,2.126,1939.9,1.3581,0.42,6.34,0,3,0.9027,0.254,28.102,68.323,40.221,2.1206,0.45,0
AGB-02,2783.0,100.87,2.2702,0.3308,2.376,1834.6,1.3767,0.4097,6.45,0,3,0.8964,0.2554,28.118,68.348,40.23,2.1505,0.4461,0
AGB-02,2784.0,85.12,2.2117,0.328,1.321,2082.5,2.1706,0.3886,5.64,0,3,0.7884,0.2627,28.134,68.373,40.238,3.4648,0.4276,0
AGB-02,2785.0,95.09,2.2265,0.3862,1.667,1615.4,1.2418,0.4102,4.9,0,3,0.9057,0.2736,28.151,68.397,40.246,1.9322,0.4344,0
AGB-02,2786.0,98.36,2.2658,0.3349,2.056,1981.5,1.3799,0.4099,4.68,0,3,0.8908,0.2577,28.167,68.422,40.255,2.1548,0.45,0
AGB-02,2787.0,98.28,2.2353,0.372,1.492,1757.7,1.2564,0.4153,4.3,0,3,0.9047,0.2676,28.183,68.446,40.263,1.9551,0.4457,0
AGB-02,2788.0,99.55,2.2358,0.3881,1.508,1714.8,1.2542,0.3967,5.5,0,3,0.9285,0.2661,28.2,68.471,40.271,1.9514,0.4427,0
AGB-02,2789.0,100.2,2.2584,0.337,1.517,2089.3,1.7134,0.4028,6.25,0,3,0.8933,0.2423,28.216,68.495,40.279,2.6984,0.4478,0
AGB-02,2790.0,93.04,2.2725,0.3564,1.548,1846.5,1.5745,0.4076,4.68,0,3,0.8641,0.2592,28.232,68.52,40.288,2.47,0.4377,0
AGB-02,2791.0,99.08,2.1998,0.352,1.341,1878.7,1.2438,0.42,4.48,0,3,0.8506,0.2781,28.249,68.544,40.296,1.9339,0.45,0
AGB-02,2792.0,91.71,2.2395,0.3849,1.46,1755.1,1.3459,0.4054,5.29,0,3,0.8405,0.2774,28.265,68.569,40.304,2.098,0.441,0
AGB-02,2793.0,89.47,2.2697,0.3373,1.09,1957.0,2.1851,0.3912,5.45,0,3,0.823,0.2504,28.282,68.594,40.312,3.4846,0.4177,0
AGB-02,2794.0,95.7,2.272,0.3124,2.021,2148.7,2.4645,0.395,7.33,0,3,0.8328,0.2371,28.298,68.618,40.32,3.9612,0.4235,0
AGB-02,2795.0,98.88,2.2176,0.3895,2.188,1644.8,1.2409,0.4111,3.96,0,3,0.8904,0.2975,28.315,68.643,40.328,1.9281,0.4371,0
AGB-02,2796.0,92.34,2.2546,0.3415,1.482,1914.5,1.488,0.42,5.67,0,3,0.8742,0.2589,28.331,68.667,40.336,2.3269,0.4461,0
AGB-02,2797.0,96.92,2.2307,0.371,1.898,1719.9,1.2534,0.396,4.61,0,3,0.9298,0.2678,28.348,68.692,40.344,1.9475,0.443,0
AGB-02,2798.0,99.25,2.215,0.3789,1.328,1755.8,1.2471,0.4065,3.93,0,3,0.9139,0.272,28.365,68.716,40.352,1.9372,0.4456,0
AGB-02,2799.0,93.02,2.2665,0.3562,1.495,1874.1,1.6458,0.3756,5.78,0,3,0.8635,0.2564,28.381,68.741,40.36,2.5834,0.4363,0
AGB-02,2800.0,96.88,2.2099,0.3695,1.542,1726.8,1.2429,0.4079,6.0,0,3,0.8775,0.2805,28.398,68.766,40.367,1.93,0.4436,0
AGB-02,2801.0,89.16,2.2679,0.3076,1.026,2128.2,2.7116,0.3714,6.68,0,3,0.793,0.2433,28.415,68.79,40.375,4.3856,0.4109,0
AGB-02,2802.0,92.8,2.2469,0.3096,1.084,1989.0,2.1435,0.4007,5.23,0,3,0.8261,0.2503,28.432,68.815,40.383,3.4099,0.4221,0
AGB-02,2803.0,94.28,2.2498,0.358,1.477,1836.5,1.3059,0.4181,4.8,0,3,0.8812,0.2642,28.448,68.839,40.391,2.0303,0.4491,0
AGB-02,2804.0,94.9,2.211,0.3625,1.217,1815.2,1.2491,0.4189,4.49,0,3,0.869,0.2844,28.465,68.864,40.399,1.9389,0.4495,0
AGB-02,2805.0,97.65,2.2264,0.361,1.06,1915.9,1.3836,0.4168,4.73,0,3,0.851,0.2718,28.482,68.888,40.406,2.155,0.45,0
AGB-02,2806.0,88.46,2.2452,0.3202,1.34,1952.4,1.9369,0.3883,5.8,0,3,0.8261,0.2584,28.499,68.913,40.414,3.0619,0.4284,0
AGB-02,2807.0,93.22,2.2566,0.3715,0.988,1852.9,1.2763,0.4198,5.5,0,3,0.8922,0.2747,28.516,68.937,40.422,1.9819,0.45,0
AGB-02,2808.0,95.48,2.2277,0.3725,1.487,1852.3,1.2606,0.4026,5.57,0,3,0.8823,0.2678,28.533,68.962,40.429,1.9565,0.45,0
AGB-02,2809.0,97.55,2.2874,0.3703,1.528,1662.5,1.2821,0.4006,5.07,0,3,0.9526,0.2587,28.55,68.987,40.437,1.9908,0.4385,0
AGB-02,2810.0,98.23,2.2593,0.3265,2.081,1957.0,1.3181,0.42,5.87,0,3,0.9144,0.2514,28.567,69.011,40.444,2.0483,0.45,0
AGB-02,2811.0,91.68,2.2466,0.3268,1.251,2034.8,1.8969,0.4165,6.67,0,3,0.8286,0.2595,28.584,69.036,40.452,2.9938,0.4369,0
AGB-02,2812.0,90.16,2.2782,0.3329,1.194,2184.2,2.5372,0.3586,6.14,1,3,0.8036,0.2464,28.601,69.06,40.459,4.0771,0.4242,0
AGB-02,2813.0,91.47,2.2509,0.3473,1.189,1856.8,2.0435,0.3668,5.09,0,3,0.8232,0.255,28.618,69.085,40.467,3.2376,0.4134,0
AGB-02,2814.0,91.66,2.2566,0.3349,1.638,2043.5,2.2195,0.3793,5.62,0,3,0.8169,0.2517,28.635,69.109,40.474,3.5335,0.4242,0
AGB-02,2815.0,90.49,2.1711,0.3632,1.586,1831.2,1.2294,0.385,4.78,0,3,0.8585,0.2862,28.652,69.134,40.482,1.9052,0.45,0
AGB-02,2816.0,91.65,2.206,0.3769,1.988,1876.7,1.4456,0.403,6.21,0,3,0.8435,0.2713,28.669,69.158,40.489,2.2528,0.4442,0
AGB-02,2817.0,89.04,2.2475,0.3367,1.088,2083.7,2.278,0.4,5.72,0,3,0.811,0.2516,28.687,69.183,40.496,3.6315,0.4249,0
AGB-02,2818.0,87.82,2.2317,0.3199,1.157,2100.5,2.3336,0.3774,5.7,0,3,0.8016,0.2526,28.704,69.208,40.504,3.7256,0.4234,0
AGB-02,2819.0,101.42,2.2507,0.3342,1.847,1888.6,1.7726,0.3986,5.23,0,3,0.8699,0.2483,28.721,69.232,40.511,2.7859,0.431,0
AGB-02,2820.0,104.69,2.1859,0.3809,1.791,1481.5,1.2129,0.3806,3.78,0,3,0.9635,0.2919,28.738,69.257,40.518,1.878,0.4201,0
AGB-02,2821.0,98.49,2.2046,0.3763,2.154,1602.7,1.2341,0.4099,4.63,0,3,0.9456,0.2755,28.756,69.281,40.525,1.9116,0.4333,0
AGB-02,2822.0,96.3,2.2873,0.3573,1.294,2012.6,1.6781,0.42,6.91,0,3,0.8757,0.2516,28.773,69.306,40.533,2.63,0.4456,0
AGB-02,2823.0,91.15,2.2079,0.3445,0.856,2002.2,1.8027,0.4053,5.71,0,3,0.8363,0.2591,28.791,69.33,40.54,2.8345,0.4373,0
AGB-02,2824.0,95.92,2.2342,0.3561,1.561,1912.3,1.5948,0.4098,6.92,0,3,0.8755,0.2533,28.808,69.355,40.547,2.4934,0.4408,0
AGB-02,2825.0,99.25,2.2385,0.3339,0.916,1807.9,1.5779,0.4084,5.49,0,3,0.8633,0.2586,28.825,69.379,40.554,2.4658,0.4334,0
AGB-02,2826.0,27.83,2.3552,0.1609,1.424,4233.9,10.303,0.1809,19.42,0,0,0.0715,0.1775,28.843,69.404,40.561,36.622,0.2264,0
AGB-02,2827.0,34.4,2.3477,0.2,1.279,4047.0,10.5287,0.1983,19.07,0,0,0.1189,0.1814,28.86,69.429,40.568,33.3876,0.2258,0
AGB-02,2828.0,26.06,2.3655,0.1465,1.639,4462.3,9.5658,0.1963,28.34,0,0,0.0212,0.1633,28.878,69.453,40.575,41.4408,0.2169,0
AGB-02,2829.0,29.08,2.3916,0.1634,1.08,4216.0,10.2422,0.191,17.76,0,0,0.078,0.1734,28.895,69.478,40.582,37.2226,0.2202,0
AGB-02,2830.0,32.15,2.3925,0.1918,1.659,4021.3,10.4335,0.1653,23.84,1,0,0.102,0.1722,28.913,69.502,40.589,35.2161,0.1906,0
AGB-02,2831.0,35.7,2.3513,0.1745,1.069,4113.6,10.4764,0.188,21.8,0,0,0.1205,0.1723,28.931,69.527,40.596,34.5894,0.225,0
AGB-02,2832.0,37.74,2.3291,0.172,0.881,4051.7,10.5439,0.2082,18.96,0,0,0.1118,0.1847,28.948,69.551,40.603,33.1034,0.2277,0
AGB-02,2833.0,28.58,2.3751,0.1201,1.478,4530.7,9.348,0.2133,22.44,0,0,0.0247,0.1577,28.966,69.576,40.61,42.4869,0.2234,0
AGB-02,2834.0,29.35,2.3481,0.1593,0.925,4083.6,10.4184,0.1556,17.53,1,0,0.0767,0.1762,28.984,69.601,40.617,35.4704,0.1947,0
AGB-02,2835.0,38.13,2.347,0.1698,0.848,4021.4,10.5404,0.2201,17.3,0,0,0.1094,0.1843,29.002,69.625,40.624,33.3046,0.2188,0
AGB-02,2836.0,31.86,2.3854,0.1664,1.617,4398.3,9.8735,0.1918,21.42,0,0,0.0482,0.1684,29.019,69.65,40.63,39.8559,0.2292,0
AGB-02,2837.0,31.02,2.3483,0.1819,0.586,4168.8,10.4629,0.2101,16.72,0,0,0.0775,0.1885,29.037,69.674,40.637,34.897,0.2354,0
AGB-02,2838.0,30.58,2.3874,0.1559,1.375,4189.1,10.193,0.1749,17.09,0,0,0.0515,0.1756,29.055,69.699,40.644,37.7122,0.1999,0
AGB-02,2839.0,36.18,2.3718,0.1635,2.124,4159.6,10.4987,0.2216,17.11,1,0,0.1426,0.1724,29.073,69.723,40.651,34.3434,0.2477,0
AGB-02,2840.0,35.73,2.3848,0.1725,1.89,4077.2,10.5398,0.2085,16.33,0,0,0.1477,0.1772,29.091,69.748,40.657,33.4537,0.2431,0
AGB-02,2841.0,29.52,2.3806,0.1629,1.389,4206.7,10.1477,0.1756,18.2,0,0,0.0666,0.1657,29.109,69.772,40.664,38.0866,0.1963,0
AGB-02,2842.0,30.96,2.3704,0.1827,1.189,4125.8,10.4747,0.2105,16.8,1,0,0.117,0.1755,29.127,69.797,40.67,34.7811,0.2304,0
AGB-02,2843.0,28.44,2.3723,0.1534,2.064,4136.8,10.3339,0.1816,17.23,0,0,0.077,0.1728,29.145,69.822,40.677,36.4987,0.2008,0
AGB-02,2844.0,29.51,2.3695,0.1665,1.716,4304.2,10.2385,0.222,16.23,0,0,0.0976,0.1663,29.163,69.846,40.684,37.3725,0.238,0
AGB-02,2845.0,70.33,2.2752,0.2968,1.09,2850.2,5.8367,0.3318,8.44,0,2,0.5779,0.2307,29.181,69.871,40.69,10.4943,0.3692,0
AGB-02,2846.0,57.28,2.3315,0.2368,0.962,3206.0,8.6578,0.2649,9.38,0,2,0.4327,0.1967,29.199,69.895,40.697,18.2282,0.2913,0
AGB-02,2847.0,75.39,2.272,0.2998,0.618,2563.6,4.9213,0.3308,6.1,0,2,0.6308,0.236,29.217,69.92,40.703,8.5325,0.368,0
AGB-02,2848.0,78.82,2.2886,0.295,1.55,2631.7,5.3864,0.3264,8.21,0,2,0.6126,0.2298,29.235,69.944,40.709,9.5076,0.3583,0
AGB-02,2849.0,71.65,2.3203,0.2771,0.79,2866.5,6.4849,0.3245,9.58,0,2,0.5824,0.2112,29.253,69.969,40.716,12.0012,0.3476,0
AGB-02,2850.0,73.19,2.2977,0.2994,0.887,2651.1,5.4462,0.3159,10.13,0,2,0.5999,0.2336,29.271,69.993,40.722,9.6364,0.3594,0
AGB-02,2851.0,96.04,2.2762,0.3567,1.374,2027.1,1.5987,0.4055,4.4,0,3,0.8424,0.2676,29.289,70.018,40.729,2.4975,0.4493,0
AGB-02,2852.0,96.8,2.2633,0.359,1.446,1887.1,1.2846,0.4112,4.99,0,3,0.8933,0.2613,29.308,70.043,40.735,1.9904,0.45,0
AGB-02,2853.0,90.68,2.2826,0.3327,1.077,2064.5,2.0927,0.4036,6.43,0,3,0.8496,0.2452,29.326,70.067,40.741,3.3138,0.4325,0
AGB-02,2854.0,91.05,2.2484,0.3649,1.192,2007.3,1.9595,0.4066,5.6,0,3,0.816,0.262,29.344,70.092,40.747,3.0916,0.4324,0
AGB-02,2855.0,91.25,2.2788,0.3181,1.611,1996.9,2.2171,0.3888,6.97,0,3,0.8361,0.2452,29.363,70.116,40.754,3.5233,0.421,0
AGB-02,2856.0,93.04,2.2314,0.3583,1.899,1999.3,1.5383,0.4132,5.83,0,3,0.8657,0.2599,29.381,70.141,40.76,2.3997,0.4488,0
AGB-02,2857.0,88.27,2.23,0.3552,0.998,1827.4,1.5184,0.4143,5.56,0,3,0.8427,0.2691,29.399,70.165,40.766,2.3675,0.4379,0
AGB-02,2858.0,87.75,2.2908,0.3168,1.207,2429.6,2.9934,0.3915,7.23,0,3,0.8084,0.2305,29.418,70.19,40.772,4.8669,0.4279,0
AGB-02,2859.0,90.98,2.2635,0.3275,1.728,1937.2,1.665,0.4052,6.33,0,3,0.858,0.2581,29.436,70.215,40.778,2.6066,0.4404,0
AGB-02,2860.0,99.9,2.2499,0.3655,2.232,1655.5,1.2636,0.3895,5.38,0,3,0.9513,0.263,29.455,70.239,40.784,1.9574,0.438,0
AGB-02,2861.0,93.61,2.2643,0.3606,2.667,2041.2,1.5718,0.4144,6.3,0,3,0.8876,0.2511,29.473,70.264,40.79,2.4549,0.45,0
AGB-02,2862.0,84.66,2.2952,0.3211,1.537,2249.7,3.0734,0.3646,5.93,0,3,0.8001,0.2302,29.492,70.288,40.796,5.0104,0.4097,0
AGB-02,2863.0,94.72,2.2397,0.3689,0.81,1922.0,1.7317,0.4111,6.05,0,3,0.8481,0.2584,29.51,70.313,40.803,2.7167,0.4354,0
AGB-02,2864.0,91.37,2.2714,0.3437,1.145,2049.8,1.881,0.3849,5.11,0,3,0.8618,0.2484,29.529,70.337,40.808,2.9631,0.4396,0
AGB-02,2865.0,103.22,2.2427,0.3574,1.752,1794.6,1.2679,0.413,5.62,0,3,0.9077,0.2628,29.547,70.362,40.814,1.9649,0.4482,0
AGB-02,2866.0,93.35,2.2382,0.3563,1.083,1951.1,1.5333,0.4163,5.67,0,3,0.874,0.257,29.566,70.386,40.82,2.3931,0.4462,0
AGB-02,2867.0,92.2,2.2814,0.3093,3.444,2106.8,2.1932,0.3917,6.27,0,3,0.8768,0.231,29.585,70.411,40.826,3.4858,0.4317,0
AGB-02,2868.0,89.94,2.2866,0.3413,1.691,2135.2,2.1239,0.3995,6.05,0,3,0.8441,0.2465,29.603,70.436,40.832,3.3694,0.4366,0
AGB-02,2869.0,90.75,2.2841,0.3338,1.411,2239.3,2.5374,0.3862,6.34,0,3,0.8458,0.2308,29.622,70.46,40.838,4.0736,0.4289,0
AGB-02,2870.0,101.82,2.1951,0.3916,4.126,1544.7,1.224,0.3942,4.68,0,3,0.98,0.2928,29.641,70.485,40.844,1.8956,0.4274,0
AGB-02,2871.0,94.76,2.263,0.3473,1.211,1950.4,1.7317,0.4018,5.56,0,3,0.8671,0.2518,29.66,70.509,40.849,2.7184,0.4383,0
AGB-02,2872.0,95.27,2.2288,0.3338,2.114,1835.8,1.4817,0.4071,6.45,0,3,0.8959,0.2502,29.679,70.534,40.855,2.3107,0.4402,0
AGB-02,2873.0,96.89,2.281,0.3288,1.72,2004.4,1.8665,0.4137,5.66,0,3,0.8734,0.2446,29.697,70.558,40.861,2.9414,0.4371,0
AGB-02,2874.0,92.69,2.3017,0.3289,1.465,2051.4,2.2154,0.3961,5.79,0,3,0.8535,0.2396,29.716,70.583,40.867,3.5257,0.4269,0
AGB-02,2875.0,102.08,2.2257,0.3599,1.209,1698.7,1.2518,0.4165,4.59,0,3,0.9107,0.2738,29.735,70.607,40.872,1.941,0.4414,0
AGB-02,2876.0,90.71,2.2668,0.3448,1.964,1873.1,1.2838,0.3926,5.01,0,3,0.8838,0.2654,29.754,70.632,40.878,1.9924,0.45,0
AGB-02,2877.0,90.99,2.1719,0.3504,1.812,1683.3,1.2439,0.4109,4.97,0,3,0.8443,0.2791,29.773,70.657,40.884,1.9287,0.4389,0
AGB-02,2878.0,91.6,2.2011,0.3698,1.18,1833.6,1.2457,0.42,4.85,0,3,0.8549,0.2903,29.792,70.681,40.889,1.9316,0.45,0
AGB-02,2879.0,97.74,2.25,0.3558,1.855,1825.3,1.2719,0.4122,5.29,0,3,0.8751,0.2689,29.811,70.706,40.895,1.9739,0.45,0
AGB-02,2880.0,95.45,2.2314,0.3565,1.448,1748.0,1.5437,0.3862,5.73,0,3,0.848,0.2655,29.83,70.73,40.9,2.413,0.4293,0
AGB-02,2881.0,92.95,2.2673,0.352,1.998,1879.7,1.677,0.3989,5.21,0,3,0.8758,0.2506,29.849,70.755,40.906,2.6311,0.4354,0
AGB-02,2882.0,96.24,2.2368,0.3831,1.346,1631.5,1.2524,0.3933,3.61,0,3,0.898,0.2873,29.868,70.779,40.911,1.9431,0.4359,0
AGB-02,2883.0,90.32,2.2493,0.317,1.047,2144.1,2.3273,0.3892,5.67,0,3,0.7977,0.2553,29.887,70.804,40.917,3.7188,0.428,0
AGB-02,2884.0,95.18,2.2154,0.3718,1.693,1755.7,1.2487,0.42,5.53,0,3,0.9044,0.2781,29.907,70.828,40.922,1.9375,0.4456,0
AGB-02,2885.0,94.65,2.2621,0.3379,2.116,1886.4,1.5577,0.4114,5.57,0,3,0.886,0.2517,29.926,70.853,40.927,2.437,0.4413,0
AGB-02,2886.0,89.25,2.262,0.3294,1.1,2135.9,2.1521,0.4011,5.84,0,3,0.8383,0.2467,29.945,70.878,40.933,3.4226,0.4346,0
AGB-02,2887.0,96.36,2.2283,0.3909,2.37,1610.2,1.2457,0.393,4.71,0,3,0.92,0.283,29.964,70.902,40.938,1.9332,0.434,0
AGB-02,2888.0,93.36,2.2554,0.3492,1.114,1949.9,1.6794,0.4103,5.31,0,3,0.848,0.2611,29.983,70.927,40.943,2.6368,0.4402,0
AGB-02,2889.0,93.53,2.2729,0.3331,1.619,2220.9,1.9207,0.42,7.46,0,3,0.8411,0.2552,30.003,70.951,40.949,3.0359,0.4484,0
AGB-02,2890.0,99.34,2.2644,0.3497,1.915,1847.9,1.2797,0.42,5.94,0,3,0.9106,0.2563,30.022,70.976,40.954,1.9884,0.45,0
AGB-02,2891.0,94.81,2.2267,0.3461,1.348,1946.6,1.6595,0.42,6.11,0,3,0.8361,0.2656,30.041,71.0,40.959,2.6049,0.44,0
AGB-02,2892.0,100.83,2.2462,0.3436,1.583,1873.1,1.2708,0.42,5.33,0,3,0.8927,0.2645,30.061,71.025,40.964,1.9743,0.45,0
AGB-02,2893.0,94.28,2.2369,0.3504,1.457,1673.7,1.2542,0.4144,6.03,0,3,0.9245,0.2567,30.08,71.05,40.969,1.948,0.4395,0
AGB-02,2894.0,93.25,2.2939,0.3272,1.504,1993.4,2.2395,0.3823,6.38,0,3,0.8616,0.2348,30.1,71.074,40.974,3.5733,0.4199,0
AGB-02,2895.0,93.55,2.2405,0.3375,1.539,2003.4,1.9861,0.3998,5.72,0,3,0.8684,0.2403,30.119,71.099,40.979,3.1468,0.4303,0
AGB-02,2896.0,98.48,2.258,0.3648,1.455,1960.3,1.5696,0.42,5.63,0,3,0.8757,0.2552,30.139,71.123,40.985,2.459,0.4457,0
AGB-02,2897.0,102.25,2.2523,0.3572,1.203,2008.4,1.8113,0.387,5.8,0,3,0.8501,0.2549,30.158,71.148,40.99,2.8566,0.4387,0
AGB-02,2898.0,92.05,2.2831,0.3026,1.51,2262.0,2.974,0.3829,6.52,0,3,0.812,0.2283,30.178,71.172,40.995,4.851,0.4139,0
AGB-02,2899.0,98.17,2.2586,0.3698,1.879,2017.5,1.6296,0.42,5.26,0,3,0.8516,0.2621,30.197,71.197,41.0,2.5579,0.4468,0
AGB-02,2900.0,93.82,2.275,0.3315,1.223,1992.5,1.9207,0.4038,5.85,0,3,0.8563,0.2487,30.217,71.221,41.005,3.0392,0.4335,0
AGB-02,2901.0,90.15,2.2617,0.3479,1.567,2082.0,2.3641,0.3922,5.37,0,3,0.8036,0.2517,30.237,71.246,41.009,3.7884,0.4213,0
AGB-02,2902.0,93.52,2.2702,0.3305,1.786,2062.5,1.9878,0.4121,5.82,0,3,0.832,0.2554,30.256,71.271,41.014,3.1519,0.4359,0
AGB-02,2903.0,98.54,2.2135,0.3658,2.017,1864.8,1.2511,0.4153,4.81,0,3,0.8765,0.2719,30.276,71.295,41.019,1.945,0.45,0
AGB-02,2904.0,94.64,2.2661,0.3437,1.534,2075.9,1.86,0.4084,5.98,0,3,0.8513,0.253,30.296,71.32,41.024,2.9394,0.4417,0
AGB-02,2905.0,95.1,2.2465,0.3348,1.72,1908.0,1.5028,0.4094,6.37,0,3,0.8863,0.2535,30.315,71.344,41.029,2.3522,0.4447,0
AGB-02,2906.0,88.13,2.2865,0.312,1.433,2135.0,2.627,0.3864,6.88,0,3,0.813,0.2396,30.335,71.369,41.034,4.2442,0.416,0
AGB-02,2907.0,93.41,2.2679,0.3253,0.838,2100.9,2.054,0.4064,5.32,0,3,0.8202,0.2574,30.355,71.393,41.038,3.2646,0.4359,0
AGB-02,2908.0,88.68,2.2684,0.3289,1.449,2124.2,2.1012,0.4134,5.5,0,3,0.8281,0.2527,30.375,71.418,41.043,3.3444,0.4358,0
AGB-02,2909.0,94.01,2.2693,0.3199,2.105,1893.5,1.4975,0.4188,6.91,0,3,0.8841,0.2552,30.395,71.442,41.048,2.3446,0.4446,0
AGB-02,2910.0,86.76,2.2624,0.3343,1.177,2145.9,2.8318,0.3665,6.62,0,3,0.7716,0.2472,30.415,71.467,41.052,4.6054,0.4068,0
AGB-02,2911.0,97.07,2.2516,0.3358,1.775,2148.3,1.8345,0.42,6.57,0,3,0.8645,0.2487,30.434,71.492,41.057,2.8992,0.4466,0
AGB-02,2912.0,94.33,2.253,0.3626,1.537,1952.1,1.3346,0.42,5.89,0,3,0.8867,0.2612,30.454,71.516,41.062,2.0811,0.45,0
AGB-02,2913.0,89.9,2.2335,0.344,1.033,2049.9,1.9922,0.4152,5.04,0,3,0.8041,0.2647,30.474,71.541,41.066,3.163,0.4334,0
AGB-02,2914.0,95.55,2.2681,0.3239,1.5,2126.8,2.3933,0.3874,6.39,0,3,0.847,0.2343,30.494,71.565,41.071,3.844,0.4243,0
AGB-02,2915.0,96.49,2.2625,0.3373,1.502,1903.3,1.814,0.4002,5.51,0,3,0.859,0.2512,30.514,71.59,41.075,2.8666,0.4304,0
AGB-02,2916.0,97.32,2.2479,0.3441,1.71,2183.1,2.357,0.388,6.83,0,3,0.85,0.234,30.534,71.614,41.08,3.7825,0.4296,0
AGB-02,2917.0,91.66,2.2543,0.3254,0.946,2117.3,2.9508,0.3832,6.1,0,3,0.7595,0.247,30.555,71.639,41.084,4.8203,0.3971,0
AGB-02,2918.0,93.26,2.2535,0.3471,1.349,1824.9,1.4574,0.4116,5.11,0,3,0.862,0.2648,30.575,71.663,41.089,2.2816,0.441,0
AGB-02,2919.0,91.89,2.2405,0.3661,1.561,1923.3,1.7262,0.4024,6.0,0,3,0.8617,0.2531,30.595,71.688,41.093,2.7225,0.4354,0
AGB-02,2920.0,95.22,2.3161,0.3219,1.541,2172.3,2.8165,0.3855,6.94,0,3,0.8369,0.2249,30.615,71.713,41.098,4.5838,0.4129,0
AGB-02,2921.0,87.64,2.2327,0.3169,1.29,1986.4,2.1861,0.3845,4.52,0,3,0.7615,0.273,30.635,71.737,41.102,3.4931,0.4188,0
AGB-02,2922.0,99.05,2.2345,0.367,1.745,1834.1,1.2587,0.4051,5.46,0,3,0.9092,0.2573,30.655,71.762,41.106,1.961,0.45,0
AGB-02,2923.0,97.31,2.2344,0.3563,2.141,1681.3,1.2497,0.4025,7.02,0,3,0.9386,0.2646,30.676,71.786,41.111,1.9467,0.4401,0
AGB-02,2924.0,101.26,2.2396,0.355,2.975,1783.3,1.2585,0.4027,5.36,0,3,0.9352,0.2631,30.696,71.811,41.115,1.9612,0.4474,0
AGB-02,2925.0,99.4,2.2557,0.3576,2.123,1687.1,1.2614,0.417,4.37,0,3,0.9302,0.2727,30.716,71.835,41.119,1.9659,0.4405,0
AGB-02,2926.0,95.79,2.2182,0.3641,1.608,1719.8,1.243,0.42,4.72,0,3,0.9443,0.2714,30.737,71.86,41.123,1.9366,0.443,0
AGB-02,2927.0,99.31,2.245,0.3522,1.339,1638.3,1.2519,0.4051,5.55,0,3,0.9021,0.2718,30.757,71.885,41.128,1.9511,0.4365,0
AGB-02,2928.0,91.88,2.215,0.3494,1.865,2040.5,1.409,0.42,5.76,0,3,0.8726,0.2623,30.777,71.909,41.132,2.2052,0.45,0
AGB-02,2929.0,91.66,2.2456,0.3521,1.18,1918.9,1.6658,0.4101,5.33,0,3,0.8541,0.2587,30.798,71.934,41.136,2.6255,0.4379,0
AGB-02,2930.0,93.17,2.2743,0.3014,1.174,2178.5,2.2907,0.4047,7.21,0,3,0.8475,0.2382,30.818,71.958,41.14,3.6748,0.4326,0
AGB-02,2931.0,98.15,2.2742,0.3314,1.618,1967.4,1.6754,0.4066,6.46,0,3,0.8818,0.2486,30.839,71.983,41.144,2.642,0.4419,0
AGB-02,2932.0,86.67,2.2634,0.3396,1.032,2178.9,2.5251,0.3883,5.34,0,3,0.8058,0.2452,30.859,72.007,41.148,4.0793,0.423,0
AGB-02,2933.0,100.96,2.2232,0.3667,2.664,1500.5,1.2277,0.393,4.56,0,3,0.964,0.2748,30.88,72.032,41.152,1.9131,0.4224,0
AGB-02,2934.0,97.51,2.2717,0.3535,1.187,1982.8,1.6547,0.3985,6.28,0,3,0.8831,0.249,30.9,72.056,41.156,2.6084,0.4437,0
AGB-02,2935.0,94.89,2.2133,0.3597,2.348,1802.6,1.2441,0.4112,4.26,0,3,0.8692,0.2788,30.921,72.081,41.16,1.9399,0.4487,0
AGB-02,2936.0,100.18,2.2063,0.3624,1.06,1707.6,1.2347,0.3953,5.47,0,3,0.9173,0.2758,30.941,72.106,41.164,1.9249,0.4421,0
AGB-02,2937.0,89.19,2.2773,0.3316,1.452,2101.7,1.9461,0.3971,5.5,0,3,0.8411,0.2537,30.962,72.13,41.168,3.0934,0.4402,0
AGB-02,2938.0,101.24,2.2125,0.3919,1.541,1711.8,1.2382,0.4092,5.01,0,3,0.9119,0.2719,30.983,72.155,41.172,1.9308,0.4424,0
AGB-02,2939.0,98.6,2.2424,0.3552,0.957,1881.5,1.8503,0.3937,6.02,0,3,0.8434,0.2548,31.003,72.179,41.176,2.9337,0.4255,0
AGB-02,2940.0,101.61,2.2153,0.3469,1.822,1926.1,1.3739,0.42,5.8,0,3,0.9032,0.2518,31.024,72.204,41.18,2.1504,0.45,0
AGB-02,2941.0,100.98,2.2172,0.3657,1.122,1698.6,1.2397,0.4048,5.27,0,3,0.9367,0.2788,31.045,72.228,41.183,1.9336,0.4414,0
AGB-02,2942.0,100.73,2.2871,0.3452,1.834,1959.4,1.5915,0.407,5.8,0,3,0.8901,0.2493,31.066,72.253,41.187,2.506,0.4452,0
AGB-02,2943.0,96.35,2.2698,0.3497,1.389,1770.6,1.5563,0.3913,5.73,0,3,0.8818,0.2529,31.087,72.277,41.191,2.4484,0.4317,0
AGB-02,2944.0,90.55,2.2326,0.3549,1.09,2060.3,2.0349,0.4027,7.06,0,3,0.8223,0.2558,31.107,72.302,41.195,3.2442,0.4321,0
AGB-02,2945.0,92.89,2.2569,0.3513,1.259,2058.2,1.71,0.42,5.31,0,3,0.8693,0.2517,31.128,72.327,41.198,2.7018,0.4458,0
AGB-02,2946.0,92.92,2.2125,0.3295,1.243,1965.8,1.5021,0.4049,4.62,0,3,0.8326,0.2732,31.149,72.351,41.202,2.3601,0.4473,0
AGB-02,2947.0,94.8,2.283,0.3369,1.637,1878.2,1.6452,0.4078,5.97,0,3,0.8879,0.2475,31.17,72.376,41.206,2.5952,0.4369,0
AGB-02,2948.0,98.42,2.254,0.364,1.286,1843.7,1.2672,0.42,4.77,0,3,0.9237,0.2652,31.191,72.4,41.209,1.9789,0.45,0
AGB-02,2949.0,95.36,2.2545,0.3298,1.745,1821.1,1.4775,0.405,7.08,0,3,0.8724,0.2597,31.212,72.425,41.213,2.3204,0.4396,0
AGB-02,2950.0,96.71,2.2481,0.3316,1.416,1946.9,1.7129,0.4183,6.19,0,3,0.8694,0.2509,31.233,72.449,41.216,2.7073,0.4379,0
AGB-02,2951.0,90.48,2.2365,0.3791,2.124,1841.3,1.3008,0.4135,5.23,0,3,0.8828,0.2634,31.254,72.474,41.22,2.0334,0.449,0
AGB-02,2952.0,98.54,2.198,0.3688,1.158,1701.5,1.2287,0.4037,4.23,0,3,0.8955,0.2808,31.275,72.498,41.223,1.9171,0.4417,0
AGB-02,2953.0,99.14,2.2655,0.3667,2.799,1827.6,1.2725,0.4091,5.28,0,3,0.9331,0.2625,31.296,72.523,41.227,1.9877,0.45,0
AGB-02,2954.0,92.54,2.2441,0.3623,1.649,1931.3,1.4357,0.4177,5.96,0,3,0.8666,0.2639,31.317,72.548,41.23,2.2526,0.4488,0
AGB-02,2955.0,93.82,2.2263,0.3556,1.434,1830.9,1.422,0.4136,4.65,0,3,0.8361,0.2755,31.338,72.572,41.234,2.2303,0.4422,0
AGB-02,2956.0,93.47,2.268,0.3145,1.684,2139.1,2.3864,0.3792,5.77,0,3,0.8213,0.2443,31.36,72.597,41.237,3.8455,0.4253,0
AGB-02,2957.0,97.41,2.2436,0.3401,1.605,1965.6,1.4597,0.4199,6.02,0,3,0.8899,0.2539,31.381,72.621,41.241,2.2919,0.4498,0
AGB-02,2958.0,97.27,2.2372,0.3707,2.262,1720.9,1.2509,0.42,4.67,0,3,0.9038,0.2772,31.402,72.646,41.244,1.9532,0.4431,0
AGB-02,2959.0,96.7,2.2294,0.3376,1.51,2056.8,1.8265,0.4085,5.88,0,3,0.8541,0.2519,31.423,72.67,41.247,2.897,0.4403,0
AGB-02,2960.0,95.74,2.2475,0.3686,2.13,1786.7,1.2883,0.4107,6.12,0,3,0.8867,0.2627,31.444,72.695,41.25,2.0137,0.4463,0
AGB-02,2961.0,100.7,2.2192,0.3462,1.71,1864.3,1.3933,0.42,4.57,0,3,0.8634,0.2662,31.466,72.72,41.254,2.184,0.4457,0
AGB-02,2962.0,93.22,2.2583,0.3271,1.575,1738.7,1.6704,0.3891,6.64,0,3,0.8718,0.2512,31.487,72.744,41.257,2.6381,0.4213,0
AGB-02,2963.0,95.16,2.2882,0.355,1.605,1955.5,1.8187,0.4044,5.98,0,3,0.8635,0.2501,31.509,72.769,41.26,2.8841,0.4351,0
AGB-02,2964.0,91.16,2.2772,0.2991,1.133,2024.5,2.3703,0.3709,5.73,0,3,0.8409,0.2371,31.53,72.793,41.263,3.8182,0.4155,0
AGB-02,2965.0,97.37,2.2229,0.3653,2.483,1710.0,1.2424,0.406,6.09,0,3,0.9065,0.2639,31.551,72.818,41.266,1.9397,0.4423,0
AGB-02,2966.0,92.49,2.2804,0.3188,1.692,2179.4,2.575,0.4017,7.63,0,3,0.8255,0.2364,31.573,72.842,41.27,4.1731,0.4216,0
AGB-02,2967.0,100.44,2.2698,0.3475,1.041,1801.0,1.5091,0.4138,5.73,0,3,0.8584,0.2641,31.594,72.867,41.273,2.3729,0.4368,0
AGB-02,2968.0,94.02,2.2325,0.335,1.118,2068.7,1.8496,0.3907,6.2,0,3,0.8326,0.2593,31.616,72.891,41.276,2.9357,0.4403,0
AGB-02,2969.0,99.15,2.2179,0.3558,0.783,1794.0,1.2445,0.42,5.23,0,3,0.8642,0.276,31.637,72.916,41.279,1.9431,0.4481,0
AGB-02,2970.0,100.02,2.2201,0.3627,1.525,1934.9,1.2524,0.411,4.29,0,3,0.8885,0.2702,31.659,72.941,41.282,1.9557,0.45,0
AGB-02,2971.0,95.89,2.2241,0.3323,2.307,1816.2,1.2491,0.42,4.2,0,3,0.8712,0.2729,31.68,72.965,41.285,1.9504,0.4495,0
AGB-02,2972.0,95.15,2.2377,0.3749,1.155,1938.9,1.4372,0.4047,5.55,0,3,0.8609,0.2659,31.702,72.99,41.288,2.2553,0.449,0
AGB-02,2973.0,89.66,2.2476,0.3436,1.204,2175.2,2.2778,0.3842,5.87,0,3,0.8129,0.251,31.724,73.014,41.291,3.6591,0.4317,0
AGB-02,2974.0,100.26,2.236,0.3351,2.218,1937.7,1.3756,0.4126,6.39,0,3,0.901,0.2532,31.745,73.039,41.293,2.155,0.45,0
AGB-02,2975.0,97.76,2.2349,0.3773,1.9,1767.1,1.2525,0.4033,5.7,0,3,0.9217,0.2667,31.767,73.063,41.296,1.9556,0.4464,0
AGB-02,2976.0,96.7,2.2763,0.3421,1.465,1845.6,1.3824,0.4199,5.85,0,3,0.9119,0.2495,31.789,73.088,41.299,2.1659,0.4466,0
AGB-02,2977.0,97.1,2.2512,0.3485,2.125,1816.2,1.2641,0.4177,5.85,0,3,0.9332,0.2549,31.81,73.112,41.302,1.9742,0.4495,0
AGB-02,2978.0,90.44,2.1848,0.3604,1.456,1734.3,1.2235,0.42,4.49,0,3,0.8892,0.2798,31.832,73.137,41.305,1.9088,0.4441,0
AGB-02,2979.0,95.14,2.2133,0.3729,1.77,1916.6,1.2482,0.412,6.12,0,3,0.8781,0.2724,31.854,73.162,41.308,1.9485,0.45,0
AGB-02,2980.0,88.29,2.2382,0.3434,1.415,2020.8,2.2809,0.4004,5.6,0,3,0.7786,0.2631,31.876,73.186,41.31,3.6633,0.4177,0
AGB-02,2981.0,89.71,2.2678,0.3287,1.101,2284.4,2.6056,0.4004,6.46,0,3,0.8058,0.2429,31.898,73.211,41.313,4.2246,0.4286,0
AGB-02,2982.0,98.82,2.2454,0.3572,1.282,1927.5,1.2664,0.4169,5.06,0,3,0.906,0.2601,31.92,73.235,41.316,1.9775,0.45,0
AGB-02,2983.0,94.14,2.2324,0.3577,0.746,1873.4,1.826,0.3879,6.04,0,3,0.8206,0.2642,31.942,73.26,41.318,2.8946,0.4256,0
AGB-02,2984.0,96.59,2.2629,0.3182,1.048,1929.5,2.1372,0.3973,6.49,0,3,0.8537,0.2402,31.963,73.284,41.321,3.4175,0.4164,0
AGB-02,2985.0,97.11,2.2643,0.3425,2.401,1856.0,1.2737,0.4185,5.39,0,3,0.9222,0.2633,31.985,73.309,41.324,1.9889,0.45,0
AGB-02,2986.0,97.23,2.2186,0.3509,1.83,1816.4,1.2469,0.42,5.18,0,3,0.8773,0.2681,32.007,73.334,41.326,1.9456,0.4495,0
AGB-02,2987.0,91.7,2.2611,0.318,1.495,2157.1,1.7858,0.4183,6.04,0,3,0.8649,0.2507,32.029,73.358,41.329,2.8271,0.4489,0
AGB-02,2988.0,100.27,2.2758,0.3423,1.431,1879.4,1.985,0.3697,6.16,0,3,0.8488,0.2483,32.052,73.383,41.331,3.1598,0.4197,0
AGB-02,2989.0,97.21,2.2911,0.3443,1.446,2081.5,1.8759,0.3908,7.01,0,3,0.863,0.2486,32.074,73.407,41.334,2.9769,0.442,0
AGB-02,2990.0,91.61,2.2217,0.3687,1.344,1966.2,1.7515,0.4128,5.45,0,3,0.8176,0.2686,32.096,73.432,41.336,2.7698,0.4368,0
AGB-02,2991.0,92.75,2.2558,0.3579,2.0,1880.4,1.2706,0.4069,5.0,0,3,0.8974,0.2615,32.118,73.456,41.338,1.9833,0.45,0
AGB-02,2992.0,95.76,2.2608,0.3425,1.516,1871.5,1.6659,0.4079,6.42,0,3,0.8568,0.258,32.14,73.481,41.341,2.628,0.4346,0
AGB-02,2993.0,88.21,2.2914,0.329,1.711,2178.5,2.4236,0.3839,6.78,0,3,0.8183,0.2452,32.162,73.505,41.343,3.9059,0.4281,0
AGB-02,2994.0,88.27,2.2547,0.2978,1.514,2416.5,3.3019,0.3792,6.35,0,3,0.7383,0.2449,32.184,73.53,41.346,5.4652,0.414,0
AGB-02,2995.0,46.14,2.3377,0.1923,1.121,3663.0,10.1217,0.2278,13.63,0,1,0.2491,0.1918,32.207,73.555,41.348,26.16,0.2496,0
AGB-02,2996.0,42.96,2.3266,0.2024,0.924,3732.8,10.2037,0.2211,12.6,0,1,0.2362,0.1897,32.229,73.579,41.35,26.9408,0.2515,0
AGB-02,2997.0,42.91,2.3996,0.1565,1.795,3927.3,10.4219,0.1872,18.64,0,1,0.2058,0.1668,32.251,73.604,41.352,31.8445,0.2316,0
AGB-02,2998.0,46.01,2.3682,0.1782,0.974,3811.0,10.3466,0.2125,15.08,0,1,0.2399,0.1767,32.274,73.628,41.355,28.8012,0.2474,0
AGB-02,2999.0,51.05,2.3701,0.2323,1.199,3758.5,10.0119,0.276,14.37,1,1,0.3069,0.1873,32.296,73.653,41.357,25.2438,0.2946,0
AGB-02,3000.0,47.37,2.33,0.2182,0.788,3659.4,10.0306,0.2269,12.71,0,1,0.2741,0.19,32.318,73.677,41.359,25.3837,0.2623,0
AGB-02,3001.0,46.83,2.3557,0.1897,1.289,3773.4,10.2479,0.2349,15.93,0,1,0.2503,0.1848,32.341,73.702,41.361,27.4042,0.2602,0
AGB-02,3002.0,33.25,2.3723,0.1612,1.695,4017.5,10.4055,0.1966,15.54,0,1,0.142,0.1814,32.363,73.726,41.363,32.8718,0.2329,0
AGB-02,3003.0,89.97,2.2917,0.3392,1.87,2173.8,2.6422,0.3802,5.96,0,3,0.8271,0.2339,32.386,73.751,41.365,4.2843,0.419,0
AGB-02,3004.0,103.02,2.2737,0.3708,3.84,1686.7,1.27,0.4092,5.03,0,3,0.9681,0.2627,32.408,73.776,41.368,1.9815,0.4405,0
AGB-02,3005.0,99.58,2.2373,0.3392,1.181,1924.2,1.523,0.42,4.44,0,3,0.86,0.2625,32.431,73.8,41.37,2.3923,0.4445,0
AGB-02,3006.0,95.43,2.2733,0.3379,2.16,2077.4,2.009,0.3981,7.32,0,3,0.8757,0.2379,32.453,73.825,41.372,3.1983,0.436,0
AGB-02,3007.0,93.56,2.2067,0.3632,1.208,1920.5,1.2992,0.42,5.86,0,3,0.8587,0.2723,32.476,73.849,41.374,2.0288,0.45,0
AGB-02,3008.0,93.39,2.2364,0.3647,1.387,1948.3,1.2634,0.4116,4.88,0,3,0.8779,0.2675,32.498,73.874,41.376,1.971,0.45,0
AGB-02,3009.0,85.99,2.2678,0.3036,2.229,2109.9,2.458,0.3971,7.13,0,3,0.8244,0.2404,32.521,73.898,41.377,3.9641,0.4198,0
AGB-02,3010.0,93.55,2.2881,0.3353,1.89,1847.3,2.0555,0.3957,5.81,0,3,0.8523,0.2444,32.544,73.923,41.379,3.277,0.4128,0
AGB-02,3011.0,93.31,2.2553,0.3547,1.833,1892.1,1.2712,0.4187,5.54,0,3,0.9094,0.2577,32.566,73.947,41.381,1.9837,0.45,0
AGB-02,3012.0,100.49,2.2424,0.3737,1.688,1853.8,1.2623,0.4059,4.67,0,3,0.897,0.2687,32.589,73.972,41.383,1.9695,0.45,0
AGB-02,3013.0,92.86,2.2471,0.3376,1.138,1853.0,1.3368,0.4083,5.73,0,3,0.8662,0.2686,32.612,73.997,41.385,2.0899,0.4484,0
AGB-02,3014.0,100.1,2.2212,0.3484,1.379,1722.6,1.2436,0.4018,5.67,0,3,0.9006,0.2718,32.634,74.021,41.387,1.9395,0.4432,0
AGB-02,3015.0,99.88,2.2411,0.3726,2.099,1899.0,1.2635,0.42,6.54,0,3,0.9148,0.2547,32.657,74.046,41.388,1.9717,0.45,0
AGB-02,3016.0,85.16,2.2951,0.3314,1.244,2176.3,3.0243,0.377,7.74,0,3,0.807,0.2282,32.68,74.07,41.39,4.9631,0.4028,0
AGB-02,3017.0,96.59,2.268,0.3417,2.438,2041.5,1.8018,0.405,6.45,0,3,0.8874,0.2413,32.703,74.095,41.392,2.8533,0.4415,0
AGB-02,3018.0,89.52,2.2562,0.3359,1.314,1776.0,1.2653,0.42,6.33,0,3,0.873,0.271,32.726,74.119,41.394,1.9751,0.447,0
AGB-02,3019.0,91.88,2.2507,0.329,1.279,1991.6,1.9753,0.3891,5.5,0,3,0.8355,0.2535,32.749,74.144,41.395,3.1436,0.4298,0
AGB-02,3020.0,94.71,2.2457,0.3473,1.364,1938.5,1.7657,0.3998,6.43,0,3,0.8631,0.2511,32.772,74.169,41.397,2.7939,0.4348,0
AGB-02,3021.0,89.22,2.2089,0.3762,1.464,1914.1,1.618,0.416,5.47,0,3,0.8038,0.279,32.795,74.193,41.398,2.55,0.4385,0
AGB-02,3022.0,88.06,2.3149,0.3227,2.378,2226.9,2.9716,0.3706,7.79,0,3,0.8052,0.2318,32.818,74.218,41.4,4.8708,0.4116,0
AGB-02,3023.0,91.3,2.2629,0.3377,0.852,1852.6,1.6895,0.4078,6.51,0,3,0.87,0.2519,32.841,74.242,41.402,2.6684,0.4318,0
AGB-02,3024.0,89.7,2.2055,0.3482,1.013,2011.4,1.8189,0.3976,4.94,0,3,0.8163,0.2659,32.864,74.267,41.403,2.8832,0.4366,0
AGB-02,3025.0,98.18,2.2709,0.3401,1.533,2159.1,1.8358,0.4169,6.19,0,3,0.8673,0.2481,32.887,74.291,41.405,2.9116,0.4475,0
AGB-02,3026.0,95.1,2.2375,0.3707,1.969,1913.5,1.4454,0.4078,5.0,0,3,0.8697,0.2621,32.91,74.316,41.406,2.2683,0.4471,0
AGB-02,3027.0,90.29,2.2199,0.3443,1.188,2046.9,2.0002,0.392,5.54,0,3,0.8208,0.2574,32.933,74.34,41.408,3.1877,0.432,0
AGB-02,3028.0,87.93,2.2186,0.3395,1.934,1991.7,1.7296,0.3968,5.5,0,3,0.8385,0.2614,32.956,74.365,41.409,2.7359,0.4395,0
AGB-02,3029.0,97.75,2.2309,0.3486,1.551,1945.3,1.3274,0.4024,5.55,0,3,0.8899,0.2596,32.979,74.39,41.41,2.0773,0.45,0
AGB-02,3030.0,95.85,2.2815,0.3439,1.893,1982.4,1.4071,0.409,6.46,0,3,0.9158,0.2474,33.002,74.414,41.412,2.2068,0.45,0
AGB-02,3031.0,84.33,2.2603,0.3765,1.152,2017.3,2.0579,0.3846,4.6,0,3,0.8053,0.2622,33.026,74.439,41.413,3.2863,0.4285,0
AGB-02,3032.0,84.87,2.2605,0.3341,1.047,2091.9,2.5136,0.3749,4.81,0,3,0.7987,0.2477,33.049,74.463,41.414,4.0676,0.415,0
AGB-02,3033.0,95.55,2.2543,0.3641,2.066,1997.9,1.6339,0.397,5.89,0,3,0.8429,0.2648,33.072,74.488,41.416,2.579,0.445,0
AGB-02,3034.0,89.01,2.3133,0.3324,1.152,2145.0,2.6371,0.3825,6.94,0,3,0.8224,0.2364,33.096,74.512,41.417,4.2841,0.4172,0
AGB-02,3035.0,89.24,2.2398,0.3548,1.186,1920.5,1.7636,0.399,5.03,0,3,0.8474,0.2569,33.119,74.537,41.418,2.7943,0.4331,0
AGB-02,3036.0,93.32,2.2427,0.3678,1.415,1934.8,1.2638,0.42,6.13,0,3,0.9079,0.2617,33.142,74.561,41.419,1.9756,0.45,0
AGB-02,3037.0,104.15,2.2549,0.3728,3.049,1568.1,1.2482,0.397,5.31,0,3,0.9528,0.2693,33.166,74.586,41.42,1.9506,0.4299,0
AGB-02,3038.0,93.73,2.2693,0.3612,0.861,2036.8,1.5551,0.42,5.83,0,3,0.8499,0.266,33.189,74.611,41.422,2.4505,0.45,0
AGB-02,3039.0,85.24,2.2939,0.2907,1.072,2272.4,3.2091,0.3749,8.53,0,3,0.7909,0.2284,33.213,74.635,41.423,5.3084,0.4051,0
AGB-02,3040.0,96.22,2.2267,0.3526,1.231,1767.3,1.2466,0.399,5.21,0,3,0.8952,0.2702,33.236,74.66,41.424,1.9485,0.4464,0
AGB-02,3041.0,91.47,2.2536,0.3344,0.858,2078.0,2.3865,0.3832,5.82,0,3,0.8276,0.241,33.26,74.684,41.425,3.8509,0.419,0
AGB-02,3042.0,85.45,2.1893,0.337,1.43,2019.3,1.5454,0.4128,5.32,0,3,0.8234,0.2742,33.283,74.709,41.426,2.4354,0.448,0
AGB-02,3043.0,97.0,2.282,0.3304,1.451,2127.4,2.1568,0.4098,6.57,0,3,0.8602,0.2384,33.307,74.733,41.427,3.4577,0.4339,0
AGB-02,3044.0,96.81,2.2589,0.3378,1.447,2027.5,1.3876,0.4097,6.52,0,3,0.8925,0.2566,33.33,74.758,41.428,2.1779,0.45,0
AGB-02,3045.0,99.59,2.26,0.3276,3.359,1945.2,1.5721,0.4069,5.13,0,3,0.8993,0.2457,33.354,74.782,41.429,2.4799,0.4442,0
AGB-02,3046.0,95.22,2.2541,0.3436,1.408,1960.2,1.6018,0.4165,5.99,0,3,0.8795,0.2519,33.377,74.807,41.43,2.529,0.4437,0
AGB-02,3047.0,96.68,2.2474,0.3502,3.078,2004.5,1.4488,0.4055,6.0,0,3,0.8853,0.2563,33.401,74.832,41.43,2.2782,0.45,0
AGB-02,3048.0,99.63,2.2168,0.3778,2.106,1732.2,1.2384,0.4179,4.34,0,3,0.9146,0.2728,33.425,74.856,41.431,1.9366,0.4439,0
AGB-02,3049.0,98.71,2.2654,0.3448,1.565,1880.4,1.4081,0.4152,5.78,0,3,0.8845,0.2586,33.449,74.881,41.432,2.212,0.4473,0
AGB-02,3050.0,94.17,2.212,0.3736,1.068,1810.9,1.24,0.4022,5.34,0,3,0.8766,0.2788,33.472,74.905,41.433,1.9394,0.4492,0
AGB-02,3051.0,98.28,2.2909,0.3434,2.453,2025.0,1.6945,0.4129,5.94,0,3,0.9169,0.2349,33.496,74.93,41.434,2.6832,0.4452,0
AGB-02,3052.0,98.09,2.2786,0.334,2.094,1992.5,1.6282,0.4048,7.12,0,3,0.885,0.2495,33.52,74.954,41.435,2.5737,0.4454,0
AGB-02,3053.0,94.92,2.1934,0.3978,1.113,1728.4,1.2251,0.42,5.24,0,3,0.8654,0.2812,33.544,74.979,41.435,1.9158,0.4437,0
AGB-02,3054.0,99.6,2.2624,0.3476,1.638,2041.9,2.0502,0.411,5.01,0,3,0.8367,0.2505,33.568,75.004,41.436,3.2795,0.4309,0
AGB-02,3055.0,100.76,2.245,0.3711,2.473,1692.3,1.2506,0.4096,4.48,0,3,0.9204,0.2752,33.591,75.028,41.437,1.9571,0.4409,0
AGB-02,3056.0,94.39,2.2645,0.3667,1.247,1993.3,1.8844,0.4174,4.94,0,3,0.847,0.253,33.615,75.053,41.437,3.0006,0.4342,0
AGB-02,3057.0,90.08,2.2784,0.3109,1.296,2110.0,2.4128,0.3863,7.29,0,3,0.8492,0.2326,33.639,75.077,41.438,3.9009,0.4218,0
AGB-02,3058.0,97.59,2.2228,0.3462,1.583,1896.4,1.4323,0.42,5.72,0,3,0.8917,0.2536,33.663,75.102,41.438,2.2528,0.446,0
AGB-02,3059.0,98.97,2.1887,0.3738,2.362,1529.2,1.2075,0.3865,5.56,0,3,0.9218,0.2714,33.687,75.126,41.439,1.8879,0.4257,0
AGB-02,3060.0,93.17,2.2861,0.3146,1.09,1944.5,2.1276,0.3801,7.17,0,3,0.8391,0.2469,33.711,75.151,41.44,3.4119,0.4192,0
AGB-02,3061.0,100.88,2.1781,0.3883,1.836,1738.9,1.2171,0.4091,4.05,0,3,0.9036,0.2821,33.735,75.175,41.44,1.9034,0.4444,0
AGB-02,3062.0,94.13,2.2999,0.3506,2.228,2034.1,1.8877,0.4008,6.21,0,3,0.866,0.2468,33.759,75.2,41.441,3.0068,0.4383,0
AGB-02,3063.0,99.35,2.2417,0.3703,2.122,1815.6,1.4511,0.4099,5.46,0,3,0.8592,0.2655,33.784,75.225,41.441,2.2837,0.4399,0
AGB-02,3064.0,92.01,2.2235,0.3386,1.616,2085.2,1.6261,0.4138,5.42,0,3,0.8476,0.2625,33.808,75.249,41.441,2.5714,0.4495,0
AGB-02,3065.0,96.77,2.2655,0.3438,1.281,1866.1,2.0224,0.3831,6.29,0,3,0.8475,0.2467,33.832,75.274,41.442,3.2337,0.4153,0
AGB-02,3066.0,97.31,2.2359,0.3686,1.347,1869.0,1.2551,0.42,5.16,0,3,0.8687,0.2714,33.856,75.298,41.442,1.965,0.45,0
AGB-02,3067.0,91.76,2.2607,0.3547,1.443,1897.2,1.6446,0.3994,6.12,0,3,0.8571,0.2587,33.88,75.323,41.443,2.6019,0.4374,0
AGB-02,3068.0,91.38,2.28,0.3449,1.392,2173.1,2.5731,0.4027,6.2,0,3,0.7979,0.2469,33.905,75.347,41.443,4.1806,0.4209,0
AGB-02,3069.0,90.81,2.2862,0.3345,1.409,2077.4,1.8276,0.4112,6.73,0,3,0.8561,0.2528,33.929,75.372,41.443,2.906,0.4432,0
AGB-02,3070.0,94.86,2.3297,0.2996,1.266,2269.6,3.1813,0.3854,6.58,0,3,0.7888,0.2316,33.953,75.396,41.443,5.2661,0.4077,0
AGB-02,3071.0,91.89,2.2876,0.3262,1.809,2085.4,2.6129,0.3911,8.25,0,3,0.7981,0.2451,33.977,75.421,41.444,4.2499,0.4108,0
AGB-02,3072.0,95.58,2.2628,0.3238,1.254,2118.6,2.1069,0.4076,6.64,0,3,0.8528,0.2424,34.002,75.446,41.444,3.3765,0.4345,0
AGB-02,3073.0,91.88,2.2369,0.3217,1.013,1974.5,1.8878,0.3859,5.48,0,3,0.8381,0.2553,34.026,75.47,41.444,3.0064,0.4316,0
AGB-02,3074.0,86.92,2.218,0.3517,1.326,2042.3,2.3093,0.3715,5.73,0,3,0.7895,0.257,34.051,75.495,41.444,3.722,0.4173,0
AGB-02,3075.0,98.21,2.2873,0.3218,2.413,1921.9,2.0882,0.3972,6.35,0,3,0.8659,0.238,34.075,75.519,41.444,3.3441,0.419,0
AGB-02,3076.0,97.13,2.2416,0.3418,1.443,1651.3,1.2461,0.4025,6.37,0,3,0.9344,0.263,34.099,75.544,41.444,1.9497,0.4376,0
AGB-02,3077.0,89.83,2.2451,0.3201,1.188,2031.1,2.2078,0.3816,6.01,0,3,0.8283,0.2469,34.124,75.568,41.444,3.5473,0.4222,0
AGB-02,3078.0,90.53,2.2518,0.3386,2.098,1894.0,1.7033,0.3984,6.01,0,3,0.8528,0.2576,34.148,75.593,41.444,2.6977,0.4341,0
AGB-02,3079.0,92.35,2.256,0.2975,0.92,2026.7,1.7738,0.3941,6.12,0,3,0.8547,0.2545,34.173,75.618,41.444,2.8147,0.4411,0
AGB-02,3080.0,101.44,2.1992,0.3919,1.96,1598.4,1.2197,0.4,4.63,0,3,0.9462,0.2883,34.198,75.642,41.444,1.9064,0.4328,0
AGB-02,3081.0,98.97,2.2579,0.3726,2.315,1797.2,1.7403,0.4013,5.27,0,3,0.851,0.2565,34.222,75.667,41.444,2.7583,0.4234,0
AGB-02,3082.0,85.02,2.2847,0.3236,1.209,2190.0,2.8006,0.3764,6.14,0,3,0.7958,0.2398,34.247,75.691,41.444,4.5769,0.4133,0
AGB-02,3083.0,92.64,2.2141,0.3714,0.784,1966.2,1.4627,0.4075,5.64,0,3,0.8593,0.2647,34.271,75.716,41.444,2.3003,0.4489,0
AGB-02,3084.0,97.86,2.2696,0.3386,1.395,1719.0,1.2667,0.42,5.49,0,3,0.9139,0.2654,34.296,75.74,41.444,1.9814,0.443,0
AGB-02,3085.0,90.17,2.234,0.3795,2.153,1859.9,1.5464,0.4068,4.57,0,3,0.8441,0.2671,34.321,75.765,41.444,2.4368,0.4385,0
AGB-02,3086.0,91.19,2.2372,0.3295,1.772,2043.8,1.7811,0.4087,6.28,0,3,0.8572,0.2527,34.346,75.789,41.444,2.8243,0.4414,0
AGB-02,3087.0,96.69,2.263,0.3373,1.578,1971.4,1.5526,0.4137,5.93,0,3,0.8843,0.2525,34.37,75.814,41.444,2.4461,0.4468,0
AGB-02,3088.0,99.09,2.2305,0.3635,1.283,1833.7,1.2527,0.4173,4.68,0,3,0.9228,0.2634,34.395,75.839,41.443,1.9575,0.45,0
AGB-02,3089.0,99.3,2.2202,0.3692,3.202,1594.6,1.2322,0.3923,5.39,0,3,0.9702,0.2744,34.42,75.863,41.443,1.9242,0.4325,0
AGB-02,3090.0,90.77,2.2815,0.3102,0.842,2295.6,3.3561,0.3728,8.04,0,3,0.7652,0.233,34.445,75.888,41.443,5.5733,0.4009,0
AGB-02,3091.0,94.43,2.2367,0.3433,2.408,1922.4,1.5608,0.42,6.23,0,3,0.9017,0.2446,34.47,75.912,41.442,2.458,0.4425,0
AGB-02,3092.0,92.28,2.2801,0.3154,1.571,2300.0,3.1087,0.3597,6.43,0,3,0.7713,0.2391,34.495,75.937,41.442,5.1201,0.4115,0
AGB-02,3093.0,28.86,2.3645,0.1601,1.92,4513.4,9.2584,0.2174,22.67,1,0,0.02,0.1635,34.52,75.961,41.442,41.924,0.2242,0
AGB-02,3094.0,36.34,2.3542,0.1785,0.585,4138.4,10.3034,0.2124,19.02,0,0,0.1099,0.1791,34.545,75.986,41.441,34.6375,0.2325,0
AGB-02,3095.0,32.64,2.3708,0.1636,1.094,4169.9,10.2181,0.1854,20.2,1,0,0.1112,0.1709,34.57,76.01,41.441,35.786,0.2259,0
AGB-02,3096.0,37.37,2.3846,0.1617,1.231,4217.3,10.0985,0.1851,18.9,0,0,0.111,0.1633,34.595,76.035,41.44,36.9961,0.2228,0
AGB-02,3097.0,29.37,2.3647,0.1452,1.709,4461.6,9.6504,0.2237,18.63,0,0,0.0576,0.1643,34.62,76.06,41.44,40.0641,0.2381,0
AGB-02,3098.0,34.5,2.3606,0.2011,1.076,4169.6,10.3656,0.2364,17.5,0,0,0.1319,0.1813,34.645,76.084,41.439,33.8674,0.2551,0
AGB-02,3099.0,32.45,2.3472,0.1677,1.573,4167.4,10.2784,0.208,16.37,0,0,0.0915,0.1798,34.67,76.109,41.439,35.2937,0.2276,0
AGB-02,3100.0,23.94,2.3698,0.1355,1.35,4381.2,9.6775,0.197,21.36,0,0,0.0329,0.1702,34.695,76.133,41.438,39.9983,0.2173,0
AGB-02,3101.0,22.56,2.4113,0.1605,0.621,4530.2,9.4482,0.2091,22.46,0,0,0.02,0.1626,34.72,76.158,41.438,42.9464,0.2261,0
AGB-02,3102.0,35.52,2.3666,0.1703,0.587,4051.2,10.3406,0.1732,17.97,0,0,0.0934,0.1819,34.745,76.182,41.437,34.6167,0.2076,0
AGB-02,3103.0,27.58,2.3571,0.1914,1.171,4145.5,10.2822,0.2087,17.68,0,0,0.1056,0.1726,34.77,76.207,41.437,35.4762,0.2201,0
AGB-02,3104.0,16.7,2.39,0.1556,1.231,4300.4,9.6075,0.1731,23.87,0,0,0.02,0.1668,34.796,76.231,41.436,40.5001,0.1847,0
AGB-02,3105.0,33.16,2.363,0.1901,1.119,4360.1,10.0437,0.2137,18.8,0,0,0.0695,0.176,34.821,76.256,41.435,37.8037,0.2447,0
AGB-02,3106.0,31.61,2.379,0.1431,1.723,4305.1,9.9135,0.1986,21.11,1,0,0.0877,0.1585,34.846,76.281,41.434,38.7646,0.2174,0
AGB-02,3107.0,34.22,2.3777,0.1417,1.337,4152.9,10.3278,0.2142,20.21,0,0,0.1308,0.1701,34.871,76.305,41.434,35.153,0.2339,0
AGB-02,3108.0,27.92,2.3906,0.1771,0.873,4186.3,10.3097,0.2083,15.55,0,0,0.1033,0.1816,34.897,76.33,41.433,35.4449,0.2416,0
AGB-02,3109.0,32.96,2.4008,0.1485,1.68,4333.0,9.7698,0.1903,20.99,0,0,0.0681,0.1613,34.922,76.354,41.432,39.7552,0.2152,0
AGB-02,3110.0,22.17,2.4177,0.1456,2.427,4459.7,9.5787,0.1704,24.44,0,0,0.02,0.1525,34.948,76.379,41.431,43.5394,0.1951,0
AGB-02,3111.0,39.31,2.3539,0.181,1.05,4114.6,10.4328,0.2126,13.39,0,0,0.1158,0.1852,34.973,76.403,41.43,33.718,0.2416,0
AGB-02,3112.0,26.1,2.3605,0.1768,1.252,4144.1,10.2762,0.1875,18.41,0,0,0.0626,0.1831,34.998,76.428,41.429,36.0544,0.2091,0
AGB-02,3113.0,38.63,2.3742,0.1884,1.36,4047.3,10.4832,0.2053,16.94,0,0,0.173,0.1774,35.024,76.453,41.429,32.3162,0.2515,0
AGB-02,3114.0,30.27,2.3948,0.1556,1.438,4385.5,9.7245,0.2148,19.38,0,0,0.0838,0.1536,35.049,76.477,41.428,40.1651,0.223,0
AGB-02,3115.0,32.11,2.4021,0.1787,0.759,4238.6,10.2205,0.227,19.85,0,0,0.0977,0.1752,35.075,76.502,41.427,36.747,0.2379,0
AGB-02,3116.0,31.07,2.3769,0.1312,1.643,4105.2,10.2361,0.1576,22.71,0,0,0.0864,0.1666,35.101,76.526,41.426,36.6451,0.1862,0
AGB-02,3117.0,27.41,2.3993,0.1301,1.45,4487.1,9.4835,0.1775,20.97,0,0,0.02,0.1558,35.126,76.551,41.425,43.107,0.2067,0
AGB-02,3118.0,91.14,2.2613,0.3411,0.839,2087.5,2.1074,0.4055,5.82,0,3,0.814,0.2578,35.152,76.575,41.424,3.3494,0.4327,0
AGB-02,3119.0,94.23,2.2685,0.3544,1.29,1941.4,1.6207,0.4139,6.07,0,3,0.8877,0.2488,35.177,76.6,41.422,2.541,0.4426,0
AGB-02,3120.0,91.51,2.2455,0.3248,1.417,1920.5,2.041,0.3847,6.46,0,3,0.8569,0.2426,35.203,76.624,41.421,3.2367,0.4202,0
AGB-02,3121.0,95.0,2.2655,0.341,1.065,2104.5,2.3579,0.3843,5.99,0,3,0.8275,0.2433,35.229,76.649,41.42,3.7721,0.424,0
AGB-02,3122.0,88.69,2.2617,0.3478,1.152,2007.8,2.0656,0.4004,5.47,0,3,0.8225,0.2559,35.255,76.674,41.419,3.2766,0.428,0
AGB-02,3123.0,101.63,2.2715,0.3724,2.871,1861.1,1.2851,0.4135,4.55,0,3,0.9378,0.2548,35.28,76.698,41.418,1.9957,0.45,0
AGB-02,3124.0,96.69,2.2553,0.3677,1.562,1938.7,1.6957,0.3846,5.7,0,3,0.8748,0.2503,35.306,76.723,41.417,2.6616,0.4388,0
AGB-02,3125.0,96.23,2.2488,0.3466,1.676,1929.2,1.9086,0.3984,5.45,0,3,0.8357,0.2563,35.332,76.747,41.415,3.0127,0.4279,0
AGB-02,3126.0,92.93,2.241,0.3587,2.277,1868.0,1.3508,0.4067,5.12,0,3,0.893,0.2578,35.358,76.772,41.414,2.1001,0.4489,0
AGB-02,3127.0,98.14,2.2438,0.3516,1.262,1866.6,1.4575,0.42,5.56,0,3,0.8985,0.2509,35.384,76.796,41.413,2.272,0.4441,0
AGB-02,3128.0,91.45,2.2476,0.3416,1.096,1849.3,1.3869,0.412,6.82,0,3,0.8695,0.2654,35.409,76.821,41.411,2.1576,0.4463,0
AGB-02,3129.0,101.03,2.2706,0.3726,1.355,1695.2,1.2765,0.4091,5.45,0,3,0.9062,0.2584,35.435,76.845,41.41,1.9797,0.4412,0
AGB-02,3130.0,94.2,2.3063,0.3271,1.281,1970.1,2.0866,0.3928,7.0,0,3,0.8604,0.2419,35.461,76.87,41.409,3.3072,0.4256,0
AGB-02,3131.0,97.36,2.2353,0.35,3.858,1656.7,1.255,0.42,4.86,0,3,0.9134,0.2661,35.487,76.895,41.407,1.9448,0.4381,0
AGB-02,3132.0,88.75,2.2613,0.3272,0.93,2196.5,2.4669,0.3881,5.29,0,3,0.8136,0.245,35.513,76.919,41.406,3.9513,0.4273,0
AGB-02,3133.0,92.99,2.2444,0.3498,2.17,1882.9,1.2733,0.4114,5.44,0,3,0.8939,0.2697,35.539,76.944,41.404,1.9735,0.45,0
AGB-02,3134.0,99.41,2.2309,0.3559,1.219,1610.0,1.4282,0.3987,6.46,0,3,0.878,0.2589,35.565,76.968,41.403,2.2222,0.4219,0
AGB-02,3135.0,103.64,2.2459,0.3606,1.572,1818.3,1.3064,0.4097,4.5,0,3,0.8742,0.2672,35.591,76.993,41.401,2.0261,0.448,0
AGB-02,3136.0,95.65,2.2541,0.3342,1.514,1703.1,1.2692,0.42,4.49,0,3,0.9248,0.2584,35.618,77.017,41.4,1.9662,0.4418,0
AGB-02,3137.0,92.92,2.2203,0.3088,1.247,2006.2,2.1333,0.3885,6.2,0,3,0.8204,0.2528,35.644,77.042,41.398,3.3822,0.4233,0
AGB-02,3138.0,97.67,2.2842,0.3323,2.134,1951.1,1.5143,0.42,6.21,0,3,0.8965,0.2507,35.67,77.066,41.397,2.3603,0.4483,0
AGB-02,3139.0,97.97,2.2414,0.3372,1.706,2087.2,1.9566,0.4017,5.97,0,3,0.8478,0.2502,35.696,77.091,41.395,3.086,0.4383,0
AGB-02,3140.0,87.59,2.2849,0.3372,1.393,2012.7,2.5882,0.3771,6.49,0,3,0.7864,0.251,35.722,77.116,41.393,4.1552,0.4049,0
AGB-02,3141.0,89.74,2.2757,0.3355,3.166,2024.1,1.6367,0.4076,5.58,0,3,0.8903,0.2478,35.749,77.14,41.392,2.5585,0.4476,0
AGB-02,3142.0,95.08,2.309,0.3349,1.522,2057.7,3.0787,0.363,6.31,0,3,0.8174,0.2228,35.775,77.165,41.39,5.014,0.3866,0
AGB-02,3143.0,92.46,2.2803,0.3201,0.755,2189.1,2.6106,0.4043,5.96,0,3,0.8066,0.2433,35.801,77.189,41.388,4.192,0.422,0
AGB-02,3144.0,88.98,2.2552,0.3429,2.173,2055.3,1.7144,0.4076,6.03,0,3,0.8601,0.2557,35.827,77.214,41.386,2.6844,0.446,0
AGB-02,3145.0,100.31,2.2623,0.3504,2.525,2014.6,1.4556,0.4195,5.02,0,3,0.8948,0.2535,35.854,77.238,41.385,2.2632,0.45,0
AGB-02,3146.0,93.93,2.2394,0.3325,1.132,1986.3,1.2873,0.42,4.67,0,3,0.8768,0.2674,35.88,77.263,41.383,1.9924,0.45,0
AGB-02,3147.0,99.69,2.2623,0.3533,2.173,1758.8,1.2789,0.4133,5.08,0,3,0.9128,0.2594,35.907,77.288,41.381,1.9788,0.4458,0
AGB-02,3148.0,92.9,2.2805,0.3133,1.196,2200.4,2.4337,0.3878,5.94,0,3,0.8084,0.2492,35.933,77.312,41.379,3.8854,0.4298,0
AGB-02,3149.0,51.14,2.3181,0.2039,0.661,3601.1,9.9699,0.2505,14.78,0,1,0.2932,0.1944,35.96,77.337,41.377,24.0215,0.2707,0
AGB-02,3150.0,47.78,2.3726,0.1879,0.779,3788.1,10.4177,0.2566,18.24,1,1,0.2771,0.1755,35.986,77.361,41.375,27.5699,0.2645,0
AGB-02,3151.0,37.66,2.3511,0.1832,1.437,3848.8,10.5693,0.2343,17.12,0,1,0.2033,0.1779,36.013,77.386,41.373,29.9078,0.2328,0
AGB-02,3152.0,59.99,2.3213,0.2173,0.627,3401.6,9.1599,0.271,11.46,0,1,0.3772,0.2019,36.039,77.41,41.371,20.0385,0.2985,0
AGB-02,3153.0,44.9,2.3496,0.1878,1.754,3843.4,10.5297,0.2151,17.11,0,1,0.2433,0.1724,36.066,77.435,41.369,28.9924,0.2487,0
AGB-02,3154.0,43.02,2.3294,0.1979,1.776,3816.3,10.5029,0.2037,15.52,0,1,0.2241,0.1807,36.092,77.459,41.367,28.5324,0.245,0
AGB-02,3155.0,70.08,2.2993,0.2808,0.802,2806.0,6.5273,0.3035,9.31,0,2,0.5469,0.2219,36.119,77.484,41.365,12.0623,0.3335,0
AGB-02,3156.0,65.63,2.3099,0.2579,0.93,3039.0,7.2993,0.3008,9.86,0,2,0.5228,0.2101,36.146,77.509,41.363,14.0191,0.3371,0
AGB-02,3157.0,67.58,2.3208,0.2873,1.225,2634.1,5.9478,0.3173,8.28,0,2,0.6003,0.2191,36.172,77.533,41.361,10.7063,0.334,0
AGB-02,3158.0,62.67,2.2971,0.2452,0.904,3011.6,7.0449,0.3237,7.99,0,2,0.5126,0.2213,36.199,77.558,41.359,13.3438,0.3435,0
AGB-02,3159.0,75.3,2.2519,0.2997,0.603,2394.4,4.5484,0.313,5.76,0,2,0.6322,0.2452,36.226,77.582,41.356,7.7514,0.3581,0
AGB-02,3160.0,79.92,2.3021,0.2932,1.2,2836.1,5.5649,0.3381,8.56,0,2,0.641,0.2176,36.253,77.607,41.354,9.8527,0.3807,0
AGB-02,3161.0,70.47,2.3049,0.2929,1.055,2698.6,6.2618,0.3115,8.15,0,2,0.5654,0.2222,36.279,77.631,41.352,11.4168,0.3279,0
AGB-02,3162.0,71.75,2.313,0.2747,1.483,3145.2,7.5376,0.3098,8.82,0,2,0.4951,0.215,36.306,77.656,41.35,14.6455,0.3437,0
AGB-02,3163.0,66.9,2.2841,0.2548,1.106,2716.8,5.9037,0.3375,7.42,0,2,0.5752,0.2295,36.333,77.68,41.347,10.593,0.3481,0
AGB-02,3164.0,73.17,2.2921,0.2623,1.105,2933.2,6.9685,0.2946,7.58,0,2,0.524,0.218,36.36,77.705,41.345,13.1287,0.3337,0
AGB-02,3165.0,76.03,2.2961,0.2809,0.874,2799.5,6.057,0.3461,8.36,0,2,0.5826,0.2238,36.387,77.73,41.343,10.9346,0.3556,0
AGB-02,3166.0,69.28,2.2934,0.2379,1.027,3078.6,7.2572,0.3303,9.37,0,2,0.5425,0.2038,36.414,77.754,41.34,13.8706,0.3444,0
AGB-02,3167.0,73.14,2.2992,0.2677,0.859,2805.2,5.7753,0.3425,9.82,0,2,0.6149,0.2207,36.441,77.779,41.338,10.2978,0.3688,0
AGB-02,3168.0,70.79,2.2872,0.2831,0.972,2799.0,5.8129,0.3583,8.09,0,2,0.59,0.2283,36.468,77.803,41.336,10.3789,0.3654,0
AGB-02,3169.0,62.45,2.3178,0.249,1.348,3175.2,8.2531,0.287,13.64,0,2,0.4589,0.204,36.495,77.828,41.333,16.7211,0.3126,0
AGB-02,3170.0,67.5,2.3476,0.2698,1.668,2820.8,6.8558,0.3106,11.64,0,2,0.5659,0.2078,36.522,77.852,41.331,12.8246,0.3252,0
AGB-02,3171.0,68.43,2.2902,0.2586,1.057,3063.5,7.0281,0.3138,12.14,0,2,0.5271,0.2172,36.549,77.877,41.328,13.2574,0.3523,0
AGB-02,3172.0,74.34,2.2889,0.3025,1.782,2774.5,5.7922,0.3223,8.38,0,2,0.6044,0.2233,36.576,77.902,41.326,10.3246,0.3631,0
AGB-02,3173.0,71.35,2.3153,0.2825,0.66,2809.9,6.4987,0.3221,8.8,0,2,0.5662,0.2174,36.603,77.926,41.323,11.9435,0.3386,0
AGB-02,3174.0,75.77,2.2892,0.2902,0.942,2594.9,4.8944,0.3594,5.92,0,2,0.6395,0.2362,36.63,77.951,41.32,8.4213,0.3762,0
AGB-02,3175.0,70.14,2.294,0.2734,0.57,2749.7,5.6747,0.3324,6.48,0,2,0.5712,0.2399,36.657,77.975,41.318,10.0604,0.3651,0
AGB-02,3176.0,69.48,2.3147,0.2435,0.7,3150.5,7.7611,0.2988,10.2,0,2,0.5099,0.2023,36.685,78.0,41.315,15.2178,0.335,0
AGB-02,3177.0,69.39,2.2835,0.3041,0.487,2883.7,6.5207,0.3301,8.43,0,2,0.5476,0.2229,36.712,78.024,41.312,11.9858,0.347,0
AGB-02,3178.0,76.23,2.282,0.2993,0.644,2706.5,5.5044,0.3384,6.75,0,2,0.6143,0.2275,36.739,78.049,41.31,9.6862,0.3653,0
AGB-02,3179.0,68.01,2.317,0.2615,1.267,2987.3,6.7578,0.3484,9.46,0,2,0.5621,0.2137,36.767,78.073,41.307,12.5557,0.3557,0
AGB-02,3180.0,69.51,2.2736,0.2849,1.519,2700.7,6.1975,0.3034,9.53,0,2,0.5449,0.2307,36.794,78.098,41.304,11.2205,0.3293,0
AGB-02,3181.0,75.8,2.3069,0.2807,1.248,2867.6,6.2463,0.3202,8.16,0,2,0.5749,0.2229,36.821,78.123,41.301,11.3306,0.3592,0
AGB-02,3182.0,73.46,2.2584,0.2769,1.23,2897.7,6.4078,0.3179,7.25,0,2,0.5219,0.2351,36.849,78.147,41.299,11.7052,0.3521,0
AGB-02,3183.0,64.88,2.3305,0.2427,0.827,3056.0,7.427,0.3111,10.81,0,2,0.5113,0.2132,36.876,78.172,41.296,14.2655,0.3378,0
AGB-02,3184.0,69.34,2.3134,0.2704,1.452,3005.6,6.9856,0.3149,9.19,0,2,0.5264,0.2202,36.903,78.196,41.293,13.1103,0.3484,0
AGB-02,3185.0,68.76,2.2778,0.279,0.713,2886.7,6.4235,0.3186,6.98,0,2,0.5365,0.2303,36.931,78.221,41.29,11.7356,0.3517,0
AGB-02,3186.0,70.84,2.3329,0.2803,1.438,2869.1,6.8628,0.297,8.38,0,2,0.5531,0.213,36.958,78.245,41.287,12.7967,0.3334,0
AGB-02,3187.0,74.57,2.3068,0.3149,0.88,2591.7,5.2811,0.3218,8.14,0,2,0.6315,0.2282,36.986,78.27,41.284,9.1983,0.3605,0
AGB-02,3188.0,70.54,2.36,0.2328,1.09,3225.4,8.6311,0.2901,10.38,0,2,0.4709,0.1905,37.013,78.294,41.281,17.86,0.3072,0
AGB-02,3189.0,72.03,2.3066,0.241,1.718,3173.5,7.8936,0.3255,10.9,0,2,0.4987,0.2022,37.041,78.319,41.278,15.552,0.3322,0
AGB-02,3190.0,69.58,2.349,0.2474,1.79,3103.5,7.8346,0.3104,11.15,0,2,0.5004,0.2057,37.069,78.344,41.275,15.3791,0.328,0
AGB-02,3191.0,70.99,2.2896,0.2881,1.424,2658.9,6.1125,0.2988,8.94,0,2,0.5616,0.2278,37.096,78.368,41.272,11.005,0.328,0
AGB-02,3192.0,64.84,2.3537,0.2557,0.842,3113.1,7.852,0.3162,10.85,0,2,0.5099,0.2021,37.124,78.393,41.269,15.4237,0.3295,0
AGB-02,3193.0,91.6,2.259,0.3446,1.255,2186.6,2.3388,0.4054,5.62,0,3,0.8026,0.2545,37.152,78.417,41.266,3.6993,0.4321,0
AGB-02,3194.0,99.03,2.224,0.3713,1.062,1558.1,1.2514,0.3829,4.83,0,3,0.9249,0.2822,37.179,78.442,41.263,1.9225,0.4288,0
AGB-02,3195.0,98.1,2.2281,0.3412,1.452,1877.8,1.5904,0.4115,5.64,0,3,0.8641,0.2585,37.207,78.466,41.259,2.4646,0.4388,0
AGB-02,3196.0,93.99,2.2217,0.3451,1.014,1798.9,1.4536,0.4022,4.98,0,3,0.8718,0.2611,37.235,78.491,41.256,2.2445,0.4392,0
AGB-02,3197.0,98.19,2.2149,0.3553,1.221,1809.3,1.2638,0.42,4.99,0,3,0.9132,0.2687,37.263,78.515,41.253,1.9418,0.4491,0
AGB-02,3198.0,95.65,2.2788,0.3253,1.665,1989.8,1.9759,0.4027,5.91,0,3,0.8715,0.2418,37.29,78.54,41.25,3.0933,0.432,0
AGB-02,3199.0,96.17,2.22,0.3417,1.449,1800.9,1.2663,0.42,4.59,0,3,0.9307,0.2688,37.318,78.565,41.246,1.9456,0.4486,0
AGB-02,3200.0,104.27,2.2732,0.354,2.023,1891.0,1.3002,0.42,5.53,0,3,0.9007,0.2595,37.346,78.589,41.243,1.9993,0.45,0
AGB-02,3201.0,94.28,2.2504,0.3589,2.381,1709.5,1.2777,0.42,5.21,0,3,0.9142,0.2617,37.374,78.614,41.24,1.9636,0.4423,0
AGB-02,3202.0,86.87,2.2704,0.3521,1.422,1922.3,1.6599,0.3959,6.26,0,3,0.8733,0.2534,37.402,78.638,41.236,2.5763,0.4403,0
AGB-02,3203.0,91.99,2.2278,0.3527,2.596,1756.5,1.3115,0.42,5.19,0,3,0.8796,0.2647,37.43,78.663,41.233,2.0172,0.4434,0
AGB-02,3204.0,90.02,2.2498,0.3153,1.298,2283.5,2.8874,0.3805,6.99,0,3,0.784,0.2422,37.458,78.687,41.229,4.6375,0.4191,0
AGB-02,3205.0,93.63,2.2232,0.3539,0.886,1908.2,1.8764,0.3821,5.42,0,3,0.8431,0.2545,37.486,78.712,41.226,2.9292,0.4274,0
AGB-02,3206.0,89.52,2.2551,0.3438,1.749,2011.6,2.1493,0.3889,6.28,0,3,0.82,0.2541,37.514,78.737,41.222,3.3803,0.4253,0
AGB-02,3207.0,100.15,2.2209,0.3405,1.774,1827.6,1.3292,0.42,5.34,0,3,0.8982,0.2567,37.542,78.761,41.219,2.0454,0.4474,0
AGB-02,3208.0,92.74,2.2832,0.3259,2.067,2147.6,2.4719,0.3991,6.01,0,3,0.8324,0.2389,37.57,78.786,41.215,3.923,0.4248,0
AGB-02,3209.0,93.72,2.2946,0.3432,1.105,2196.7,2.4378,0.3965,7.59,0,3,0.8289,0.2421,37.598,78.81,41.212,3.8654,0.4305,0
AGB-02,3210.0,93.51,2.2307,0.3683,0.985,1854.1,1.628,0.3931,6.14,0,3,0.8317,0.2693,37.626,78.835,41.208,2.5251,0.4352,0
AGB-02,3211.0,96.12,2.2541,0.3482,1.237,1893.6,1.4436,0.4032,5.79,0,3,0.8778,0.2604,37.655,78.859,41.205,2.2285,0.4474,0
AGB-02,3212.0,95.22,2.2796,0.3199,1.742,2041.8,2.0512,0.3975,5.82,0,3,0.839,0.2515,37.683,78.884,41.201,3.2181,0.433,0
AGB-02,3213.0,96.61,2.2397,0.3751,1.974,1657.7,1.2679,0.3917,4.15,0,3,0.9039,0.2737,37.711,78.908,41.197,1.9487,0.4382,0
AGB-02,3214.0,93.47,2.234,0.3613,1.997,1838.5,1.4404,0.42,4.51,0,3,0.8879,0.2559,37.739,78.933,41.194,2.2238,0.4432,0
AGB-02,3215.0,90.71,2.2228,0.3536,1.203,1741.9,1.2639,0.4107,4.65,0,3,0.8695,0.2788,37.768,78.958,41.19,1.9427,0.4446,0
AGB-02,3216.0,94.43,2.239,0.3181,1.458,2011.1,1.6002,0.4081,4.96,0,3,0.8627,0.2593,37.796,78.982,41.186,2.4813,0.4477,0
AGB-02,3217.0,96.68,2.2732,0.3422,1.243,2168.7,2.2424,0.3916,6.89,0,3,0.858,0.2372,37.824,79.007,41.182,3.5384,0.4348,0
AGB-02,3218.0,93.35,2.2741,0.3378,2.563,1884.1,1.5333,0.4146,4.8,0,3,0.8864,0.2537,37.853,79.031,41.178,2.374,0.4433,0
AGB-02,3219.0,89.81,2.2734,0.329,1.203,2401.6,3.2701,0.3861,6.68,0,3,0.7708,0.2358,37.881,79.056,41.175,5.3184,0.4165,0
AGB-02,3220.0,96.39,2.2171,0.3835,1.677,1732.0,1.2595,0.4051,4.78,0,3,0.893,0.278,37.91,79.08,41.171,1.9368,0.4439,0
AGB-02,3221.0,94.27,2.2637,0.3047,0.844,2238.2,2.867,0.3814,5.61,0,3,0.7797,0.2447,37.938,79.105,41.167,4.6081,0.4163,0
AGB-02,3222.0,91.16,2.2339,0.3571,1.632,1921.7,2.0401,0.3976,4.75,0,3,0.8118,0.2602,37.967,79.129,41.163,3.2036,0.4209,0
AGB-02,3223.0,91.81,2.2941,0.3326,1.293,2127.1,2.5967,0.381,6.38,0,3,0.8121,0.2424,37.995,79.154,41.159,4.1427,0.4181,0
AGB-02,3224.0,94.37,2.2324,0.3224,1.074,1887.7,1.3433,0.42,5.58,0,3,0.875,0.2653,38.024,79.179,41.155,2.0714,0.45,0
AGB-02,3225.0,96.77,2.2631,0.3343,1.565,2107.1,2.2762,0.403,6.15,0,3,0.8227,0.2488,38.052,79.203,41.151,3.5999,0.4283,0
AGB-02,3226.0,100.39,2.2394,0.3348,2.325,1940.6,1.3147,0.4179,6.23,0,3,0.8956,0.259,38.081,79.228,41.147,2.0266,0.45,0
AGB-02,3227.0,97.9,2.2204,0.3611,1.633,1808.5,1.2642,0.42,6.0,0,3,0.8876,0.2729,38.109,79.252,41.143,1.9466,0.449,0
AGB-02,3228.0,100.42,2.2791,0.3417,5.235,1704.8,1.2901,0.42,6.13,0,3,0.98,0.2478,38.138,79.277,41.139,1.9882,0.4419,0
AGB-02,3229.0,90.68,2.2821,0.307,1.727,2347.2,3.2456,0.3888,6.02,0,3,0.7797,0.233,38.167,79.301,41.135,5.285,0.4126,0
AGB-02,3230.0,92.01,2.2409,0.3615,1.029,1816.8,1.3055,0.42,4.88,0,3,0.8466,0.278,38.195,79.326,41.13,2.0136,0.4481,0
AGB-02,3231.0,87.39,2.2354,0.3257,1.679,1911.5,1.6292,0.4092,4.83,0,3,0.8655,0.2564,38.224,79.35,41.126,2.5349,0.4396,0
AGB-02,3232.0,97.89,2.2235,0.3389,1.523,1934.9,1.8098,0.3984,6.17,0,3,0.8462,0.2559,38.253,79.375,41.122,2.83,0.4327,0
AGB-02,3233.0,97.55,2.2625,0.3398,1.704,2026.5,1.565,0.42,6.2,0,3,0.875,0.2565,38.282,79.4,41.118,2.432,0.45,0
AGB-02,3234.0,93.31,2.2755,0.3166,0.907,2100.0,1.9608,0.42,6.31,0,3,0.8629,0.2456,38.311,79.424,41.114,3.0803,0.4404,0
AGB-02,3235.0,96.56,2.2688,0.3457,1.217,2063.2,1.6934,0.4181,5.53,0,3,0.8646,0.2554,38.339,79.449,41.109,2.6418,0.4478,0
AGB-02,3236.0,90.29,2.2802,0.325,1.849,2151.5,2.2169,0.409,5.15,0,3,0.8383,0.2455,38.368,79.473,41.105,3.5091,0.4345,0
AGB-02,3237.0,86.37,2.2171,0.3677,1.496,1844.0,1.2613,0.4132,4.64,0,3,0.863,0.2738,38.397,79.498,41.101,1.9465,0.45,0
AGB-02,3238.0,96.54,2.257,0.3483,1.554,1897.9,1.8657,0.3872,5.69,0,3,0.8544,0.2512,38.426,79.522,41.096,2.9264,0.4279,0
AGB-02,3239.0,87.25,2.2204,0.3396,1.613,1965.3,1.7196,0.3899,4.92,0,3,0.835,0.2638,38.455,79.547,41.092,2.6874,0.4389,0
AGB-02,3240.0,97.34,2.2307,0.3316,1.344,2028.6,1.8877,0.3996,5.45,0,3,0.8587,0.2483,38.484,79.572,41.087,2.9643,0.4367,0
AGB-02,3241.0,92.28,2.2523,0.3346,1.439,1802.4,1.4302,0.416,4.86,0,3,0.869,0.2637,38.513,79.596,41.083,2.2191,0.4412,0
AGB-02,3242.0,93.19,2.2617,0.3424,1.816,1972.2,2.1571,0.382,5.71,0,3,0.8083,0.2578,38.542,79.621,41.078,3.4144,0.4209,0
AGB-02,3243.0,100.37,2.2925,0.3095,2.568,2178.6,2.1085,0.4161,6.82,0,3,0.8965,0.2276,38.571,79.645,41.074,3.3337,0.4405,0
AGB-02,3244.0,96.97,2.2632,0.3345,1.825,2008.5,1.8991,0.4027,7.08,0,3,0.8531,0.2509,38.6,79.67,41.069,2.9862,0.4357,0
AGB-02,3245.0,91.99,2.2352,0.3271,0.712,2169.2,2.4424,0.4112,5.5,0,3,0.8056,0.248,38.63,79.694,41.065,3.9002,0.4252,0
AGB-02,3246.0,85.45,2.2757,0.2989,1.232,2347.8,3.2465,0.3757,6.46,0,3,0.7622,0.2389,38.659,79.719,41.06,5.3113,0.4118,0
AGB-02,3247.0,94.39,2.2083,0.3317,0.917,2002.6,1.9923,0.392,5.56,0,3,0.8194,0.2582,38.688,79.743,41.056,3.1431,0.4291,0
AGB-02,3248.0,92.73,2.2657,0.3272,1.107,2034.9,2.0366,0.3841,5.54,0,3,0.8331,0.2532,38.717,79.768,41.051,3.2177,0.432,0
AGB-02,3249.0,94.78,2.2755,0.3176,1.462,1924.8,1.9989,0.3861,5.77,0,3,0.8541,0.2465,38.746,79.793,41.046,3.1557,0.4244,0
AGB-02,3250.0,99.59,2.2109,0.3648,1.313,1665.9,1.2437,0.398,4.9,0,3,0.8981,0.2733,38.776,79.817,41.042,1.9246,0.4388,0
AGB-02,3251.0,88.69,2.255,0.3475,1.448,2006.8,1.9423,0.407,5.11,0,3,0.8285,0.2582,38.805,79.842,41.037,3.0629,0.4333,0
AGB-02,3252.0,89.95,2.2858,0.3217,1.172,2179.0,2.6679,0.3961,7.41,0,3,0.8107,0.2396,38.834,79.866,41.032,4.296,0.419,0
AGB-02,3253.0,89.04,2.1825,0.3696,1.57,1875.0,1.2694,0.42,5.07,0,3,0.8353,0.2822,38.864,79.891,41.027,1.967,0.45,0
AGB-02,3254.0,96.47,2.2064,0.3684,2.784,1718.2,1.2436,0.4151,4.72,0,3,0.8781,0.2742,38.893,79.915,41.022,1.9261,0.4429,0
AGB-02,3255.0,95.24,2.2894,0.3344,1.67,2045.5,1.934,0.3986,6.84,0,3,0.8598,0.2477,38.922,79.94,41.018,3.0519,0.4377,0
AGB-02,3256.0,102.03,2.1917,0.3567,2.988,1575.4,1.2249,0.3948,4.41,0,3,0.9291,0.2723,38.952,79.964,41.013,1.8969,0.4306,0
AGB-02,3257.0,93.36,2.2887,0.3194,1.838,2157.2,2.7099,0.3887,5.99,0,3,0.8275,0.2315,38.981,79.989,41.008,4.3737,0.4151,0
AGB-02,3258.0,94.25,2.2782,0.3161,1.348,1912.7,2.105,0.3877,6.27,0,3,0.8581,0.2406,39.011,80.014,41.003,3.3395,0.4177,0
AGB-02,3259.0,97.19,2.1997,0.3586,1.967,1793.8,1.2432,0.4169,4.76,0,3,0.8784,0.2848,39.04,80.038,40.998,1.9272,0.4481,0
AGB-02,3260.0,86.9,2.2491,0.3332,2.147,2087.0,2.285,0.4006,6.3,0,3,0.8288,0.2448,39.07,80.063,40.993,3.6446,0.4249,0
AGB-02,3261.0,93.94,2.2662,0.3296,1.357,2221.8,2.514,0.4137,5.37,0,3,0.8169,0.242,39.099,80.087,40.988,4.037,0.4277,0
AGB-02,3262.0,102.06,2.3184,0.3207,2.343,1824.2,1.6268,0.409,5.13,0,3,0.9256,0.2349,39.129,80.112,40.983,2.5487,0.435,0
AGB-02,3263.0,85.32,2.2706,0.3251,1.418,2097.2,2.3367,0.3937,6.06,0,3,0.8194,0.2472,39.159,80.136,40.978,3.7341,0.4245,0
AGB-02,3264.0,88.52,2.284,0.334,1.294,2105.5,2.2636,0.4156,6.54,0,3,0.8357,0.2442,39.188,80.161,40.973,3.6101,0.4287,0
AGB-02,3265.0,96.39,2.2638,0.3258,1.546,1878.5,1.5726,0.4156,6.46,0,3,0.8827,0.2524,39.218,80.186,40.967,2.461,0.4401,0
AGB-02,3266.0,102.05,2.2114,0.3666,1.4,1783.1,1.248,0.42,4.45,0,3,0.8783,0.2746,39.248,80.21,40.962,1.9365,0.4474,0
AGB-02,3267.0,91.52,2.2443,0.3174,1.672,1987.5,2.2075,0.3903,6.46,0,3,0.8399,0.2427,39.277,80.235,40.957,3.516,0.4188,0
AGB-02,3268.0,101.47,2.2502,0.3559,1.475,1826.9,1.6116,0.3985,5.03,0,3,0.8617,0.2582,39.307,80.259,40.952,2.5251,0.4336,0
AGB-02,3269.0,95.7,2.243,0.3538,1.728,1725.7,1.2617,0.4132,4.95,0,3,0.9066,0.2691,39.337,80.284,40.947,1.9588,0.4435,0
AGB-02,3270.0,103.68,2.2507,0.3451,2.218,1656.3,1.2612,0.4092,6.05,0,3,0.946,0.2573,39.367,80.308,40.941,1.9581,0.438,0
AGB-02,3271.0,94.58,2.2798,0.3288,2.378,2126.2,2.0716,0.4004,6.26,0,3,0.8547,0.2441,39.397,80.333,40.936,3.2876,0.4376,0
AGB-02,3272.0,88.01,2.2835,0.3268,1.142,1840.6,1.9705,0.3929,7.21,0,3,0.8472,0.2498,39.427,80.357,40.931,3.1183,0.4171,0
AGB-02,3273.0,100.41,2.2035,0.3538,2.448,1668.0,1.2364,0.4056,5.39,0,3,0.9059,0.278,39.457,80.382,40.925,1.9184,0.439,0
AGB-02,3274.0,93.43,2.2479,0.3275,1.663,2165.5,1.9288,0.4119,6.33,0,3,0.8628,0.2456,39.486,80.407,40.92,3.0488,0.4444,0
AGB-02,3275.0,94.71,2.1699,0.3938,2.015,1450.0,1.1992,0.3724,4.92,0,3,0.9235,0.2863,39.516,80.431,40.915,1.8589,0.416,0
AGB-02,3276.0,95.16,2.2598,0.3428,1.575,1840.5,1.7592,0.3838,5.4,0,3,0.8547,0.2549,39.546,80.456,40.909,2.7679,0.4275,0
AGB-02,3277.0,91.16,2.2817,0.3349,1.378,2210.5,2.596,0.3918,5.48,0,3,0.7907,0.2496,39.576,80.48,40.904,4.1822,0.4242,0
AGB-02,3278.0,99.03,2.206,0.3836,1.348,1841.2,1.2478,0.4026,4.62,0,3,0.8866,0.2766,39.607,80.505,40.898,1.9365,0.45,0
AGB-02,3279.0,103.7,2.2133,0.3885,3.128,1593.4,1.2363,0.42,5.06,0,3,0.9462,0.2841,39.637,80.529,40.893,1.918,0.4324,0
AGB-02,3280.0,98.49,2.195,0.3733,1.886,1706.2,1.2344,0.4069,4.97,0,3,0.894,0.2775,39.667,80.554,40.887,1.915,0.442,0
AGB-02,3281.0,85.01,2.2295,0.35,1.479,2030.1,2.0979,0.4032,4.81,0,3,0.802,0.2612,39.697,80.578,40.882,3.3311,0.4273,0
AGB-02,3282.0,96.01,2.2502,0.3551,2.19,1809.9,1.2706,0.404,5.89,0,3,0.9108,0.257,39.727,80.603,40.876,1.9728,0.4491,0
AGB-02,3283.0,91.28,2.2598,0.3303,0.802,2050.2,2.3184,0.42,7.33,0,3,0.8255,0.2448,39.757,80.628,40.87,3.7041,0.4204,0
AGB-02,3284.0,99.21,2.2395,0.3578,2.021,1826.5,1.4144,0.42,5.47,0,3,0.8935,0.2543,39.787,80.652,40.865,2.2043,0.4431,0
AGB-02,3285.0,86.38,2.2699,0.2911,0.853,2451.6,3.7984,0.3812,8.8,0,3,0.723,0.2356,39.818,80.677,40.859,6.3499,0.4003,0
AGB-02,3286.0,94.9,2.2514,0.3305,2.32,1834.7,1.4269,0.415,5.94,0,3,0.8963,0.253,39.848,80.701,40.853,2.2241,0.4434,0
AGB-02,3287.0,95.62,2.2367,0.3424,1.754,1782.9,1.6616,0.3904,5.19,0,3,0.8612,0.2556,39.878,80.726,40.848,2.6063,0.4263,0
AGB-02,3288.0,92.32,2.254,0.345,1.179,2179.3,2.0837,0.42,4.9,0,3,0.7994,0.2642,39.909,80.75,40.842,3.3063,0.4399,0
AGB-02,3289.0,92.58,2.2284,0.3308,1.427,1972.4,2.1165,0.3721,5.76,0,3,0.8045,0.2592,39.939,80.775,40.836,3.3613,0.421,0
AGB-02,3290.0,94.3,2.2285,0.357,1.541,2034.2,2.243,0.386,5.51,0,3,0.795,0.2582,39.969,80.799,40.83,3.5747,0.421,0
AGB-02,3291.0,86.21,2.2716,0.312,1.171,2410.7,3.4631,0.3836,7.91,0,3,0.726,0.2453,40.0,80.824,40.824,5.7251,0.4091,0
AGB-02,3292.0,89.99,2.2819,0.3061,1.411,2165.2,2.5494,0.3869,6.68,0,3,0.7962,0.249,40.03,80.849,40.818,4.0987,0.4222,0
AGB-02,3293.0,88.93,2.2409,0.3357,1.625,1997.2,2.0188,0.376,5.98,0,3,0.8237,0.2563,40.061,80.873,40.812,3.1969,0.4284,0
AGB-02,3294.0,95.27,2.2792,0.3232,2.274,1896.3,1.8424,0.3924,6.46,0,3,0.8696,0.2465,40.091,80.898,40.806,2.9034,0.4293,0
AGB-02,3295.0,100.01,2.2316,0.3476,1.979,1900.7,1.2654,0.4176,5.62,0,3,0.9295,0.259,40.122,80.922,40.801,1.9635,0.45,0
AGB-02,3296.0,98.39,2.2314,0.3516,1.686,1916.6,1.4127,0.4147,5.1,0,3,0.879,0.26,40.152,80.947,40.795,2.2006,0.4489,0
AGB-02,3297.0,93.58,2.2807,0.3316,2.135,1971.2,1.6505,0.4065,6.32,0,3,0.88,0.2508,40.183,80.971,40.788,2.5874,0.4438,0
AGB-02,3298.0,93.74,2.2306,0.3518,1.071,1985.3,1.6119,0.4185,4.73,0,3,0.8249,0.2722,40.214,80.996,40.782,2.5242,0.4448,0
AGB-02,3299.0,86.77,2.2347,0.3162,0.896,2140.8,2.3328,0.3994,5.39,0,3,0.7965,0.255,40.244,81.021,40.776,3.7269,0.4269,0
AGB-02,3300.0,95.39,2.2551,0.3596,2.313,1905.3,1.3738,0.4196,5.41,0,3,0.893,0.257,40.275,81.045,40.77,2.1379,0.45,0
AGB-02,3301.0,102.29,2.2458,0.3604,2.167,1847.7,1.2706,0.4185,4.52,0,3,0.8973,0.2663,40.306,81.07,40.764,1.972,0.45,0
AGB-02,3302.0,98.72,2.2353,0.3595,2.332,1649.5,1.2531,0.4145,5.2,0,3,0.9437,0.2678,40.336,81.094,40.758,1.9439,0.4375,0
AGB-02,3303.0,98.82,2.1881,0.3704,1.892,1528.1,1.2176,0.3914,4.03,0,3,0.9421,0.284,40.367,81.119,40.752,1.8872,0.4256,0
AGB-02,3304.0,95.84,2.2812,0.3545,2.813,1897.2,1.9564,0.4136,5.44,0,3,0.8416,0.2527,40.398,81.143,40.745,3.0932,0.4238,0
AGB-02,3305.0,95.42,2.2081,0.3512,2.068,1808.0,1.2478,0.42,4.75,0,3,0.9115,0.2636,40.429,81.168,40.739,1.9357,0.449,0
AGB-02,3306.0,94.23,2.2104,0.3706,2.019,1666.8,1.2406,0.4077,4.84,0,3,0.8766,0.2821,40.459,81.192,40.733,1.9243,0.4389,0
AGB-02,3307.0,90.53,2.2741,0.3083,2.099,1964.0,2.2605,0.385,6.07,0,3,0.8339,0.2438,40.49,81.217,40.727,3.6052,0.4151,0
AGB-02,3308.0,87.97,2.2295,0.3484,2.314,1961.7,1.4747,0.412,4.96,0,3,0.8656,0.2624,40.521,81.242,40.72,2.3018,0.449,0
AGB-02,3309.0,95.63,2.245,0.3615,1.143,1808.6,1.3919,0.42,6.08,0,3,0.8814,0.2601,40.552,81.266,40.714,2.168,0.443,0
AGB-02,3310.0,100.03,2.2326,0.358,1.32,1969.9,1.522,0.4051,6.06,0,3,0.8753,0.2567,40.583,81.291,40.708,2.379,0.4476,0
AGB-02,3311.0,96.44,2.2509,0.3256,1.742,1789.3,1.2698,0.416,4.85,0,3,0.8933,0.2624,40.614,81.315,40.701,1.9717,0.4478,0
AGB-02,3312.0,93.76,2.2316,0.3559,1.696,1908.0,1.5018,0.4098,5.07,0,3,0.8621,0.2625,40.645,81.34,40.695,2.3465,0.4445,0
AGB-02,3313.0,92.79,2.2358,0.3216,1.869,2066.9,1.9328,0.3974,6.95,0,3,0.853,0.2484,40.676,81.364,40.688,3.0557,0.4374,0
AGB-02,3314.0,96.15,2.2027,0.3756,2.24,1690.5,1.2373,0.4065,4.45,0,3,0.9043,0.2807,40.707,81.389,40.682,1.9201,0.4408,0
AGB-02,3315.0,93.86,2.2489,0.3179,3.456,2166.3,2.017,0.4186,6.16,0,3,0.8597,0.2433,40.738,81.413,40.675,3.1967,0.4413,0
AGB-02,3316.0,96.1,2.2042,0.343,1.2,1971.1,1.4933,0.406,6.19,0,3,0.87,0.2591,40.769,81.438,40.669,2.3334,0.4481,0
AGB-02,3317.0,104.81,2.2841,0.3473,3.044,1909.5,1.6238,0.3964,6.31,0,3,0.9022,0.2432,40.801,81.463,40.662,2.5465,0.4406,0
AGB-02,3318.0,94.71,2.2373,0.3669,2.063,2070.1,1.6423,0.42,5.53,0,3,0.8567,0.259,40.832,81.487,40.655,2.577,0.4489,0
AGB-02,3319.0,101.64,2.2566,0.3662,1.836,1984.6,1.9898,0.3817,6.0,0,3,0.8527,0.2466,40.863,81.512,40.649,3.1525,0.4292,0
AGB-02,3320.0,96.09,2.2129,0.3774,1.692,1636.7,1.2386,0.4035,6.28,0,3,0.9361,0.2668,40.894,81.536,40.642,1.923,0.4363,0
AGB-02,3321.0,96.81,2.2093,0.3434,0.997,1785.5,1.2459,0.4153,4.78,0,3,0.8573,0.2777,40.926,81.561,40.635,1.9349,0.4476,0
AGB-02,3322.0,97.35,2.27,0.3388,1.366,1921.3,1.9044,0.4023,6.54,0,3,0.8419,0.2543,40.957,81.585,40.629,3.0106,0.428,0
AGB-02,3323.0,92.52,2.2569,0.3394,1.543,2146.9,2.2677,0.3828,5.37,0,3,0.8179,0.2498,40.988,81.61,40.622,3.6218,0.4307,0
AGB-02,3324.0,96.32,2.2448,0.3341,2.567,1728.3,1.4661,0.3999,5.62,0,3,0.8761,0.2583,41.019,81.634,40.615,2.2905,0.4323,0
AGB-02,3325.0,91.67,2.2979,0.3259,1.633,2137.8,3.1031,0.3591,7.25,0,3,0.7971,0.2291,41.051,81.659,40.608,5.0809,0.3951,0
AGB-02,3326.0,95.24,2.2701,0.3528,2.079,2016.4,1.4953,0.3938,5.81,0,3,0.8962,0.2509,41.082,81.684,40.601,2.3382,0.45,0
AGB-02,3327.0,91.64,2.2566,0.3169,1.858,2045.0,1.9765,0.4035,6.74,0,3,0.8494,0.2486,41.114,81.708,40.594,3.1316,0.4346,0
AGB-02,3328.0,90.52,2.2729,0.3306,1.288,1966.3,2.1038,0.3786,6.69,0,3,0.847,0.2447,41.145,81.733,40.588,3.3453,0.4228,0
AGB-02,3329.0,97.69,2.2706,0.3479,3.218,2002.9,1.6371,0.4145,6.49,0,3,0.8693,0.2551,41.177,81.757,40.581,2.57,0.4459,0
AGB-02,3330.0,91.28,2.2864,0.3431,1.309,2039.9,2.139,0.4146,5.66,0,3,0.8213,0.254,41.208,81.782,40.574,3.4047,0.4284,0
AGB-02,3331.0,95.93,2.2608,0.3093,1.392,2022.5,1.9221,0.4114,7.75,0,3,0.8623,0.2458,41.24,81.806,40.567,3.0409,0.4353,0
AGB-02,3332.0,93.76,2.2322,0.3521,1.435,1819.6,1.2597,0.42,4.77,0,3,0.8862,0.2696,41.271,81.831,40.56,1.9579,0.4497,0
AGB-02,3333.0,100.11,2.2531,0.3438,1.502,1782.5,1.4775,0.4078,5.79,0,3,0.8747,0.2588,41.303,81.856,40.553,2.3096,0.4368,0
AGB-02,3334.0,94.11,2.2357,0.3566,0.991,1862.1,1.5235,0.416,4.59,0,3,0.8412,0.2694,41.335,81.88,40.546,2.3843,0.4402,0
AGB-02,3335.0,98.96,2.2701,0.3463,2.708,1968.6,1.2872,0.42,5.99,0,3,0.9334,0.2472,41.366,81.905,40.538,2.002,0.45,0
AGB-02,3336.0,95.92,2.2402,0.3512,1.37,1905.2,1.4402,0.42,5.09,0,3,0.8747,0.2604,41.398,81.929,40.531,2.2489,0.4472,0
AGB-02,3337.0,94.16,2.2684,0.3141,1.781,1971.8,2.4228,0.3669,6.91,0,3,0.8266,0.24,41.43,81.954,40.524,3.8875,0.4072,0
AGB-02,3338.0,99.44,2.2676,0.3473,1.233,1963.7,1.8536,0.3969,6.85,0,3,0.8637,0.248,41.461,81.978,40.517,2.9267,0.4339,0
AGB-02,3339.0,69.31,2.3106,0.2859,0.783,2955.1,6.6434,0.3362,8.69,0,2,0.5301,0.2257,41.493,82.003,40.51,12.4574,0.3521,0
AGB-02,3340.0,67.71,2.3064,0.2597,1.761,2968.9,6.9572,0.3093,11.37,0,2,0.534,0.2135,41.525,82.027,40.502,13.2525,0.3392,0
AGB-02,3341.0,76.04,2.2755,0.2879,1.18,2630.7,5.2732,0.3264,6.78,0,2,0.5942,0.2389,41.557,82.052,40.495,9.3098,0.3613,0
AGB-02,3342.0,81.72,2.2862,0.2817,0.87,2719.8,5.3842,0.3269,8.09,0,2,0.6259,0.2249,41.589,82.077,40.488,9.5472,0.3703,0
AGB-02,3343.0,66.93,2.3072,0.2459,1.411,2909.4,6.6202,0.3196,8.93,0,2,0.5323,0.2247,41.621,82.101,40.481,12.3955,0.3457,0
AGB-02,3344.0,63.41,2.3032,0.2869,1.257,3025.5,7.2761,0.3114,9.09,0,2,0.4983,0.217,41.652,82.126,40.473,14.0925,0.3326,0
AGB-02,3345.0,64.86,2.2951,0.3004,0.673,2887.4,6.7619,0.3106,9.07,0,2,0.5296,0.2195,41.684,82.15,40.466,12.7465,0.3335,0
AGB-02,3346.0,66.94,2.3196,0.257,1.068,3051.9,7.3587,0.3169,10.52,0,2,0.5067,0.2127,41.716,82.175,40.458,14.3142,0.335,0
AGB-02,3347.0,71.0,2.3212,0.2614,0.887,2813.4,6.3023,0.3238,9.73,0,2,0.5745,0.2185,41.748,82.199,40.451,11.6184,0.3466,0
AGB-02,3348.0,78.09,2.2914,0.3228,0.932,2442.5,4.3881,0.3312,8.12,0,2,0.6568,0.2424,41.78,82.224,40.444,7.4902,0.3757,0
AGB-02,3349.0,61.84,2.3046,0.2651,0.697,2993.1,7.4048,0.2719,9.87,1,2,0.4841,0.2172,41.812,82.248,40.436,14.4349,0.3199,0
AGB-02,3350.0,71.24,2.3551,0.2445,1.076,3104.1,7.9568,0.3032,10.81,0,2,0.4986,0.1979,41.845,82.273,40.428,16.0344,0.3166,0
AGB-02,3351.0,64.3,2.2801,0.2623,0.909,2789.1,6.2583,0.317,9.6,0,2,0.5522,0.2252,41.877,82.298,40.421,11.5082,0.3403,0
AGB-02,3352.0,72.45,2.3094,0.2772,0.659,2748.5,6.6015,0.2777,8.1,0,2,0.541,0.2189,41.909,82.322,40.413,12.3352,0.3164,0
AGB-02,3353.0,63.3,2.2922,0.2722,1.197,3096.3,7.4582,0.2944,8.07,0,2,0.4909,0.214,41.941,82.347,40.406,14.5753,0.3347,0
AGB-02,3354.0,74.41,2.2982,0.3063,0.977,2445.2,4.8468,0.3242,7.4,0,2,0.627,0.2391,41.973,82.371,40.398,8.407,0.3541,0
AGB-02,3355.0,71.21,2.3245,0.2645,1.342,2942.6,7.4471,0.2812,11.67,0,2,0.5163,0.2038,42.005,82.396,40.39,14.54,0.3096,0
AGB-02,3356.0,66.91,2.2733,0.2383,0.8,2891.4,6.855,0.3052,8.84,0,2,0.5173,0.2196,42.038,82.42,40.383,12.9639,0.327,0
AGB-02,3357.0,68.6,2.3013,0.2687,0.782,3049.3,6.8541,0.3307,10.73,0,2,0.5276,0.2207,42.07,82.445,40.375,12.9602,0.3563,0
AGB-02,3358.0,66.81,2.3006,0.2571,0.887,2897.7,6.8398,0.3126,9.03,0,2,0.5009,0.2287,42.102,82.469,40.367,12.9223,0.3324,0
AGB-02,3359.0,64.33,2.3283,0.2661,1.279,2943.3,7.2989,0.2876,9.18,0,2,0.499,0.2164,42.135,82.494,40.359,14.1258,0.3193,0
AGB-02,3360.0,61.06,2.3217,0.2307,1.295,3029.2,8.1365,0.2633,9.66,0,2,0.4341,0.2104,42.167,82.519,40.352,16.5675,0.2824,0
AGB-02,3361.0,77.51,2.2624,0.2793,1.227,2823.6,6.0263,0.3122,8.77,0,2,0.5565,0.2308,42.199,82.543,40.344,10.9553,0.3557,0
AGB-02,3362.0,69.87,2.317,0.2636,0.792,2813.3,6.2862,0.3214,8.02,0,2,0.5509,0.228,42.232,82.568,40.336,11.5607,0.3473,0
AGB-02,3363.0,73.9,2.2727,0.2909,0.866,2722.4,5.9352,0.3053,7.51,0,2,0.5635,0.2302,42.264,82.592,40.328,10.7455,0.3445,0
AGB-02,3364.0,68.61,2.296,0.2628,0.854,2707.3,6.7635,0.2746,11.94,0,2,0.5258,0.2167,42.297,82.617,40.32,12.7226,0.2936,0
AGB-02,3365.0,68.29,2.3037,0.2732,0.858,2732.5,6.3327,0.3079,8.25,0,2,0.566,0.2181,42.329,82.641,40.312,11.6686,0.3286,0
AGB-02,3366.0,69.77,2.314,0.2796,0.911,2712.5,6.0976,0.2956,7.43,0,2,0.554,0.2311,42.362,82.666,40.304,11.1162,0.3388,0
AGB-02,3367.0,71.57,2.2582,0.2757,1.031,2763.5,5.6153,0.3477,7.46,0,2,0.5831,0.2329,42.394,82.691,40.296,10.0274,0.3646,0
AGB-02,3368.0,69.39,2.2992,0.2793,1.402,2893.0,6.4489,0.3286,10.85,0,2,0.5706,0.2151,42.427,82.715,40.288,11.9449,0.3509,0
AGB-02,3369.0,70.62,2.3207,0.2635,1.161,3188.6,6.9015,0.3415,9.78,0,2,0.5623,0.2091,42.46,82.74,40.28,13.0684,0.3738,0
AGB-02,3370.0,73.95,2.3037,0.2545,0.726,2804.6,6.4517,0.3126,12.41,0,2,0.5561,0.2193,42.492,82.764,40.272,11.9508,0.3362,0
AGB-02,3371.0,59.22,2.3474,0.2443,1.266,2950.3,7.7664,0.2843,10.0,0,2,0.4813,0.2073,42.525,82.789,40.264,15.4293,0.294,0
AGB-02,3372.0,69.13,2.3023,0.2601,1.442,2903.1,7.1333,0.2885,9.16,0,2,0.5199,0.2113,42.558,82.813,40.256,13.6697,0.3176,0
AGB-02,3373.0,73.72,2.3154,0.2696,1.008,2923.3,6.8191,0.3046,9.04,0,2,0.5338,0.2185,42.59,82.838,40.247,12.8571,0.34,0
AGB-02,3374.0,63.72,2.3141,0.2415,0.871,3125.0,7.6051,0.3105,8.88,0,2,0.4936,0.2102,42.623,82.862,40.239,14.9621,0.3352,0
AGB-02,3375.0,70.15,2.2809,0.2756,0.771,2771.6,6.3975,0.3235,8.36,0,2,0.5582,0.218,42.656,82.887,40.231,11.8187,0.3302,0
AGB-02,3376.0,65.73,2.3011,0.2734,0.708,2980.4,7.1799,0.2946,9.99,0,2,0.5064,0.2165,42.689,82.912,40.223,13.7923,0.3301,0
AGB-02,3377.0,64.91,2.2807,0.2982,0.804,2929.9,6.2973,0.3129,7.43,0,2,0.5243,0.2371,42.722,82.936,40.214,11.58,0.3612,0
AGB-02,3378.0,75.6,2.3029,0.265,0.814,2873.9,6.1081,0.3328,10.07,0,2,0.5863,0.2201,42.755,82.961,40.206,11.1369,0.3633,0
AGB-02,3379.0,71.06,2.2893,0.2791,0.858,2655.8,6.1358,0.3143,7.73,0,2,0.5444,0.2305,42.787,82.985,40.198,11.2014,0.3222,0
AGB-02,3380.0,69.08,2.3163,0.2524,0.688,2963.1,7.1587,0.2907,9.08,0,2,0.5389,0.2055,42.82,83.01,40.189,13.7361,0.3298,0
AGB-02,3381.0,67.99,2.2915,0.2639,0.835,2878.3,6.9283,0.2783,9.07,0,2,0.5063,0.2224,42.853,83.034,40.181,13.1353,0.323,0
AGB-02,3382.0,68.54,2.3112,0.2806,0.894,2958.8,6.9356,0.3117,8.85,0,2,0.5164,0.2215,42.886,83.059,40.173,13.1543,0.3398,0
AGB-02,3383.0,91.71,2.2483,0.3329,1.434,1973.9,2.0037,0.4019,5.01,0,3,0.8264,0.2557,42.919,83.083,40.164,3.1701,0.4274,0
AGB-02,3384.0,87.3,2.2775,0.326,2.135,2053.3,2.2369,0.3886,5.58,0,3,0.8319,0.2459,42.952,83.108,40.156,3.5622,0.4252,0
AGB-02,3385.0,94.8,2.2507,0.3363,2.073,2143.7,2.0833,0.4096,6.22,0,3,0.8311,0.2515,42.986,83.133,40.147,3.3034,0.4375,0
AGB-02,3386.0,91.58,2.2586,0.3594,0.98,1953.8,1.7439,0.3944,5.68,0,3,0.8351,0.2632,43.019,83.157,40.138,2.7395,0.4379,0
AGB-02,3387.0,94.03,2.2439,0.3544,1.131,2000.9,1.2767,0.42,5.41,0,3,0.8666,0.2719,43.052,83.182,40.13,1.9808,0.45,0
AGB-02,3388.0,99.45,2.2134,0.3259,1.5,1803.7,1.278,0.4143,4.65,0,3,0.8576,0.2735,43.085,83.206,40.121,1.9829,0.4474,0
AGB-02,3389.0,86.54,2.2387,0.3545,1.449,2010.6,1.8436,0.3953,5.52,0,3,0.8473,0.254,43.118,83.231,40.113,2.9041,0.4372,0
AGB-02,3390.0,89.21,2.2134,0.3502,1.244,1872.7,1.8081,0.4023,5.76,0,3,0.8244,0.2629,43.151,83.255,40.104,2.8454,0.4263,0
AGB-02,3391.0,97.25,2.1712,0.3623,1.587,1483.3,1.2047,0.3841,3.88,0,3,0.8973,0.3001,43.185,83.28,40.095,1.8656,0.4203,0
AGB-02,3392.0,91.88,2.2635,0.3312,1.702,2069.3,2.6288,0.3874,5.59,0,3,0.8064,0.2405,43.218,83.305,40.087,4.2342,0.4082,0
AGB-02,3393.0,94.93,2.2844,0.3258,1.617,1906.5,2.1433,0.3788,6.69,0,3,0.8592,0.2384,43.251,83.329,40.078,3.4044,0.4153,0
AGB-02,3394.0,90.44,2.2544,0.3459,0.903,1861.2,1.8864,0.3996,4.63,0,3,0.8118,0.2658,43.285,83.354,40.069,2.975,0.4227,0
AGB-02,3395.0,91.72,2.289,0.3405,2.435,1985.7,1.8686,0.4197,6.73,0,3,0.8693,0.246,43.318,83.378,40.06,2.9455,0.4359,0
AGB-02,3396.0,88.17,2.2201,0.3396,0.64,1941.5,2.0437,0.3816,4.75,0,3,0.7841,0.2692,43.351,83.403,40.051,3.2373,0.4212,0
AGB-02,3397.0,93.04,2.2708,0.339,1.351,2038.7,1.7402,0.4021,4.72,0,3,0.83,0.2659,43.385,83.427,40.042,2.7335,0.4443,0
AGB-02,3398.0,93.31,2.2863,0.3249,2.854,2008.1,2.0629,0.4013,5.42,0,3,0.8715,0.2374,43.418,83.452,40.034,3.2694,0.4292,0
AGB-02,3399.0,89.84,2.2874,0.3221,1.434,2032.7,2.1887,0.3933,6.36,0,3,0.835,0.2467,43.452,83.476,40.025,3.4808,0.4258,0
AGB-02,3400.0,90.34,2.3066,0.3224,1.403,2149.0,3.0532,0.3731,7.04,0,3,0.8185,0.223,43.485,83.501,40.016,4.9804,0.3998,0
AGB-02,3401.0,90.36,2.2148,0.3322,1.36,1877.7,1.535,0.4036,5.02,0,3,0.8347,0.2708,43.519,83.526,40.007,2.3978,0.4403,0
AGB-02,3402.0,95.08,2.207,0.3631,0.903,1643.9,1.238,0.3947,4.64,0,3,0.8616,0.2866,43.552,83.55,39.998,1.9187,0.437,0
AGB-02,3403.0,31.03,2.3519,0.153,0.675,4073.9,10.46,0.2016,14.11,0,0,0.1014,0.1776,43.586,83.575,39.989,34.4654,0.2144,0
AGB-02,3404.0,39.04,2.3679,0.182,1.059,4070.7,10.4923,0.2089,14.74,0,0,0.1003,0.1872,43.62,83.599,39.98,33.8557,0.2298,0
AGB-02,3405.0,31.06,2.3786,0.1583,1.204,4074.2,10.3461,0.1696,22.54,0,0,0.0938,0.1668,43.653,83.624,39.97,36.0133,0.1888,0
AGB-02,3406.0,26.7,2.4032,0.1539,1.278,4285.4,9.9585,0.2042,20.86,1,0,0.0489,0.1698,43.687,83.648,39.961,39.152,0.211,0
AGB-02,3407.0,25.13,2.3492,0.1448,1.372,4327.4,9.9602,0.1871,19.25,0,0,0.02,0.1744,43.721,83.673,39.952,39.1488,0.2087,0
AGB-02,3408.0,28.61,2.3789,0.1716,1.289,4180.9,10.2791,0.2216,17.96,1,0,0.0602,0.1801,43.754,83.697,39.943,36.7286,0.2142,0
AGB-02,3409.0,32.16,2.344,0.1573,1.267,4009.5,10.5273,0.187,12.91,0,0,0.1105,0.1846,43.788,83.722,39.934,33.04,0.2193,0
AGB-02,3410.0,37.04,2.3427,0.2057,1.349,3898.2,10.5371,0.2025,13.84,0,0,0.1374,0.1937,43.822,83.747,39.924,30.7158,0.2298,0
AGB-02,3411.0,27.69,2.3879,0.141,2.114,4347.2,9.8749,0.1984,22.91,0,0,0.048,0.166,43.856,83.771,39.915,39.7045,0.2169,0
AGB-02,3412.0,38.72,2.3655,0.1872,1.291,3923.2,10.5483,0.1915,19.54,0,0,0.1742,0.1771,43.89,83.796,39.906,31.357,0.231,0
AGB-02,3413.0,27.71,2.3263,0.1745,1.0,4250.8,10.2672,0.2045,17.77,0,0,0.054,0.1764,43.924,83.82,39.897,36.8976,0.2185,0
AGB-02,3414.0,35.63,2.3611,0.1815,2.765,4152.4,10.4893,0.2366,17.16,0,0,0.1361,0.1738,43.958,83.845,39.887,34.1432,0.2465,0
AGB-02,3415.0,38.33,2.3938,0.1762,1.819,4248.6,10.3779,0.2282,20.4,0,0,0.1375,0.1664,43.992,83.869,39.878,35.7888,0.2532,0
AGB-02,3416.0,29.21,2.3401,0.1561,1.117,4207.3,10.3817,0.2165,16.11,0,0,0.077,0.1793,44.026,83.894,39.868,35.7633,0.2294,0
AGB-02,3417.0,31.6,2.3626,0.1546,1.986,4240.7,10.2934,0.2044,20.88,0,0,0.0949,0.1681,44.06,83.918,39.859,36.7088,0.229,0
AGB-02,3418.0,36.72,2.3579,0.1653,0.797,4032.7,10.54,0.1879,14.68,0,0,0.1499,0.1734,44.094,83.943,39.85,33.0065,0.2313,0
AGB-02,3419.0,27.48,2.3493,0.1677,1.791,4237.3,10.2445,0.1906,18.17,0,0,0.0451,0.1795,44.128,83.968,39.84,37.1909,0.2154,0
AGB-02,3420.0,36.98,2.3673,0.1794,1.137,4142.0,10.5158,0.2419,16.71,0,0,0.154,0.1708,44.162,83.992,39.83,33.8,0.2507,0
AGB-02,3421.0,31.76,2.366,0.1731,1.006,4102.4,10.5187,0.2153,18.14,0,0,0.1215,0.1813,44.196,84.017,39.821,33.7708,0.2402,0
AGB-02,3422.0,35.61,2.3517,0.1832,1.225,3934.7,10.5639,0.1966,17.93,0,0,0.1442,0.1865,44.23,84.041,39.811,31.4179,0.2298,0
AGB-02,3423.0,34.86,2.3752,0.1748,1.0,4219.4,10.321,0.1922,19.13,0,0,0.0818,0.1754,44.264,84.066,39.802,36.5548,0.2286,0
AGB-02,3424.0,28.48,2.3873,0.1746,1.231,4212.5,10.2682,0.2071,21.76,0,0,0.0887,0.1688,44.298,84.09,39.792,37.0726,0.2206,0
AGB-02,3425.0,28.82,2.3311,0.1792,1.275,4155.1,10.5519,0.2582,15.15,0,0,0.111,0.1904,44.333,84.115,39.782,33.0455,0.2577,0
AGB-02,3426.0,52.22,2.31,0.2317,0.682,3426.3,9.221,0.2468,9.99,0,1,0.35,0.206,44.367,84.14,39.773,20.3877,0.2956,0
AGB-02,3427.0,39.28,2.3554,0.2052,1.523,3813.7,10.5098,0.219,16.0,0,1,0.1996,0.1832,44.401,84.164,39.763,29.2597,0.2361,0
AGB-02,3428.0,50.46,2.3377,0.2203,0.833,3604.2,10.0859,0.2403,14.71,0,1,0.2734,0.1923,44.435,84.189,39.753,24.9051,0.2583,0
AGB-02,3429.0,42.91,2.3338,0.1922,1.618,3696.9,10.3826,0.2154,15.85,0,1,0.2195,0.1872,44.47,84.213,39.743,27.4288,0.2319,0
AGB-02,3430.0,42.41,2.3629,0.1841,1.16,3926.7,10.4794,0.2626,13.5,0,1,0.225,0.1863,44.504,84.238,39.734,28.6565,0.2777,0
AGB-02,3431.0,46.22,2.3213,0.2018,1.496,3735.2,10.2954,0.2438,12.18,0,1,0.2283,0.1947,44.539,84.262,39.724,26.5291,0.2589,0
AGB-02,3432.0,47.5,2.3417,0.226,1.619,3711.7,10.2761,0.225,14.26,0,1,0.2464,0.1914,44.573,84.287,39.714,26.3455,0.2604,0
AGB-02,3433.0,52.42,2.3045,0.2298,0.818,3431.9,9.4861,0.2571,12.59,0,1,0.2996,0.2113,44.608,84.311,39.704,21.5236,0.2741,0
AGB-02,3434.0,53.45,2.3468,0.1989,1.656,3704.6,10.1124,0.2578,14.51,1,1,0.2867,0.1908,44.642,84.336,39.694,25.0396,0.2826,0
AGB-02,3435.0,43.11,2.3437,0.2062,1.124,3775.6,10.3961,0.226,15.85,0,1,0.2174,0.1928,44.677,84.361,39.684,27.4922,0.2566,0
AGB-02,3436.0,46.7,2.3394,0.2266,1.04,3705.0,10.13,0.2425,11.4,0,1,0.267,0.1963,44.711,84.385,39.674,25.1513,0.2795,0
AGB-02,3437.0,45.59,2.3487,0.2043,1.22,3784.4,10.3447,0.223,14.45,0,1,0.2348,0.1933,44.746,84.41,39.664,26.934,0.2697,0
AGB-02,3438.0,47.06,2.3304,0.1947,0.718,3696.6,10.2613,0.2235,14.52,0,1,0.2498,0.19,44.78,84.434,39.654,26.1637,0.2574,0
AGB-02,3439.0,50.64,2.3198,0.2391,1.272,3529.5,9.7832,0.2536,13.87,0,1,0.2959,0.2007,44.815,84.459,39.644,22.9892,0.2727,0
AGB-02,3440.0,42.17,2.3304,0.1845,1.597,3955.1,10.5362,0.2403,15.63,0,1,0.216,0.1779,44.85,84.483,39.634,29.4716,0.2652,0
AGB-02,3441.0,37.39,2.3277,0.2044,0.949,3735.8,10.4355,0.1962,16.81,0,1,0.189,0.1945,44.884,84.508,39.624,27.9043,0.2326,0
AGB-02,3442.0,42.63,2.3521,0.1777,0.613,3786.2,10.4631,0.2107,16.57,0,1,0.2173,0.1857,44.919,84.532,39.613,28.2572,0.2469,0
AGB-02,3443.0,44.64,2.3483,0.1994,1.34,3830.3,10.4659,0.2256,15.14,0,1,0.2154,0.1877,44.954,84.557,39.603,28.2961,0.2576,0
AGB-02,3444.0,44.7,2.3327,0.1922,0.706,3803.9,10.2089,0.2831,12.0,0,1,0.2655,0.1932,44.989,84.582,39.593,25.7233,0.2905,0
AGB-02,3445.0,43.84,2.3626,0.1898,1.74,3852.6,10.3648,0.2565,16.22,0,1,0.2457,0.1913,45.023,84.606,39.583,27.116,0.2848,0
AGB-02,3446.0,47.34,2.346,0.2182,1.333,3610.5,10.0044,0.2627,13.8,0,1,0.2672,0.2029,45.058,84.631,39.572,24.2841,0.2735,0
AGB-02,3447.0,43.51,2.3103,0.1967,0.936,3753.0,10.3696,0.2349,10.59,0,1,0.1799,0.2051,45.093,84.655,39.562,27.172,0.2489,0
AGB-02,3448.0,56.38,2.3431,0.2163,1.038,3489.6,9.7684,0.2299,11.94,0,1,0.322,0.1926,45.128,84.68,39.552,22.9142,0.2684,0
AGB-02,3449.0,48.01,2.3932,0.1772,1.193,3790.3,10.4303,0.2389,16.59,0,1,0.2527,0.1819,45.163,84.704,39.541,27.8759,0.2639,0
AGB-02,3450.0,49.7,2.3024,0.2003,1.045,3538.1,10.0402,0.2055,11.11,0,1,0.2392,0.2017,45.198,84.729,39.531,24.5384,0.238,0
AGB-02,3451.0,89.41,2.263,0.3406,1.666,2093.3,2.2715,0.3925,5.6,0,3,0.8295,0.2451,45.233,84.753,39.521,3.6123,0.4268,0
AGB-02,3452.0,99.33,2.2624,0.3181,1.832,1698.7,1.8129,0.3882,5.27,0,3,0.8459,0.255,45.268,84.778,39.51,2.8469,0.4084,0
AGB-02,3453.0,97.08,2.2688,0.3413,1.391,1826.1,1.45,0.398,4.67,0,3,0.8771,0.2596,45.303,84.803,39.5,2.2552,0.4424,0
AGB-02,3454.0,99.89,2.2568,0.334,1.335,1893.3,1.3464,0.42,6.55,0,3,0.8842,0.2614,45.338,84.827,39.489,2.0887,0.45,0
AGB-02,3455.0,97.16,2.2476,0.3708,2.113,1685.9,1.2652,0.416,5.86,0,3,0.9301,0.2612,45.373,84.852,39.479,1.9587,0.4404,0
AGB-02,3456.0,94.35,2.2093,0.3793,1.679,1718.6,1.2462,0.4137,5.18,0,3,0.9189,0.2764,45.408,84.876,39.468,1.9287,0.4429,0
AGB-02,3457.0,87.4,2.2535,0.3084,1.395,2102.2,2.6238,0.3761,6.61,0,3,0.7702,0.2543,45.443,84.901,39.457,4.2182,0.4118,0
AGB-02,3458.0,95.49,2.2531,0.3409,1.471,1926.3,1.9059,0.4058,5.51,0,3,0.8143,0.2641,45.479,84.925,39.447,3.003,0.4281,0
AGB-02,3459.0,96.0,2.233,0.3769,1.049,1938.1,1.3928,0.3975,4.75,0,3,0.8782,0.2609,45.514,84.95,39.436,2.1648,0.45,0
AGB-02,3460.0,94.19,2.2396,0.3335,1.287,2242.3,2.2864,0.4017,5.4,0,3,0.8103,0.2515,45.549,84.975,39.425,3.6421,0.4366,0
AGB-02,3461.0,97.64,2.2257,0.3685,1.324,1601.5,1.2459,0.3905,4.19,0,3,0.9058,0.2762,45.584,84.999,39.415,1.9298,0.4331,0
AGB-02,3462.0,99.93,2.1963,0.3684,1.775,1788.0,1.2419,0.4011,5.33,0,3,0.8925,0.2755,45.62,85.024,39.404,1.9237,0.4477,0
AGB-02,3463.0,96.36,2.1918,0.3686,1.616,1502.9,1.2185,0.4036,4.93,0,3,0.9009,0.2895,45.655,85.048,39.393,1.8865,0.4227,0
AGB-02,3464.0,97.31,2.2002,0.3752,1.01,1694.2,1.2381,0.3913,4.84,0,3,0.8937,0.2735,45.69,85.073,39.382,1.9182,0.4411,0
AGB-02,3465.0,102.66,2.1683,0.3792,1.981,1485.8,1.2037,0.4064,4.45,0,3,0.9286,0.2969,45.726,85.097,39.372,1.8636,0.4206,0
AGB-02,3466.0,89.51,2.2502,0.3497,1.505,2087.4,1.7959,0.4056,5.04,0,3,0.821,0.2664,45.761,85.122,39.361,2.8253,0.4446,0
AGB-02,3467.0,93.35,2.2642,0.3323,1.786,1913.4,1.7569,0.4144,5.92,0,3,0.8515,0.2561,45.797,85.146,39.35,2.7616,0.4343,0
AGB-02,3468.0,97.84,2.2294,0.3388,1.595,2107.0,1.7817,0.42,5.19,0,3,0.8434,0.2577,45.832,85.171,39.339,2.803,0.4457,0
AGB-02,3469.0,91.78,2.271,0.3181,1.879,2285.3,2.5322,0.3923,6.27,0,3,0.8213,0.2393,45.868,85.196,39.328,4.0695,0.4319,0
AGB-02,3470.0,92.11,2.3048,0.301,1.306,2277.8,3.2297,0.3759,7.66,0,3,0.7904,0.2281,45.903,85.22,39.317,5.3018,0.4064,0
AGB-02,3471.0,89.84,2.2354,0.3502,1.401,1772.7,1.2996,0.398,5.46,0,3,0.8654,0.2697,45.939,85.245,39.306,2.0196,0.4448,0
AGB-02,3472.0,92.59,2.1854,0.3724,1.028,1658.6,1.2259,0.4137,4.79,0,3,0.8743,0.2779,45.974,85.269,39.295,1.9016,0.4382,0
AGB-02,3473.0,91.01,2.225,0.3382,1.699,1876.6,1.4423,0.42,4.84,0,3,0.8298,0.2767,46.01,85.294,39.284,2.2505,0.4448,0
AGB-02,3474.0,98.45,2.2403,0.3418,0.721,1903.9,1.6372,0.4135,4.89,0,3,0.8556,0.2587,46.046,85.318,39.273,2.5684,0.4382,0
AGB-02,3475.0,94.8,2.2177,0.3542,1.827,1903.7,1.2657,0.4163,5.08,0,3,0.855,0.2751,46.081,85.343,39.262,1.9665,0.45,0
AGB-02,3476.0,100.99,2.1748,0.3703,2.067,1529.1,1.209,0.4067,4.68,0,3,0.9035,0.2904,46.117,85.367,39.25,1.8759,0.4257,0
AGB-02,3477.0,92.81,2.2941,0.3508,2.803,1935.8,1.3813,0.4163,5.55,0,3,0.9097,0.2507,46.153,85.392,39.239,2.1533,0.45,0
AGB-02,3478.0,91.9,2.2781,0.3081,2.222,1994.4,2.3944,0.388,6.82,0,3,0.8478,0.2328,46.189,85.417,39.228,3.839,0.4117,0
AGB-02,3479.0,94.99,2.2333,0.3517,1.089,1749.9,1.4004,0.4031,4.95,0,3,0.8642,0.2652,46.224,85.441,39.217,2.1847,0.4375,0
AGB-02,3480.0,93.46,2.2213,0.3596,2.96,1876.2,1.2563,0.4167,5.21,0,3,0.9025,0.2594,46.26,85.466,39.205,1.9527,0.45,0
AGB-02,3481.0,97.58,2.2342,0.3475,1.206,1839.0,1.562,0.4007,5.61,0,3,0.8584,0.2604,46.296,85.49,39.194,2.4479,0.4364,0
AGB-02,3482.0,90.36,2.2408,0.3354,1.04,1827.4,1.7882,0.3862,6.89,0,3,0.8336,0.2603,46.332,85.515,39.183,2.8199,0.4237,0
AGB-02,3483.0,96.4,2.1908,0.3714,1.445,1688.5,1.229,0.401,4.21,0,3,0.8419,0.2837,46.368,85.539,39.171,1.9095,0.4406,0
AGB-02,3484.0,94.92,2.2382,0.3519,1.973,1998.1,1.5344,0.4103,5.15,0,3,0.8628,0.2605,46.404,85.564,39.16,2.4034,0.4488,0
AGB-02,3485.0,92.48,2.2109,0.365,1.147,1936.7,1.5958,0.4069,5.51,1,3,0.822,0.2725,46.44,85.589,39.149,2.5038,0.4415,0
AGB-02,3486.0,101.46,2.2105,0.3822,2.248,1575.7,1.2312,0.3963,4.3,0,3,0.9337,0.2855,46.476,85.613,39.137,1.9132,0.4306,0
AGB-02,3487.0,96.03,2.286,0.3368,2.372,1962.0,1.7677,0.4113,5.91,0,3,0.8847,0.2434,46.512,85.638,39.126,2.7868,0.4381,0
AGB-02,3488.0,97.11,2.2403,0.3467,1.534,1782.0,1.2614,0.42,5.44,0,3,0.9159,0.2527,46.548,85.662,39.114,1.9618,0.4474,0
AGB-02,3489.0,103.74,2.2587,0.3362,2.607,1824.0,1.284,0.4059,5.76,0,3,0.9066,0.2551,46.584,85.687,39.103,1.9981,0.4495,0
AGB-02,3490.0,98.66,2.2232,0.3553,1.858,1832.4,1.446,0.4093,5.33,0,3,0.8643,0.2629,46.62,85.711,39.091,2.2598,0.4413,0
AGB-02,3491.0,92.66,2.2484,0.3362,1.58,2048.0,2.0892,0.3996,6.8,0,3,0.8318,0.2499,46.656,85.736,39.08,3.3229,0.4297,0
AGB-02,3492.0,89.24,2.2364,0.3353,0.908,1938.5,1.6959,0.4157,6.02,0,3,0.8425,0.2611,46.692,85.76,39.068,2.6682,0.438,0
AGB-02,3493.0,100.92,2.2295,0.3686,1.14,1726.1,1.2524,0.4017,6.29,0,3,0.8975,0.269,46.729,85.785,39.056,1.9471,0.4435,0
AGB-02,3494.0,89.85,2.212,0.3708,0.835,1858.0,1.3531,0.42,5.88,0,3,0.8496,0.2726,46.765,85.81,39.045,2.1091,0.4473,0
AGB-02,3495.0,94.77,2.2359,0.3551,1.108,1884.9,1.5544,0.4048,4.96,0,3,0.8273,0.2728,46.801,85.834,39.033,2.4358,0.4404,0
AGB-02,3496.0,92.28,2.2694,0.3333,1.287,2034.9,2.2178,0.3743,7.05,0,3,0.8278,0.2471,46.838,85.859,39.021,3.5393,0.4238,0
AGB-02,3497.0,94.5,2.2072,0.3672,1.437,1604.3,1.2322,0.4091,5.16,0,3,0.8938,0.2802,46.874,85.883,39.009,1.9141,0.4334,0
AGB-02,3498.0,96.71,2.2263,0.3402,2.225,1741.3,1.2723,0.4,4.89,0,3,0.8859,0.2626,46.91,85.908,38.998,1.9783,0.4435,0
AGB-02,3499.0,100.79,2.2029,0.3911,1.263,1788.6,1.2421,0.42,5.27,0,3,0.8885,0.2768,46.947,85.932,38.986,1.9296,0.4478,0
AGB-02,3500.0,38.53,2.3435,0.1867,0.911,3940.1,10.4615,0.217,13.37,0,1,0.1756,0.1909,46.983,85.957,38.974,29.7289,0.2601,0
AGB-02,3501.0,49.85,2.3251,0.2239,0.545,3603.1,9.7911,0.2605,11.17,0,1,0.2761,0.2061,47.019,85.981,38.962,23.3999,0.2837,0
AGB-02,3502.0,45.27,2.36,0.1987,0.856,3804.5,10.4001,0.2237,13.5,0,1,0.2004,0.1908,47.056,86.006,38.95,28.4825,0.2497,0
AGB-02,3503.0,73.18,2.3012,0.3019,0.805,2598.3,5.3116,0.3298,6.81,0,2,0.6037,0.234,47.092,86.031,38.938,9.3895,0.3567,0
AGB-02,3504.0,77.1,2.3094,0.2554,1.498,2673.0,5.9229,0.3177,10.24,0,2,0.6072,0.214,47.129,86.055,38.926,10.7369,0.3396,0
AGB-02,3505.0,66.13,2.3245,0.245,1.217,2960.3,6.8186,0.3249,8.94,0,2,0.5399,0.2159,47.166,86.08,38.914,12.8852,0.3465,0
AGB-02,3506.0,76.04,2.2763,0.3072,0.771,2720.0,5.0921,0.3539,7.18,0,2,0.6191,0.2352,47.202,86.104,38.902,8.9192,0.3814,0
AGB-02,3507.0,66.24,2.2954,0.2584,1.105,2847.6,6.7947,0.3031,8.46,0,2,0.525,0.2181,47.239,86.129,38.89,12.819,0.3243,0
AGB-02,3508.0,80.43,2.2714,0.3151,0.57,2590.2,4.5518,0.3636,6.21,0,2,0.6329,0.2457,47.275,86.153,38.878,7.8113,0.3866,0
AGB-02,3509.0,72.73,2.265,0.3235,0.879,2578.4,5.1227,0.3283,6.64,0,2,0.5883,0.2437,47.312,86.178,38.866,8.9782,0.3596,0
AGB-02,3510.0,62.9,2.2716,0.293,0.815,2728.6,5.93,0.314,7.25,0,2,0.5403,0.2381,47.349,86.202,38.854,10.7394,0.3456,0
AGB-02,3511.0,60.18,2.2875,0.2499,0.472,2905.6,7.1067,0.2895,9.06,0,2,0.4669,0.23,47.386,86.227,38.841,13.6115,0.3174,0
AGB-02,3512.0,63.54,2.3269,0.2509,0.798,3120.3,7.6495,0.3218,10.52,0,2,0.4865,0.2108,47.422,86.252,38.829,15.1007,0.3334,0
AGB-02,3513.0,68.03,2.2265,0.2784,0.835,2827.1,5.8832,0.3179,7.26,0,2,0.5361,0.2397,47.459,86.276,38.817,10.6267,0.3592,0
AGB-02,3514.0,71.42,2.3291,0.269,1.371,2691.0,6.0738,0.3024,8.04,0,2,0.607,0.2109,47.496,86.301,38.805,11.0602,0.3376,0
AGB-02,3515.0,67.57,2.241,0.2929,1.107,2565.6,5.2974,0.3173,7.43,0,2,0.5744,0.2415,47.533,86.325,38.792,9.3376,0.3463,0
AGB-02,3516.0,72.91,2.2618,0.2934,1.045,2647.6,5.2478,0.3266,7.99,0,2,0.61,0.2321,47.57,86.35,38.78,9.2305,0.3644,0
AGB-02,3517.0,80.07,2.2656,0.2763,0.567,2639.2,5.3235,0.3272,6.47,0,2,0.578,0.2421,47.607,86.374,38.768,9.3902,0.36,0
AGB-02,3518.0,65.39,2.2825,0.2802,0.717,2905.0,6.8599,0.289,8.4,0,2,0.5015,0.2254,47.644,86.399,38.755,12.9534,0.331,0
AGB-02,3519.0,69.71,2.2986,0.2756,1.073,2622.8,5.8444,0.2941,8.08,0,2,0.5706,0.2294,47.681,86.424,38.743,10.5286,0.3337,0
AGB-02,3520.0,69.84,2.2903,0.2837,0.841,2769.8,6.2195,0.3177,8.64,0,2,0.5518,0.2261,47.718,86.448,38.731,11.3878,0.3406,0
AGB-02,3521.0,75.51,2.3066,0.2632,1.532,2824.4,5.7379,0.3164,7.53,0,2,0.6084,0.2221,47.755,86.473,38.718,10.2872,0.3721,0
AGB-02,3522.0,72.37,2.294,0.2878,1.098,2895.1,6.5996,0.3029,8.63,0,2,0.5063,0.2333,47.792,86.497,38.706,12.2962,0.3439,0
AGB-02,3523.0,76.17,2.2835,0.2734,1.095,2587.3,4.87,0.3467,7.41,0,2,0.6531,0.2285,47.829,86.522,38.693,8.4357,0.3744,0
AGB-02,3524.0,69.78,2.314,0.3081,1.11,2631.6,6.1049,0.3087,8.31,0,2,0.558,0.2265,47.866,86.546,38.68,11.1161,0.3222,0
AGB-02,3525.0,71.91,2.2513,0.2748,0.884,2665.2,5.9006,0.2921,6.83,0,2,0.5327,0.2395,47.903,86.571,38.668,10.6485,0.3336,0
AGB-02,3526.0,64.1,2.3309,0.2513,0.848,3076.6,7.5379,0.3082,10.75,0,2,0.4985,0.2099,47.94,86.595,38.655,14.7487,0.3326,0
AGB-02,3527.0,76.18,2.3097,0.2912,0.901,2773.6,5.6895,0.3313,9.28,0,2,0.5973,0.2274,47.977,86.62,38.643,10.1755,0.3676,0
AGB-02,3528.0,64.71,2.3159,0.2826,0.644,2951.4,6.96,0.3063,9.07,0,2,0.4945,0.2282,48.015,86.645,38.63,13.1962,0.3383,0
AGB-02,3529.0,68.37,2.3213,0.2716,1.679,2895.7,6.621,0.3315,9.13,0,2,0.5634,0.2126,48.052,86.669,38.617,12.3443,0.3459,0
AGB-02,3530.0,72.18,2.3099,0.2771,1.07,2921.2,6.5874,0.3149,7.95,0,2,0.5514,0.2179,48.089,86.694,38.604,12.2623,0.3504,0
AGB-02,3531.0,68.19,2.2692,0.2777,0.606,2913.1,6.682,0.2931,8.12,0,2,0.5088,0.2279,48.127,86.718,38.592,12.496,0.3403,0
AGB-02,3532.0,72.47,2.3019,0.2895,1.819,2907.4,6.2944,0.3368,7.85,0,2,0.5541,0.2257,48.164,86.743,38.579,11.5588,0.3603,0
AGB-02,3533.0,39.52,2.3257,0.1733,0.899,4041.2,10.5574,0.2247,14.47,1,0,0.1146,0.1948,48.201,86.767,38.566,31.7136,0.2489,0
AGB-02,3534.0,21.77,2.359,0.1632,1.806,4257.1,10.1579,0.1817,19.47,0,0,0.043,0.174,48.239,86.792,38.553,37.8659,0.2122,0
AGB-02,3535.0,32.74,2.3406,0.1761,0.599,3996.4,10.5505,0.198,17.2,0,0,0.1137,0.1879,48.276,86.816,38.54,32.3482,0.228,0
AGB-02,3536.0,24.13,2.3756,0.1513,2.079,4344.6,9.8728,0.1891,21.33,1,0,0.02,0.1715,48.314,86.841,38.527,39.756,0.2114,0
AGB-02,3537.0,30.62,2.3416,0.2014,0.956,3926.5,10.551,0.1847,18.46,0,0,0.1271,0.1889,48.351,86.866,38.514,31.4326,0.224,0
AGB-02,3538.0,26.98,2.374,0.1542,1.881,4225.1,10.24,0.1798,18.31,0,0,0.0585,0.1763,48.389,86.89,38.501,37.1313,0.2198,0
AGB-02,3539.0,34.97,2.3445,0.1969,1.378,4084.6,10.5447,0.227,22.5,0,0,0.1361,0.1856,48.426,86.915,38.488,32.2558,0.2555,0
AGB-02,3540.0,29.17,2.4114,0.1573,1.423,4344.4,10.0126,0.1921,21.62,0,0,0.0837,0.1627,48.464,86.939,38.475,38.8157,0.2369,0
AGB-02,3541.0,40.35,2.3704,0.1818,1.218,3946.7,10.5292,0.2299,15.5,0,0,0.1814,0.1833,48.501,86.964,38.462,30.536,0.254,0
AGB-02,3542.0,30.04,2.3622,0.1649,0.94,4197.7,10.4151,0.2313,19.44,0,0,0.1113,0.1734,48.539,86.988,38.449,35.1441,0.2428,0
AGB-02,3543.0,36.01,2.3559,0.1909,1.266,3847.6,10.5359,0.1976,16.54,0,0,0.1326,0.186,48.577,87.013,38.436,31.2062,0.2046,0
AGB-02,3544.0,33.1,2.3537,0.1757,1.712,3944.9,10.5169,0.1974,14.33,0,0,0.1026,0.1825,48.615,87.037,38.423,33.0073,0.199,0
AGB-02,3545.0,26.28,2.3413,0.1487,1.322,4062.5,10.4565,0.1971,18.32,0,0,0.0772,0.1831,48.652,87.062,38.41,34.3598,0.2093,0
AGB-02,3546.0,37.08,2.38,0.1903,0.936,4090.1,10.4893,0.2246,17.94,0,0,0.1263,0.1803,48.69,87.087,38.397,33.6262,0.2426,0
AGB-02,3547.0,29.67,2.3499,0.1786,1.136,4172.0,10.3846,0.2107,16.95,0,0,0.0744,0.182,48.728,87.111,38.383,35.3397,0.229,0
AGB-02,3548.0,31.3,2.315,0.178,0.841,4015.2,10.5218,0.1946,16.9,0,0,0.1102,0.1894,48.766,87.136,38.37,32.056,0.2327,0
AGB-02,3549.0,30.96,2.3392,0.1814,1.017,3873.9,10.5192,0.1904,18.24,1,0,0.1079,0.1929,48.804,87.16,38.357,31.3494,0.2061,0
AGB-02,3550.0,28.8,2.3533,0.1615,1.634,4192.2,10.4002,0.2154,17.43,0,0,0.0876,0.1824,48.841,87.185,38.343,34.9816,0.2418,0
AGB-02,3551.0,31.43,2.3525,0.1742,1.686,4086.9,10.4203,0.1724,18.71,0,0,0.1012,0.1744,48.879,87.209,38.33,34.6191,0.216,0
AGB-02,3552.0,28.27,2.3824,0.1816,0.91,4196.8,10.2954,0.2082,16.83,0,0,0.0863,0.1754,48.917,87.234,38.317,36.1541,0.2307,0
AGB-02,3553.0,22.15,2.3972,0.1446,1.107,4172.6,10.0192,0.1816,18.86,0,0,0.02,0.1755,48.955,87.259,38.303,38.4462,0.1798,0
AGB-02,3554.0,27.43,2.3727,0.1939,0.726,4037.3,10.4744,0.198,14.68,0,0,0.1087,0.1864,48.993,87.283,38.29,33.2862,0.2314,0
AGB-02,3555.0,37.7,2.3823,0.1503,1.731,4151.3,10.3837,0.2088,20.19,0,0,0.129,0.1689,49.031,87.308,38.276,34.9492,0.238,0
AGB-02,3556.0,35.15,2.3791,0.1766,1.679,4204.2,10.3124,0.2034,17.67,0,0,0.1149,0.1678,49.069,87.332,38.263,35.8064,0.2379,0
AGB-02,3557.0,32.85,2.3406,0.1801,1.412,4049.3,10.4654,0.1776,18.3,0,0,0.1204,0.1779,49.108,87.357,38.249,33.2539,0.2272,0
AGB-02,3558.0,36.66,2.349,0.1872,0.81,4074.8,10.458,0.223,20.38,0,0,0.1142,0.1818,49.146,87.381,38.236,33.3711,0.235,0
AGB-02,3559.0,38.46,2.3751,0.1457,0.813,4142.3,10.2969,0.1822,16.36,0,0,0.1,0.1683,49.184,87.406,38.222,35.8675,0.2167,0
AGB-02,3560.0,24.38,2.3992,0.1765,1.324,4224.2,9.8664,0.1452,20.77,0,0,0.0251,0.1687,49.222,87.43,38.208,39.2763,0.1836,0
AGB-02,3561.0,29.19,2.3622,0.1848,0.794,3995.4,10.4702,0.204,16.14,0,0,0.1072,0.1894,49.26,87.455,38.195,32.6818,0.227,0
AGB-02,3562.0,37.06,2.3621,0.1623,0.993,4208.9,10.3973,0.2183,17.81,0,0,0.1203,0.1777,49.298,87.48,38.181,34.3958,0.2571,0
AGB-02,3563.0,26.4,2.3872,0.1223,1.716,4553.5,9.3859,0.2083,19.94,0,0,0.0248,0.1554,49.337,87.504,38.167,42.6633,0.2305,0
AGB-02,3564.0,32.21,2.3425,0.1621,1.44,4091.0,10.435,0.208,18.33,0,0,0.1073,0.1824,49.375,87.529,38.154,33.546,0.235,0
AGB-02,3565.0,71.18,2.3152,0.2834,1.231,2799.7,6.471,0.3074,7.31,0,2,0.5316,0.2261,49.413,87.553,38.14,12.0592,0.3342,0
AGB-02,3566.0,59.53,2.2853,0.2638,0.796,2851.4,6.8757,0.2877,8.48,0,2,0.4769,0.2316,49.452,87.578,38.126,13.0746,0.3179,0
AGB-02,3567.0,72.23,2.2757,0.279,0.796,2937.5,6.9294,0.2942,8.68,0,2,0.4749,0.2315,49.49,87.602,38.112,13.215,0.3308,0
AGB-02,3568.0,73.5,2.3234,0.2627,1.123,2703.8,5.8699,0.3284,7.84,0,2,0.5713,0.2299,49.529,87.627,38.098,10.6484,0.3486,0
AGB-02,3569.0,76.34,2.2611,0.2973,0.537,2491.8,4.675,0.3373,6.17,0,2,0.6122,0.2469,49.567,87.651,38.084,8.0868,0.3665,0
AGB-02,3570.0,70.51,2.2946,0.2703,1.035,2749.0,6.0625,0.3095,8.48,0,2,0.5516,0.2298,49.606,87.676,38.071,11.0939,0.3438,0
AGB-02,3571.0,73.84,2.2637,0.2811,0.915,2644.6,5.7645,0.3245,7.43,0,2,0.5608,0.2323,49.644,87.701,38.057,10.4125,0.3369,0
AGB-02,3572.0,72.32,2.2906,0.2924,0.765,2556.2,5.3041,0.3158,7.39,0,2,0.5967,0.2344,49.683,87.725,38.043,9.4012,0.3481,0
AGB-02,3573.0,67.3,2.296,0.2797,1.179,2790.0,6.5599,0.2899,9.47,0,2,0.5326,0.2207,49.721,87.75,38.029,12.2872,0.3248,0
AGB-02,3574.0,67.07,2.3296,0.2616,0.997,2908.5,7.35,0.2848,7.91,0,2,0.4534,0.2278,49.76,87.774,38.015,14.3494,0.307,0
AGB-02,3575.0,78.53,2.3011,0.2679,0.9,2753.4,6.0489,0.3132,9.76,0,2,0.5701,0.2236,49.798,87.799,38.0,11.0647,0.3459,0
AGB-02,3576.0,71.64,2.2729,0.3048,0.646,2405.8,4.7775,0.3181,7.9,0,2,0.6158,0.2413,49.837,87.823,37.986,8.2981,0.3472,0
AGB-02,3577.0,71.85,2.3165,0.2601,1.357,2656.6,5.8525,0.3131,7.67,0,2,0.5715,0.229,49.876,87.848,37.972,10.6136,0.3402,0
AGB-02,3578.0,68.4,2.2591,0.266,1.033,2999.6,6.5478,0.3296,8.71,0,2,0.5067,0.2321,49.914,87.873,37.958,12.2587,0.3572,0
AGB-02,3579.0,75.93,2.2492,0.2874,0.556,2539.3,4.9677,0.3324,6.67,0,2,0.5852,0.2472,49.953,87.897,37.944,8.6908,0.3585,0
AGB-02,3580.0,70.49,2.3093,0.2861,0.921,2753.8,6.5059,0.2877,10.38,0,2,0.5533,0.2147,49.992,87.922,37.93,12.1555,0.322,0
AGB-02,3581.0,61.52,2.3357,0.2482,1.006,3130.4,7.8812,0.2844,9.55,0,2,0.4836,0.202,50.031,87.946,37.915,15.8876,0.322,0
AGB-02,3582.0,69.36,2.279,0.2848,1.013,2759.0,6.1252,0.3116,7.35,0,2,0.5194,0.2389,50.07,87.971,37.901,11.2418,0.3407,0
AGB-02,3583.0,76.81,2.3478,0.251,2.105,2965.5,6.9271,0.3289,10.31,0,2,0.5759,0.1985,50.109,87.995,37.887,13.2155,0.3437,0
AGB-02,3584.0,67.65,2.2824,0.2869,0.653,2854.8,6.8842,0.2729,8.09,0,2,0.4702,0.2333,50.147,88.02,37.872,13.1038,0.3176,0
AGB-02,3585.0,72.27,2.241,0.2976,1.187,2703.2,5.6772,0.2984,7.17,0,2,0.5417,0.242,50.186,88.044,37.858,10.2161,0.3497,0
AGB-02,3586.0,68.49,2.2954,0.2555,1.175,2855.9,6.1526,0.3115,6.98,0,2,0.5682,0.222,50.225,88.069,37.844,11.3029,0.3569,0
AGB-02,3587.0,73.58,2.301,0.2809,1.133,2776.2,6.0218,0.3506,7.94,0,2,0.5604,0.2285,50.264,88.094,37.829,10.997,0.3511,0
AGB-02,3588.0,67.64,2.3074,0.2857,0.714,2739.5,5.9017,0.3304,8.97,0,2,0.5687,0.2292,50.303,88.118,37.815,10.7199,0.3515,0
AGB-02,3589.0,92.09,2.226,0.3405,1.956,1794.3,1.5656,0.4066,4.79,0,3,0.8287,0.2706,50.342,88.143,37.8,2.4564,0.432,0
AGB-02,3590.0,93.11,2.298,0.3096,1.136,2078.1,2.4583,0.3872,5.99,0,3,0.8187,0.242,50.381,88.167,37.786,3.9544,0.4183,0
AGB-02,3591.0,86.72,2.2917,0.3184,1.555,2294.9,2.9818,0.3963,7.53,0,3,0.7853,0.237,50.421,88.192,37.771,4.8716,0.417,0
AGB-02,3592.0,90.64,2.2317,0.3535,0.714,1810.9,1.5667,0.4006,5.78,0,3,0.8355,0.2682,50.46,88.216,37.757,2.4577,0.4337,0
AGB-02,3593.0,96.79,2.1874,0.3668,2.746,1450.0,1.2061,0.3765,3.96,0,3,0.9466,0.2939,50.499,88.241,37.742,1.8739,0.416,0
AGB-02,3594.0,90.52,2.2423,0.3659,1.668,1927.4,1.7896,0.4147,5.39,0,3,0.8303,0.2613,50.538,88.265,37.727,2.8241,0.4329,0
AGB-02,3595.0,91.67,2.1936,0.334,1.486,2057.2,1.6027,0.4115,4.75,0,3,0.7941,0.2822,50.577,88.29,37.713,2.5162,0.4484,0
AGB-02,3596.0,96.11,2.2276,0.3689,1.474,1625.1,1.244,0.4026,5.18,0,3,0.8985,0.2737,50.617,88.315,37.698,1.9344,0.4353,0
AGB-02,3597.0,100.16,2.2159,0.3754,1.691,1640.7,1.2389,0.42,4.21,0,3,0.9325,0.2813,50.656,88.339,37.683,1.9261,0.4367,0
AGB-02,3598.0,106.64,2.2171,0.4058,1.999,1557.4,1.233,0.3848,4.29,0,3,0.9209,0.288,50.695,88.364,37.668,1.9165,0.4288,0
AGB-02,3599.0,92.41,2.1764,0.3825,0.99,1643.4,1.2179,0.4042,4.2,0,3,0.8467,0.2962,50.735,88.388,37.654,1.892,0.4369,0
AGB-02,3600.0,100.0,2.2472,0.3428,1.851,1643.7,1.2564,0.4101,5.08,0,3,0.9418,0.274,50.774,88.413,37.639,1.9536,0.437,0
AGB-02,3601.0,104.87,2.2046,0.3915,2.556,1510.3,1.2222,0.3887,4.73,0,3,0.9503,0.2888,50.813,88.437,37.624,1.8987,0.4236,0
AGB-02,3602.0,91.46,2.2412,0.3638,1.038,1821.6,1.5195,0.399,6.11,0,3,0.8434,0.2676,50.853,88.462,37.609,2.379,0.4374,0
AGB-02,3603.0,90.26,2.2376,0.3373,1.189,2169.3,2.0669,0.4111,5.25,0,3,0.7899,0.2663,50.892,88.486,37.594,3.2847,0.4392,0
AGB-02,3604.0,95.56,2.1987,0.3912,2.014,1648.5,1.2308,0.406,4.82,0,3,0.9159,0.2974,50.932,88.511,37.579,1.9121,0.4374,0
AGB-02,3605.0,91.74,2.2372,0.3567,2.09,1708.0,1.2557,0.3994,4.82,0,3,0.9038,0.2652,50.971,88.536,37.564,1.952,0.4422,0
AGB-02,3606.0,87.2,2.2532,0.3291,1.587,2133.1,2.4272,0.3941,7.21,0,3,0.7839,0.2552,51.011,88.56,37.549,3.8963,0.4229,0
AGB-02,3607.0,89.36,2.2379,0.3453,1.358,1926.1,1.8778,0.4003,5.78,0,3,0.7926,0.272,51.05,88.585,37.534,2.9677,0.4285,0
AGB-02,3608.0,98.37,2.1849,0.3781,1.992,1450.0,1.2059,0.3779,4.4,0,3,0.8715,0.3018,51.09,88.609,37.519,1.8717,0.416,0
AGB-02,3609.0,80.37,2.2342,0.3373,1.285,2133.1,2.584,0.3673,4.84,0,3,0.7492,0.2619,51.13,88.634,37.504,4.1662,0.4154,0
AGB-02,3610.0,100.92,2.1687,0.3831,1.361,1735.7,1.2205,0.4041,4.03,0,3,0.8489,0.2897,51.169,88.658,37.489,1.8949,0.4442,0
AGB-02,3611.0,96.5,2.2038,0.3481,1.184,1782.9,1.2424,0.42,5.22,0,3,0.8647,0.2778,51.209,88.683,37.474,1.9298,0.4474,0
AGB-02,3612.0,91.19,2.2544,0.333,1.306,1860.2,1.6739,0.4146,5.29,0,3,0.8405,0.2624,51.249,88.708,37.459,2.63,0.4334,0
AGB-02,3613.0,88.69,2.2126,0.3356,2.106,1963.0,1.6293,0.4081,4.93,0,3,0.8257,0.2691,51.289,88.732,37.443,2.5567,0.442,0
AGB-02,3614.0,89.13,2.2613,0.3434,1.469,2038.0,1.6678,0.399,4.53,0,3,0.8355,0.2654,51.328,88.757,37.428,2.6197,0.4467,0
AGB-02,3615.0,95.65,2.1988,0.3734,2.296,1669.8,1.233,0.42,4.01,0,3,0.869,0.2893,51.368,88.781,37.413,1.9144,0.4392,0
AGB-02,3616.0,105.48,2.1994,0.3849,3.543,1601.3,1.2285,0.42,5.51,0,3,0.98,0.2808,51.408,88.806,37.398,1.907,0.4331,0
AGB-02,3617.0,91.75,2.2422,0.3759,1.394,1765.4,1.2627,0.4131,4.89,0,3,0.873,0.273,51.448,88.83,37.382,1.9619,0.4463,0
AGB-02,3618.0,90.3,2.1836,0.3593,1.1,1693.9,1.3065,0.4025,5.06,0,3,0.8283,0.2812,51.488,88.855,37.367,2.0321,0.4364,0
AGB-02,3619.0,90.02,2.2301,0.3654,0.913,1867.1,1.5746,0.4127,4.76,0,3,0.8126,0.2768,51.528,88.879,37.352,2.4665,0.438,0
AGB-02,3620.0,92.76,2.2284,0.3504,1.642,2013.8,1.4305,0.42,6.19,0,3,0.8606,0.2651,51.568,88.904,37.336,2.2321,0.45,0
AGB-02,3621.0,95.76,2.2575,0.3199,1.175,2051.3,2.1424,0.4022,6.98,0,3,0.832,0.2473,51.608,88.929,37.321,3.4085,0.4282,0
AGB-02,3622.0,94.27,2.2094,0.3507,1.47,1803.2,1.5176,0.3962,5.29,0,3,0.8441,0.2663,51.648,88.953,37.305,2.3733,0.435,0
AGB-02,3623.0,96.75,2.2118,0.3513,1.562,1723.6,1.244,0.3957,5.1,0,3,0.8788,0.2841,51.688,88.978,37.29,1.9313,0.4433,0
AGB-02,3624.0,92.01,2.2367,0.3391,1.213,2037.8,1.8984,0.409,5.07,0,3,0.8147,0.263,51.728,89.002,37.274,2.9995,0.4367,0
AGB-02,3625.0,92.9,2.1896,0.3778,0.918,1728.7,1.2323,0.42,4.56,0,3,0.8184,0.2938,51.768,89.027,37.259,1.9125,0.4437,0
AGB-02,3626.0,92.25,2.1983,0.3654,0.654,1764.9,1.2392,0.4107,5.23,0,3,0.8687,0.28,51.808,89.051,37.243,1.9235,0.4462,0
AGB-02,3627.0,100.69,2.2215,0.3868,0.848,1929.7,1.2599,0.42,4.52,0,3,0.882,0.2727,51.849,89.076,37.227,1.9566,0.45,0
AGB-02,3628.0,91.85,2.2139,0.3583,1.927,1641.0,1.2398,0.4022,4.56,0,3,0.86,0.2817,51.889,89.1,37.212,1.9243,0.4367,0
AGB-02,3629.0,96.36,2.2287,0.3521,1.17,1825.7,1.6926,0.4066,6.48,0,3,0.8189,0.2689,51.929,89.125,37.196,2.6589,0.4284,0
AGB-02,3630.0,102.22,2.2711,0.3548,1.349,1888.1,1.2854,0.4124,5.26,0,3,0.9198,0.2536,51.969,89.15,37.18,1.9974,0.45,0
AGB-02,3631.0,98.46,2.1937,0.3645,2.13,1557.9,1.2224,0.4006,4.62,0,3,0.9397,0.2818,52.01,89.174,37.164,1.8963,0.4288,0
AGB-02,3632.0,91.47,2.2672,0.3526,2.143,1980.9,1.6171,0.4073,5.86,0,3,0.8384,0.2664,52.05,89.199,37.149,2.5349,0.4453,0
AGB-02,3633.0,89.21,2.1909,0.3567,1.128,1581.1,1.2228,0.3751,4.55,1,3,0.857,0.2766,52.09,89.223,37.133,1.897,0.4312,0
AGB-02,3634.0,91.72,2.1713,0.3475,1.382,1559.7,1.2105,0.3894,3.97,0,3,0.842,0.2931,52.131,89.248,37.117,1.8772,0.429,0
AGB-02,3635.0,92.19,2.2273,0.3676,1.453,1857.5,1.26,0.42,4.53,0,3,0.8876,0.2767,52.171,89.272,37.101,1.9565,0.45,0
AGB-02,3636.0,90.51,2.2289,0.366,2.132,1699.1,1.2521,0.4147,4.7,0,3,0.8711,0.2857,52.212,89.297,37.085,1.9438,0.4415,0
AGB-02,3637.0,91.02,2.2846,0.3056,1.076,2132.8,2.9465,0.3858,6.97,0,3,0.777,0.2399,52.252,89.321,37.069,4.7973,0.4014,0
AGB-02,3638.0,93.14,2.2289,0.3578,1.214,1769.9,1.4548,0.3962,5.43,0,3,0.8313,0.2745,52.293,89.346,37.053,2.2705,0.4362,0
AGB-02,3639.0,97.68,2.1909,0.393,1.604,1655.3,1.2286,0.4154,5.73,0,3,0.8727,0.2916,52.333,89.371,37.037,1.906,0.438,0
AGB-02,3640.0,93.73,2.2097,0.3217,1.383,1892.7,1.5887,0.4126,5.42,0,3,0.8471,0.2622,52.374,89.395,37.021,2.4883,0.4387,0
AGB-02,3641.0,91.07,2.2731,0.3131,1.527,2029.6,1.9223,0.4079,5.11,0,3,0.8275,0.2582,52.415,89.42,37.005,3.0383,0.4363,0
AGB-02,3642.0,94.35,2.1954,0.3734,1.669,1813.2,1.2405,0.4144,5.3,0,3,0.8621,0.2798,52.455,89.444,36.989,1.925,0.4493,0
AGB-02,3643.0,99.75,2.2616,0.3583,1.458,1803.9,1.2762,0.4087,4.65,0,3,0.8919,0.2623,52.496,89.469,36.973,1.9823,0.4488,0
AGB-02,3644.0,93.47,2.2479,0.3757,1.293,1797.7,1.2684,0.4035,4.35,0,3,0.8464,0.2856,52.537,89.493,36.957,1.9697,0.4484,0
AGB-02,3645.0,104.67,2.1831,0.4043,1.619,1481.3,1.2096,0.3893,3.68,0,3,0.9424,0.3018,52.577,89.518,36.941,1.8755,0.42,0
AGB-02,3646.0,88.02,2.2912,0.3271,1.29,2155.7,2.8834,0.3725,7.59,0,3,0.7622,0.2482,52.618,89.543,36.924,4.6852,0.4073,0
AGB-02,3647.0,96.79,2.2249,0.3465,1.466,1821.6,1.377,0.4069,6.25,0,3,0.8595,0.2673,52.659,89.567,36.908,2.1445,0.4441,0
AGB-02,3648.0,94.37,2.2323,0.3624,1.326,1965.5,1.4415,0.4143,5.79,0,3,0.8512,0.2681,52.7,89.592,36.892,2.2487,0.45,0
AGB-02,3649.0,87.64,2.2198,0.348,1.565,1740.4,1.2498,0.42,4.41,0,3,0.8512,0.2821,52.741,89.616,36.876,1.9399,0.4445,0
AGB-02,3650.0,101.34,2.22,0.3755,1.374,1811.7,1.2539,0.42,4.64,0,3,0.9026,0.2776,52.781,89.641,36.859,1.9465,0.4492,0
AGB-02,3651.0,90.83,2.2466,0.3352,1.785,2027.3,1.8539,0.4167,4.9,0,3,0.8392,0.2555,52.822,89.665,36.843,2.9245,0.4381,0
AGB-02,3652.0,99.9,2.2163,0.3615,2.107,1628.5,1.2405,0.4013,4.56,0,3,0.9099,0.285,52.863,89.69,36.827,1.925,0.4356,0
AGB-02,3653.0,96.25,2.234,0.3705,1.822,1737.3,1.2574,0.3972,5.72,0,3,0.8943,0.2778,52.904,89.714,36.81,1.9521,0.4443,0
AGB-02,3654.0,98.88,2.1821,0.382,1.601,1536.2,1.2145,0.39,3.85,0,3,0.9135,0.2946,52.945,89.739,36.794,1.8832,0.4265,0
AGB-02,3655.0,98.99,2.2201,0.3539,1.744,1641.3,1.2436,0.3977,4.86,0,3,0.9196,0.2677,52.986,89.764,36.777,1.9298,0.4368,0
AGB-02,3656.0,90.46,2.2248,0.3481,1.91,1810.3,1.5818,0.3946,4.71,0,3,0.8307,0.2689,53.027,89.788,36.761,2.4768,0.4328,0
AGB-02,3657.0,98.14,2.2128,0.3564,1.91,1591.6,1.2358,0.4131,5.26,0,3,0.9173,0.2735,53.068,89.813,36.744,1.9174,0.4322,0
AGB-02,3658.0,103.17,2.202,0.3772,2.081,1689.9,1.2371,0.3929,4.05,0,3,0.8818,0.2891,53.11,89.837,36.728,1.9194,0.4408,0
AGB-02,3659.0,99.14,2.2301,0.3797,1.826,1714.2,1.254,0.4014,5.01,0,3,0.8864,0.2757,53.151,89.862,36.711,1.9464,0.4426,0
AGB-02,3660.0,79.85,2.2544,0.3116,0.736,1863.2,2.303,0.3696,5.06,0,3,0.7774,0.2605,53.192,89.886,36.694,3.6784,0.3991,0
AGB-02,3661.0,89.05,2.2268,0.359,0.746,1868.2,1.7071,0.3756,5.2,0,3,0.8141,0.2701,53.233,89.911,36.678,2.6817,0.4315,0
AGB-02,3662.0,89.49,2.2288,0.337,0.995,1940.7,1.8252,0.3904,5.86,0,3,0.8091,0.2673,53.274,89.935,36.661,2.8763,0.4321,0
AGB-02,3663.0,96.04,2.2028,0.3548,2.175,1710.5,1.2391,0.3955,4.38,0,3,0.8931,0.2689,53.316,89.96,36.644,1.9222,0.4423,0
AGB-02,3664.0,70.59,2.3095,0.2877,1.027,2840.0,6.0209,0.325,7.71,0,2,0.5367,0.2388,53.357,89.985,36.628,10.9494,0.3625,0
AGB-02,3665.0,75.54,2.2607,0.2876,0.765,2660.0,5.6973,0.3208,7.1,0,2,0.5448,0.2403,53.398,90.009,36.611,10.2172,0.3442,0
AGB-02,3666.0,74.93,2.2624,0.295,0.792,2558.1,4.8813,0.3423,6.69,0,2,0.5943,0.2472,53.44,90.034,36.594,8.4749,0.3677,0
AGB-02,3667.0,69.51,2.297,0.2728,0.706,2821.0,6.3428,0.3089,9.15,0,2,0.5394,0.2259,53.481,90.058,36.577,11.6992,0.3437,0
AGB-02,3668.0,78.71,2.2915,0.3081,0.919,2672.6,5.0978,0.3574,6.96,0,2,0.5996,0.2413,53.523,90.083,36.56,8.9222,0.3766,0
AGB-02,3669.0,72.92,2.3063,0.2797,0.617,2745.1,5.8352,0.3138,7.78,0,2,0.5757,0.2283,53.564,90.107,36.543,10.5208,0.3564,0
AGB-02,3670.0,68.35,2.2782,0.2777,0.609,2641.0,5.7969,0.2964,7.16,0,2,0.5376,0.2406,53.606,90.132,36.526,10.4332,0.3373,0
AGB-02,3671.0,75.78,2.3067,0.2788,1.082,2874.9,6.465,0.3271,7.78,0,2,0.5406,0.2229,53.647,90.157,36.509,11.9863,0.3479,0
AGB-02,3672.0,71.19,2.2549,0.2763,0.706,2744.9,6.4782,0.2811,8.33,0,2,0.4895,0.2355,53.689,90.181,36.492,12.0162,0.3163,0
AGB-02,3673.0,78.54,2.2417,0.3009,0.9,2423.4,4.4798,0.354,6.14,0,2,0.6162,0.2493,53.73,90.206,36.475,7.6581,0.3646,0
AGB-02,3674.0,62.17,2.2969,0.2458,0.638,2926.0,6.8433,0.3012,8.65,0,2,0.5014,0.2253,53.772,90.23,36.458,12.9155,0.3372,0
AGB-02,3675.0,64.09,2.2964,0.248,1.003,2792.5,6.3914,0.3164,8.05,0,2,0.5114,0.2345,53.813,90.255,36.441,11.8001,0.3364,0
AGB-02,3676.0,68.91,2.2868,0.2575,1.127,2960.9,7.1746,0.2949,8.43,0,2,0.468,0.2263,53.855,90.279,36.424,13.7693,0.3251,0
AGB-02,3677.0,74.47,2.2951,0.2896,0.836,2748.4,5.5183,0.3449,7.76,0,2,0.6071,0.226,53.897,90.304,36.407,9.8056,0.3699,0
AGB-02,3678.0,64.25,2.2785,0.2924,1.366,2945.7,6.6937,0.3096,8.24,0,2,0.4928,0.2328,53.939,90.328,36.39,12.5286,0.3461,0
AGB-02,3679.0,66.88,2.2327,0.3139,1.116,2646.8,5.2803,0.3196,6.06,0,2,0.5555,0.2483,53.98,90.353,36.373,9.2903,0.3604,0
AGB-02,3680.0,73.5,2.2607,0.306,1.165,2646.6,4.984,0.3506,7.48,0,2,0.5694,0.2546,54.022,90.378,36.355,8.6675,0.3758,0
AGB-02,3681.0,75.26,2.2649,0.2601,1.167,2673.7,5.6751,0.3227,7.58,0,2,0.5833,0.227,54.064,90.402,36.338,10.1403,0.3488,0
AGB-02,3682.0,65.36,2.25,0.2866,0.386,2681.2,5.6184,0.3168,7.3,0,2,0.5369,0.2459,54.106,90.427,36.321,10.013,0.3515,0
AGB-02,3683.0,73.29,2.3048,0.2611,0.954,2789.9,6.5675,0.3011,10.36,0,2,0.5429,0.217,54.148,90.451,36.303,12.202,0.3278,0
AGB-02,3684.0,78.54,2.2498,0.3063,0.52,2450.7,4.4249,0.3429,7.88,0,2,0.6273,0.2479,54.19,90.476,36.286,7.5334,0.3726,0
AGB-02,3685.0,69.61,2.3248,0.2663,0.699,2838.9,6.6867,0.3093,9.45,0,2,0.5556,0.2106,54.232,90.5,36.269,12.4879,0.3334,0
AGB-02,3686.0,63.93,2.299,0.2661,0.789,2996.3,7.1479,0.3247,8.31,0,2,0.4763,0.2262,54.274,90.525,36.251,13.6604,0.3353,0
AGB-02,3687.0,53.27,2.3328,0.2268,0.838,3466.4,9.6616,0.2575,10.6,0,1,0.2884,0.2057,54.316,90.549,36.234,22.3685,0.2713,0
AGB-02,3688.0,45.16,2.3347,0.2099,0.787,3697.0,10.2155,0.2341,14.93,0,1,0.2278,0.1986,54.358,90.574,36.216,25.7874,0.2655,0
AGB-02,3689.0,51.29,2.3526,0.186,0.84,3690.1,10.1751,0.2361,14.36,0,1,0.2805,0.1841,54.4,90.599,36.199,25.4509,0.2733,0
AGB-02,3690.0,45.27,2.3205,0.222,0.776,3621.9,9.981,0.2638,14.2,0,1,0.25,0.2046,54.442,90.623,36.181,24.1075,0.2747,0
AGB-02,3691.0,47.43,2.3026,0.2162,1.22,3471.7,9.4962,0.2488,11.54,0,1,0.3193,0.2007,54.484,90.648,36.164,21.5163,0.2837,0
AGB-02,3692.0,41.84,2.3385,0.1994,0.853,3809.9,10.5097,0.2234,15.18,0,1,0.1683,0.1931,54.526,90.672,36.146,28.7695,0.2406,0
AGB-02,3693.0,53.79,2.3111,0.2337,0.956,3367.3,9.1929,0.2708,9.29,0,1,0.3005,0.2215,54.568,90.697,36.128,20.1751,0.2865,0
AGB-02,3694.0,47.59,2.3528,0.2045,0.886,3671.4,10.2443,0.2428,13.9,0,1,0.2453,0.1919,54.611,90.721,36.111,25.8749,0.2608,0
AGB-02,3695.0,44.88,2.3374,0.1959,1.171,3590.5,10.0924,0.235,13.02,0,1,0.2378,0.2024,54.653,90.746,36.093,24.7396,0.2577,0
AGB-02,3696.0,44.23,2.3378,0.2119,0.936,3645.9,10.2315,0.2329,13.81,1,1,0.2237,0.1987,54.695,90.77,36.075,25.7279,0.2534,0
AGB-02,3697.0,44.01,2.3916,0.1809,1.582,3947.4,10.6168,0.2106,15.09,0,1,0.1772,0.1781,54.737,90.795,36.058,31.1079,0.2491,0
AGB-02,3698.0,40.72,2.3207,0.1888,0.787,3850.0,10.4013,0.2379,17.92,1,1,0.2217,0.1896,54.78,90.82,36.04,27.1922,0.2755,0
AGB-02,3699.0,45.82,2.3268,0.2359,1.655,3614.3,9.9991,0.2382,12.37,0,1,0.2392,0.2093,54.822,90.844,36.022,24.0751,0.2746,0
AGB-02,3700.0,46.84,2.3214,0.2242,1.187,3480.5,9.7605,0.251,13.43,0,1,0.286,0.2013,54.865,90.869,36.004,22.7139,0.2657,0
AGB-02,3701.0,47.76,2.3598,0.213,0.85,3685.4,10.2508,0.2494,11.49,0,1,0.233,0.199,54.907,90.893,35.986,25.7843,0.2676,0
AGB-02,3702.0,51.81,2.3292,0.1975,1.151,3518.6,9.7651,0.2338,10.3,0,1,0.2879,0.203,54.95,90.918,35.968,22.7164,0.277,0
AGB-02,3703.0,49.27,2.3218,0.2086,1.087,3568.2,9.9182,0.2244,10.42,0,1,0.2495,0.209,54.992,90.942,35.95,23.5442,0.2722,0
AGB-02,3704.0,46.6,2.3221,0.2357,1.344,3308.1,9.2862,0.2393,9.39,0,1,0.2959,0.2182,55.035,90.967,35.932,20.4737,0.2669,0
AGB-02,3705.0,44.98,2.3629,0.1808,1.16,3826.7,10.5801,0.221,18.18,0,1,0.195,0.1798,55.077,90.992,35.914,29.38,0.2395,0
AGB-02,3706.0,44.67,2.3559,0.2162,1.219,3598.8,10.1873,0.2339,12.13,0,1,0.2687,0.1871,55.12,91.016,35.896,25.236,0.254,0
AGB-02,3707.0,45.47,2.3642,0.193,1.457,3520.0,10.199,0.1982,12.73,0,1,0.2431,0.1926,55.162,91.041,35.878,25.3134,0.2289,0
AGB-02,3708.0,43.65,2.3614,0.1763,0.805,3890.6,10.5567,0.2489,12.76,0,1,0.1914,0.1894,55.205,91.065,35.86,28.9028,0.2652,0
AGB-02,3709.0,50.25,2.3244,0.2279,0.946,3579.8,9.6858,0.2771,11.97,0,1,0.2955,0.2067,55.248,91.09,35.842,22.2703,0.2977,0
AGB-02,3710.0,43.16,2.3633,0.2028,0.895,3694.9,10.3747,0.2242,16.35,1,1,0.2211,0.1933,55.29,91.114,35.824,26.7333,0.253,0
AGB-02,3711.0,46.75,2.3341,0.2146,0.937,3640.1,10.1349,0.253,12.68,0,1,0.2473,0.1989,55.333,91.139,35.806,24.8452,0.2682,0
AGB-02,3712.0,38.71,2.3398,0.2197,1.133,3776.9,10.3974,0.2275,15.77,0,1,0.2105,0.1957,55.376,91.163,35.787,26.9445,0.266,0
AGB-02,3713.0,51.37,2.3721,0.2099,1.259,3814.8,10.4417,0.2416,14.6,0,1,0.2512,0.1807,55.419,91.188,35.769,27.3934,0.2738,0
AGB-02,3714.0,36.53,2.3615,0.1956,1.161,3694.1,10.2962,0.2504,16.4,0,1,0.2436,0.1922,55.462,91.213,35.751,26.0436,0.2654,0
AGB-02,3715.0,41.58,2.3392,0.1935,1.007,3567.1,10.2738,0.2148,12.11,0,1,0.2044,0.1997,55.504,91.237,35.733,25.8656,0.2252,0
AGB-02,3716.0,42.53,2.3407,0.1775,0.839,3955.5,10.6313,0.2174,18.45,0,1,0.1647,0.1818,55.547,91.262,35.714,30.5427,0.2496,0
AGB-02,3717.0,50.98,2.3552,0.2486,1.248,3424.7,9.6567,0.2387,12.58,0,1,0.2887,0.2086,55.59,91.286,35.696,22.1279,0.2695,0
AGB-02,3718.0,44.76,2.3232,0.1997,1.347,3527.1,10.0553,0.2129,13.48,1,1,0.2425,0.1999,55.633,91.311,35.678,24.3394,0.2443,0
AGB-02,3719.0,42.71,2.3223,0.2067,1.015,3746.9,10.395,0.2205,16.33,0,1,0.1903,0.1994,55.676,91.335,35.659,26.9615,0.2541,0
AGB-02,3720.0,52.9,2.3496,0.2051,0.815,3598.3,10.0443,0.2462,10.99,0,1,0.2704,0.1964,55.719,91.36,35.641,24.2862,0.2711,0
AGB-02,3721.0,51.91,2.3339,0.2303,1.131,3385.2,9.4035,0.2733,11.2,0,1,0.332,0.202,55.762,91.384,35.622,20.9775,0.2789,0
AGB-02,3722.0,41.1,2.3343,0.2462,0.64,3548.4,10.0672,0.2409,12.17,0,1,0.2234,0.2083,55.805,91.409,35.604,24.4531,0.2509,0
AGB-02,3723.0,48.0,2.3193,0.2026,1.06,3558.9,9.8737,0.2536,14.0,0,1,0.2908,0.1948,55.849,91.434,35.585,23.3051,0.2739,0
AGB-02,3724.0,36.66,2.3321,0.1924,1.249,3882.9,10.5642,0.227,14.45,0,1,0.1493,0.1969,55.892,91.458,35.566,29.2565,0.2508,0
AGB-02,3725.0,45.67,2.3567,0.1885,0.995,3727.4,10.309,0.2394,16.01,0,1,0.2577,0.1846,55.935,91.483,35.548,26.2874,0.2685,0
AGB-02,3726.0,43.05,2.3135,0.2227,0.652,3525.8,9.8167,0.2392,12.01,0,1,0.2667,0.2053,55.978,91.507,35.529,23.0284,0.2698,0
AGB-02,3727.0,52.23,2.3091,0.2108,1.314,3695.1,10.0018,0.2674,13.94,0,1,0.2586,0.2016,56.021,91.532,35.51,24.112,0.2891,0
AGB-02,3728.0,52.14,2.3303,0.2177,0.923,3658.9,9.7765,0.2822,11.39,0,1,0.2962,0.2025,56.065,91.556,35.492,22.8416,0.3051,0
AGB-02,3729.0,49.81,2.3148,0.2433,1.064,3456.0,9.6085,0.2451,10.55,0,1,0.286,0.2075,56.108,91.581,35.473,22.0022,0.2725,0
AGB-02,3730.0,35.31,2.3294,0.1849,0.874,3757.2,10.4794,0.2073,12.77,0,1,0.1625,0.1962,56.151,91.605,35.454,28.238,0.2328,0
AGB-02,3731.0,40.32,2.3369,0.2115,0.778,3638.4,10.0601,0.2533,12.99,0,1,0.2574,0.198,56.195,91.63,35.435,24.5642,0.2735,0
AGB-02,3732.0,52.18,2.3301,0.2244,1.362,3443.5,9.5518,0.252,13.96,0,1,0.3048,0.2042,56.238,91.655,35.417,21.7722,0.2769,0
AGB-02,3733.0,45.02,2.3355,0.1923,0.872,3700.7,10.1419,0.2434,14.27,0,1,0.2368,0.2012,56.281,91.679,35.398,25.1778,0.2773,0
AGB-02,3734.0,46.62,2.3144,0.2374,0.61,3538.2,9.737,0.2409,10.44,0,1,0.2579,0.2126,56.325,91.704,35.379,22.7309,0.2787,0
AGB-02,3735.0,48.16,2.3215,0.2331,0.877,3375.1,9.2308,0.2474,9.84,0,1,0.2989,0.22,56.368,91.728,35.36,20.3842,0.286,0
AGB-02,3736.0,38.11,2.3656,0.2146,0.941,3746.9,10.2222,0.2565,11.04,0,1,0.2572,0.1908,56.412,91.753,35.341,25.883,0.2815,0
AGB-02,3737.0,50.13,2.2971,0.253,0.778,3357.5,9.3788,0.2443,10.79,0,1,0.2846,0.2135,56.455,91.777,35.322,21.0535,0.2626,0
AGB-02,3738.0,40.2,2.3382,0.1914,1.05,3938.1,10.5012,0.2263,14.89,0,1,0.1793,0.1898,56.499,91.802,35.303,29.1257,0.2683,0
AGB-02,3739.0,43.5,2.3479,0.2192,1.147,3658.4,10.2649,0.2285,14.63,0,1,0.2138,0.1959,56.543,91.827,35.284,26.3583,0.2464,0
AGB-02,3740.0,40.98,2.3491,0.2085,0.797,3629.3,10.2678,0.2089,12.14,0,1,0.214,0.1935,56.586,91.851,35.265,26.4238,0.2362,0
AGB-02,3741.0,54.38,2.3051,0.2161,1.632,3324.8,8.9858,0.2492,10.69,0,1,0.3369,0.2129,56.63,91.876,35.246,19.4776,0.2893,0
AGB-02,3742.0,41.61,2.373,0.1778,1.585,4032.5,10.5454,0.2379,17.37,0,1,0.1732,0.1808,56.674,91.9,35.227,31.0095,0.2681,0
AGB-02,3743.0,44.21,2.3543,0.1976,0.807,3762.9,10.1932,0.2759,13.99,0,1,0.2638,0.1871,56.717,91.925,35.207,25.9042,0.2827,0
AGB-02,3744.0,49.9,2.3023,0.2538,0.521,3246.8,8.8214,0.2611,7.96,0,1,0.3091,0.2279,56.761,91.949,35.188,18.8918,0.282,0
AGB-02,3745.0,56.18,2.3353,0.2428,0.871,3484.6,9.8034,0.2358,12.57,1,1,0.2645,0.2026,56.805,91.974,35.169,23.3365,0.2565,0
AGB-02,3746.0,45.64,2.3417,0.1752,1.626,3622.8,10.0239,0.2468,15.15,0,1,0.2742,0.189,56.849,91.998,35.15,24.7397,0.2673,0
AGB-02,3747.0,51.69,2.3318,0.2399,1.112,3470.7,9.3159,0.2636,11.73,0,1,0.3208,0.2088,56.893,92.023,35.13,20.9382,0.2988,0
AGB-02,3748.0,43.41,2.3331,0.1852,1.006,3867.7,10.403,0.2368,18.24,0,1,0.1887,0.1905,56.937,92.048,35.111,28.3579,0.2629,0
AGB-02,3749.0,56.09,2.3179,0.232,0.599,3243.4,8.7893,0.257,10.47,0,1,0.3487,0.2148,56.98,92.072,35.092,18.8333,0.2852,0
AGB-02,3750.0,39.14,2.3072,0.1876,1.625,4065.0,10.4998,0.2493,13.97,0,1,0.1272,0.1921,57.024,92.097,35.072,30.867,0.2646,0
AGB-02,3751.0,52.41,2.3288,0.1896,0.758,3488.4,9.736,0.2337,12.75,0,1,0.3041,0.1896,57.068,92.121,35.053,23.0903,0.2615,0
AGB-02,3752.0,48.27,2.3403,0.2028,1.463,3623.6,10.0158,0.2452,13.91,0,1,0.2742,0.1874,57.112,92.146,35.033,24.857,0.265,0
AGB-02,3753.0,47.1,2.3125,0.2304,0.531,3468.6,9.5229,0.2396,11.93,0,1,0.2732,0.212,57.156,92.17,35.014,22.0091,0.2752,0
AGB-02,3754.0,45.55,2.3503,0.1816,1.315,3676.2,10.2191,0.2223,13.39,0,1,0.2215,0.1912,57.201,92.195,34.994,26.5633,0.2481,0
AGB-02,3755.0,41.33,2.3854,0.1918,1.13,3775.4,10.3307,0.2525,17.22,0,1,0.2216,0.1863,57.245,92.219,34.975,27.8148,0.2595,0
AGB-02,3756.0,49.6,2.3571,0.1939,1.559,3657.2,10.2224,0.2145,16.9,0,1,0.2367,0.184,57.289,92.244,34.955,26.6692,0.2417,0
AGB-02,3757.0,50.11,2.3222,0.1981,0.583,3740.7,10.1898,0.2417,13.05,0,1,0.2061,0.1984,57.333,92.269,34.936,26.3971,0.263,0
AGB-02,3758.0,42.99,2.3381,0.2133,1.335,3676.0,10.1395,0.2427,12.17,0,1,0.1948,0.2066,57.377,92.293,34.916,25.9859,0.2568,0
AGB-02,3759.0,53.35,2.295,0.2487,0.767,3280.6,8.4464,0.2865,10.2,0,1,0.3593,0.2236,57.421,92.318,34.896,17.7081,0.312,0
AGB-02,3760.0,42.37,2.3494,0.1754,0.947,3754.6,10.3554,0.2069,16.4,0,1,0.1982,0.1822,57.466,92.342,34.877,28.4144,0.2334,0
AGB-02,3761.0,46.77,2.324,0.2159,0.967,3542.4,9.6533,0.2563,12.8,0,1,0.2988,0.1964,57.51,92.367,34.857,22.8143,0.28,0
AGB-02,3762.0,39.74,2.3084,0.213,0.79,3609.8,10.0052,0.2077,10.83,0,1,0.1903,0.2126,57.554,92.391,34.837,25.0274,0.2508,0
AGB-02,3763.0,40.68,2.3413,0.2235,0.831,3585.4,10.1445,0.1899,12.92,0,1,0.2048,0.1958,57.599,92.416,34.817,26.162,0.2251,0
AGB-02,3764.0,41.51,2.3551,0.1688,1.026,3774.4,10.0799,0.2518,13.07,0,1,0.2578,0.1921,57.643,92.44,34.798,25.6394,0.2894,0
AGB-02,3765.0,51.93,2.3391,0.2147,0.983,3527.6,9.6938,0.2632,12.57,0,1,0.2938,0.1961,57.687,92.465,34.778,23.0905,0.2739,0
AGB-02,3766.0,48.74,2.3429,0.2098,0.873,3522.3,9.8019,0.2357,12.73,0,1,0.2838,0.1924,57.732,92.49,34.758,23.7375,0.2604,0
AGB-02,3767.0,49.92,2.3496,0.2517,0.96,3471.9,9.5933,0.2642,13.27,0,1,0.2987,0.1995,57.776,92.514,34.738,22.5625,0.2721,0
AGB-02,3768.0,47.96,2.3243,0.2121,0.891,3545.2,9.7168,0.2447,14.14,0,1,0.2923,0.1936,57.821,92.539,34.718,23.2542,0.2724,0
AGB-02,3769.0,44.72,2.3154,0.2026,0.859,3481.1,9.7099,0.229,11.89,0,1,0.2726,0.1976,57.865,92.563,34.698,23.2226,0.2536,0
AGB-02,3770.0,49.95,2.3195,0.2382,0.577,3428.6,9.431,0.252,12.02,0,1,0.2688,0.2154,57.91,92.588,34.678,21.7599,0.2713,0
AGB-02,3771.0,43.86,2.3697,0.2044,1.437,3892.0,10.2796,0.2632,15.45,0,1,0.222,0.1892,57.955,92.612,34.658,27.744,0.2849,0
AGB-02,3772.0,50.83,2.2936,0.2544,0.661,3252.3,8.5198,0.2654,8.44,0,1,0.3279,0.2303,57.999,92.637,34.638,18.0344,0.2998,0
AGB-02,3773.0,41.1,2.2994,0.2287,0.522,3602.0,9.8618,0.2177,9.4,0,1,0.2177,0.2105,58.044,92.662,34.618,24.1805,0.2641,0
AGB-02,3774.0,40.27,2.3082,0.1822,0.784,3842.6,10.3706,0.2132,13.11,1,0,0.1289,0.1977,58.089,92.686,34.598,29.2359,0.2334,0
AGB-02,3775.0,33.31,2.356,0.1802,1.237,3911.4,10.4186,0.2149,14.14,0,0,0.124,0.1924,58.133,92.711,34.577,30.8067,0.2357,0
AGB-02,3776.0,25.82,2.4164,0.1491,1.381,4210.0,9.829,0.1785,21.94,0,0,0.0513,0.1571,58.178,92.735,34.557,39.0274,0.1896,0
AGB-02,3777.0,33.96,2.3342,0.1958,1.692,3853.7,10.4132,0.179,15.18,0,0,0.1057,0.1948,58.223,92.76,34.537,30.5853,0.2149,0
AGB-02,3778.0,26.81,2.3461,0.1798,0.892,3930.9,10.4187,0.1938,19.73,0,0,0.0901,0.1912,58.268,92.784,34.517,31.9827,0.215,0
AGB-02,3779.0,33.99,2.4041,0.1589,1.204,4231.8,10.1699,0.221,25.25,0,0,0.1002,0.1666,58.312,92.809,34.496,36.3889,0.2422,0
AGB-02,3780.0,23.35,2.3916,0.1492,1.372,4314.3,9.6841,0.1826,20.83,0,0,0.02,0.1635,58.357,92.833,34.476,39.8797,0.2036,0
AGB-02,3781.0,28.75,2.3577,0.1815,1.068,4080.4,10.3261,0.1844,15.06,0,0,0.0675,0.1826,58.402,92.858,34.456,34.5049,0.2176,0
AGB-02,3782.0,20.86,2.3668,0.1533,0.976,4126.1,10.1083,0.1621,20.59,0,0,0.02,0.1767,58.447,92.883,34.435,36.9567,0.1839,0
AGB-02,3783.0,42.87,2.3327,0.1905,1.162,3601.3,10.1002,0.2031,15.03,0,0,0.2067,0.1966,58.492,92.907,34.415,25.9789,0.2328,0
AGB-02,3784.0,36.05,2.3608,0.1447,1.53,4054.7,10.325,0.1777,19.95,0,0,0.0831,0.1748,58.537,92.932,34.394,34.5316,0.2089,0
AGB-02,3785.0,35.59,2.3392,0.175,1.194,3896.8,10.4211,0.1985,12.01,0,0,0.0934,0.1946,58.582,92.956,34.374,31.2855,0.2162,0
AGB-02,3786.0,25.51,2.3401,0.1402,1.403,4047.6,10.3397,0.1796,21.84,0,0,0.0598,0.1822,58.627,92.981,34.353,34.3069,0.2045,0
AGB-02,3787.0,24.52,2.3445,0.1616,1.707,4226.3,10.0582,0.1971,20.03,0,0,0.02,0.1758,58.672,93.005,34.333,37.3951,0.2061,0
AGB-02,3788.0,33.23,2.3587,0.1926,1.379,4013.2,10.3981,0.2138,15.55,0,0,0.0944,0.1845,58.718,93.03,34.312,33.0344,0.2248,0
AGB-02,3789.0,27.35,2.3931,0.1393,1.935,4161.7,10.1873,0.2074,17.51,0,0,0.0675,0.1743,58.763,93.054,34.292,36.2421,0.2211,0
AGB-02,3790.0,42.62,2.3506,0.1806,1.136,3856.6,10.3939,0.2035,15.89,0,0,0.1702,0.1813,58.808,93.079,34.271,29.8367,0.2366,0
AGB-02,3791.0,21.53,2.3745,0.1668,1.094,4363.4,9.9845,0.2313,20.93,0,0,0.0505,0.1717,58.853,93.104,34.25,37.9804,0.2456,0
AGB-02,3792.0,50.49,2.3201,0.2333,1.008,3473.2,9.4209,0.2531,11.78,0,1,0.2914,0.2083,58.898,93.128,34.23,21.73,0.2831,0
AGB-02,3793.0,43.22,2.2763,0.2265,0.783,3387.4,9.3233,0.2454,10.35,0,1,0.2753,0.2117,58.944,93.153,34.209,21.2631,0.262,0
AGB-02,3794.0,46.83,2.3406,0.2159,0.809,3653.2,9.9793,0.2254,16.49,0,1,0.2485,0.1959,58.989,93.177,34.188,24.9823,0.2703,0
AGB-02,3795.0,50.46,2.3093,0.2141,0.724,3553.0,9.6097,0.2629,14.15,0,1,0.2747,0.2049,59.034,93.202,34.167,22.6848,0.2822,0
AGB-02,3796.0,46.92,2.3084,0.2104,0.838,3558.2,9.7621,0.2292,11.3,0,1,0.2322,0.2111,59.08,93.226,34.147,23.5447,0.2669,0
AGB-02,3797.0,49.88,2.2981,0.2153,0.615,3597.4,9.6216,0.2554,10.28,0,1,0.2425,0.2169,59.125,93.251,34.126,22.7406,0.2892,0
AGB-02,3798.0,42.23,2.2815,0.2201,0.497,3569.5,9.9851,0.2125,12.89,0,1,0.1977,0.203,59.171,93.276,34.105,24.9969,0.2319,0
AGB-02,3799.0,42.49,2.3371,0.2148,1.02,3503.9,9.9191,0.2101,11.35,0,1,0.2334,0.1993,59.216,93.3,34.084,24.5238,0.2357,0
AGB-02,3800.0,29.72,2.3868,0.1635,1.708,4124.7,10.2453,0.2085,20.57,0,0,0.072,0.1738,59.262,93.325,34.063,35.7723,0.216,0
AGB-02,3801.0,31.14,2.334,0.1657,1.287,4019.8,10.3914,0.1997,15.61,0,0,0.0616,0.1865,59.307,93.349,34.042,33.5842,0.2082,0
AGB-02,3802.0,37.61,2.314,0.204,1.044,3941.1,10.4073,0.2374,14.14,0,0,0.1355,0.1934,59.353,93.374,34.021,29.8429,0.2519,0
AGB-02,3803.0,31.5,2.3958,0.1645,1.348,3993.0,10.3972,0.1878,19.42,0,0,0.1196,0.1734,59.398,93.398,34.0,33.5115,0.2189,0
AGB-02,3804.0,29.58,2.3775,0.1597,1.821,4120.7,10.297,0.2076,17.19,0,0,0.0902,0.171,59.444,93.423,33.979,35.2193,0.2227,0
AGB-02,3805.0,27.25,2.3971,0.1472,2.214,4270.8,9.9168,0.1873,20.22,0,0,0.0481,0.1636,59.49,93.447,33.958,38.5991,0.2145,0
AGB-02,3806.0,33.33,2.3482,0.1916,1.284,4047.9,10.4417,0.2346,17.52,0,0,0.1234,0.1869,59.535,93.472,33.937,31.7868,0.2546,0
AGB-02,3807.0,21.18,2.3943,0.145,1.164,4164.9,9.9895,0.1655,21.34,0,0,0.0285,0.1671,59.581,93.497,33.915,38.1161,0.1833,0
AGB-02,3808.0,35.12,2.3389,0.214,0.931,3669.6,10.3463,0.1631,11.63,0,0,0.1278,0.1991,59.627,93.521,33.894,28.4702,0.1964,0
AGB-02,3809.0,26.85,2.3588,0.128,1.355,4291.9,9.86,0.1765,20.89,0,0,0.02,0.1641,59.673,93.546,33.873,39.019,0.2018,0
AGB-02,3810.0,37.49,2.3839,0.1615,0.936,4022.8,10.3705,0.1815,17.64,0,0,0.1147,0.1664,59.718,93.57,33.852,34.263,0.2102,0
AGB-02,3811.0,34.14,2.3248,0.1905,1.182,3926.3,10.4439,0.1786,17.86,0,0,0.0595,0.194,59.764,93.595,33.83,32.2813,0.1993,0
AGB-02,3812.0,34.18,2.3114,0.2202,0.865,3733.6,10.2885,0.2009,15.53,0,0,0.1513,0.2014,59.81,93.619,33.809,27.6141,0.234,0
AGB-02,3813.0,41.58,2.3424,0.1966,0.901,3939.8,10.4177,0.2285,12.66,0,0,0.1424,0.1957,59.856,93.644,33.788,29.7202,0.2599,0
AGB-02,3814.0,30.26,2.3336,0.1847,0.728,3930.6,10.4539,0.2107,15.82,0,0,0.0917,0.1948,59.902,93.668,33.766,31.3568,0.2247,0
AGB-02,3815.0,36.94,2.3618,0.1695,1.053,3913.6,10.4547,0.1833,16.67,0,0,0.1368,0.1745,59.948,93.693,33.745,31.877,0.2158,0
AGB-02,3816.0,30.02,2.3649,0.1749,1.177,4173.9,10.2657,0.202,14.93,0,0,0.0477,0.1815,59.994,93.718,33.724,35.8305,0.2248,0
AGB-02,3817.0,30.33,2.3612,0.1422,1.987,4224.2,10.0951,0.1834,18.17,0,0,0.02,0.1769,60.04,93.742,33.702,37.4459,0.2097,0
AGB-02,3818.0,26.85,2.3708,0.1783,1.197,4058.9,10.313,0.1776,17.6,0,0,0.0446,0.1809,60.086,93.767,33.681,35.3152,0.1962,0
AGB-02,3819.0,34.33,2.3517,0.1961,2.14,3714.3,10.4379,0.1662,15.85,0,0,0.1219,0.1852,60.132,93.791,33.659,30.0363,0.1749,0
AGB-02,3820.0,32.6,2.3534,0.1892,1.368,4111.7,10.3604,0.1928,16.58,0,0,0.0623,0.1822,60.178,93.816,33.637,34.713,0.2226,0
AGB-02,3821.0,28.99,2.3388,0.1498,1.922,4243.1,10.1386,0.1824,16.76,0,0,0.02,0.1774,60.225,93.84,33.616,37.1553,0.2149,0
AGB-02,3822.0,22.91,2.3822,0.1718,0.912,4133.0,10.206,0.1789,15.93,0,0,0.02,0.1835,60.271,93.865,33.594,36.5649,0.2013,0
AGB-02,3823.0,30.46,2.3843,0.1786,1.319,4151.4,10.2416,0.1915,16.98,1,0,0.0586,0.1743,60.317,93.889,33.573,36.2317,0.2154,0
AGB-02,3824.0,33.5,2.335,0.2233,1.063,3481.1,10.0917,0.1844,10.1,0,0,0.1495,0.2144,60.363,93.914,33.551,25.5704,0.1967,0
AGB-02,3825.0,31.16,2.3327,0.1968,0.865,3767.0,10.4206,0.1974,15.27,0,0,0.1306,0.1925,60.41,93.939,33.529,29.3567,0.2112,0
AGB-02,3826.0,29.04,2.3648,0.1735,1.377,4000.8,10.4446,0.1884,15.64,0,0,0.0878,0.1831,60.456,93.963,33.507,33.2699,0.2176,0
AGB-02,3827.0,33.83,2.3622,0.1603,1.323,4096.3,10.4259,0.2199,18.0,0,0,0.0911,0.1818,60.502,93.988,33.486,33.7728,0.2375,0
AGB-02,3828.0,36.86,2.3611,0.1751,1.356,3920.5,10.4778,0.1947,16.7,0,0,0.1389,0.1776,60.549,94.012,33.464,31.5367,0.2253,0
AGB-02,3829.0,30.92,2.3298,0.1795,1.182,3859.7,10.4796,0.1553,17.94,0,0,0.0792,0.191,60.595,94.037,33.442,31.5082,0.1929,0
AGB-02,3830.0,29.95,2.3561,0.165,1.078,4052.9,10.4358,0.1945,20.39,0,0,0.0845,0.1815,60.641,94.061,33.42,33.6822,0.2243,0
AGB-02,3831.0,27.41,2.3481,0.1732,1.169,3967.3,10.467,0.1893,16.7,0,0,0.0843,0.184,60.688,94.086,33.398,32.8444,0.2097,0
AGB-02,3832.0,15.27,2.3752,0.1473,1.909,4322.4,9.9501,0.1912,22.34,0,0,0.02,0.1716,60.734,94.111,33.376,38.7383,0.2223,0
AGB-02,3833.0,24.98,2.3188,0.1861,1.189,4120.1,10.447,0.2066,15.32,0,0,0.0798,0.183,60.781,94.135,33.354,33.5381,0.2375,0
AGB-02,3834.0,30.44,2.3975,0.1775,1.134,4052.6,10.4056,0.2157,18.35,0,0,0.1065,0.1713,60.828,94.16,33.332,34.4113,0.2215,0
AGB-02,3835.0,43.64,2.3549,0.2008,1.284,3556.9,10.062,0.2379,15.61,0,1,0.255,0.1863,60.874,94.184,33.31,25.225,0.2412,0
AGB-02,3836.0,46.54,2.2883,0.226,0.931,3229.3,8.9332,0.2465,9.53,0,1,0.2913,0.2229,60.921,94.209,33.288,19.4279,0.2619,0
AGB-02,3837.0,46.89,2.2862,0.2384,1.175,3393.3,9.2415,0.2463,10.0,0,1,0.2974,0.2106,60.968,94.233,33.266,20.6951,0.2779,0
AGB-02,3838.0,38.88,2.298,0.2172,0.77,3460.0,9.5719,0.2418,8.27,0,1,0.2287,0.2216,61.014,94.258,33.244,22.2421,0.2652,0
AGB-02,3839.0,49.19,2.2902,0.2294,0.84,3344.5,9.3427,0.2368,12.57,1,1,0.3041,0.2005,61.061,94.282,33.221,21.1378,0.2552,0
AGB-02,3840.0,42.44,2.3443,0.2112,1.065,3763.9,10.3037,0.2298,12.34,0,1,0.2009,0.191,61.108,94.307,33.199,27.3281,0.2566,0
AGB-02,3841.0,46.22,2.2799,0.2587,0.537,3314.8,9.1239,0.2477,7.06,0,1,0.2288,0.2396,61.155,94.332,33.177,20.1792,0.267,0
AGB-02,3842.0,74.53,2.2254,0.3094,0.721,2424.4,4.7006,0.313,6.78,0,2,0.602,0.2431,61.201,94.356,33.155,8.1212,0.3508,0
AGB-02,3843.0,76.52,2.2309,0.3072,0.594,2446.1,4.4046,0.335,6.15,0,2,0.5944,0.2569,61.248,94.381,33.132,7.5284,0.3705,0
AGB-02,3844.0,76.89,2.2592,0.3035,0.842,2562.1,4.8919,0.3442,6.76,0,2,0.581,0.2487,61.295,94.405,33.11,8.5106,0.3672,0
AGB-02,3845.0,74.12,2.277,0.3175,0.38,2535.6,5.0254,0.3195,6.26,0,2,0.5847,0.2435,61.342,94.43,33.088,8.7864,0.3582,0
AGB-02,3846.0,69.89,2.2866,0.3198,1.084,2524.7,4.9446,0.341,6.54,0,2,0.5824,0.2476,61.389,94.454,33.065,8.6178,0.3613,0
AGB-02,3847.0,68.64,2.2855,0.2825,0.898,2730.6,5.7859,0.3325,7.26,0,2,0.5278,0.2432,61.436,94.479,33.043,10.4292,0.354,0
AGB-02,3848.0,65.53,2.2714,0.2704,0.921,2763.6,6.1659,0.3122,6.99,0,2,0.5133,0.2353,61.483,94.503,33.02,11.2995,0.3394,0
AGB-02,3849.0,74.72,2.2262,0.3128,0.633,2386.8,4.6139,0.3263,5.44,0,2,0.5403,0.2693,61.53,94.528,32.998,7.9418,0.3488,0
AGB-02,3850.0,74.79,2.3056,0.2988,0.717,2531.5,4.7706,0.3484,6.71,0,2,0.5916,0.251,61.577,94.553,32.975,8.2583,0.3721,0
AGB-02,3851.0,69.56,2.2718,0.2873,1.085,2853.4,5.9892,0.3366,7.28,0,2,0.5279,0.2372,61.624,94.577,32.953,10.8874,0.3622,0
AGB-02,3852.0,96.86,2.139,0.4215,1.123,1450.0,1.1823,0.3842,4.0,0,3,0.9004,0.3245,61.671,94.602,32.93,1.8324,0.416,0
AGB-02,3853.0,92.01,2.2187,0.3703,1.331,1732.6,1.2485,0.4047,5.37,0,3,0.8574,0.2816,61.719,94.626,32.908,1.9382,0.444,0
AGB-02,3854.0,103.35,2.2149,0.3794,1.698,1450.0,1.223,0.3725,3.89,0,3,0.9221,0.2919,61.766,94.651,32.885,1.8974,0.416,0
AGB-02,3855.0,89.52,2.1604,0.3953,0.936,1468.7,1.1959,0.3766,3.39,0,3,0.8239,0.3144,61.813,94.675,32.862,1.8539,0.4184,0
AGB-02,3856.0,87.13,2.1989,0.3593,1.178,1750.4,1.2389,0.4053,4.16,0,3,0.8326,0.2947,61.86,94.7,32.84,1.9226,0.4452,0
AGB-02,3857.0,94.76,2.1891,0.3681,1.741,1679.5,1.2293,0.4092,4.22,0,3,0.8129,0.3043,61.908,94.724,32.817,1.9071,0.4399,0
AGB-02,3858.0,92.79,2.2458,0.346,1.322,2038.5,1.9927,0.4036,6.39,0,3,0.8131,0.2579,61.955,94.749,32.794,3.1555,0.4331,0
AGB-02,3859.0,86.82,2.2433,0.3426,1.21,2037.1,2.0297,0.3903,5.2,0,3,0.7994,0.2615,62.002,94.774,32.771,3.2172,0.4314,0
AGB-02,3860.0,96.98,2.2308,0.3755,1.232,1876.0,1.263,0.42,4.58,0,3,0.8573,0.2735,62.05,94.798,32.748,1.961,0.45,0
AGB-02,3861.0,86.17,2.1848,0.3537,0.854,1635.7,1.224,0.4073,3.91,0,3,0.8383,0.2965,62.097,94.823,32.726,1.8984,0.4363,0
AGB-02,3862.0,95.27,2.2233,0.361,1.538,1967.5,1.3993,0.4149,3.96,0,3,0.8116,0.2833,62.145,94.847,32.703,2.1801,0.45,0
AGB-02,3863.0,91.49,2.2026,0.3879,1.176,1708.9,1.2388,0.42,4.98,0,3,0.8762,0.2834,62.192,94.872,32.68,1.9219,0.4422,0
AGB-02,3864.0,97.6,2.1562,0.3888,1.905,1491.4,1.1965,0.4128,3.59,0,3,0.9271,0.315,62.24,94.896,32.657,1.8541,0.4213,0
AGB-02,3865.0,89.55,2.2334,0.3315,1.061,2007.0,2.2028,0.4032,6.15,0,3,0.7739,0.2638,62.287,94.921,32.634,3.5078,0.4205,0
AGB-02,3866.0,94.14,2.2088,0.3675,1.329,1758.1,1.2452,0.4097,4.75,0,3,0.842,0.2909,62.335,94.946,32.611,1.932,0.4458,0
AGB-02,3867.0,88.59,2.1433,0.3603,0.978,1528.1,1.1931,0.3962,3.93,0,3,0.8197,0.3088,62.382,94.97,32.588,1.8485,0.4256,0
AGB-02,3868.0,83.55,2.1987,0.3393,0.791,1785.6,1.5546,0.4026,4.72,1,3,0.7733,0.2895,62.43,94.995,32.565,2.4316,0.431,0
AGB-02,3869.0,97.85,2.1581,0.3854,2.24,1450.0,1.1934,0.4121,3.94,0,3,0.872,0.3207,62.478,95.019,32.541,1.8488,0.416,0
AGB-02,3870.0,97.2,2.1476,0.4139,1.574,1450.3,1.1878,0.3792,4.05,0,3,0.9185,0.3128,62.525,95.044,32.518,1.8398,0.416,0
AGB-02,3871.0,98.83,2.2075,0.3659,1.706,1791.0,1.2466,0.42,4.37,0,3,0.8693,0.2833,62.573,95.068,32.495,1.9338,0.4479,0
AGB-02,3872.0,98.88,2.15,0.3984,1.172,1629.4,1.2052,0.4111,4.43,0,3,0.8938,0.303,62.621,95.093,32.472,1.8675,0.4357,0
AGB-02,3873.0,91.17,2.1714,0.3656,1.287,1609.6,1.2154,0.419,3.52,0,3,0.8556,0.3011,62.669,95.117,32.449,1.8837,0.4339,0
AGB-02,3874.0,88.92,2.16,0.3554,1.422,1743.6,1.2182,0.4038,4.05,0,3,0.7908,0.3042,62.717,95.142,32.425,1.888,0.4448,0
AGB-02,3875.0,94.12,2.1941,0.3896,1.69,1561.2,1.2239,0.4144,3.9,0,3,0.9071,0.2941,62.765,95.167,32.402,1.8971,0.4291,0
AGB-02,3876.0,86.95,2.2178,0.3593,1.346,1978.9,1.9175,0.3965,4.72,0,3,0.7685,0.2768,62.812,95.191,32.379,3.0278,0.4306,0
AGB-02,3877.0,92.59,2.1879,0.3868,1.362,1747.9,1.2338,0.401,3.56,0,3,0.8197,0.3007,62.86,95.216,32.355,1.9128,0.4451,0
AGB-02,3878.0,88.87,2.2591,0.3151,1.511,2126.7,1.9257,0.4045,6.22,0,3,0.8165,0.2599,62.908,95.24,32.332,3.0412,0.4425,0
AGB-02,3879.0,86.92,2.1555,0.4083,0.873,1450.0,1.1925,0.3947,3.31,0,3,0.8247,0.3152,62.956,95.265,32.308,1.8465,0.416,0
AGB-02,3880.0,93.85,2.2055,0.3415,1.69,1795.4,1.2985,0.3965,5.25,0,3,0.8469,0.2734,63.004,95.289,32.285,2.0162,0.4456,0
AGB-02,3881.0,95.92,2.1979,0.3698,1.782,1733.1,1.2387,0.4042,3.93,0,3,0.9295,0.2792,63.052,95.314,32.261,1.9201,0.444,0
AGB-02,3882.0,99.02,2.1705,0.3933,2.075,1450.0,1.2008,0.3812,4.0,0,3,0.8928,0.3063,63.101,95.338,32.238,1.8594,0.416,0
AGB-02,3883.0,92.15,2.1971,0.3819,1.264,1450.0,1.2151,0.3758,3.99,0,3,0.8672,0.2967,63.149,95.363,32.214,1.8821,0.416,0
AGB-02,3884.0,93.32,2.1802,0.3731,1.167,1615.9,1.2214,0.4169,4.3,0,3,0.8472,0.2831,63.197,95.388,32.191,1.8921,0.4345,0
AGB-02,3885.0,97.83,2.1961,0.3616,1.713,1565.6,1.2261,0.4005,3.95,0,3,0.8785,0.2951,63.245,95.412,32.167,1.8994,0.4296,0
AGB-02,3886.0,98.0,2.2008,0.3756,1.404,1596.3,1.2313,0.408,4.45,0,3,0.8664,0.2939,63.293,95.437,32.143,1.9076,0.4326,0
AGB-02,3887.0,95.97,2.2608,0.3552,1.299,1886.4,1.4635,0.3999,4.65,0,3,0.8526,0.2652,63.342,95.461,32.12,2.281,0.4456,0
AGB-02,3888.0,96.93,2.1667,0.4008,1.818,1495.1,1.2041,0.3737,4.34,0,3,0.8915,0.3074,63.39,95.486,32.096,1.8637,0.4218,0
AGB-02,3889.0,91.5,2.1774,0.3964,1.08,1518.7,1.2122,0.3951,4.11,0,3,0.8597,0.2979,63.438,95.51,32.072,1.8766,0.4245,0
AGB-02,3890.0,93.07,2.2362,0.3688,1.835,1592.1,1.2506,0.4039,4.96,0,3,0.864,0.2817,63.487,95.535,32.048,1.9377,0.4322,0
AGB-02,3891.0,96.81,2.1782,0.3872,1.718,1521.0,1.2131,0.3917,4.34,0,3,0.9063,0.3056,63.535,95.56,32.025,1.8776,0.4248,0
AGB-02,3892.0,99.88,2.1319,0.4039,1.994,1450.0,1.181,0.3854,2.88,0,3,0.9173,0.3288,63.583,95.584,32.001,1.8263,0.416,0
AGB-02,3893.0,92.5,2.1089,0.409,1.497,1498.5,1.1738,0.4128,3.34,0,3,0.8581,0.3188,63.632,95.609,31.977,1.8145,0.4222,0
AGB-02,3894.0,98.32,2.1218,0.3957,1.886,1450.0,1.1759,0.3854,3.7,0,3,0.9154,0.3313,63.68,95.633,31.953,1.8177,0.416,0
AGB-02,3895.0,89.92,2.1177,0.392,0.933,1450.0,1.1738,0.3958,3.15,0,3,0.8684,0.3168,63.729,95.658,31.929,1.8141,0.416,0
AGB-02,3896.0,97.12,2.2324,0.3573,0.975,1808.0,1.2634,0.4188,4.68,0,3,0.861,0.2739,63.777,95.682,31.905,1.957,0.449,0
AGB-02,3897.0,93.04,2.1297,0.4095,1.421,1450.0,1.1804,0.3962,3.55,0,3,0.8834,0.3294,63.826,95.707,31.881,1.8244,0.416,0
AGB-02,3898.0,100.03,2.123,0.4013,1.863,1450.0,1.177,0.3861,3.93,0,3,0.9266,0.3229,63.875,95.731,31.857,1.8187,0.416,0
AGB-02,3899.0,97.96,2.1994,0.3733,1.592,1670.8,1.2375,0.3969,4.2,0,3,0.9004,0.2906,63.923,95.756,31.833,1.9151,0.4392,0
AGB-02,3900.0,98.61,2.1766,0.4083,1.72,1450.0,1.206,0.3864,3.29,0,3,0.8716,0.3153,63.972,95.781,31.809,1.8646,0.416,0
AGB-02,3901.0,95.09,2.2138,0.3575,0.958,1737.8,1.2499,0.4114,4.46,1,3,0.8265,0.2877,64.021,95.805,31.785,1.9345,0.4443,0
AGB-02,3902.0,91.08,2.2107,0.3895,1.666,1767.3,1.2938,0.4159,4.3,0,3,0.8109,0.2874,64.069,95.83,31.76,2.0045,0.4441,0
AGB-02,3903.0,89.72,2.2129,0.3534,1.713,1751.6,1.3409,0.3972,4.86,0,3,0.8601,0.2662,64.118,95.854,31.736,2.0799,0.4405,0
AGB-02,3904.0,88.93,2.1911,0.3747,1.321,1766.8,1.3292,0.4065,4.45,0,3,0.805,0.2874,64.167,95.879,31.712,2.0608,0.4417,0
AGB-02,3905.0,87.36,2.2554,0.3413,1.819,1900.8,2.0607,0.3748,5.87,0,3,0.7884,0.2639,64.216,95.903,31.688,3.2582,0.4179,0
AGB-02,3906.0,98.33,2.1857,0.4061,2.065,1450.0,1.2116,0.3952,3.05,0,3,0.8946,0.3099,64.265,95.928,31.663,1.8724,0.416,0
AGB-02,3907.0,95.2,2.1553,0.392,2.363,1450.0,1.1953,0.3957,4.05,0,3,0.9127,0.3088,64.313,95.952,31.639,1.8464,0.416,0
AGB-02,3908.0,106.28,2.1368,0.4049,2.158,1450.0,1.1855,0.383,3.47,0,3,0.9275,0.3187,64.362,95.977,31.615,1.8305,0.416,0
AGB-02,3909.0,93.29,2.1861,0.4001,1.066,1505.6,1.218,0.3717,4.03,0,3,0.8874,0.297,64.411,96.002,31.59,1.8821,0.423,0
AGB-02,3910.0,84.14,2.202,0.3588,0.855,1751.4,1.4038,0.3788,4.12,0,3,0.8214,0.2778,64.46,96.026,31.566,2.1795,0.4368,0
AGB-02,3911.0,90.64,2.1739,0.3889,1.339,1697.8,1.2267,0.42,3.68,0,3,0.8439,0.2974,64.509,96.051,31.541,1.8958,0.4414,0
AGB-02,3912.0,96.17,2.2168,0.3675,0.98,1785.3,1.2554,0.4136,5.01,0,3,0.8431,0.2826,64.558,96.075,31.517,1.9414,0.4476,0
AGB-02,3913.0,88.82,2.1861,0.3397,1.484,1747.1,1.2493,0.4038,4.96,0,3,0.842,0.2769,64.608,96.1,31.492,1.9316,0.4443,0
AGB-02,3914.0,85.81,2.2035,0.3891,1.243,1654.7,1.2401,0.4029,4.2,0,3,0.8459,0.2874,64.657,96.124,31.468,1.9168,0.4379,0
AGB-02,3915.0,97.19,2.1607,0.4014,1.247,1549.1,1.2086,0.4141,3.56,0,3,0.8979,0.3168,64.706,96.149,31.443,1.8665,0.4279,0
AGB-02,3916.0,96.24,2.1668,0.3856,1.031,1450.0,1.2022,0.3786,3.59,0,3,0.8518,0.3073,64.755,96.173,31.418,1.8562,0.416,0
AGB-02,3917.0,91.26,2.1843,0.3732,0.972,1617.8,1.2271,0.3974,3.72,0,3,0.8474,0.2933,64.804,96.198,31.394,1.8959,0.4347,0
AGB-02,3918.0,92.39,2.1799,0.3765,1.691,1601.3,1.2235,0.4012,4.1,0,3,0.8363,0.3008,64.853,96.223,31.369,1.8901,0.4331,0
AGB-02,3919.0,91.18,2.1494,0.4069,1.056,1673.2,1.2121,0.4091,3.55,0,3,0.8622,0.3131,64.903,96.247,31.344,1.8718,0.4394,0
AGB-02,3920.0,69.6,2.2253,0.3331,0.68,2327.9,4.4788,0.3198,4.71,0,2,0.5367,0.2737,64.952,96.272,31.32,7.6288,0.3465,0
AGB-02,3921.0,80.11,2.2376,0.3318,0.753,2225.3,3.5811,0.3601,5.78,0,2,0.6232,0.2717,65.001,96.296,31.295,5.9187,0.38,0
AGB-02,3922.0,64.59,2.274,0.2873,0.653,2794.2,6.2996,0.3046,7.38,0,2,0.503,0.2347,65.051,96.321,31.27,11.5365,0.34,0
AGB-02,3923.0,77.14,2.2257,0.3279,0.637,2244.2,3.7888,0.3427,5.74,0,2,0.587,0.2777,65.1,96.345,31.245,6.3045,0.371,0
AGB-02,3924.0,68.58,2.2677,0.2861,1.011,2673.5,5.6749,0.3308,6.68,0,2,0.5481,0.2362,65.15,96.37,31.22,10.1172,0.3496,0
AGB-02,3925.0,68.63,2.2379,0.2854,0.734,2680.9,5.7024,0.305,6.61,0,2,0.5382,0.237,65.199,96.395,31.195,10.1786,0.3464,0
AGB-02,3926.0,66.15,2.2716,0.29,1.005,2741.3,6.1085,0.3095,6.17,0,2,0.5222,0.2326,65.249,96.419,31.17,11.0944,0.3399,0
AGB-02,3927.0,67.0,2.2586,0.295,0.862,2737.5,6.1307,0.3185,8.2,0,2,0.4937,0.2417,65.298,96.444,31.145,11.1463,0.3365,0
AGB-02,3928.0,69.85,2.2642,0.2943,1.068,2665.5,5.5875,0.3299,6.27,0,2,0.5377,0.2426,65.348,96.468,31.12,9.9287,0.3521,0
AGB-02,3929.0,78.87,2.2303,0.3107,0.694,2236.4,3.7007,0.3466,5.45,0,2,0.6229,0.267,65.397,96.493,31.095,6.1424,0.3748,0
AGB-02,3930.0,76.64,2.2025,0.3408,0.728,2336.0,4.0326,0.3371,5.63,0,2,0.5855,0.2693,65.447,96.517,31.07,6.7675,0.3708,0
AGB-02,3931.0,74.82,2.2042,0.3153,0.601,2309.3,3.7491,0.3283,5.56,0,2,0.5898,0.2774,65.497,96.542,31.045,6.2337,0.3812,0
AGB-02,3932.0,62.52,2.2387,0.3047,0.756,2488.0,4.6672,0.3366,6.24,0,2,0.5718,0.2565,65.546,96.566,31.02,8.0094,0.3658,0
AGB-02,3933.0,75.67,2.2048,0.3244,0.472,2344.5,3.766,0.3586,4.89,0,2,0.6054,0.2712,65.596,96.591,30.995,6.2666,0.3853,0
AGB-02,3934.0,64.94,2.2297,0.2949,0.756,2518.0,5.4579,0.298,5.93,0,2,0.501,0.2558,65.646,96.616,30.97,9.654,0.3267,0
AGB-02,3935.0,73.49,2.2329,0.3274,0.62,2505.4,4.434,0.3414,5.64,0,2,0.5871,0.2584,65.696,96.64,30.944,7.5487,0.3786,0
AGB-02,3936.0,70.06,2.2629,0.2731,0.769,2787.4,6.1113,0.3128,8.37,0,2,0.5257,0.2309,65.746,96.665,30.919,11.1133,0.3467,0
AGB-02,3937.0,95.47,2.2079,0.3777,1.459,1782.3,1.8014,0.3724,4.15,0,3,0.78,0.2754,65.795,96.689,30.894,2.8286,0.417,0
AGB-02,3938.0,96.34,2.1629,0.4021,2.078,1587.7,1.2119,0.3982,3.58,0,3,0.8802,0.3006,65.845,96.714,30.869,1.8737,0.4318,0
AGB-02,3939.0,93.77,2.167,0.3941,0.743,1623.3,1.2167,0.4078,3.64,0,3,0.8431,0.3108,65.895,96.738,30.843,1.8815,0.4352,0
AGB-02,3940.0,97.2,2.1483,0.3789,1.35,1694.0,1.2113,0.42,4.1,0,3,0.8359,0.2917,65.945,96.763,30.818,1.873,0.4411,0
AGB-02,3941.0,84.72,2.1856,0.3729,0.903,1644.4,1.2281,0.4059,4.13,0,3,0.7811,0.3007,65.995,96.787,30.792,1.9001,0.437,0
AGB-02,3942.0,93.36,2.171,0.3736,1.121,1618.1,1.2181,0.3985,4.18,0,3,0.8495,0.3028,66.045,96.812,30.767,1.8844,0.4347,0
AGB-02,3943.0,95.85,2.1182,0.3854,1.713,1489.5,1.1783,0.3945,3.6,0,3,0.8862,0.318,66.095,96.837,30.741,1.8211,0.4211,0
AGB-02,3944.0,101.08,2.1623,0.4036,2.001,1450.0,1.1978,0.3582,3.94,0,3,0.9547,0.3086,66.145,96.861,30.716,1.8523,0.416,0
AGB-02,3945.0,95.57,2.1719,0.3872,1.948,1450.0,1.2029,0.3678,4.33,0,3,0.9152,0.3014,66.195,96.886,30.69,1.8606,0.416,0
AGB-02,3946.0,91.67,2.214,0.3582,0.671,1789.0,1.6158,0.3946,4.79,0,3,0.7714,0.2871,66.246,96.91,30.665,2.5269,0.4287,0
AGB-02,3947.0,92.69,2.1544,0.3984,1.131,1518.6,1.2002,0.3889,4.14,0,3,0.8572,0.3062,66.296,96.935,30.639,1.8567,0.4245,0
AGB-02,3948.0,96.28,2.0884,0.4259,3.641,1450.0,1.1577,0.3726,3.21,0,3,0.898,0.3378,66.346,96.959,30.613,1.789,0.416,0
AGB-02,3949.0,93.64,2.1527,0.3908,1.111,1464.4,1.1937,0.3988,3.96,0,3,0.8694,0.3141,66.396,96.984,30.588,1.8466,0.4179,0
AGB-02,3950.0,88.43,2.1346,0.4022,0.74,1542.8,1.1915,0.3915,3.25,0,3,0.829,0.319,66.447,97.008,30.562,1.8431,0.4272,0
AGB-02,3951.0,95.66,2.18,0.4002,1.242,1595.1,1.2204,0.3996,3.22,0,3,0.8479,0.3152,66.497,97.033,30.536,1.8894,0.4325,0
AGB-02,3952.0,98.81,2.1738,0.3932,1.371,1542.0,1.2125,0.3931,3.34,0,3,0.8671,0.3108,66.547,97.058,30.51,1.8768,0.4271,0
AGB-02,3953.0,93.77,2.1508,0.3837,0.835,1668.3,1.2097,0.4057,3.99,0,3,0.816,0.3026,66.598,97.082,30.485,1.8725,0.439,0
AGB-02,3954.0,90.25,2.1818,0.3355,1.048,1892.0,1.6374,0.4122,4.66,0,3,0.7496,0.2937,66.648,97.107,30.459,2.5633,0.4355,0
AGB-02,3955.0,96.12,2.1575,0.3737,0.901,1540.8,1.2035,0.3822,3.3,0,3,0.8452,0.3161,66.698,97.131,30.433,1.8626,0.427,0
AGB-02,3956.0,98.41,2.188,0.3981,1.723,1502.8,1.2164,0.395,3.65,0,3,0.8885,0.3006,66.749,97.156,30.407,1.8833,0.4227,0
AGB-02,3957.0,93.47,2.1676,0.3643,1.204,1679.5,1.2196,0.3901,3.52,0,3,0.8418,0.2953,66.799,97.18,30.381,1.8883,0.4399,0
AGB-02,3958.0,97.52,2.1924,0.3813,1.877,1712.3,1.2352,0.417,5.39,0,3,0.8557,0.2897,66.85,97.205,30.355,1.9133,0.4425,0
AGB-02,3959.0,100.16,2.1646,0.4083,1.798,1597.1,1.212,0.4068,3.63,0,3,0.8653,0.3159,66.901,97.23,30.329,1.8763,0.4327,0
AGB-02,3960.0,99.94,2.1827,0.38,2.338,1450.0,1.208,0.3963,3.43,0,3,0.9231,0.3046,66.951,97.254,30.303,1.8699,0.416,0
AGB-02,3961.0,67.12,2.224,0.2831,0.762,2684.5,5.6544,0.3047,6.54,0,2,0.5078,0.248,67.002,97.279,30.277,10.1038,0.3473,0
AGB-02,3962.0,69.59,2.231,0.3166,0.819,2523.1,4.9613,0.3121,5.24,0,2,0.5468,0.2549,67.053,97.303,30.251,8.6258,0.3557,0
AGB-02,3963.0,65.05,2.2351,0.2893,0.671,2300.5,5.0693,0.2704,5.3,0,2,0.5226,0.2556,67.103,97.328,30.225,8.8493,0.2975,0
AGB-02,3964.0,80.65,2.2363,0.3042,0.6,2335.9,3.8395,0.3578,4.78,0,2,0.6273,0.2609,67.154,97.352,30.198,6.4159,0.3826,0
AGB-02,3965.0,67.74,2.262,0.3099,0.719,2538.8,5.1002,0.3198,6.75,0,2,0.5748,0.2416,67.205,97.377,30.172,8.9125,0.3543,0
AGB-02,3966.0,76.62,2.2081,0.33,0.991,2337.8,3.5094,0.3924,4.43,0,2,0.6289,0.2704,67.256,97.401,30.146,5.8009,0.396,0
AGB-02,3967.0,70.38,2.262,0.3084,0.808,2478.2,4.8079,0.3384,7.73,0,2,0.579,0.2491,67.306,97.426,30.12,8.3083,0.3589,0
AGB-02,3968.0,74.18,2.2235,0.3096,0.481,2357.6,3.6611,0.3539,4.86,0,2,0.6187,0.2699,67.357,97.451,30.093,6.0801,0.3928,0
AGB-02,3969.0,69.07,2.2687,0.2915,0.587,2830.6,6.3073,0.3178,7.31,0,2,0.4805,0.2415,67.408,97.475,30.067,11.5862,0.3447,0
AGB-02,3970.0,74.7,2.2745,0.3087,0.918,2310.8,3.9412,0.3407,5.94,0,2,0.6433,0.2528,67.459,97.5,30.041,6.6046,0.377,0
AGB-02,3971.0,76.74,2.1956,0.3342,0.702,2360.4,3.7862,0.3601,3.98,0,2,0.5676,0.2837,67.51,97.524,30.014,6.3115,0.3856,0
AGB-02,3972.0,73.31,2.2647,0.2881,1.036,2544.0,4.9274,0.3153,6.88,0,2,0.5957,0.2396,67.561,97.549,29.988,8.5475,0.3641,0
AGB-02,3973.0,80.52,2.1943,0.3241,0.557,2114.0,2.9013,0.3644,4.73,0,2,0.644,0.2843,67.612,97.573,29.961,4.703,0.3963,0
AGB-02,3974.0,78.98,2.2221,0.317,0.794,2482.1,4.4894,0.3409,4.74,0,2,0.5554,0.2667,67.663,97.598,29.935,7.6623,0.3719,0
AGB-02,3975.0,74.45,2.2613,0.264,0.692,2933.2,6.2284,0.3539,6.74,0,2,0.4846,0.2437,67.714,97.622,29.908,11.3898,0.3633,0
AGB-02,3976.0,61.88,2.2921,0.2777,1.202,2778.0,6.7409,0.3005,8.06,0,2,0.4694,0.2308,67.765,97.647,29.882,12.6248,0.3135,0
AGB-02,3977.0,69.1,2.2513,0.3018,0.958,2476.8,5.125,0.318,6.2,0,2,0.5322,0.2552,67.816,97.672,29.855,8.9503,0.3406,0
AGB-02,3978.0,28.99,2.3487,0.1859,0.741,3919.9,10.5801,0.1758,15.56,0,0,0.0687,0.1889,67.868,97.696,29.828,32.0981,0.2091,0
AGB-02,3979.0,29.42,2.3345,0.2055,0.852,3705.0,10.37,0.2105,13.06,1,0,0.1594,0.1977,67.919,97.721,29.802,27.2394,0.2389,0
AGB-02,3980.0,27.27,2.3563,0.1805,1.015,3932.3,10.585,0.1832,13.35,0,0,0.0746,0.19,67.97,97.745,29.775,31.9978,0.2182,0
AGB-02,3981.0,38.29,2.3613,0.1936,0.898,3672.8,10.4032,0.2005,12.84,0,0,0.1538,0.1977,68.021,97.77,29.748,27.5593,0.2281,0
AGB-02,3982.0,33.78,2.3466,0.179,0.736,3871.9,10.5409,0.2317,15.48,0,0,0.1293,0.1922,68.073,97.794,29.722,29.591,0.2449,0
AGB-02,3983.0,33.39,2.3206,0.1811,0.998,3982.2,10.5522,0.2456,15.06,0,0,0.1254,0.1929,68.124,97.819,29.695,29.804,0.2644,0
AGB-02,3984.0,32.89,2.3599,0.1725,1.708,3965.3,10.5869,0.1891,16.77,0,0,0.0908,0.1788,68.176,97.844,29.668,32.6327,0.2172,0
AGB-02,3985.0,35.31,2.3086,0.1848,0.475,3549.8,10.1881,0.1876,13.19,0,0,0.1769,0.1991,68.227,97.868,29.641,25.5325,0.2186,0
AGB-02,3986.0,31.96,2.3434,0.1687,1.174,4092.7,10.5757,0.2112,18.57,0,0,0.0743,0.1837,68.278,97.893,29.614,33.2288,0.2413,0
AGB-02,3987.0,33.12,2.3693,0.1724,1.387,3919.9,10.5978,0.2348,13.62,0,0,0.1246,0.1793,68.33,97.917,29.587,31.3566,0.2309,0
AGB-02,3988.0,30.31,2.3539,0.1894,0.645,3605.8,10.5012,0.1432,12.41,0,0,0.0851,0.2005,68.381,97.942,29.56,28.6872,0.162,0
AGB-02,3989.0,29.03,2.3135,0.1861,0.811,3849.0,10.5852,0.1848,14.71,0,0,0.0777,0.1939,68.433,97.966,29.533,30.489,0.209,0
AGB-02,3990.0,36.72,2.3444,0.1828,1.266,3638.9,10.3903,0.1914,13.64,0,0,0.1733,0.1886,68.485,97.991,29.506,27.269,0.218,0
AGB-02,3991.0,31.88,2.3244,0.2146,0.48,3835.0,10.5617,0.1976,13.6,0,0,0.0795,0.2032,68.536,98.015,29.479,29.7577,0.2242,0
AGB-02,3992.0,26.97,2.3508,0.1736,1.715,3891.9,10.6046,0.1738,13.83,0,0,0.0814,0.1886,68.588,98.04,29.452,31.5303,0.2124,0
AGB-02,3993.0,28.46,2.3467,0.1731,1.257,4079.5,10.5521,0.1927,15.91,0,0,0.0537,0.1817,68.64,98.065,29.425,34.0413,0.2233,0
AGB-02,3994.0,43.81,2.3023,0.2056,1.148,3652.0,9.933,0.2507,13.85,0,1,0.237,0.2019,68.691,98.089,29.398,23.7764,0.2842,0
AGB-02,3995.0,51.63,2.2675,0.2644,0.721,3115.6,8.0024,0.2834,7.79,0,1,0.3554,0.2324,68.743,98.114,29.371,16.035,0.3067,0
AGB-02,3996.0,47.09,2.2922,0.2175,0.779,3303.0,9.3303,0.2177,11.5,0,1,0.2669,0.2122,68.795,98.138,29.343,20.7598,0.252,0
AGB-02,3997.0,44.67,2.3569,0.2256,1.439,3488.3,9.9883,0.2256,12.21,0,1,0.215,0.2056,68.847,98.163,29.316,24.1142,0.2451,0
AGB-02,3998.0,49.3,2.2698,0.2512,1.441,3166.5,8.6151,0.2414,8.64,0,1,0.2865,0.2336,68.898,98.187,29.289,18.0139,0.2749,0
AGB-02,3999.0,51.11,2.3006,0.2344,0.989,3314.4,9.7252,0.1906,10.71,0,1,0.2218,0.2042,68.95,98.212,29.262,22.6293,0.2041,0
AGB-02,4000.0,60.49,2.3383,0.2541,0.693,3291.7,8.5758,0.2938,10.24,0,1,0.3716,0.2135,69.002,98.236,29.234,17.8818,0.317,0
AGB-02,4001.0,42.61,2.318,0.2255,1.38,3450.0,9.8923,0.2052,11.97,0,1,0.2286,0.2002,69.054,98.261,29.207,23.5533,0.2364,0
AGB-02,4002.0,70.34,2.1907,0.353,0.698,2152.5,3.3831,0.3544,4.83,0,2,0.5812,0.2901,69.106,98.286,29.179,5.5559,0.3758,0
AGB-02,4003.0,67.03,2.2883,0.2687,0.642,2896.2,6.3491,0.3282,7.42,0,2,0.4967,0.2358,69.158,98.31,29.152,11.6532,0.3557,0
AGB-02,4004.0,67.75,2.2431,0.3281,0.712,2429.6,4.6907,0.3521,5.69,0,2,0.5524,0.2608,69.21,98.335,29.125,8.0515,0.3554,0
AGB-02,4005.0,73.68,2.223,0.3198,0.458,2346.9,4.1134,0.3454,5.37,0,2,0.6,0.2604,69.262,98.359,29.097,6.9201,0.3701,0
AGB-02,4006.0,76.96,2.1911,0.3248,0.618,2238.3,3.6926,0.338,4.49,0,2,0.571,0.2835,69.314,98.384,29.069,6.1272,0.3724,0
AGB-02,4007.0,69.84,2.236,0.2962,0.87,2645.8,5.3895,0.3365,7.3,0,2,0.5217,0.2511,69.366,98.408,29.042,9.5035,0.3557,0
AGB-02,4008.0,68.05,2.2527,0.3082,1.047,2481.6,5.4499,0.2789,5.92,0,2,0.5112,0.2509,69.419,98.433,29.014,9.6351,0.3218,0
AGB-02,4009.0,59.36,2.2528,0.3032,1.05,2757.8,6.394,0.3041,6.41,0,2,0.4463,0.2478,69.471,98.457,28.987,11.7741,0.3249,0
AGB-02,4010.0,25.03,2.3471,0.1581,1.397,3998.9,10.541,0.1782,17.98,0,0,0.0653,0.1749,69.523,98.482,28.959,33.6532,0.2029,0
AGB-02,4011.0,23.91,2.3306,0.1603,1.337,4027.7,10.5648,0.2081,14.62,1,0,0.049,0.1912,69.575,98.507,28.931,32.7698,0.2269,0
AGB-02,4012.0,32.2,2.3643,0.1914,1.367,3906.1,10.5682,0.2019,15.17,0,0,0.0966,0.1903,69.628,98.531,28.903,31.0881,0.2306,0
AGB-02,4013.0,25.32,2.3289,0.1693,1.174,4080.3,10.4943,0.1838,13.11,0,0,0.02,0.1864,69.68,98.556,28.876,34.3796,0.2114,0
AGB-02,4014.0,26.29,2.3893,0.1654,1.211,3932.9,10.4988,0.1547,17.86,0,0,0.0569,0.1721,69.732,98.58,28.848,34.2149,0.1749,0
AGB-02,4015.0,27.12,2.3673,0.1579,1.447,4108.5,10.4022,0.1833,20.56,0,0,0.0427,0.1721,69.785,98.605,28.82,35.5854,0.2082,0
AGB-02,4016.0,31.08,2.3649,0.1537,2.521,3891.4,10.5531,0.1719,18.03,1,0,0.0752,0.1843,69.837,98.629,28.792,32.1417,0.2022,0
AGB-02,4017.0,32.01,2.3231,0.1882,1.172,3794.4,10.469,0.1884,12.69,0,0,0.1114,0.1972,69.89,98.654,28.764,28.9131,0.2286,0
AGB-02,4018.0,20.13,2.3421,0.1572,1.063,4051.1,10.4648,0.1872,19.02,0,0,0.0227,0.184,69.942,98.679,28.736,34.4678,0.2029,0
AGB-02,4019.0,40.2,2.317,0.2151,1.12,3518.6,9.9466,0.229,11.76,0,0,0.1874,0.2109,69.995,98.703,28.708,24.1596,0.2442,0
AGB-02,4020.0,33.66,2.3481,0.1858,1.306,3886.7,10.5318,0.2243,14.58,0,0,0.0769,0.1942,70.047,98.728,28.68,31.0315,0.2208,0
AGB-02,4021.0,30.4,2.3266,0.2084,0.913,3885.4,10.478,0.2273,10.86,0,0,0.0729,0.2117,70.1,98.752,28.652,29.4104,0.2474,0
AGB-02,4022.0,33.16,2.3121,0.1794,0.809,3854.3,10.46,0.2294,12.76,1,0,0.1117,0.196,70.153,98.777,28.624,29.1382,0.2401,0
AGB-02,4023.0,27.57,2.3133,0.1697,1.164,3916.6,10.4983,0.2163,11.68,0,0,0.0863,0.1974,70.205,98.801,28.596,30.1552,0.2391,0
AGB-02,4024.0,33.96,2.3794,0.171,0.975,4079.5,10.3868,0.1896,20.16,0,0,0.0562,0.1712,70.258,98.826,28.568,35.1742,0.2101,0
AGB-02,4025.0,31.17,2.3389,0.1771,1.869,3955.6,10.5113,0.2082,15.52,0,0,0.0618,0.1912,70.311,98.85,28.54,31.9935,0.2213,0
AGB-02,4026.0,41.75,2.3305,0.1931,1.502,3809.2,10.381,0.2239,13.8,0,0,0.1208,0.2042,70.363,98.875,28.512,28.1583,0.2504,0
AGB-02,4027.0,30.33,2.3158,0.2014,0.926,3784.5,10.4012,0.2091,11.8,0,0,0.1109,0.2,70.416,98.9,28.483,28.513,0.2321,0
AGB-02,4028.0,30.26,2.3277,0.1911,1.053,3890.2,10.459,0.2213,11.16,0,0,0.1004,0.1978,70.469,98.924,28.455,29.6936,0.2437,0
AGB-02,4029.0,30.21,2.3703,0.1798,0.856,4040.4,10.4494,0.2002,17.31,0,0,0.0542,0.1852,70.522,98.949,28.427,33.6523,0.2248,0
AGB-02,4030.0,31.57,2.3164,0.1927,0.812,3796.9,10.4361,0.1952,11.29,0,0,0.078,0.2025,70.575,98.973,28.398,29.3736,0.2171,0
AGB-02,4031.0,36.36,2.2908,0.1991,0.47,3629.1,10.1593,0.2122,11.69,1,0,0.1335,0.2092,70.628,98.998,28.37,26.0416,0.2296,0
AGB-02,4032.0,28.76,2.3552,0.1667,1.48,4160.6,10.2631,0.1898,17.63,0,0,0.02,0.1753,70.681,99.022,28.342,36.1226,0.2119,0
AGB-02,4033.0,27.43,2.3165,0.1761,1.643,3888.9,10.4627,0.1999,15.62,0,0,0.0709,0.1968,70.734,99.047,28.313,30.5435,0.2231,0
AGB-02,4034.0,51.71,2.3033,0.2638,0.718,3331.9,8.9715,0.2535,9.56,0,1,0.2736,0.2253,70.787,99.071,28.285,19.6314,0.2876,0
AGB-02,4035.0,40.02,2.3097,0.2318,0.727,3218.3,9.0959,0.2211,7.31,0,1,0.229,0.2312,70.84,99.096,28.256,20.1489,0.2442,0
AGB-02,4036.0,38.97,2.2745,0.2362,0.685,3460.2,9.4684,0.2412,9.29,1,1,0.1991,0.2272,70.893,99.121,28.228,21.8389,0.269,0
AGB-02,4037.0,48.1,2.2609,0.2512,0.728,3361.3,8.9639,0.2554,7.85,0,1,0.2555,0.2285,70.946,99.145,28.199,19.631,0.2872,0
AGB-02,4038.0,48.13,2.3007,0.2087,0.922,3337.3,9.1686,0.234,12.07,0,1,0.2804,0.2113,70.999,99.17,28.171,20.4885,0.2704,0
AGB-02,4039.0,49.43,2.315,0.2193,1.175,3471.5,9.5341,0.25,12.11,0,1,0.2466,0.2095,71.052,99.194,28.142,22.2069,0.2724,0
AGB-02,4040.0,47.21,2.3183,0.2265,0.909,3486.1,9.6093,0.2414,10.85,0,1,0.2376,0.2089,71.106,99.219,28.113,22.61,0.2687,0
AGB-02,4041.0,45.84,2.2919,0.2105,1.026,3532.2,9.7477,0.2467,10.48,0,1,0.1953,0.214,71.159,99.243,28.085,23.3949,0.2595,0
AGB-02,4042.0,42.28,2.3129,0.2457,0.751,3453.0,9.5808,0.2371,10.31,0,1,0.2221,0.2142,71.212,99.268,28.056,22.4826,0.2612,0
AGB-02,4043.0,45.88,2.3113,0.2444,0.524,3429.3,9.3129,0.2767,11.63,0,1,0.2781,0.208,71.265,99.292,28.027,21.177,0.2817,0
AGB-02,4044.0,43.46,2.2992,0.236,0.901,3140.0,8.9082,0.215,9.4,0,1,0.2537,0.2253,71.319,99.317,27.998,19.4652,0.2328,0
AGB-02,4045.0,48.52,2.3145,0.2083,0.96,3413.0,9.5394,0.2282,10.43,0,1,0.2571,0.2013,71.372,99.342,27.969,22.2956,0.254,0
AGB-02,4046.0,39.37,2.2736,0.2277,1.064,3395.7,9.2995,0.2322,9.85,0,1,0.2278,0.2219,71.426,99.366,27.941,21.1372,0.2665,0
AGB-02,4047.0,44.74,2.2947,0.2308,0.633,3518.2,9.6562,0.2523,9.3,0,1,0.1942,0.2196,71.479,99.391,27.912,22.9349,0.2658,0
AGB-02,4048.0,49.24,2.2889,0.2376,0.771,3277.6,8.8649,0.2551,9.01,1,1,0.2621,0.2296,71.533,99.415,27.883,19.3133,0.2782,0
AGB-02,4049.0,44.78,2.2879,0.2241,0.812,3172.9,8.9936,0.1984,9.23,0,1,0.2221,0.2324,71.586,99.44,27.854,19.8293,0.2312,0
AGB-02,4050.0,55.91,2.2381,0.2613,0.958,3174.4,8.0033,0.2868,7.39,0,1,0.3093,0.2428,71.64,99.464,27.825,16.3223,0.309,0
AGB-02,4051.0,42.27,2.3456,0.1974,0.973,3676.2,10.1017,0.2294,13.05,0,1,0.2115,0.1894,71.693,99.489,27.796,25.9646,0.2589,0
AGB-02,4052.0,51.12,2.2745,0.2273,1.036,3250.4,8.4443,0.2743,7.12,0,1,0.2825,0.2394,71.747,99.514,27.767,17.7779,0.3015,0
AGB-02,4053.0,43.5,2.3134,0.2367,0.499,3465.1,9.6718,0.2271,9.96,0,1,0.2105,0.2115,71.8,99.538,27.738,23.0472,0.2523,0
AGB-02,4054.0,46.04,2.3031,0.24,1.028,3161.3,8.8155,0.2484,9.56,0,1,0.2766,0.2227,71.854,99.563,27.708,19.1328,0.2513,0
AGB-02,4055.0,45.53,2.296,0.1956,0.803,3581.8,9.6687,0.2592,11.75,0,1,0.2452,0.2012,71.908,99.587,27.679,23.0306,0.2802,0
AGB-02,4056.0,41.53,2.267,0.2302,0.797,3423.3,9.3232,0.2626,10.09,0,1,0.2209,0.2226,71.962,99.612,27.65,21.272,0.2698,0
AGB-02,4057.0,43.64,2.3021,0.2088,0.772,3288.1,9.1098,0.2553,12.8,0,1,0.28,0.2107,72.015,99.636,27.621,20.3225,0.2605,0
AGB-02,4058.0,58.22,2.2529,0.2578,0.799,2916.0,7.2587,0.2787,7.11,0,1,0.3601,0.2476,72.069,99.661,27.592,14.1452,0.3021,0
AGB-02,4059.0,40.25,2.3349,0.2163,1.197,3562.3,9.9874,0.204,13.14,0,1,0.1784,0.2056,72.123,99.685,27.562,25.0524,0.242,0
AGB-02,4060.0,42.57,2.2859,0.226,0.717,3472.4,9.7557,0.2026,11.11,0,1,0.1888,0.2098,72.177,99.71,27.533,23.5203,0.2366,0
AGB-02,4061.0,49.63,2.3112,0.2417,1.313,3230.9,8.7067,0.246,9.8,0,1,0.3184,0.216,72.231,99.735,27.504,18.7116,0.2835,0
AGB-02,4062.0,47.14,2.3033,0.2222,1.363,3341.7,9.0789,0.2722,8.82,0,1,0.2824,0.2139,72.285,99.759,27.474,20.1766,0.2788,0
AGB-02,4063.0,35.42,2.3126,0.216,0.617,3556.1,9.8825,0.2401,11.08,0,1,0.1818,0.2105,72.339,99.784,27.445,24.2924,0.2517,0
AGB-02,4064.0,49.84,2.27,0.2279,0.636,3306.3,9.0111,0.2541,8.43,0,1,0.2496,0.225,72.393,99.808,27.415,19.8865,0.2694,0
AGB-02,4065.0,41.31,2.3181,0.2257,0.609,3413.4,9.3605,0.2596,10.96,0,1,0.2562,0.2125,72.447,99.833,27.386,21.4104,0.2743,0
AGB-02,4066.0,41.55,2.3116,0.2097,0.673,3330.9,9.4778,0.2171,11.65,0,1,0.2167,0.2152,72.501,99.857,27.356,21.9728,0.2342,0
AGB-02,4067.0,51.53,2.3049,0.2088,0.675,3354.8,9.3775,0.2327,8.86,1,1,0.2403,0.2134,72.555,99.882,27.327,21.4769,0.2535,0
AGB-02,4068.0,44.37,2.3211,0.2497,0.936,3318.8,9.3362,0.2139,10.92,0,1,0.2627,0.2076,72.609,99.906,27.297,21.2753,0.2507,0
AGB-02,4069.0,43.75,2.2915,0.2207,0.648,3241.2,9.1364,0.2166,9.23,0,1,0.2308,0.2244,72.663,99.931,27.268,20.3796,0.2412,0
AGB-02,4070.0,41.91,2.3192,0.243,0.723,3552.4,9.7172,0.2283,10.65,0,1,0.1958,0.2189,72.718,99.956,27.238,23.2066,0.2742,0
AGB-02,4071.0,44.29,2.2772,0.2432,1.097,3380.2,9.3141,0.2392,10.27,0,1,0.2208,0.2229,72.772,99.98,27.208,21.1471,0.2627,0
AGB-02,4072.0,46.9,2.2969,0.2446,1.412,3301.4,9.1018,0.2399,10.54,0,1,0.2496,0.2232,72.826,100.005,27.179,20.2078,0.266,0
AGB-02,4073.0,48.36,2.306,0.2416,0.664,3200.7,8.8194,0.24,9.85,0,1,0.2794,0.2238,72.881,100.029,27.149,19.0711,0.266,0
AGB-02,4074.0,41.25,2.3212,0.2,0.687,3581.1,9.9048,0.2322,11.13,0,1,0.2066,0.2026,72.935,100.054,27.119,24.2918,0.2608,0
AGB-02,4075.0,40.59,2.3394,0.1969,1.156,3593.9,9.9827,0.2357,13.99,0,1,0.2087,0.1985,72.989,100.078,27.089,24.8014,0.2579,0
AGB-02,4076.0,45.43,2.2708,0.2595,0.738,3146.9,8.1202,0.2654,7.77,0,1,0.3115,0.2391,73.044,100.103,27.059,16.6231,0.3017,0
AGB-02,4077.0,46.11,2.289,0.2091,1.765,3267.1,9.1714,0.212,8.84,0,1,0.2473,0.2177,73.098,100.128,27.029,20.4558,0.2475,0
AGB-02,4078.0,46.96,2.2596,0.2634,0.637,3136.3,8.6227,0.2444,8.05,0,1,0.2639,0.2319,73.153,100.152,26.999,18.3056,0.2561,0
AGB-02,4079.0,39.1,2.3269,0.2063,1.249,3671.5,10.0707,0.2628,12.23,0,1,0.1873,0.2016,73.207,100.177,26.97,25.364,0.2652,0
AGB-02,4080.0,43.57,2.3193,0.235,0.916,3363.1,9.2295,0.2495,9.92,0,1,0.2702,0.2139,73.262,100.201,26.94,20.6769,0.2767,0
AGB-02,4081.0,37.23,2.322,0.2159,0.881,3382.9,9.7167,0.2074,9.53,0,1,0.1741,0.2202,73.316,100.226,26.91,23.0478,0.2265,0
AGB-02,4082.0,47.74,2.302,0.2422,0.679,2960.0,8.3369,0.1922,7.93,0,1,0.2616,0.2435,73.371,100.25,26.879,17.2917,0.2338,0
AGB-02,4083.0,59.55,2.2627,0.2874,0.686,2778.8,6.9892,0.2722,6.99,0,1,0.3662,0.2529,73.426,100.275,26.849,13.3463,0.2896,0
AGB-02,4084.0,48.15,2.321,0.2083,0.671,3381.3,8.9501,0.2881,9.73,0,1,0.2951,0.22,73.48,100.299,26.819,19.4842,0.3041,0
AGB-02,4085.0,47.29,2.2848,0.2282,0.782,3240.5,9.0782,0.2265,8.45,0,1,0.2232,0.2313,73.535,100.324,26.789,19.9888,0.2501,0
AGB-02,4086.0,51.99,2.2605,0.2572,0.827,3080.7,7.803,0.2865,7.63,0,1,0.325,0.2447,73.59,100.349,26.759,15.5922,0.3075,0
AGB-02,4087.0,42.26,2.2714,0.2341,0.437,3304.1,9.0511,0.2455,7.48,0,1,0.2211,0.2351,73.644,100.373,26.729,19.8602,0.2696,0
AGB-02,4088.0,37.01,2.2731,0.2103,1.422,3513.0,9.7168,0.2315,8.31,0,1,0.1885,0.2164,73.699,100.398,26.698,22.947,0.2596,0
AGB-02,4089.0,45.49,2.2836,0.2533,0.837,3261.2,8.7943,0.2579,8.44,0,1,0.254,0.2357,73.754,100.422,26.668,18.8475,0.2833,0
AGB-02,4090.0,51.2,2.2911,0.2128,1.38,3306.0,9.1957,0.2368,9.02,0,1,0.2548,0.2167,73.809,100.447,26.638,20.4311,0.2608,0
AGB-02,4091.0,56.93,2.2617,0.2408,0.841,3003.5,7.8297,0.259,7.46,0,1,0.3488,0.2322,73.864,100.471,26.607,15.6459,0.2881,0
AGB-02,4092.0,48.57,2.317,0.2155,0.849,3555.4,9.8773,0.2488,9.65,0,1,0.2132,0.2033,73.919,100.496,26.577,23.8134,0.2626,0
AGB-02,4093.0,47.67,2.2425,0.2552,0.487,2989.0,7.8748,0.262,7.46,0,1,0.2976,0.2474,73.974,100.52,26.547,15.7702,0.2773,0
AGB-02,4094.0,45.36,2.2761,0.2291,0.644,3252.7,8.7684,0.2525,7.43,0,1,0.277,0.2272,74.029,100.545,26.516,18.7148,0.2827,0
AGB-02,4095.0,42.91,2.3428,0.1964,1.813,3454.2,9.7641,0.24,10.6,1,1,0.215,0.2097,74.084,100.57,26.486,23.1136,0.2541,0
AGB-02,4096.0,48.38,2.296,0.2365,0.828,3160.3,8.652,0.2393,7.72,0,1,0.2732,0.233,74.139,100.594,26.455,18.2825,0.2717,0
AGB-02,4097.0,41.34,2.3199,0.2049,0.815,3470.0,9.8944,0.2164,9.81,0,1,0.2125,0.1986,74.194,100.619,26.425,23.8491,0.2363,0
AGB-02,4098.0,41.44,2.2991,0.2482,1.203,3218.9,9.1436,0.2153,8.63,0,1,0.2448,0.2205,74.249,100.643,26.394,20.1482,0.2418,0
AGB-02,4099.0,41.87,2.3007,0.1946,1.051,3599.9,10.0086,0.2421,10.83,0,1,0.1644,0.2123,74.304,100.668,26.363,24.5527,0.2562,0
AGB-02,4100.0,38.59,2.3191,0.2198,0.775,3377.4,9.7033,0.2149,8.5,0,1,0.1974,0.2138,74.36,100.692,26.333,22.7371,0.2323,0
AGB-02,4101.0,49.0,2.2811,0.2368,0.695,3203.6,8.6704,0.2509,8.17,0,1,0.3124,0.2172,74.415,100.717,26.302,18.3244,0.2797,0
AGB-02,4102.0,52.07,2.2998,0.2743,1.225,3022.3,8.1844,0.236,7.91,0,1,0.3068,0.2372,74.47,100.741,26.271,16.6895,0.2733,0
AGB-02,4103.0,44.06,2.3147,0.2308,0.651,3280.7,9.2475,0.2424,7.28,0,1,0.2401,0.2215,74.525,100.766,26.241,20.5574,0.2552,0
AGB-02,4104.0,46.67,2.2659,0.2335,0.555,3153.0,8.921,0.2352,6.86,0,1,0.2156,0.2369,74.581,100.791,26.21,19.2359,0.2362,0
AGB-02,4105.0,48.53,2.2973,0.2405,0.656,3199.3,8.9416,0.2174,8.98,0,1,0.2596,0.2252,74.636,100.815,26.179,19.3106,0.2576,0
AGB-02,4106.0,46.13,2.3147,0.2172,0.796,3349.4,9.412,0.2239,10.59,0,1,0.2501,0.2112,74.692,100.84,26.148,21.2685,0.2589,0
AGB-02,4107.0,50.44,2.2989,0.203,1.131,3242.7,9.1815,0.2289,10.15,1,1,0.2538,0.2162,74.747,100.864,26.117,20.2618,0.2468,0
AGB-02,4108.0,51.58,2.2428,0.2496,0.855,3174.6,8.2169,0.2837,6.81,0,1,0.2995,0.238,74.803,100.889,26.086,16.777,0.3003,0
AGB-02,4109.0,47.36,2.2469,0.257,0.846,3134.2,8.1775,0.2749,6.56,0,1,0.2757,0.248,74.858,100.913,26.055,16.6504,0.2944,0
AGB-02,4110.0,49.6,2.2786,0.2408,0.653,3050.1,8.1121,0.2556,8.5,0,1,0.3167,0.2354,74.914,100.938,26.024,16.4436,0.2835,0
AGB-02,4111.0,38.69,2.2813,0.2209,0.88,3375.3,9.4825,0.2068,10.29,0,1,0.1918,0.2262,74.969,100.963,25.993,21.5795,0.2519,0
AGB-02,4112.0,36.28,2.3288,0.1959,0.993,3775.8,10.4514,0.2042,11.75,0,0,0.1001,0.2008,75.025,100.987,25.962,28.4781,0.2335,0
AGB-02,4113.0,31.52,2.3204,0.1984,0.793,3715.0,10.4772,0.1811,10.64,0,0,0.0705,0.2009,75.081,101.012,25.931,28.876,0.1985,0
AGB-02,4114.0,31.86,2.3063,0.1941,0.908,3686.2,10.3165,0.2028,10.45,0,0,0.114,0.2067,75.136,101.036,25.9,26.878,0.2335,0
AGB-02,4115.0,36.77,2.3268,0.197,0.662,3771.3,10.4025,0.2207,11.2,0,0,0.1132,0.2032,75.192,101.061,25.869,27.814,0.2454,0
AGB-02,4116.0,25.45,2.3614,0.1734,1.079,3979.5,10.5571,0.2017,12.81,0,0,0.0425,0.1928,75.248,101.085,25.838,32.4252,0.2267,0
AGB-02,4117.0,28.11,2.312,0.1983,0.895,3896.0,10.5493,0.208,15.3,0,0,0.0608,0.194,75.303,101.11,25.806,30.616,0.2227,0
AGB-02,4118.0,31.73,2.3093,0.2237,1.044,3485.6,10.0676,0.209,10.33,0,0,0.1281,0.2152,75.359,101.134,25.775,24.8555,0.2121,0
AGB-02,4119.0,26.53,2.3096,0.1612,0.837,4012.6,10.5581,0.1914,12.57,1,0,0.0275,0.1938,75.415,101.159,25.744,32.2641,0.2263,0
AGB-02,4120.0,33.17,2.3027,0.1908,0.653,3828.6,10.4478,0.2208,13.93,0,0,0.0897,0.204,75.471,101.184,25.713,28.4319,0.2441,0
AGB-02,4121.0,35.04,2.2658,0.2324,0.541,3586.9,10.0924,0.2368,9.73,0,0,0.0964,0.2251,75.527,101.208,25.681,25.0383,0.2327,0
AGB-02,4122.0,31.15,2.3161,0.1897,0.711,3629.9,10.221,0.2052,9.83,0,0,0.127,0.2101,75.583,101.233,25.65,26.0337,0.2368,0
AGB-02,4123.0,87.21,2.1242,0.4089,1.709,1450.0,1.1771,0.3769,3.24,0,3,0.8448,0.3328,75.639,101.257,25.618,1.8198,0.416,0
AGB-02,4124.0,94.52,2.1484,0.3986,0.918,1450.0,1.19,0.3656,3.55,0,3,0.8538,0.315,75.695,101.282,25.587,1.8404,0.416,0
AGB-02,4125.0,98.53,2.1743,0.412,1.004,1450.0,1.2039,0.3831,2.78,0,3,0.8862,0.3205,75.751,101.306,25.555,1.8627,0.416,0
AGB-02,4126.0,87.03,2.1411,0.3868,1.206,1604.2,1.2001,0.4,3.29,0,3,0.7824,0.3038,75.807,101.331,25.524,1.8568,0.4334,0
AGB-02,4127.0,86.18,2.1328,0.3869,0.795,1570.4,1.1928,0.3922,3.32,0,3,0.7833,0.3174,75.863,101.355,25.492,1.8453,0.4301,0
AGB-02,4128.0,96.21,2.0592,0.4374,1.433,1450.0,1.1418,0.3697,2.74,0,3,0.8825,0.3535,75.919,101.38,25.461,1.764,0.416,0
AGB-02,4129.0,95.09,2.136,0.3961,1.111,1478.6,1.1861,0.3932,3.31,0,3,0.8565,0.3169,75.975,101.405,25.429,1.8347,0.4197,0
AGB-02,4130.0,100.21,2.1697,0.4204,1.028,1568.2,1.2125,0.385,3.62,0,3,0.8745,0.3135,76.032,101.429,25.397,1.8769,0.4299,0
AGB-02,4131.0,93.15,2.1701,0.4086,2.313,1450.0,1.2012,0.3875,3.45,0,3,0.8947,0.3228,76.088,101.454,25.366,1.859,0.416,0
AGB-02,4132.0,99.85,2.1536,0.4303,2.03,1450.0,1.1922,0.3749,2.62,0,3,0.8912,0.3392,76.144,101.478,25.334,1.8449,0.416,0
AGB-02,4133.0,89.38,2.1028,0.4185,0.847,1450.0,1.1648,0.3788,2.82,0,3,0.8536,0.3423,76.201,101.503,25.302,1.8014,0.416,0
AGB-02,4134.0,88.05,2.1548,0.4172,0.714,1450.0,1.1926,0.3988,3.26,0,3,0.8856,0.3173,76.257,101.527,25.27,1.8459,0.416,0
AGB-02,4135.0,91.41,2.1335,0.4102,1.29,1450.0,1.1811,0.3976,2.64,0,3,0.8612,0.3377,76.313,101.552,25.239,1.8277,0.416,0
AGB-02,4136.0,98.8,2.1224,0.4085,1.697,1450.0,1.1751,0.3944,2.68,0,3,0.8764,0.3405,76.37,101.576,25.207,1.8182,0.416,0
AGB-02,4137.0,92.36,2.0934,0.4086,1.238,1450.0,1.1594,0.377,2.85,0,3,0.8686,0.3426,76.426,101.601,25.175,1.7934,0.416,0
AGB-02,4138.0,91.9,2.1302,0.3972,1.28,1511.8,1.1853,0.3771,2.92,0,3,0.7941,0.3256,76.483,101.626,25.143,1.8348,0.4237,0
AGB-02,4139.0,91.07,2.1173,0.4034,1.279,1450.0,1.172,0.3776,2.94,0,3,0.8864,0.3369,76.539,101.65,25.111,1.8138,0.416,0
AGB-02,4140.0,90.94,2.1279,0.4038,0.859,1450.0,1.1776,0.3882,3.01,0,3,0.829,0.3294,76.596,101.675,25.079,1.8229,0.416,0
AGB-02,4141.0,95.57,2.1293,0.3861,0.827,1557.6,1.1886,0.4018,3.3,0,3,0.8195,0.3158,76.652,101.699,25.047,1.8406,0.4288,0
AGB-02,4142.0,94.21,2.077,0.4306,0.785,1450.0,1.15,0.391,3.2,0,3,0.8324,0.3467,76.709,101.724,25.015,1.7792,0.416,0
AGB-02,4143.0,88.37,2.1247,0.3909,0.846,1450.0,1.1756,0.3684,3.15,0,3,0.8318,0.3305,76.766,101.748,24.983,1.8202,0.416,0
AGB-02,4144.0,98.88,2.1236,0.4047,1.339,1450.0,1.1749,0.3839,3.16,0,3,0.8775,0.3286,76.822,101.773,24.951,1.8192,0.416,0
AGB-02,4145.0,89.16,2.1225,0.4149,1.215,1450.0,1.1743,0.3955,2.91,0,3,0.8579,0.3445,76.879,101.798,24.918,1.8183,0.416,0
AGB-02,4146.0,93.17,2.1559,0.38,1.453,1450.0,1.192,0.3834,3.69,0,3,0.8345,0.324,76.936,101.822,24.886,1.8468,0.416,0
AGB-02,4147.0,83.68,2.1168,0.415,0.808,1450.0,1.171,0.3713,2.91,0,3,0.7895,0.3387,76.993,101.847,24.854,1.8134,0.416,0
AGB-02,4148.0,90.18,2.0979,0.4214,0.966,1450.0,1.1607,0.3813,3.07,0,3,0.8641,0.3461,77.049,101.871,24.822,1.7972,0.416,0
AGB-02,4149.0,90.64,2.1614,0.389,1.969,1487.0,1.1986,0.3957,3.65,0,3,0.86,0.3047,77.106,101.896,24.789,1.8579,0.4208,0
AGB-02,4150.0,101.24,2.1091,0.3975,1.208,1450.0,1.1665,0.3976,2.74,0,3,0.8444,0.331,77.163,101.92,24.757,1.8068,0.416,0
AGB-02,4151.0,88.46,2.1693,0.3823,1.268,1664.5,1.2174,0.3962,3.86,0,3,0.827,0.3041,77.22,101.945,24.725,1.8882,0.4387,0
AGB-02,4152.0,92.62,2.105,0.4201,0.764,1450.0,1.1642,0.3933,2.69,0,3,0.859,0.3389,77.277,101.969,24.692,1.8033,0.416,0
AGB-02,4153.0,97.55,2.0689,0.4535,1.14,1450.0,1.1447,0.391,2.17,0,3,0.9022,0.3715,77.334,101.994,24.66,1.7723,0.416,0
AGB-02,4154.0,24.87,2.325,0.1862,0.721,3779.1,10.4776,0.1873,13.7,0,0,0.0645,0.1931,77.391,102.019,24.627,29.8429,0.2011,0
AGB-02,4155.0,25.92,2.3235,0.1685,0.682,3921.7,10.5098,0.1896,12.17,0,0,0.0265,0.1922,77.448,102.043,24.595,31.8627,0.2073,0
AGB-02,4156.0,35.31,2.2992,0.2121,0.83,3640.0,10.0911,0.2268,10.41,0,0,0.1305,0.2136,77.505,102.068,24.562,25.3255,0.2513,0
AGB-02,4157.0,35.49,2.3294,0.1925,0.886,3667.9,10.2926,0.1985,11.09,0,0,0.1144,0.2029,77.562,102.092,24.53,27.1015,0.2284,0
AGB-02,4158.0,28.66,2.3228,0.1982,1.215,3650.4,10.3283,0.2009,11.47,0,0,0.0696,0.2123,77.62,102.117,24.497,27.5042,0.2098,0
AGB-02,4159.0,33.03,2.3328,0.1618,0.927,3875.4,10.4881,0.2124,14.11,0,0,0.0674,0.194,77.677,102.141,24.465,30.3132,0.2281,0
AGB-02,4160.0,26.34,2.3101,0.1831,0.851,3633.5,10.3844,0.1625,11.32,0,0,0.0497,0.205,77.734,102.166,24.432,28.2324,0.1751,0
AGB-02,4161.0,35.3,2.2992,0.2097,0.683,3492.8,10.1098,0.1769,13.0,0,0,0.1047,0.2105,77.791,102.19,24.399,25.4956,0.1918,0
AGB-02,4162.0,31.29,2.3534,0.1856,1.476,3736.0,10.4514,0.1723,13.69,0,0,0.0951,0.1883,77.849,102.215,24.366,29.3837,0.2048,0
AGB-02,4163.0,19.85,2.3445,0.1817,0.954,3894.1,10.5036,0.1914,14.71,0,0,0.0347,0.1933,77.906,102.24,24.334,31.6011,0.2096,0
AGB-02,4164.0,99.01,2.1561,0.4145,1.763,1450.0,1.1909,0.3889,3.04,0,3,0.8875,0.3228,77.963,102.264,24.301,1.847,0.416,0
AGB-02,4165.0,99.3,2.1795,0.3953,1.055,1488.1,1.2075,0.3925,3.51,0,3,0.8538,0.3162,78.021,102.289,24.268,1.8736,0.4209,0
AGB-02,4166.0,88.45,2.1814,0.4148,1.253,1450.0,1.2045,0.3843,3.2,0,3,0.8659,0.3202,78.078,102.313,24.235,1.8687,0.416,0
AGB-02,4167.0,91.33,2.1492,0.4087,1.266,1518.4,1.1942,0.3806,2.83,0,3,0.8295,0.3195,78.136,102.338,24.202,1.8522,0.4245,0
AGB-02,4168.0,94.28,2.1079,0.4283,0.993,1450.0,1.1651,0.375,2.54,0,3,0.8451,0.3486,78.193,102.362,24.169,1.8058,0.416,0
AGB-02,4169.0,100.28,2.1349,0.4212,1.323,1450.0,1.1795,0.388,2.88,0,3,0.8907,0.3236,78.251,102.387,24.136,1.8289,0.416,0
AGB-02,4170.0,97.63,2.0931,0.4251,2.067,1450.0,1.1571,0.3847,2.82,0,3,0.9238,0.3249,78.308,102.411,24.103,1.7931,0.416,0
AGB-02,4171.0,91.98,2.1426,0.3914,1.613,1451.4,1.1838,0.3982,3.4,0,3,0.8322,0.3138,78.366,102.436,24.07,1.8357,0.4162,0
AGB-02,4172.0,92.8,2.1074,0.4268,2.204,1450.0,1.1648,0.3783,2.49,0,3,0.9065,0.3324,78.423,102.461,24.037,1.8053,0.416,0
AGB-02,4173.0,98.82,2.1401,0.404,1.869,1450.0,1.1823,0.3925,2.76,0,3,0.9286,0.3132,78.481,102.485,24.004,1.8333,0.416,0
AGB-02,4174.0,90.72,2.1102,0.3994,0.766,1457.2,1.1671,0.3778,3.2,0,3,0.8174,0.335,78.539,102.51,23.971,1.809,0.4169,0
AGB-02,4175.0,95.69,2.13,0.4003,0.594,1450.0,1.177,0.3886,2.92,0,3,0.863,0.3246,78.597,102.534,23.938,1.8247,0.416,0
AGB-02,4176.0,92.26,2.1497,0.3781,1.553,1450.0,1.1876,0.3811,3.36,0,3,0.8907,0.3112,78.654,102.559,23.904,1.8416,0.416,0
AGB-02,4177.0,93.48,2.1369,0.3922,1.847,1450.0,1.1807,0.3797,2.65,0,3,0.8695,0.3165,78.712,102.583,23.871,1.8306,0.416,0
AGB-02,4178.0,102.03,2.0556,0.4311,1.935,1450.0,1.1371,0.3846,2.19,0,3,0.9364,0.3619,78.77,102.608,23.838,1.761,0.416,0
AGB-02,4179.0,95.98,2.118,0.4104,2.158,1450.0,1.1707,0.3824,2.29,0,3,0.9072,0.3354,78.828,102.633,23.805,1.8144,0.416,0
AGB-02,4180.0,88.46,2.1425,0.37,0.644,1487.0,1.1878,0.3717,3.07,0,3,0.7555,0.3199,78.886,102.657,23.771,1.8416,0.4208,0
AGB-02,4181.0,97.21,2.1353,0.4233,1.766,1450.0,1.1801,0.3846,2.74,0,3,0.8563,0.332,78.944,102.682,23.738,1.8292,0.416,0
AGB-02,4182.0,90.44,2.1524,0.3818,1.38,1614.2,1.2043,0.3848,3.45,1,3,0.7824,0.3192,79.002,102.706,23.704,1.8678,0.4343,0
AGB-02,4183.0,96.51,2.1306,0.4263,2.07,1450.0,1.1777,0.3985,3.12,0,3,0.9206,0.3424,79.06,102.731,23.671,1.8252,0.416,0
AGB-02,4184.0,94.88,2.1074,0.406,1.165,1450.0,1.1652,0.381,3.09,0,3,0.8394,0.3362,79.118,102.755,23.638,1.8053,0.416,0
AGB-02,4185.0,94.56,2.1895,0.3916,1.196,1450.0,1.2093,0.3931,2.85,0,3,0.823,0.3198,79.176,102.78,23.604,1.8756,0.416,0
AGB-02,4186.0,96.86,2.147,0.3952,1.067,1450.0,1.1866,0.391,3.46,0,3,0.8457,0.3198,79.234,102.804,23.57,1.8393,0.416,0
AGB-02,4187.0,98.39,2.0862,0.4456,1.895,1450.0,1.154,0.3715,2.39,0,3,0.9217,0.3596,79.292,102.829,23.537,1.7872,0.416,0
AGB-02,4188.0,101.31,2.1347,0.4089,0.75,1450.0,1.1801,0.3771,2.98,0,3,0.8687,0.3283,79.35,102.854,23.503,1.8287,0.416,0
AGB-02,4189.0,91.62,2.0512,0.4435,0.955,1450.0,1.1353,0.3813,2.15,0,3,0.8381,0.3668,79.409,102.878,23.47,1.7572,0.416,0
AGB-02,4190.0,93.95,2.1528,0.3971,1.094,1495.1,1.1946,0.4095,2.82,0,3,0.7936,0.3138,79.467,102.903,23.436,1.8517,0.4217,0
AGB-02,4191.0,97.47,2.0912,0.435,1.381,1450.0,1.1568,0.3759,2.73,0,3,0.8905,0.3545,79.525,102.927,23.402,1.7914,0.416,0
AGB-02,4192.0,100.16,2.1138,0.4,0.989,1450.0,1.1691,0.3825,2.77,0,3,0.8846,0.3418,79.583,102.952,23.368,1.8108,0.416,0
AGB-02,4193.0,90.75,2.1117,0.3849,1.634,1450.0,1.168,0.3796,3.28,1,3,0.8171,0.3426,79.642,102.976,23.335,1.8091,0.416,0
AGB-02,4194.0,89.87,2.1396,0.3916,1.024,1450.0,1.183,0.3857,3.27,0,3,0.842,0.3125,79.7,103.001,23.301,1.833,0.416,0
AGB-02,4195.0,88.95,2.1076,0.4113,0.448,1450.0,1.1658,0.3699,3.4,0,3,0.7711,0.3432,79.759,103.025,23.267,1.8055,0.416,0
AGB-02,4196.0,102.36,2.0458,0.47,1.103,1450.0,1.1326,0.3789,1.94,0,3,0.9066,0.3801,79.817,103.05,23.233,1.7526,0.416,0
AGB-02,4197.0,95.97,2.1219,0.3898,0.829,1450.0,1.1735,0.3786,2.66,0,3,0.857,0.3319,79.876,103.075,23.199,1.8177,0.416,0
AGB-02,4198.0,93.92,2.1431,0.4109,1.61,1450.0,1.1849,0.3882,3.3,0,3,0.8341,0.3299,79.934,103.099,23.165,1.836,0.416,0
AGB-02,4199.0,91.8,2.1029,0.4185,0.829,1450.0,1.1633,0.375,2.74,0,3,0.8384,0.3395,79.993,103.124,23.131,1.8015,0.416,0
AGB-02,4200.0,90.98,2.155,0.3955,1.377,1450.0,1.1913,0.4041,3.49,0,3,0.8538,0.3146,80.051,103.148,23.097,1.8461,0.416,0
