WELL,DEPT,GR,RHOB,NPHI,RT,VP,E_STAT,NU_STAT,UCS,IS_CORE,FACIES,VSH_TRUE,PHI_TRUE,PP_MPA,SV_MPA,SIG_EFF_MPA,E_DYN,NU_DYN,IS_HC
AGB-03,1000.0,29.74,2.1652,0.2813,1.011,2893.6,9.5908,0.1916,3.6,0,0,0.0704,0.2912,10.112,24.303,14.191,15.815,0.2227,0
AGB-03,1001.0,20.02,2.1972,0.2585,0.986,3049.4,10.4983,0.1796,3.72,0,0,0.0228,0.2851,10.122,24.328,14.206,17.9882,0.2164,0
AGB-03,1002.0,31.33,2.109,0.3185,0.541,2739.3,8.5219,0.2005,2.8,0,0,0.0661,0.3203,10.132,24.352,14.22,13.514,0.2362,0
AGB-03,1003.0,30.89,2.1951,0.2806,0.676,2984.7,10.2937,0.191,3.88,0,0,0.0383,0.2832,10.143,24.376,14.234,17.478,0.2054,0
AGB-03,1004.0,38.48,2.1637,0.296,0.518,3003.5,9.0481,0.2904,3.42,0,0,0.1211,0.2983,10.153,24.401,14.248,14.6182,0.2971,0
AGB-03,1005.0,28.6,2.1365,0.2869,0.599,2874.3,9.2456,0.1981,2.88,0,0,0.0495,0.309,10.163,24.425,14.262,15.0472,0.2372,0
AGB-03,1006.0,30.85,2.1793,0.285,0.843,2876.3,9.6971,0.1908,3.65,0,0,0.0569,0.2925,10.173,24.449,14.276,16.0613,0.2079,0
AGB-03,1007.0,28.74,2.1025,0.3281,0.376,2709.6,8.3088,0.2251,2.09,0,0,0.0497,0.3328,10.183,24.474,14.291,13.0849,0.2405,0
AGB-03,1008.0,28.05,2.1177,0.3003,0.528,2816.5,8.301,0.2448,2.5,0,0,0.1024,0.32,10.193,24.498,14.305,13.0701,0.2823,0
AGB-03,1009.0,39.2,2.1216,0.3329,0.493,2671.1,7.5443,0.2709,2.28,0,0,0.14,0.3275,10.203,24.522,14.319,11.597,0.2885,0
AGB-03,1010.0,36.22,2.1622,0.3258,0.596,2707.3,8.3327,0.2298,2.42,0,0,0.0894,0.3238,10.213,24.547,14.333,13.1361,0.2528,0
AGB-03,1011.0,23.84,2.1584,0.3039,0.895,2801.1,9.148,0.198,3.17,0,0,0.0654,0.305,10.223,24.571,14.347,14.8414,0.2197,0
AGB-03,1012.0,33.88,2.12,0.2956,0.832,2687.0,8.2737,0.1907,3.02,0,0,0.0916,0.319,10.234,24.595,14.362,13.02,0.2385,0
AGB-03,1013.0,27.65,2.1494,0.3029,0.836,3060.2,9.9599,0.2254,3.16,0,0,0.0326,0.299,10.244,24.619,14.376,16.6856,0.2528,0
AGB-03,1014.0,29.8,2.134,0.2761,0.338,2943.5,9.6637,0.2141,3.46,0,0,0.02,0.307,10.254,24.644,14.39,15.9969,0.2281,0
AGB-03,1015.0,35.6,2.1168,0.3348,0.48,2530.6,6.7811,0.2835,2.27,0,0,0.1593,0.3416,10.264,24.668,14.404,10.1985,0.2954,0
AGB-03,1016.0,31.25,2.1388,0.334,0.389,2731.3,8.2043,0.2471,2.83,0,0,0.1164,0.317,10.274,24.692,14.418,12.8873,0.2657,0
AGB-03,1017.0,38.88,2.0977,0.3516,0.451,2255.4,5.8676,0.2407,2.07,0,0,0.1993,0.3472,10.284,24.717,14.433,8.6102,0.2662,0
AGB-03,1018.0,27.34,2.1071,0.3106,0.459,2668.0,7.9438,0.2269,1.85,1,0,0.0713,0.3374,10.294,24.741,14.447,12.3763,0.2552,0
AGB-03,1019.0,27.94,2.104,0.3047,0.636,2710.1,8.3523,0.2114,2.45,0,0,0.0491,0.3316,10.304,24.765,14.461,13.1901,0.2364,0
AGB-03,1020.0,25.93,2.1683,0.3003,0.869,3004.2,9.9535,0.2182,3.53,0,0,0.0413,0.2952,10.314,24.79,14.475,16.6883,0.237,0
AGB-03,1021.0,32.89,2.1195,0.3292,0.727,2478.6,7.09,0.2289,2.54,0,0,0.1395,0.3358,10.325,24.814,14.489,10.7662,0.2541,0
AGB-03,1022.0,30.57,2.1567,0.3023,0.355,2811.5,8.9207,0.1982,3.82,0,0,0.1011,0.3014,10.335,24.838,14.504,14.3746,0.2435,0
AGB-03,1023.0,36.31,2.1396,0.3133,0.397,2703.3,7.6807,0.2704,2.48,0,0,0.1502,0.322,10.345,24.862,14.518,11.876,0.2918,0
AGB-03,1024.0,32.64,2.1219,0.2867,0.503,2750.7,8.819,0.2074,2.81,0,0,0.0723,0.3079,10.355,24.887,14.532,14.1639,0.215,0
AGB-03,1025.0,29.27,2.1237,0.3337,0.677,2623.4,7.84,0.2144,2.52,0,0,0.1165,0.3236,10.365,24.911,14.546,12.1865,0.2497,0
AGB-03,1026.0,29.05,2.1558,0.2934,0.63,2942.3,9.1208,0.2617,3.16,0,0,0.0913,0.3041,10.375,24.935,14.56,14.8147,0.2736,0
AGB-03,1027.0,33.97,2.1654,0.2987,0.701,2767.3,8.6357,0.2155,3.7,0,0,0.1084,0.3085,10.385,24.96,14.575,13.7867,0.2512,0
AGB-03,1028.0,25.31,2.1576,0.3065,0.884,2854.2,9.3333,0.2045,3.9,0,0,0.0591,0.3032,10.395,24.984,14.589,15.2866,0.2247,0
AGB-03,1029.0,63.54,2.1166,0.3917,0.61,1737.4,2.5713,0.3504,2.0,0,2,0.5196,0.3386,10.405,25.008,14.603,3.5022,0.3756,0
AGB-03,1030.0,68.97,2.0948,0.3752,1.077,1791.1,2.2259,0.3633,1.93,0,2,0.53,0.3486,10.416,25.033,14.617,3.011,0.4052,0
AGB-03,1031.0,76.76,2.0627,0.425,0.458,1494.1,1.3344,0.3821,1.56,0,2,0.622,0.369,10.426,25.057,14.631,1.7741,0.4216,0
AGB-03,1032.0,65.96,2.0577,0.3704,0.461,1937.8,2.7028,0.3629,1.98,0,2,0.4784,0.3486,10.436,25.081,14.645,3.6926,0.3968,0
AGB-03,1033.0,76.6,2.0469,0.4341,0.505,1450.0,1.319,0.3896,1.68,0,2,0.5825,0.3933,10.446,25.106,14.66,1.7535,0.416,0
AGB-03,1034.0,64.1,2.0484,0.4071,0.431,1734.7,2.2533,0.37,1.66,0,2,0.4521,0.3748,10.456,25.13,14.674,3.0511,0.3919,0
AGB-03,1035.0,66.13,2.1003,0.3971,0.473,1562.5,1.9912,0.3515,1.73,0,2,0.5332,0.3556,10.466,25.154,14.688,2.6824,0.3834,0
AGB-03,1036.0,77.37,1.9996,0.4725,0.34,1450.0,1.2889,0.3568,1.37,0,2,0.5985,0.4159,10.476,25.178,14.702,1.713,0.416,0
AGB-03,1037.0,67.42,2.0312,0.4265,0.567,1492.6,1.3135,0.3769,1.43,0,2,0.5192,0.3914,10.486,25.203,14.716,1.7467,0.4214,0
AGB-03,1038.0,70.84,2.0485,0.4204,0.552,1550.7,1.8306,0.3624,1.73,0,2,0.5089,0.3702,10.496,25.227,14.731,2.4591,0.3906,0
AGB-03,1039.0,64.32,2.0555,0.4083,0.357,1748.2,2.0852,0.3872,1.85,0,2,0.5,0.3641,10.507,25.251,14.745,2.8155,0.4051,0
AGB-03,1040.0,68.85,2.0478,0.413,0.788,1671.0,1.5715,0.414,1.58,0,2,0.5292,0.3755,10.517,25.276,14.759,2.1008,0.4261,0
AGB-03,1041.0,65.08,2.1019,0.4036,0.7,1761.0,2.6499,0.3452,2.11,0,2,0.4974,0.3437,10.527,25.3,14.773,3.62,0.3733,0
AGB-03,1042.0,71.93,2.0925,0.3943,0.459,1696.9,2.0912,0.3681,2.12,0,2,0.5361,0.3511,10.537,25.324,14.787,2.8249,0.3994,0
AGB-03,1043.0,76.91,2.0347,0.426,0.349,1450.0,1.31,0.3646,1.42,0,2,0.5818,0.3865,10.547,25.349,14.802,1.743,0.416,0
AGB-03,1044.0,71.92,2.0253,0.4178,0.391,1562.8,1.437,0.3869,1.35,0,2,0.5142,0.3866,10.557,25.373,14.816,1.9168,0.4211,0
AGB-03,1045.0,77.25,2.048,0.3905,0.724,1450.0,1.3182,0.4033,2.01,0,2,0.6146,0.3718,10.567,25.397,14.83,1.7545,0.416,0
AGB-03,1046.0,65.76,2.107,0.3815,0.451,1723.3,2.31,0.3782,1.74,0,2,0.527,0.3462,10.577,25.421,14.844,3.1352,0.3901,0
AGB-03,1047.0,73.25,2.0335,0.4155,0.434,1450.0,1.3089,0.4025,1.56,0,2,0.5733,0.3805,10.587,25.446,14.858,1.742,0.416,0
AGB-03,1048.0,43.9,2.1715,0.316,0.549,2598.9,7.3088,0.2558,3.35,0,1,0.2377,0.3009,10.598,25.47,14.873,11.2119,0.2893,0
AGB-03,1049.0,47.55,2.1386,0.3422,0.648,2228.8,5.406,0.2708,2.48,0,1,0.2862,0.334,10.608,25.494,14.887,7.87,0.301,0
AGB-03,1050.0,45.35,2.1213,0.3485,0.634,2465.4,6.5974,0.2678,2.5,0,1,0.2039,0.3294,10.618,25.519,14.901,9.915,0.287,0
AGB-03,1051.0,51.27,2.1569,0.3313,0.36,2508.1,6.7167,0.2827,2.61,0,1,0.2508,0.312,10.628,25.543,14.915,10.1291,0.2982,0
AGB-03,1052.0,42.42,2.0999,0.3304,0.749,2431.9,6.251,0.2627,2.7,0,1,0.2358,0.3265,10.638,25.567,14.929,9.3061,0.2968,0
AGB-03,1053.0,58.8,2.1149,0.3608,0.349,2291.6,5.517,0.29,2.28,0,1,0.3211,0.3168,10.648,25.592,14.943,8.0564,0.3082,0
AGB-03,1054.0,41.42,2.1405,0.3349,0.585,2598.3,7.4541,0.2611,2.93,0,1,0.1805,0.3146,10.658,25.616,14.958,11.4908,0.2729,0
AGB-03,1055.0,47.53,2.1058,0.3307,0.515,2372.1,5.777,0.2644,2.63,0,1,0.2745,0.3271,10.668,25.64,14.972,8.4939,0.3121,0
AGB-03,1056.0,46.48,2.096,0.3595,0.576,2288.3,5.2027,0.3092,1.84,0,1,0.2673,0.3471,10.678,25.664,14.986,7.5386,0.3251,0
AGB-03,1057.0,43.42,2.1523,0.3137,0.491,2363.7,6.6216,0.2208,3.13,0,1,0.2291,0.3174,10.689,25.689,15.0,9.9621,0.2531,0
AGB-03,1058.0,68.29,2.1254,0.3849,0.935,1873.4,2.4945,0.3739,2.04,0,2,0.5434,0.3348,10.699,25.713,15.014,3.4005,0.403,0
AGB-03,1059.0,74.98,2.0733,0.435,0.356,1450.0,1.3331,0.3865,1.77,0,2,0.6004,0.3767,10.709,25.737,15.029,1.7761,0.416,0
AGB-03,1060.0,72.92,2.0777,0.4184,0.427,1536.0,1.5293,0.382,1.78,0,2,0.568,0.3631,10.719,25.762,15.043,2.0452,0.4134,0
AGB-03,1061.0,76.0,2.1213,0.3782,0.522,1782.6,1.9551,0.3858,2.26,0,2,0.581,0.3418,10.729,25.786,15.057,2.6366,0.4202,0
AGB-03,1062.0,73.57,2.1084,0.3977,0.716,1660.6,2.0746,0.3709,2.01,0,2,0.564,0.3417,10.739,25.81,15.071,2.8044,0.3955,0
AGB-03,1063.0,69.49,2.0783,0.404,0.409,1615.0,1.646,0.376,1.46,0,2,0.5428,0.3678,10.749,25.835,15.085,2.2063,0.4161,0
AGB-03,1064.0,77.32,2.0204,0.4154,0.651,1450.0,1.2999,0.3955,1.57,0,2,0.6017,0.3812,10.759,25.859,15.1,1.7308,0.416,0
AGB-03,1065.0,70.8,2.0821,0.3992,0.436,1585.6,1.7666,0.3462,1.65,0,2,0.5447,0.3614,10.769,25.883,15.114,2.3735,0.4037,0
AGB-03,1066.0,63.21,2.0691,0.4049,0.455,1730.3,1.7335,0.3986,1.71,0,2,0.5387,0.3657,10.78,25.908,15.128,2.3275,0.424,0
AGB-03,1067.0,43.11,2.0641,0.361,0.701,2595.3,6.4025,0.316,1.92,0,1,0.1751,0.3466,10.79,25.932,15.142,9.5744,0.3243,0
AGB-03,1068.0,39.14,2.1293,0.3355,0.927,2654.3,7.4367,0.2539,3.32,0,1,0.1807,0.3168,10.8,25.956,15.156,11.4602,0.2896,0
AGB-03,1069.0,43.9,2.1548,0.2975,0.562,2640.9,7.0176,0.2928,3.01,0,1,0.239,0.3108,10.81,25.98,15.171,10.6792,0.3149,0
AGB-03,1070.0,49.38,2.1082,0.3459,0.389,2335.5,5.5199,0.3027,2.62,0,1,0.2735,0.3362,10.82,26.005,15.185,8.0627,0.319,0
AGB-03,1071.0,46.65,2.1658,0.3176,0.548,2269.7,6.1046,0.2419,2.89,1,1,0.2925,0.3101,10.83,26.029,15.199,9.0542,0.2635,0
AGB-03,1072.0,46.53,2.1186,0.327,0.594,2456.2,6.0977,0.2851,2.47,0,1,0.2503,0.3293,10.84,26.053,15.213,9.0419,0.3163,0
AGB-03,1073.0,43.51,2.0971,0.3268,0.606,2634.0,6.9628,0.2985,2.33,0,1,0.2033,0.321,10.85,26.078,15.227,10.5772,0.3075,0
AGB-03,1074.0,52.98,2.1782,0.3369,0.748,2588.7,7.0929,0.2724,3.83,0,1,0.2584,0.3015,10.86,26.102,15.241,10.8157,0.3009,0
AGB-03,1075.0,47.45,2.1266,0.3226,0.733,2337.9,6.9071,0.1768,3.28,0,1,0.2155,0.3063,10.871,26.126,15.256,10.4746,0.1989,0
AGB-03,1076.0,44.07,2.1771,0.3032,0.982,2785.7,7.9515,0.2732,2.84,0,1,0.2004,0.3011,10.881,26.151,15.27,12.4492,0.3028,0
AGB-03,1077.0,44.66,2.1315,0.3343,0.675,2393.0,6.3815,0.2451,2.56,0,1,0.2553,0.3165,10.891,26.175,15.284,9.5338,0.2806,0
AGB-03,1078.0,44.85,2.1144,0.3381,0.632,2507.7,6.0943,0.2959,2.56,0,1,0.2331,0.3373,10.901,26.199,15.298,9.0332,0.3282,0
AGB-03,1079.0,50.99,2.0705,0.3633,0.676,2163.4,4.2294,0.318,1.82,0,1,0.3202,0.3574,10.911,26.223,15.312,5.9846,0.352,0
AGB-03,1080.0,47.3,2.1075,0.328,0.824,2315.7,5.4944,0.2888,2.23,0,1,0.284,0.3328,10.921,26.248,15.327,8.0161,0.3154,0
AGB-03,1081.0,42.18,2.1773,0.3084,0.861,2708.1,7.6402,0.2632,3.04,0,1,0.2134,0.3044,10.931,26.272,15.341,11.8396,0.3007,0
AGB-03,1082.0,50.22,2.1495,0.3107,1.271,2524.6,7.053,0.2357,2.82,0,1,0.2197,0.3131,10.941,26.296,15.355,10.7363,0.2792,0
AGB-03,1083.0,46.87,2.1086,0.3367,0.682,2285.3,5.7095,0.2762,2.17,0,1,0.2735,0.3283,10.951,26.321,15.369,8.3745,0.2913,0
AGB-03,1084.0,37.03,2.1195,0.3306,0.791,2524.6,7.4579,0.2261,2.48,0,0,0.1258,0.3306,10.962,26.345,15.383,11.4896,0.2385,0
AGB-03,1085.0,34.71,2.1217,0.3074,0.977,2774.9,8.4114,0.2352,2.34,0,0,0.0888,0.3216,10.972,26.369,15.398,13.3624,0.2596,0
AGB-03,1086.0,23.64,2.182,0.2779,0.631,3001.5,10.0112,0.2017,3.74,0,0,0.0545,0.2911,10.982,26.394,15.412,16.8999,0.2321,0
AGB-03,1087.0,32.65,2.1564,0.2842,0.78,2879.4,9.1109,0.2327,3.51,0,0,0.0902,0.3037,10.992,26.418,15.426,14.8362,0.2522,0
AGB-03,1088.0,33.28,2.1756,0.2823,0.68,2891.1,9.4606,0.2184,3.26,0,0,0.0755,0.2984,11.002,26.442,15.44,15.6117,0.233,0
AGB-03,1089.0,33.05,2.1714,0.2934,1.116,2946.2,9.5208,0.2279,2.74,0,0,0.0694,0.3011,11.012,26.467,15.454,15.7469,0.2486,0
AGB-03,1090.0,21.66,2.1839,0.2768,0.693,3097.5,10.4525,0.208,3.77,0,0,0.02,0.2921,11.022,26.491,15.469,17.986,0.233,0
AGB-03,1091.0,31.83,2.1155,0.2885,0.385,2782.0,8.5932,0.2254,3.31,1,0,0.0979,0.311,11.032,26.515,15.483,13.7296,0.2466,0
AGB-03,1092.0,25.72,2.1204,0.2841,0.492,3022.4,9.3961,0.2541,2.95,0,0,0.0577,0.3082,11.042,26.539,15.497,15.4607,0.2712,0
AGB-03,1093.0,29.82,2.143,0.2915,0.644,2984.9,9.4758,0.23,3.47,0,0,0.0484,0.3098,11.053,26.564,15.511,15.6384,0.2589,0
AGB-03,1094.0,30.56,2.1241,0.2983,0.652,2648.4,8.2308,0.1891,3.4,0,0,0.1142,0.3123,11.063,26.588,15.525,12.9863,0.2233,0
AGB-03,1095.0,27.63,2.1898,0.2335,0.776,3194.4,10.9215,0.2043,4.9,0,0,0.02,0.2787,11.073,26.612,15.54,19.2126,0.232,0
AGB-03,1096.0,21.96,2.1361,0.298,0.93,3031.2,9.7577,0.2376,3.98,0,0,0.0382,0.3043,11.083,26.637,15.554,16.283,0.2523,0
AGB-03,1097.0,27.49,2.1839,0.2757,0.874,2962.3,9.979,0.1856,3.82,0,0,0.0348,0.2983,11.093,26.661,15.568,16.8053,0.2192,0
AGB-03,1098.0,30.84,2.1895,0.2654,0.883,3081.7,10.2472,0.2256,3.57,0,0,0.0553,0.2877,11.103,26.685,15.582,17.4574,0.246,0
AGB-03,1099.0,36.37,2.165,0.316,0.751,2681.3,8.1298,0.2326,2.86,0,0,0.1425,0.3127,11.113,26.71,15.596,12.7802,0.2577,0
AGB-03,1100.0,38.93,2.1351,0.2972,0.584,2736.0,8.2862,0.2252,2.31,0,0,0.1325,0.31,11.123,26.734,15.61,13.0934,0.2588,0
AGB-03,1101.0,29.3,2.1451,0.2949,0.509,2780.6,8.8241,0.2041,3.3,0,0,0.098,0.3058,11.133,26.758,15.625,14.2047,0.2344,0
AGB-03,1102.0,26.18,2.1416,0.2878,0.875,2882.6,9.5182,0.1893,2.58,0,0,0.0414,0.3045,11.144,26.782,15.639,15.7261,0.2138,0
AGB-03,1103.0,34.34,2.2027,0.2915,0.475,2760.6,8.6628,0.2501,3.15,0,0,0.1512,0.2977,11.154,26.807,15.653,13.865,0.2547,0
AGB-03,1104.0,34.87,2.1702,0.2858,1.066,2951.7,9.4253,0.2246,3.58,0,0,0.1133,0.2891,11.164,26.831,15.667,15.5155,0.258,0
AGB-03,1105.0,25.22,2.1547,0.2918,0.472,2802.4,9.2919,0.1851,3.16,0,0,0.0506,0.3066,11.174,26.855,15.681,15.2173,0.2007,0
AGB-03,1106.0,29.5,2.2015,0.2628,0.627,2976.4,10.1259,0.1932,4.27,0,0,0.0875,0.2755,11.184,26.88,15.696,17.1546,0.2171,0
AGB-03,1107.0,28.02,2.1747,0.3203,0.525,2750.5,9.0079,0.1804,3.08,0,0,0.075,0.3088,11.194,26.904,15.71,14.5959,0.2109,0
AGB-03,1108.0,30.0,2.1278,0.3008,0.653,2926.2,9.0,0.2449,2.67,0,0,0.0677,0.3167,11.204,26.928,15.724,14.5791,0.2701,0
AGB-03,1109.0,27.55,2.2047,0.2616,0.699,3082.4,10.4485,0.23,5.17,0,0,0.0595,0.2802,11.214,26.953,15.738,17.9573,0.2338,0
AGB-03,1110.0,23.34,2.1636,0.2738,0.911,2994.0,10.1816,0.1948,3.84,0,0,0.0386,0.2877,11.225,26.977,15.752,17.2909,0.2073,0
AGB-03,1111.0,34.12,2.203,0.2746,0.524,2774.8,9.3472,0.1993,3.82,0,0,0.0961,0.2913,11.235,27.001,15.767,15.3405,0.196,0
AGB-03,1112.0,29.32,2.1638,0.2813,0.409,2918.1,9.6525,0.1924,3.67,0,0,0.0871,0.2872,11.245,27.025,15.781,16.0341,0.2243,0
AGB-03,1113.0,29.15,2.1572,0.2954,0.526,2831.3,9.2169,0.1946,3.46,0,0,0.0586,0.31,11.255,27.05,15.795,15.0533,0.2241,0
AGB-03,1114.0,31.13,2.1335,0.2934,0.463,2828.7,8.8377,0.2237,2.65,1,0,0.071,0.3176,11.265,27.074,15.809,14.2347,0.2497,0
AGB-03,1115.0,22.48,2.1534,0.2765,0.384,2993.9,10.0525,0.1876,3.34,0,0,0.02,0.2995,11.275,27.098,15.823,16.9812,0.217,0
AGB-03,1116.0,29.63,2.2047,0.2829,1.514,3232.6,10.8197,0.2259,4.17,0,0,0.03,0.2847,11.285,27.123,15.838,18.9342,0.2572,0
AGB-03,1117.0,34.8,2.1503,0.2899,0.786,2760.8,8.694,0.2051,2.59,0,0,0.0863,0.3156,11.295,27.147,15.852,13.935,0.2388,0
AGB-03,1118.0,30.05,2.1337,0.2867,0.452,2774.8,8.9236,0.1931,2.91,0,0,0.0976,0.3003,11.305,27.171,15.866,14.4219,0.2185,0
AGB-03,1119.0,70.22,2.0478,0.423,0.623,1649.4,1.3548,0.3919,1.71,0,2,0.5931,0.3626,11.316,27.196,15.88,1.8036,0.4365,0
AGB-03,1120.0,73.23,2.0956,0.4144,0.582,1761.1,1.9012,0.3885,1.98,0,2,0.5809,0.3441,11.326,27.22,15.894,2.558,0.4195,0
AGB-03,1121.0,75.59,2.0625,0.403,0.64,1664.1,2.009,0.3748,2.37,0,2,0.5529,0.3481,11.336,27.244,15.908,2.709,0.3978,0
AGB-03,1122.0,73.28,2.0887,0.3787,0.908,1614.3,2.0613,0.3691,2.46,0,2,0.5372,0.3525,11.346,27.269,15.923,2.7826,0.387,0
AGB-03,1123.0,70.3,2.0819,0.3792,0.764,1711.2,2.0297,0.3919,2.1,0,2,0.5542,0.348,11.356,27.293,15.937,2.7385,0.4048,0
AGB-03,1124.0,66.79,2.1107,0.3815,0.618,1806.0,2.6733,0.3638,2.13,0,2,0.5222,0.3359,11.366,27.317,15.951,3.6544,0.381,0
AGB-03,1125.0,73.75,2.0972,0.3702,0.565,1740.4,2.0248,0.3823,1.94,0,2,0.5782,0.3398,11.376,27.341,15.965,2.7319,0.41,0
AGB-03,1126.0,71.49,2.1319,0.3894,0.904,1822.0,2.4402,0.3697,2.41,0,2,0.5462,0.337,11.386,27.366,15.979,3.3204,0.3993,0
AGB-03,1127.0,65.37,2.0894,0.3748,0.672,1838.8,2.2442,0.3799,2.25,0,2,0.5304,0.3494,11.396,27.39,15.994,3.0417,0.4099,0
AGB-03,1128.0,70.45,2.0596,0.4123,0.603,1631.4,1.6023,0.3955,1.98,0,2,0.5811,0.3556,11.407,27.414,16.008,2.1446,0.4201,0
AGB-03,1129.0,88.67,2.0101,0.4963,0.757,1450.0,1.2941,0.3867,1.37,0,3,0.8361,0.4116,11.417,27.439,16.022,1.722,0.416,0
AGB-03,1130.0,83.99,2.0042,0.4506,0.872,1450.0,1.2903,0.3819,1.37,0,3,0.7954,0.3948,11.427,27.463,16.036,1.7169,0.416,0
AGB-03,1131.0,90.96,2.0155,0.4686,0.711,1450.0,1.2973,0.3771,1.25,0,3,0.8371,0.3942,11.437,27.487,16.05,1.7266,0.416,0
AGB-03,1132.0,90.9,2.0236,0.4734,0.725,1450.0,1.3023,0.3638,1.59,1,3,0.825,0.4017,11.447,27.512,16.065,1.7335,0.416,0
AGB-03,1133.0,95.63,2.0512,0.4517,0.803,1450.0,1.3195,0.3832,1.59,0,3,0.8286,0.3734,11.457,27.536,16.079,1.7571,0.416,0
AGB-03,1134.0,94.09,2.0617,0.4435,0.785,1450.0,1.326,0.3893,1.92,0,3,0.866,0.3614,11.467,27.56,16.093,1.7662,0.416,0
AGB-03,1135.0,94.76,2.0547,0.449,1.298,1450.0,1.3215,0.3869,1.69,0,3,0.8797,0.3671,11.477,27.584,16.107,1.7602,0.416,0
AGB-03,1136.0,93.85,2.0194,0.4524,0.937,1450.0,1.2993,0.3753,1.41,0,3,0.8817,0.3937,11.487,27.609,16.121,1.73,0.416,0
AGB-03,1137.0,97.9,2.0476,0.4391,1.704,1450.0,1.3168,0.3769,1.77,0,3,0.8639,0.3712,11.498,27.633,16.136,1.7541,0.416,0
AGB-03,1138.0,100.31,2.0465,0.4526,1.273,1450.0,1.316,0.3864,2.06,0,3,0.8722,0.3792,11.508,27.657,16.15,1.7531,0.416,0
AGB-03,1139.0,97.32,2.0861,0.4333,1.195,1450.0,1.3407,0.3851,1.88,0,3,0.9138,0.3686,11.518,27.682,16.164,1.7871,0.416,0
AGB-03,1140.0,96.46,1.9654,0.4851,0.563,1450.0,1.265,0.3765,1.23,0,3,0.8374,0.4148,11.528,27.706,16.178,1.6837,0.416,0
AGB-03,1141.0,89.68,1.9482,0.4756,0.562,1450.0,1.2541,0.3845,1.13,0,3,0.7815,0.4254,11.538,27.73,16.192,1.669,0.416,0
AGB-03,1142.0,91.51,1.9848,0.4716,0.842,1450.0,1.2769,0.384,1.42,0,3,0.8679,0.414,11.548,27.755,16.207,1.7003,0.416,0
AGB-03,1143.0,102.7,1.9829,0.4866,1.178,1450.0,1.2757,0.4006,1.28,0,3,0.9749,0.4114,11.558,27.779,16.221,1.6987,0.416,0
AGB-03,1144.0,93.76,2.0931,0.4403,1.483,1450.0,1.3447,0.3748,1.8,0,3,0.8734,0.3637,11.568,27.803,16.235,1.7931,0.416,0
AGB-03,1145.0,100.92,1.9775,0.4885,0.946,1450.0,1.2722,0.3994,1.4,0,3,0.9115,0.4168,11.578,27.828,16.249,1.6941,0.416,0
AGB-03,1146.0,86.45,2.0403,0.4427,0.435,1450.0,1.3115,0.38,1.92,0,3,0.8176,0.3838,11.589,27.852,16.263,1.7479,0.416,0
AGB-03,1147.0,96.1,2.0397,0.4573,0.466,1450.0,1.311,0.3861,1.8,0,3,0.8198,0.3784,11.599,27.876,16.277,1.7473,0.416,0
AGB-03,1148.0,93.95,2.0614,0.4746,1.362,1450.0,1.3246,0.3735,1.92,0,3,0.8669,0.37,11.609,27.9,16.292,1.7659,0.416,0
AGB-03,1149.0,95.06,1.9712,0.4769,0.565,1450.0,1.2679,0.3876,1.36,0,3,0.8808,0.4223,11.619,27.925,16.306,1.6887,0.416,0
AGB-03,1150.0,98.31,2.0223,0.4732,0.49,1450.0,1.2999,0.374,1.62,0,3,0.8836,0.4066,11.629,27.949,16.32,1.7324,0.416,0
AGB-03,1151.0,87.27,2.023,0.4607,0.874,1450.0,1.3003,0.3882,1.35,0,3,0.8195,0.3991,11.639,27.973,16.334,1.733,0.416,0
AGB-03,1152.0,92.69,2.0451,0.4379,0.599,1450.0,1.3141,0.3757,1.52,0,3,0.7802,0.378,11.649,27.998,16.348,1.752,0.416,0
AGB-03,1153.0,89.04,2.067,0.4301,0.749,1450.0,1.3278,0.3917,1.49,0,3,0.7955,0.3837,11.659,28.022,16.363,1.7707,0.416,0
AGB-03,1154.0,92.65,2.0428,0.4554,0.897,1450.0,1.3125,0.383,1.59,0,3,0.8349,0.3802,11.669,28.046,16.377,1.75,0.416,0
AGB-03,1155.0,88.82,2.01,0.4728,0.83,1450.0,1.2919,0.3883,1.48,0,3,0.8428,0.3881,11.68,28.071,16.391,1.7219,0.416,0
AGB-03,1156.0,92.25,2.0295,0.4486,1.328,1450.0,1.3041,0.3677,1.49,0,3,0.8275,0.3908,11.69,28.095,16.405,1.7386,0.416,0
AGB-03,1157.0,88.3,2.0333,0.4443,0.872,1450.0,1.3065,0.3956,1.74,0,3,0.7596,0.3839,11.7,28.119,16.419,1.7419,0.416,0
AGB-03,1158.0,90.74,2.0193,0.4652,0.701,1450.0,1.2976,0.3978,1.8,0,3,0.8587,0.3897,11.71,28.143,16.434,1.7298,0.416,0
AGB-03,1159.0,96.6,2.0203,0.4695,1.051,1450.0,1.2982,0.3922,1.42,0,3,0.861,0.4015,11.72,28.168,16.448,1.7307,0.416,0
AGB-03,1160.0,97.05,2.0242,0.4496,0.605,1450.0,1.3006,0.3853,1.98,0,3,0.884,0.3777,11.73,28.192,16.462,1.7341,0.416,0
AGB-03,1161.0,93.92,1.9839,0.493,1.468,1450.0,1.2753,0.381,1.27,0,3,0.8771,0.4156,11.74,28.216,16.476,1.6996,0.416,0
AGB-03,1162.0,89.86,2.027,0.4698,0.609,1450.0,1.3022,0.3977,1.69,0,3,0.8606,0.3866,11.75,28.241,16.49,1.7365,0.416,0
AGB-03,1163.0,103.18,1.9902,0.4858,0.827,1450.0,1.2791,0.3878,1.37,0,3,0.9074,0.4164,11.76,28.265,16.505,1.7049,0.416,0
AGB-03,1164.0,91.84,2.0164,0.4702,0.678,1450.0,1.2955,0.3673,1.48,0,3,0.849,0.4017,11.771,28.289,16.519,1.7274,0.416,0
AGB-03,1165.0,89.79,2.0929,0.4104,0.775,1450.0,1.3433,0.4043,2.16,0,3,0.7905,0.3562,11.781,28.314,16.533,1.7929,0.416,0
AGB-03,1166.0,93.04,2.0184,0.4668,0.664,1450.0,1.2966,0.376,1.22,0,3,0.8295,0.3868,11.791,28.338,16.547,1.7291,0.416,0
AGB-03,1167.0,95.26,2.0202,0.4827,0.889,1450.0,1.2977,0.3716,1.61,0,3,0.9213,0.4042,11.801,28.362,16.561,1.7307,0.416,0
AGB-03,1168.0,97.35,2.0127,0.4655,0.911,1450.0,1.2929,0.374,1.55,0,3,0.8582,0.3922,11.811,28.386,16.575,1.7242,0.416,0
AGB-03,1169.0,95.23,2.0075,0.4742,1.041,1450.0,1.2896,0.4059,1.14,0,3,0.868,0.4138,11.821,28.411,16.59,1.7197,0.416,0
AGB-03,1170.0,100.53,1.9773,0.4922,0.843,1450.0,1.2706,0.389,1.27,0,3,0.8609,0.4202,11.831,28.435,16.604,1.6939,0.416,0
AGB-03,1171.0,96.13,2.0198,0.4908,0.892,1450.0,1.2972,0.3833,1.43,0,3,0.8555,0.4076,11.841,28.459,16.618,1.7303,0.416,0
AGB-03,1172.0,102.87,2.089,0.4468,1.287,1450.0,1.3404,0.41,1.9,0,3,0.9122,0.3572,11.851,28.484,16.632,1.7896,0.416,0
AGB-03,1173.0,87.53,2.0202,0.4198,0.584,1450.0,1.2973,0.3914,1.54,0,3,0.7877,0.391,11.862,28.508,16.646,1.7306,0.416,0
AGB-03,1174.0,63.52,2.1144,0.3649,0.405,1965.8,2.7957,0.3814,2.03,0,2,0.5126,0.3372,11.872,28.532,16.661,3.8436,0.3989,0
AGB-03,1175.0,79.72,2.1029,0.381,0.554,1863.2,2.3436,0.3669,1.91,0,2,0.5524,0.3382,11.882,28.557,16.675,3.1921,0.4081,0
AGB-03,1176.0,66.81,2.0994,0.3997,0.726,1683.1,1.9637,0.3626,1.97,0,2,0.5614,0.3491,11.892,28.581,16.689,2.6545,0.4056,0
AGB-03,1177.0,75.23,2.112,0.4188,0.49,1573.3,1.3679,0.3925,1.92,0,2,0.6246,0.3584,11.902,28.605,16.703,1.8277,0.4304,0
AGB-03,1178.0,69.99,2.113,0.3799,0.518,1717.8,2.1699,0.3774,2.5,0,2,0.554,0.344,11.912,28.63,16.717,2.9457,0.3984,0
AGB-03,1179.0,75.35,2.0463,0.4113,0.474,1615.2,1.3299,0.3946,1.59,0,2,0.6022,0.3608,11.922,28.654,16.732,1.7758,0.4344,0
AGB-03,1180.0,76.69,2.1444,0.3758,0.424,1705.6,2.0289,0.373,2.37,0,2,0.6104,0.3294,11.932,28.678,16.746,2.7468,0.4073,0
AGB-03,1181.0,60.14,2.1175,0.358,0.578,2143.0,3.6861,0.3372,2.45,0,2,0.443,0.3339,11.942,28.702,16.76,5.1686,0.3808,0
AGB-03,1182.0,64.81,2.123,0.3718,0.638,1847.1,2.8594,0.3708,2.56,0,2,0.4888,0.3432,11.953,28.727,16.774,3.9385,0.377,0
AGB-03,1183.0,75.5,2.0746,0.3897,1.056,1636.6,1.4702,0.4071,2.7,0,2,0.6134,0.3505,11.963,28.751,16.788,1.9691,0.4292,0
AGB-03,1184.0,69.51,2.1193,0.3618,0.757,1993.8,2.8046,0.3828,2.03,0,2,0.5277,0.3317,11.973,28.775,16.803,3.859,0.4024,0
AGB-03,1185.0,68.81,2.0857,0.4322,0.329,1586.6,1.4022,0.3914,1.75,0,2,0.5958,0.3608,11.983,28.8,16.817,1.8757,0.4285,0
AGB-03,1186.0,95.66,2.094,0.4266,1.138,1450.0,1.3424,0.3925,1.77,0,3,0.8588,0.3467,11.993,28.824,16.831,1.7938,0.416,0
AGB-03,1187.0,91.68,2.0213,0.458,0.484,1450.0,1.2969,0.3623,1.39,0,3,0.797,0.3995,12.003,28.848,16.845,1.7316,0.416,0
AGB-03,1188.0,94.1,2.0668,0.4273,1.106,1450.0,1.3253,0.3999,1.96,0,3,0.8442,0.3627,12.013,28.873,16.859,1.7705,0.416,0
AGB-03,1189.0,94.06,2.0723,0.4409,0.548,1450.0,1.3287,0.3744,1.71,0,3,0.8461,0.3712,12.023,28.897,16.873,1.7753,0.416,0
AGB-03,1190.0,100.12,2.0479,0.4714,0.98,1450.0,1.3134,0.3924,1.46,0,3,0.8847,0.3967,12.033,28.921,16.888,1.7544,0.416,0
AGB-03,1191.0,102.05,2.0453,0.491,2.285,1450.0,1.3117,0.3822,1.49,0,3,0.9498,0.391,12.044,28.945,16.902,1.7521,0.416,0
AGB-03,1192.0,99.56,2.0449,0.4573,0.424,1450.0,1.3114,0.3834,1.54,0,3,0.866,0.383,12.054,28.97,16.916,1.7518,0.416,0
AGB-03,1193.0,98.79,1.9294,0.5,2.346,1450.0,1.239,0.3831,1.09,0,3,0.9373,0.4407,12.064,28.994,16.93,1.6529,0.416,0
AGB-03,1194.0,89.35,2.05,0.454,1.028,1450.0,1.3145,0.3786,1.68,0,3,0.8319,0.3824,12.074,29.018,16.944,1.7561,0.416,0
AGB-03,1195.0,95.67,2.0682,0.4191,0.821,1450.0,1.3259,0.3855,1.8,0,3,0.8371,0.381,12.084,29.043,16.959,1.7718,0.416,0
AGB-03,1196.0,87.59,2.0329,0.4515,1.547,1450.0,1.3037,0.3859,1.29,0,3,0.7555,0.3948,12.094,29.067,16.973,1.7415,0.416,0
AGB-03,1197.0,101.83,1.9902,0.4875,1.942,1450.0,1.2769,0.3923,1.41,0,3,0.9441,0.4166,12.104,29.091,16.987,1.7049,0.416,0
AGB-03,1198.0,86.27,2.062,0.4309,0.584,1450.0,1.3219,0.394,1.57,0,3,0.763,0.3736,12.114,29.116,17.001,1.7665,0.416,0
AGB-03,1199.0,89.14,2.1048,0.4048,0.72,1450.0,1.3486,0.4038,2.09,0,3,0.7872,0.3484,12.124,29.14,17.015,1.8031,0.416,0
AGB-03,1200.0,97.59,2.0525,0.426,0.674,1450.0,1.3159,0.3905,2.0,0,3,0.8613,0.3737,12.135,29.164,17.03,1.7583,0.416,0
AGB-03,1201.0,84.04,2.062,0.4351,0.54,1450.0,1.3218,0.3585,1.63,0,3,0.7571,0.3763,12.145,29.189,17.044,1.7664,0.416,0
AGB-03,1202.0,96.46,1.9768,0.4946,0.637,1450.0,1.2685,0.3787,1.26,0,3,0.8682,0.421,12.155,29.213,17.058,1.6935,0.416,0
AGB-03,1203.0,95.84,1.9586,0.4922,1.027,1450.0,1.2571,0.3792,1.62,0,3,0.8949,0.4303,12.165,29.237,17.072,1.6779,0.416,0
AGB-03,1204.0,90.39,2.0524,0.4479,0.747,1450.0,1.3159,0.3853,1.79,0,3,0.7687,0.3824,12.175,29.261,17.086,1.7582,0.416,0
AGB-03,1205.0,95.55,2.0031,0.4761,0.959,1450.0,1.2851,0.3846,1.44,0,3,0.9045,0.3992,12.185,29.286,17.101,1.716,0.416,0
AGB-03,1206.0,93.7,2.0672,0.4091,1.036,1450.0,1.3252,0.3993,2.3,0,3,0.8583,0.3635,12.195,29.31,17.115,1.7709,0.416,0
AGB-03,1207.0,104.49,1.9796,0.5,0.975,1450.0,1.2704,0.3871,1.51,0,3,0.9591,0.4279,12.205,29.334,17.129,1.6958,0.416,0
AGB-03,1208.0,97.62,2.0548,0.4404,1.255,1450.0,1.3175,0.4055,1.75,0,3,0.9157,0.3614,12.215,29.359,17.143,1.7603,0.416,0
AGB-03,1209.0,103.15,1.9547,0.5,0.972,1450.0,1.2549,0.3786,1.16,0,3,0.9266,0.4348,12.226,29.383,17.157,1.6745,0.416,0
AGB-03,1210.0,94.41,2.0762,0.4442,0.812,1450.0,1.331,0.3972,2.05,0,3,0.8404,0.3679,12.236,29.407,17.172,1.7786,0.416,0
AGB-03,1211.0,93.19,2.0322,0.4544,0.707,1450.0,1.3035,0.3727,1.38,0,3,0.8688,0.3987,12.246,29.432,17.186,1.7409,0.416,0
AGB-03,1212.0,91.3,1.9954,0.4754,0.475,1450.0,1.2806,0.3953,1.36,0,3,0.8261,0.4041,12.256,29.456,17.2,1.7094,0.416,0
AGB-03,1213.0,96.06,2.061,0.4405,1.205,1450.0,1.3217,0.377,1.81,0,3,0.8685,0.3735,12.266,29.48,17.214,1.7656,0.416,0
AGB-03,1214.0,97.15,2.0131,0.4641,0.947,1450.0,1.2918,0.3858,1.45,0,3,0.8661,0.4075,12.276,29.504,17.228,1.7246,0.416,0
AGB-03,1215.0,94.25,2.0308,0.4542,0.68,1450.0,1.303,0.3621,1.61,0,3,0.8572,0.389,12.286,29.529,17.242,1.7397,0.416,0
AGB-03,1216.0,99.88,2.0153,0.4697,0.507,1450.0,1.2934,0.3892,1.57,0,3,0.8667,0.4024,12.296,29.553,17.257,1.7264,0.416,0
AGB-03,1217.0,95.75,2.0431,0.4436,0.596,1450.0,1.3109,0.3847,1.68,0,3,0.8376,0.3907,12.307,29.577,17.271,1.7503,0.416,0
AGB-03,1218.0,93.56,2.0379,0.4524,0.483,1450.0,1.3078,0.3823,1.68,0,3,0.808,0.3886,12.317,29.602,17.285,1.7458,0.416,0
AGB-03,1219.0,96.59,2.0787,0.4342,0.857,1450.0,1.3334,0.3963,2.33,0,3,0.8561,0.3655,12.327,29.626,17.299,1.7807,0.416,0
AGB-03,1220.0,99.53,2.0535,0.4413,0.908,1450.0,1.3177,0.3933,1.59,0,3,0.88,0.3789,12.337,29.65,17.313,1.7592,0.416,0
AGB-03,1221.0,87.96,2.0384,0.448,1.268,1450.0,1.3083,0.3727,1.7,0,3,0.7702,0.3841,12.347,29.675,17.328,1.7462,0.416,0
AGB-03,1222.0,98.59,2.0326,0.4533,0.548,1450.0,1.3048,0.3601,1.78,0,3,0.869,0.3835,12.357,29.699,17.342,1.7412,0.416,0
AGB-03,1223.0,92.54,2.0267,0.4608,0.718,1450.0,1.3013,0.3916,1.27,0,3,0.8331,0.3993,12.367,29.723,17.356,1.7362,0.416,0
AGB-03,1224.0,86.96,2.0524,0.4484,0.843,1450.0,1.3175,0.3916,1.5,0,3,0.7897,0.384,12.377,29.747,17.37,1.7582,0.416,0
AGB-03,1225.0,91.42,2.0575,0.4478,0.516,1450.0,1.3208,0.3934,1.58,0,3,0.8314,0.3766,12.387,29.772,17.384,1.7625,0.416,0
AGB-03,1226.0,93.72,2.0646,0.4283,1.586,1450.0,1.3254,0.391,2.2,0,3,0.8261,0.3623,12.398,29.796,17.399,1.7687,0.416,0
AGB-03,1227.0,96.52,1.997,0.5,1.05,1450.0,1.2831,0.3921,1.37,0,3,0.9102,0.4158,12.408,29.82,17.413,1.7107,0.416,0
AGB-03,1228.0,95.18,2.0531,0.4218,1.11,1450.0,1.3184,0.3824,1.87,0,3,0.8519,0.3671,12.418,29.845,17.427,1.7588,0.416,0
AGB-03,1229.0,91.96,1.9973,0.4839,0.592,1450.0,1.2836,0.3873,1.42,0,3,0.8604,0.4102,12.428,29.869,17.441,1.711,0.416,0
AGB-03,1230.0,90.49,2.0556,0.4514,0.732,1450.0,1.3202,0.3808,1.44,0,3,0.8009,0.3798,12.438,29.893,17.455,1.761,0.416,0
AGB-03,1231.0,96.9,2.0417,0.4541,1.237,1450.0,1.3116,0.3907,1.53,0,3,0.9021,0.3698,12.448,29.918,17.47,1.7491,0.416,0
AGB-03,1232.0,94.64,2.0454,0.4396,0.817,1450.0,1.314,0.3846,1.73,0,3,0.8123,0.3808,12.458,29.942,17.484,1.7522,0.416,0
AGB-03,1233.0,101.48,2.0119,0.4941,1.317,1450.0,1.2932,0.3856,1.57,0,3,0.98,0.4045,12.468,29.966,17.498,1.7235,0.416,0
AGB-03,1234.0,90.86,2.0542,0.4633,1.358,1450.0,1.3198,0.3774,1.75,0,3,0.881,0.3832,12.478,29.991,17.512,1.7597,0.416,0
AGB-03,1235.0,93.11,2.0486,0.4729,0.849,1450.0,1.3164,0.3803,1.7,0,3,0.875,0.3875,12.489,30.015,17.526,1.755,0.416,0
AGB-03,1236.0,102.36,2.0849,0.4231,0.783,1450.0,1.3393,0.3811,2.36,0,3,0.8772,0.3501,12.499,30.039,17.54,1.7861,0.416,0
AGB-03,1237.0,95.56,2.1398,0.4185,1.599,1450.0,1.3738,0.382,2.05,0,3,0.8852,0.3382,12.509,30.063,17.555,1.8331,0.416,0
AGB-03,1238.0,96.14,2.0426,0.4336,1.383,1450.0,1.313,0.3909,1.8,0,3,0.9053,0.3688,12.519,30.088,17.569,1.7498,0.416,0
AGB-03,1239.0,94.41,2.0635,0.4531,0.915,1450.0,1.3262,0.3813,1.45,0,3,0.8883,0.3758,12.529,30.112,17.583,1.7677,0.416,0
AGB-03,1240.0,91.72,2.0676,0.4262,1.375,1450.0,1.3289,0.3875,1.56,0,3,0.8759,0.3668,12.539,30.136,17.597,1.7712,0.416,0
AGB-03,1241.0,88.2,2.0981,0.4129,0.924,1450.0,1.3481,0.3823,2.52,0,3,0.8327,0.3657,12.549,30.161,17.611,1.7974,0.416,0
AGB-03,1242.0,93.62,2.0079,0.4482,0.62,1450.0,1.2915,0.3951,1.57,0,3,0.8747,0.3897,12.559,30.185,17.626,1.7201,0.416,0
AGB-03,1243.0,92.2,2.0553,0.4284,1.632,1450.0,1.3214,0.3895,2.31,0,3,0.8333,0.3547,12.569,30.209,17.64,1.7607,0.416,0
AGB-03,1244.0,96.84,2.0356,0.4619,0.639,1450.0,1.3091,0.3839,1.61,0,3,0.8786,0.3912,12.58,30.234,17.654,1.7438,0.416,0
AGB-03,1245.0,96.97,2.0193,0.4802,0.627,1450.0,1.2989,0.3756,1.28,0,3,0.8972,0.4075,12.59,30.258,17.668,1.7298,0.416,0
AGB-03,1246.0,88.87,1.9993,0.462,0.611,1450.0,1.2865,0.3954,1.43,0,3,0.765,0.4098,12.6,30.282,17.682,1.7127,0.416,0
AGB-03,1247.0,92.79,2.0237,0.4468,0.692,1450.0,1.3019,0.3945,2.03,0,3,0.8797,0.3854,12.61,30.306,17.697,1.7337,0.416,0
AGB-03,1248.0,96.03,2.0838,0.4316,0.779,1450.0,1.3396,0.3944,2.13,0,3,0.8796,0.3592,12.62,30.331,17.711,1.7851,0.416,0
AGB-03,1249.0,94.86,2.07,0.4401,0.941,1450.0,1.331,0.3727,1.95,0,3,0.8282,0.3764,12.63,30.355,17.725,1.7733,0.416,0
AGB-03,1250.0,95.52,2.0112,0.4608,0.848,1450.0,1.2941,0.3743,1.55,0,3,0.8496,0.3869,12.64,30.379,17.739,1.7229,0.416,0
AGB-03,1251.0,98.17,2.0565,0.4572,0.793,1450.0,1.3226,0.395,1.39,0,3,0.8723,0.3884,12.65,30.404,17.753,1.7617,0.416,0
AGB-03,1252.0,100.15,2.006,0.4742,0.985,1450.0,1.2909,0.3857,1.35,0,3,0.9636,0.4158,12.66,30.428,17.768,1.7185,0.416,0
AGB-03,1253.0,96.41,2.06,0.4736,0.736,1450.0,1.3249,0.3904,1.85,0,3,0.8715,0.3729,12.671,30.452,17.782,1.7647,0.416,0
AGB-03,1254.0,92.4,2.065,0.4435,0.886,1450.0,1.328,0.3868,1.87,0,3,0.8799,0.3753,12.681,30.477,17.796,1.769,0.416,0
AGB-03,1255.0,99.57,2.0203,0.4583,0.709,1450.0,1.3,0.3666,1.41,0,3,0.9097,0.4001,12.691,30.501,17.81,1.7308,0.416,0
AGB-03,1256.0,96.11,2.0423,0.4088,0.978,1450.0,1.3138,0.3871,2.06,0,3,0.855,0.3673,12.701,30.525,17.824,1.7496,0.416,0
AGB-03,1257.0,94.76,1.9747,0.491,1.275,1450.0,1.2714,0.3803,1.36,0,3,0.9342,0.4186,12.711,30.549,17.839,1.6916,0.416,0
AGB-03,1258.0,89.51,2.0267,0.4472,0.865,1450.0,1.3041,0.3682,1.53,0,3,0.809,0.4038,12.721,30.574,17.853,1.7362,0.416,0
AGB-03,1259.0,91.76,2.0292,0.4556,0.703,1450.0,1.3056,0.3863,1.85,0,3,0.8629,0.3832,12.731,30.598,17.867,1.7383,0.416,0
AGB-03,1260.0,95.62,2.0786,0.4373,0.562,1450.0,1.3366,0.4046,2.44,0,3,0.8308,0.3622,12.741,30.622,17.881,1.7806,0.416,0
AGB-03,1261.0,89.96,2.064,0.425,0.637,1450.0,1.3275,0.3879,1.78,0,3,0.7909,0.3666,12.751,30.647,17.895,1.7681,0.416,0
AGB-03,1262.0,100.07,2.0972,0.438,0.834,1450.0,1.3483,0.3927,1.88,0,3,0.8942,0.3584,12.762,30.671,17.909,1.7966,0.416,0
AGB-03,1263.0,94.67,2.0744,0.4072,1.072,1450.0,1.334,0.377,2.4,0,3,0.8486,0.3587,12.772,30.695,17.924,1.7771,0.416,0
AGB-03,1264.0,88.55,2.041,0.415,0.707,1450.0,1.3131,0.3687,2.03,0,3,0.7946,0.3741,12.782,30.72,17.938,1.7485,0.416,0
AGB-03,1265.0,95.11,2.1231,0.4157,1.186,1450.0,1.3645,0.3856,2.43,0,3,0.8528,0.3307,12.792,30.744,17.952,1.8188,0.416,0
AGB-03,1266.0,98.13,2.054,0.4501,1.12,1450.0,1.3212,0.3799,1.58,0,3,0.8864,0.3653,12.802,30.768,17.966,1.7596,0.416,0
AGB-03,1267.0,89.92,2.0102,0.4531,0.675,1450.0,1.2937,0.3771,1.56,0,3,0.8216,0.3894,12.812,30.793,17.98,1.722,0.416,0
AGB-03,1268.0,100.15,2.1046,0.4506,1.029,1450.0,1.3529,0.3661,2.08,0,3,0.9123,0.3587,12.822,30.817,17.995,1.8029,0.416,0
AGB-03,1269.0,100.48,2.0479,0.4296,0.988,1450.0,1.3174,0.395,1.6,0,3,0.9115,0.3841,12.832,30.841,18.009,1.7543,0.416,0
AGB-03,1270.0,90.78,1.9929,0.4894,0.908,1450.0,1.2828,0.3914,1.29,0,3,0.8169,0.4113,12.842,30.865,18.023,1.7072,0.416,0
AGB-03,1271.0,94.78,2.0163,0.4448,1.614,1450.0,1.2975,0.3817,1.51,0,3,0.8631,0.3818,12.853,30.89,18.037,1.7273,0.416,0
AGB-03,1272.0,94.41,2.0662,0.4502,0.677,1450.0,1.3288,0.3827,1.55,0,3,0.8713,0.3838,12.863,30.914,18.051,1.77,0.416,0
AGB-03,1273.0,95.85,2.1151,0.4173,0.896,1450.0,1.3594,0.3663,2.4,0,3,0.8915,0.345,12.873,30.938,18.066,1.8119,0.416,0
AGB-03,1274.0,92.05,2.0961,0.4123,0.862,1450.0,1.3475,0.3966,2.51,0,3,0.7975,0.3533,12.883,30.963,18.08,1.7957,0.416,0
AGB-03,1275.0,80.06,2.1347,0.422,0.876,1450.0,1.3717,0.3738,2.24,0,3,0.757,0.3397,12.893,30.987,18.094,1.8288,0.416,0
AGB-03,1276.0,94.95,2.0416,0.4288,0.802,1450.0,1.3133,0.3894,1.74,0,3,0.8319,0.3863,12.903,31.011,18.108,1.749,0.416,0
AGB-03,1277.0,95.73,2.0406,0.473,1.012,1450.0,1.3127,0.3833,1.78,0,3,0.9232,0.3912,12.913,31.036,18.122,1.7481,0.416,0
AGB-03,1278.0,90.72,2.0788,0.4097,0.819,1450.0,1.3366,0.3888,2.15,0,3,0.8067,0.3518,12.923,31.06,18.137,1.7808,0.416,0
AGB-03,1279.0,89.85,2.057,0.4276,0.767,1450.0,1.323,0.388,1.45,0,3,0.8057,0.3816,12.933,31.084,18.151,1.7622,0.416,0
AGB-03,1280.0,92.46,2.0883,0.4323,0.567,1450.0,1.3426,0.3904,1.89,1,3,0.8491,0.3544,12.944,31.108,18.165,1.789,0.416,0
AGB-03,1281.0,99.49,2.0053,0.4986,1.338,1450.0,1.2905,0.3911,1.35,0,3,0.9439,0.4121,12.954,31.133,18.179,1.7179,0.416,0
AGB-03,1282.0,86.05,2.0665,0.4432,1.03,1450.0,1.3289,0.3818,1.28,0,3,0.8011,0.3805,12.964,31.157,18.193,1.7703,0.416,0
AGB-03,1283.0,97.4,1.9997,0.4486,0.624,1450.0,1.287,0.3696,1.52,0,3,0.9027,0.3821,12.974,31.181,18.207,1.7131,0.416,0
AGB-03,1284.0,100.5,2.0392,0.4612,0.953,1450.0,1.3118,0.3869,1.95,1,3,0.8595,0.3718,12.984,31.206,18.222,1.7469,0.416,0
AGB-03,1285.0,92.31,2.0101,0.4532,0.713,1450.0,1.2935,0.3826,1.63,0,3,0.8338,0.4009,12.994,31.23,18.236,1.722,0.416,0
AGB-03,1286.0,87.53,2.0774,0.4179,0.871,1450.0,1.3357,0.3895,1.75,0,3,0.7655,0.3593,13.004,31.254,18.25,1.7796,0.416,0
AGB-03,1287.0,99.25,2.1032,0.4187,0.789,1450.0,1.3519,0.3931,1.91,0,3,0.8895,0.3584,13.014,31.279,18.264,1.8017,0.416,0
AGB-03,1288.0,96.47,2.0742,0.4399,1.098,1450.0,1.3338,0.385,1.63,0,3,0.8832,0.367,13.024,31.303,18.278,1.7769,0.416,0
AGB-03,1289.0,93.66,2.1027,0.4228,0.645,1450.0,1.3517,0.3981,2.05,0,3,0.8472,0.3558,13.035,31.327,18.293,1.8013,0.416,0
AGB-03,1290.0,99.6,2.0351,0.4614,1.039,1450.0,1.3092,0.3674,1.9,0,3,0.8797,0.3804,13.045,31.352,18.307,1.7434,0.416,0
AGB-03,1291.0,92.99,2.0268,0.449,1.07,1450.0,1.304,0.3739,1.72,0,3,0.8527,0.3841,13.055,31.376,18.321,1.7363,0.416,0
AGB-03,1292.0,101.42,2.0737,0.4359,0.772,1450.0,1.3334,0.3855,1.87,0,3,0.8999,0.3634,13.065,31.4,18.335,1.7764,0.416,0
AGB-03,1293.0,90.04,2.0508,0.4684,0.741,1450.0,1.3191,0.4021,1.66,0,3,0.8857,0.3816,13.075,31.424,18.349,1.7569,0.416,0
AGB-03,1294.0,94.55,2.0475,0.4644,0.689,1450.0,1.317,0.3807,1.81,0,3,0.8522,0.3844,13.085,31.449,18.364,1.754,0.416,0
AGB-03,1295.0,100.42,2.0453,0.4581,1.146,1450.0,1.3156,0.3781,1.65,0,3,0.9194,0.3772,13.095,31.473,18.378,1.7521,0.416,0
AGB-03,1296.0,88.54,2.0968,0.4036,1.199,1450.0,1.3479,0.3909,1.98,0,3,0.8447,0.3563,13.105,31.497,18.392,1.7962,0.416,0
AGB-03,1297.0,88.45,2.0093,0.4595,1.047,1450.0,1.293,0.394,1.54,0,3,0.8833,0.3959,13.115,31.522,18.406,1.7213,0.416,0
AGB-03,1298.0,96.37,2.0902,0.4251,1.234,1450.0,1.3437,0.3814,2.28,0,3,0.9013,0.351,13.126,31.546,18.42,1.7906,0.416,0
AGB-03,1299.0,91.3,2.0295,0.4604,0.681,1450.0,1.3057,0.3884,1.74,0,3,0.8267,0.3895,13.136,31.57,18.435,1.7386,0.416,0
AGB-03,1300.0,97.87,1.9792,0.4763,0.753,1450.0,1.274,0.3693,1.22,0,3,0.9281,0.4286,13.146,31.595,18.449,1.6955,0.416,0
AGB-03,1301.0,93.78,2.0686,0.4442,1.478,1450.0,1.3302,0.3662,2.16,0,3,0.9308,0.3632,13.156,31.619,18.463,1.7721,0.416,0
AGB-03,1302.0,93.9,2.0471,0.4504,1.2,1450.0,1.3166,0.3818,1.91,0,3,0.8694,0.3868,13.166,31.643,18.477,1.7537,0.416,0
AGB-03,1303.0,93.51,2.0061,0.4898,0.842,1450.0,1.2909,0.392,1.47,0,3,0.8951,0.4111,13.176,31.667,18.491,1.7186,0.416,0
AGB-03,1304.0,88.75,2.0639,0.432,0.76,1450.0,1.3271,0.3905,1.89,0,3,0.7532,0.3668,13.186,31.692,18.506,1.7681,0.416,0
AGB-03,1305.0,85.52,2.0972,0.4064,0.94,1450.0,1.348,0.3806,2.32,0,3,0.823,0.3541,13.196,31.716,18.52,1.7966,0.416,0
AGB-03,1306.0,93.33,2.0231,0.4617,0.796,1450.0,1.3014,0.4005,1.45,0,3,0.8341,0.3892,13.206,31.74,18.534,1.7331,0.416,0
AGB-03,1307.0,92.51,2.0227,0.4676,0.948,1450.0,1.3011,0.3851,1.67,0,3,0.8167,0.3801,13.217,31.765,18.548,1.7328,0.416,0
AGB-03,1308.0,100.01,2.0356,0.4572,1.241,1450.0,1.3091,0.4054,1.76,0,3,0.9415,0.3857,13.227,31.789,18.562,1.7438,0.416,0
AGB-03,1309.0,90.19,2.0507,0.4372,0.754,1450.0,1.3185,0.3784,1.86,0,3,0.7852,0.3835,13.237,31.813,18.576,1.7567,0.416,0
AGB-03,1310.0,92.65,2.0158,0.456,1.156,1450.0,1.2965,0.3653,1.36,0,3,0.8246,0.4057,13.247,31.838,18.591,1.7269,0.416,0
AGB-03,1311.0,96.52,2.0988,0.4359,1.069,1450.0,1.3485,0.3859,1.96,0,3,0.8617,0.3552,13.257,31.862,18.605,1.7979,0.416,0
AGB-03,1312.0,94.3,2.1272,0.437,0.998,1450.0,1.3662,0.3945,2.17,0,3,0.8435,0.3512,13.267,31.886,18.619,1.8223,0.416,0
AGB-03,1313.0,98.98,2.0733,0.4374,0.632,1450.0,1.3323,0.3722,2.01,0,3,0.8537,0.3666,13.277,31.91,18.633,1.7761,0.416,0
AGB-03,1314.0,94.19,2.0879,0.4274,0.748,1450.0,1.3413,0.3933,1.77,0,3,0.8312,0.3614,13.287,31.935,18.647,1.7887,0.416,0
AGB-03,1315.0,95.51,2.0399,0.4684,1.165,1450.0,1.3111,0.3763,1.87,0,3,0.8795,0.3789,13.297,31.959,18.662,1.7475,0.416,0
AGB-03,1316.0,85.48,2.0734,0.4238,0.618,1450.0,1.3319,0.38,1.91,0,3,0.7562,0.3631,13.308,31.983,18.676,1.7762,0.416,0
AGB-03,1317.0,101.96,2.0918,0.4422,1.018,1450.0,1.3433,0.3715,1.8,0,3,0.9205,0.3692,13.318,32.008,18.69,1.792,0.416,0
AGB-03,1318.0,88.82,2.0334,0.4619,0.681,1450.0,1.3066,0.3876,1.78,0,3,0.8313,0.3822,13.328,32.032,18.704,1.742,0.416,0
AGB-03,1319.0,92.79,2.0121,0.4828,1.217,1450.0,1.293,0.4066,1.57,0,3,0.8759,0.4024,13.338,32.056,18.718,1.7237,0.416,0
AGB-03,1320.0,96.75,2.0463,0.4698,1.325,1450.0,1.3143,0.3971,1.82,0,3,0.8739,0.3807,13.348,32.081,18.733,1.753,0.416,0
AGB-03,1321.0,100.34,1.9715,0.4893,1.058,1450.0,1.2672,0.3792,1.47,0,3,0.9244,0.4138,13.358,32.105,18.747,1.6889,0.416,0
AGB-03,1322.0,93.54,1.9943,0.474,0.868,1450.0,1.2813,0.3908,1.31,0,3,0.8242,0.4085,13.368,32.129,18.761,1.7084,0.416,0
AGB-03,1323.0,94.47,2.0085,0.4655,0.778,1450.0,1.29,0.3832,1.87,0,3,0.815,0.3905,13.378,32.154,18.775,1.7206,0.416,0
AGB-03,1324.0,99.51,2.0544,0.4446,0.995,1450.0,1.3186,0.388,1.83,0,3,0.8924,0.3736,13.389,32.178,18.789,1.76,0.416,0
AGB-03,1325.0,99.71,2.0945,0.4073,0.945,1450.0,1.3434,0.3682,2.43,0,3,0.9206,0.3506,13.399,32.202,18.804,1.7943,0.416,0
AGB-03,1326.0,101.54,2.0657,0.4613,1.527,1450.0,1.3252,0.3931,2.09,0,3,0.9412,0.3748,13.409,32.226,18.818,1.7696,0.416,0
AGB-03,1327.0,90.96,2.0515,0.4433,1.595,1450.0,1.3161,0.3815,1.84,0,3,0.8682,0.382,13.419,32.251,18.832,1.7575,0.416,0
AGB-03,1328.0,98.37,2.0101,0.4604,1.062,1450.0,1.2899,0.3962,1.42,0,3,0.8856,0.3968,13.429,32.275,18.846,1.722,0.416,0
AGB-03,1329.0,85.38,2.1144,0.3863,0.81,1450.0,1.3549,0.3899,2.41,0,3,0.7655,0.3368,13.439,32.299,18.86,1.8113,0.416,0
AGB-03,1330.0,96.61,2.005,0.4718,0.946,1450.0,1.2862,0.3788,1.53,0,3,0.934,0.4022,13.449,32.324,18.874,1.7176,0.416,0
AGB-03,1331.0,90.2,2.0572,0.4516,0.652,1450.0,1.3186,0.392,1.65,0,3,0.7727,0.377,13.459,32.348,18.889,1.7623,0.416,0
AGB-03,1332.0,92.63,2.0669,0.4324,0.655,1450.0,1.3245,0.4104,2.11,0,3,0.838,0.3497,13.469,32.372,18.903,1.7707,0.416,0
AGB-03,1333.0,90.51,2.0043,0.4616,0.61,1450.0,1.285,0.3871,1.53,0,3,0.8764,0.3948,13.48,32.397,18.917,1.717,0.416,0
AGB-03,1334.0,97.49,2.0774,0.4194,1.294,1450.0,1.3305,0.3874,1.98,0,3,0.8574,0.3565,13.49,32.421,18.931,1.7796,0.416,0
AGB-03,1335.0,86.55,2.0032,0.4389,0.721,1450.0,1.2839,0.3799,1.33,0,3,0.8174,0.3979,13.5,32.445,18.945,1.7161,0.416,0
AGB-03,1336.0,90.48,2.0476,0.4504,1.069,1450.0,1.3114,0.361,1.89,0,3,0.7906,0.3745,13.51,32.469,18.96,1.7541,0.416,0
AGB-03,1337.0,88.61,2.0315,0.427,1.09,1450.0,1.301,0.3699,1.62,0,3,0.76,0.3834,13.52,32.494,18.974,1.7403,0.416,0
AGB-03,1338.0,90.04,2.0227,0.4171,0.771,1450.0,1.2953,0.3756,1.69,0,3,0.8513,0.3832,13.53,32.518,18.988,1.7327,0.416,0
AGB-03,1339.0,93.15,2.0816,0.429,0.903,1450.0,1.3318,0.3939,2.04,0,3,0.7363,0.3595,13.54,32.542,19.002,1.7832,0.416,0
AGB-03,1340.0,98.77,2.1083,0.4229,1.434,1450.0,1.3482,0.3914,2.04,0,3,0.8518,0.3498,13.55,32.567,19.016,1.8061,0.416,0
AGB-03,1341.0,103.44,2.0574,0.4573,1.98,1450.0,1.3163,0.4015,1.77,0,3,0.9237,0.3743,13.56,32.591,19.031,1.7625,0.416,0
AGB-03,1342.0,94.56,2.0382,0.4735,1.397,1450.0,1.3041,0.3726,1.77,0,3,0.9172,0.3909,13.571,32.615,19.045,1.7461,0.416,0
AGB-03,1343.0,95.59,2.0443,0.4464,1.141,1450.0,1.3077,0.4017,1.63,0,3,0.8531,0.3829,13.581,32.64,19.059,1.7513,0.416,0
AGB-03,1344.0,91.75,2.0829,0.4514,0.64,1450.0,1.3315,0.3871,1.75,0,3,0.8386,0.3593,13.591,32.664,19.073,1.7844,0.416,0
AGB-03,1345.0,95.2,2.0809,0.442,0.694,1450.0,1.3301,0.3844,1.95,0,3,0.8435,0.3661,13.601,32.688,19.087,1.7827,0.416,0
AGB-03,1346.0,84.17,2.08,0.393,0.718,1450.0,1.3292,0.3814,2.52,0,3,0.7981,0.3476,13.611,32.713,19.102,1.7818,0.416,0
AGB-03,1347.0,102.28,2.0777,0.443,0.888,1450.0,1.3277,0.3936,2.53,0,3,0.9098,0.3613,13.621,32.737,19.116,1.7799,0.416,0
AGB-03,1348.0,89.8,2.0864,0.4528,1.081,1450.0,1.3329,0.3699,2.14,0,3,0.8107,0.3631,13.631,32.761,19.13,1.7873,0.416,0
AGB-03,1349.0,98.79,2.017,0.499,0.702,1450.0,1.2895,0.373,1.19,0,3,0.9102,0.398,13.641,32.785,19.144,1.7279,0.416,0
AGB-03,1350.0,89.17,2.0014,0.4594,1.069,1450.0,1.2796,0.3863,1.32,0,3,0.8566,0.3961,13.651,32.81,19.158,1.7145,0.416,0
AGB-03,1351.0,98.08,2.0496,0.4516,1.101,1450.0,1.3095,0.3892,1.86,0,3,0.8826,0.3704,13.662,32.834,19.172,1.7558,0.416,0
AGB-03,1352.0,101.84,2.0325,0.4457,0.725,1450.0,1.2987,0.3868,1.56,0,3,0.8695,0.3779,13.672,32.858,19.187,1.7411,0.416,0
AGB-03,1353.0,95.55,2.1197,0.4644,0.909,1450.0,1.3529,0.3891,1.93,0,3,0.8758,0.3633,13.682,32.883,19.201,1.8159,0.416,0
AGB-03,1354.0,92.16,2.0895,0.4407,0.508,1450.0,1.334,0.3918,2.08,0,3,0.8125,0.3585,13.692,32.907,19.215,1.79,0.416,0
AGB-03,1355.0,86.22,2.0291,0.4317,0.726,1450.0,1.2964,0.382,1.67,0,3,0.8048,0.3915,13.702,32.931,19.229,1.7382,0.416,0
AGB-03,1356.0,96.12,2.0964,0.4547,1.13,1450.0,1.3382,0.3772,1.81,0,3,0.8843,0.3609,13.712,32.956,19.243,1.7959,0.416,0
AGB-03,1357.0,97.05,2.0213,0.4589,0.77,1450.0,1.2914,0.381,1.67,0,3,0.8505,0.3761,13.722,32.98,19.258,1.7316,0.416,0
AGB-03,1358.0,88.31,2.0819,0.4487,0.663,1450.0,1.3291,0.3808,2.05,0,3,0.7816,0.3756,13.732,33.004,19.272,1.7835,0.416,0
AGB-03,1359.0,97.02,2.092,0.4187,0.609,1450.0,1.3354,0.3932,2.16,0,3,0.8326,0.3521,13.742,33.028,19.286,1.7921,0.416,0
AGB-03,1360.0,90.12,2.093,0.452,1.003,1450.0,1.336,0.379,2.3,0,3,0.8174,0.3498,13.753,33.053,19.3,1.793,0.416,0
AGB-03,1361.0,97.39,2.0185,0.4421,1.24,1450.0,1.2897,0.3857,1.64,0,3,0.8972,0.3871,13.763,33.077,19.314,1.7292,0.416,0
AGB-03,1362.0,96.23,2.0463,0.4832,1.318,1450.0,1.307,0.3869,1.86,0,3,0.8829,0.3816,13.773,33.101,19.329,1.753,0.416,0
AGB-03,1363.0,93.06,2.1072,0.4008,0.898,1450.0,1.345,0.3868,2.34,0,3,0.8233,0.3357,13.783,33.126,19.343,1.8052,0.416,0
AGB-03,1364.0,97.11,2.0403,0.4775,0.873,1450.0,1.3034,0.3802,1.61,0,3,0.89,0.3825,13.793,33.15,19.357,1.7478,0.416,0
AGB-03,1365.0,94.06,2.0139,0.4529,1.342,1450.0,1.2871,0.3745,1.5,0,3,0.8766,0.3879,13.803,33.174,19.371,1.7253,0.416,0
AGB-03,1366.0,94.77,2.035,0.4428,0.687,1450.0,1.3003,0.3906,1.8,0,3,0.8648,0.3875,13.813,33.199,19.385,1.7433,0.416,0
AGB-03,1367.0,95.37,2.0207,0.4877,1.066,1450.0,1.2915,0.3894,1.59,0,3,0.8654,0.3932,13.823,33.223,19.4,1.731,0.416,0
AGB-03,1368.0,97.27,2.1031,0.4506,2.103,1450.0,1.343,0.3798,2.51,0,3,0.9007,0.3356,13.833,33.247,19.414,1.8016,0.416,0
AGB-03,1369.0,93.66,2.0735,0.404,0.899,1450.0,1.3247,0.3994,2.13,0,3,0.8084,0.3545,13.844,33.271,19.428,1.7763,0.416,0
AGB-03,1370.0,85.71,2.1001,0.4035,1.314,1450.0,1.3414,0.3907,2.35,0,3,0.7769,0.3327,13.854,33.296,19.442,1.7991,0.416,0
AGB-03,1371.0,92.4,2.0555,0.4587,1.14,1450.0,1.3138,0.4019,1.61,0,3,0.8247,0.3881,13.864,33.32,19.456,1.7609,0.416,0
AGB-03,1372.0,92.52,2.0213,0.4468,1.1,1450.0,1.2927,0.4013,1.59,0,3,0.8716,0.3774,13.874,33.344,19.471,1.7316,0.416,0
AGB-03,1373.0,90.79,2.0918,0.4185,0.715,1450.0,1.3368,0.3907,1.88,0,3,0.8378,0.3445,13.884,33.369,19.485,1.792,0.416,0
AGB-03,1374.0,90.65,2.0849,0.4059,1.342,1450.0,1.3327,0.3899,2.34,0,3,0.8054,0.3518,13.894,33.393,19.499,1.786,0.416,0
AGB-03,1375.0,90.94,2.091,0.4397,0.539,1450.0,1.3367,0.3937,2.24,0,3,0.8365,0.3664,13.904,33.417,19.513,1.7913,0.416,0
AGB-03,1376.0,108.74,2.0512,0.4692,0.612,1450.0,1.3121,0.383,1.88,0,3,0.9468,0.38,13.914,33.442,19.527,1.7572,0.416,0
AGB-03,1377.0,98.96,2.1042,0.4242,1.236,1450.0,1.3454,0.379,1.84,0,3,0.9432,0.3501,13.924,33.466,19.541,1.8026,0.416,0
AGB-03,1378.0,94.02,2.0649,0.4345,0.824,1450.0,1.3211,0.3788,1.72,0,3,0.8702,0.3707,13.935,33.49,19.556,1.7689,0.416,0
AGB-03,1379.0,100.78,2.0846,0.443,2.106,1450.0,1.3336,0.3859,2.27,0,3,0.9243,0.3544,13.945,33.515,19.57,1.7858,0.416,0
AGB-03,1380.0,87.91,2.037,0.4373,1.167,1450.0,1.3042,0.3846,1.89,0,3,0.779,0.37,13.955,33.539,19.584,1.745,0.416,0
AGB-03,1381.0,92.06,2.0524,0.4497,0.771,1450.0,1.314,0.3809,1.96,0,3,0.8426,0.3847,13.965,33.563,19.598,1.7582,0.416,0
AGB-03,1382.0,94.41,2.0575,0.433,0.665,1450.0,1.3175,0.396,2.04,0,3,0.8396,0.3667,13.975,33.587,19.612,1.7626,0.416,0
AGB-03,1383.0,97.24,2.0379,0.4616,0.888,1450.0,1.3055,0.3773,1.55,0,3,0.8612,0.3891,13.985,33.612,19.627,1.7458,0.416,0
AGB-03,1384.0,97.77,2.0392,0.4474,1.057,1450.0,1.3066,0.3909,1.34,0,3,0.8826,0.3787,13.995,33.636,19.641,1.7469,0.416,0
AGB-03,1385.0,92.34,2.0847,0.3884,0.949,1450.0,1.3352,0.3899,1.83,0,3,0.8082,0.3438,14.005,33.66,19.655,1.7859,0.416,0
AGB-03,1386.0,90.89,2.1431,0.3982,0.809,1450.0,1.372,0.3836,2.38,0,3,0.8386,0.3233,14.015,33.685,19.669,1.836,0.416,0
AGB-03,1387.0,90.06,2.0237,0.4494,0.42,1450.0,1.2976,0.3817,1.77,0,3,0.8486,0.389,14.026,33.709,19.683,1.7336,0.416,0
AGB-03,1388.0,95.15,2.0598,0.4246,0.64,1450.0,1.3205,0.3974,1.56,0,3,0.8658,0.3767,14.036,33.733,19.698,1.7646,0.416,0
AGB-03,1389.0,88.89,2.0938,0.427,0.613,1450.0,1.342,0.3822,2.0,0,3,0.8025,0.3621,14.046,33.758,19.712,1.7937,0.416,0
AGB-03,1390.0,97.57,2.0792,0.4399,1.445,1450.0,1.3332,0.3865,1.77,0,3,0.8828,0.3574,14.056,33.782,19.726,1.7812,0.416,0
AGB-03,1391.0,99.53,2.0313,0.4689,0.963,1450.0,1.3034,0.3785,1.84,0,3,0.9342,0.3942,14.066,33.806,19.74,1.7401,0.416,0
AGB-03,1392.0,88.45,2.1218,0.399,0.73,1450.0,1.3603,0.389,1.89,0,3,0.8062,0.3412,14.076,33.83,19.754,1.8177,0.416,0
AGB-03,1393.0,94.98,2.0307,0.4601,0.77,1450.0,1.3036,0.3914,1.77,0,3,0.8491,0.3867,14.086,33.855,19.769,1.7397,0.416,0
AGB-03,1394.0,96.52,2.0649,0.4419,0.801,1450.0,1.3253,0.3897,1.89,0,3,0.8481,0.3766,14.096,33.879,19.783,1.7689,0.416,0
AGB-03,1395.0,94.62,2.0647,0.442,1.441,1450.0,1.3254,0.3771,1.97,0,3,0.8829,0.3744,14.106,33.903,19.797,1.7687,0.416,0
AGB-03,1396.0,84.41,2.0986,0.4078,1.027,1450.0,1.3469,0.3943,1.87,0,3,0.7677,0.3475,14.117,33.928,19.811,1.7978,0.416,0
AGB-03,1397.0,95.24,2.0957,0.4288,1.054,1450.0,1.3454,0.4063,1.83,0,3,0.8171,0.3518,14.127,33.952,19.825,1.7953,0.416,0
AGB-03,1398.0,93.13,2.0813,0.4167,0.747,1450.0,1.3366,0.3677,2.07,0,3,0.8392,0.3519,14.137,33.976,19.839,1.7829,0.416,0
AGB-03,1399.0,92.41,2.0406,0.4661,0.902,1450.0,1.3113,0.3572,1.59,0,3,0.8419,0.3819,14.147,34.001,19.854,1.7481,0.416,0
AGB-03,1400.0,104.6,2.0635,0.4724,1.687,1450.0,1.3259,0.3832,1.88,0,3,0.9021,0.361,14.157,34.025,19.868,1.7677,0.416,0
AGB-03,1401.0,93.13,2.1108,0.4258,0.872,1450.0,1.3558,0.3837,2.11,0,3,0.8074,0.351,14.167,34.049,19.882,1.8082,0.416,0
AGB-03,1402.0,94.63,2.0505,0.4383,1.06,1450.0,1.3182,0.3863,1.99,0,3,0.8704,0.3738,14.177,34.074,19.896,1.7566,0.416,0
AGB-03,1403.0,97.05,2.0888,0.4217,0.909,1450.0,1.3425,0.3969,2.47,0,3,0.8794,0.3421,14.187,34.098,19.91,1.7894,0.416,0
AGB-03,1404.0,93.75,2.0942,0.4312,0.843,1450.0,1.3461,0.4022,1.87,0,3,0.8351,0.3564,14.197,34.122,19.925,1.794,0.416,0
AGB-03,1405.0,88.45,2.0903,0.4185,0.407,1451.9,1.3441,0.3819,2.48,0,3,0.7492,0.344,14.208,34.146,19.939,1.791,0.4162,0
AGB-03,1406.0,61.76,2.1424,0.3576,0.489,2035.7,3.25,0.3603,2.36,0,2,0.5278,0.3212,14.218,34.171,19.953,4.5007,0.3883,0
AGB-03,1407.0,68.68,2.1436,0.3401,0.573,2096.2,3.9494,0.3385,3.05,0,2,0.5145,0.303,14.228,34.195,19.967,5.5534,0.3619,0
AGB-03,1408.0,71.94,2.1554,0.3468,0.539,2014.0,3.0603,0.3573,3.14,0,2,0.5842,0.3066,14.238,34.219,19.981,4.2194,0.3955,0
AGB-03,1409.0,76.16,2.0303,0.4098,0.331,1450.0,1.3069,0.3748,1.9,0,2,0.6185,0.3746,14.248,34.244,19.996,1.7392,0.416,0
AGB-03,1410.0,69.73,2.1263,0.3835,0.823,1913.9,2.3212,0.3871,2.77,0,2,0.6025,0.325,14.258,34.268,20.01,3.1507,0.4167,0
AGB-03,1411.0,71.47,2.1828,0.3491,1.341,2124.3,3.4831,0.3732,3.78,0,2,0.5598,0.3039,14.268,34.292,20.024,4.8441,0.3928,0
AGB-03,1412.0,74.27,2.1267,0.3496,0.467,2023.4,3.0119,0.3519,2.3,0,2,0.541,0.3238,14.278,34.317,20.038,4.1459,0.3973,0
AGB-03,1413.0,71.11,2.0952,0.3975,0.525,1719.9,2.1553,0.3571,2.4,0,2,0.5665,0.3428,14.288,34.341,20.052,2.9146,0.399,0
AGB-03,1414.0,69.56,2.0999,0.3801,0.442,1907.8,2.4699,0.382,2.54,0,2,0.5603,0.3344,14.299,34.365,20.067,3.3608,0.4074,0
AGB-03,1415.0,70.86,2.1192,0.3581,1.037,2007.5,3.1716,0.3536,3.43,0,2,0.551,0.3139,14.309,34.389,20.081,4.3788,0.3866,0
AGB-03,1416.0,59.12,2.1772,0.3203,0.703,2247.0,4.6191,0.3203,3.5,0,2,0.4642,0.3048,14.319,34.414,20.095,6.5874,0.3585,0
AGB-03,1417.0,76.37,2.1393,0.3633,0.647,1782.9,2.4319,0.3587,2.91,0,2,0.6087,0.318,14.329,34.438,20.109,3.3054,0.3945,0
AGB-03,1418.0,66.92,2.148,0.3644,0.679,2093.2,3.3358,0.3552,2.7,0,2,0.5541,0.3093,14.339,34.462,20.123,4.6202,0.3931,0
AGB-03,1419.0,69.05,2.1316,0.363,0.386,2177.9,4.1142,0.3438,3.03,0,2,0.4965,0.3052,14.349,34.487,20.138,5.7968,0.3674,0
AGB-03,1420.0,25.43,2.1565,0.2799,0.806,3221.2,10.5461,0.2472,4.7,0,0,0.0779,0.2827,14.359,34.511,20.152,18.1943,0.2625,0
AGB-03,1421.0,35.57,2.1862,0.2454,0.801,3198.4,10.5125,0.2455,5.41,0,0,0.1121,0.2737,14.369,34.535,20.166,18.105,0.2646,0
AGB-03,1422.0,32.68,2.2186,0.2536,1.002,3157.0,10.8363,0.1978,6.31,0,0,0.0862,0.2724,14.379,34.56,20.18,18.9492,0.2341,0
AGB-03,1423.0,36.72,2.2374,0.2579,0.7,3260.1,11.027,0.2286,5.28,0,0,0.1223,0.2589,14.39,34.584,20.194,19.4643,0.2593,0
AGB-03,1424.0,37.4,2.2328,0.2528,0.936,3124.3,11.2551,0.1794,4.98,0,0,0.0776,0.255,14.4,34.608,20.208,20.1025,0.1786,0
AGB-03,1425.0,33.19,2.2377,0.2473,1.11,3286.1,11.3144,0.2258,5.43,0,0,0.0968,0.2583,14.41,34.632,20.223,20.2695,0.2464,0
AGB-03,1426.0,31.03,2.1916,0.2838,0.739,3322.2,11.5023,0.1958,4.97,0,0,0.02,0.2751,14.42,34.657,20.237,20.8191,0.2314,0
AGB-03,1427.0,29.08,2.2194,0.26,1.242,3278.1,11.6567,0.1873,5.14,0,0,0.0384,0.2616,14.43,34.681,20.251,21.2842,0.2066,0
AGB-03,1428.0,31.62,2.2041,0.261,1.048,3017.1,10.6117,0.1407,4.81,0,0,0.0921,0.2677,14.44,34.705,20.265,18.3386,0.187,0
AGB-03,1429.0,21.96,2.2022,0.2452,0.945,3403.3,11.8779,0.2051,5.72,0,0,0.02,0.2643,14.45,34.73,20.279,21.9745,0.2308,0
AGB-03,1430.0,39.03,2.1837,0.2897,0.799,2885.2,9.2595,0.2136,3.18,0,0,0.1318,0.2987,14.46,34.754,20.294,15.1148,0.2512,0
AGB-03,1431.0,32.79,2.2013,0.2714,0.756,3068.4,10.2544,0.2144,4.72,0,0,0.1105,0.2804,14.471,34.778,20.308,17.4287,0.245,0
AGB-03,1432.0,49.88,2.1847,0.3008,1.114,2770.6,7.9282,0.2738,4.38,0,1,0.2905,0.2796,14.481,34.803,20.322,12.3554,0.3029,0
AGB-03,1433.0,36.8,2.2206,0.2976,1.117,2660.4,8.1773,0.2417,4.5,0,1,0.2515,0.2854,14.491,34.827,20.336,12.8458,0.26,0
AGB-03,1434.0,42.61,2.214,0.2695,1.136,2935.1,9.2026,0.2452,4.84,0,1,0.2297,0.2691,14.501,34.851,20.35,14.9838,0.2782,0
AGB-03,1435.0,45.74,2.1466,0.2975,0.566,2703.3,7.9337,0.2585,3.72,1,1,0.2295,0.2969,14.511,34.876,20.365,12.3635,0.2768,0
AGB-03,1436.0,47.81,2.1955,0.3195,0.629,2703.1,7.9157,0.2544,4.3,0,1,0.2586,0.2912,14.521,34.9,20.379,12.3274,0.2873,0
AGB-03,1437.0,40.8,2.1769,0.2894,0.696,2620.9,8.172,0.2184,4.2,0,1,0.223,0.2897,14.531,34.924,20.393,12.8318,0.2332,0
AGB-03,1438.0,39.99,2.1727,0.2966,0.786,2904.4,9.0993,0.2352,4.39,1,1,0.1975,0.2795,14.541,34.948,20.407,14.7551,0.2672,0
AGB-03,1439.0,41.01,2.1944,0.3185,0.65,2729.3,8.1251,0.2452,3.71,0,1,0.2338,0.2947,14.551,34.973,20.421,12.7373,0.2816,0
AGB-03,1440.0,50.02,2.2071,0.2945,0.753,2674.7,7.4048,0.2878,4.57,0,1,0.3425,0.276,14.562,34.997,20.436,11.3482,0.3112,0
AGB-03,1441.0,41.76,2.2065,0.2606,0.438,2733.4,8.5485,0.2164,4.7,0,1,0.2273,0.2837,14.572,35.021,20.45,13.5911,0.2556,0
AGB-03,1442.0,41.9,2.1764,0.2764,0.564,2847.6,9.0144,0.2296,6.2,0,1,0.2131,0.2744,14.582,35.046,20.464,14.5693,0.2549,0
AGB-03,1443.0,46.39,2.1945,0.2782,1.067,2882.2,9.0135,0.2391,4.89,0,1,0.2306,0.2714,14.592,35.07,20.478,14.5669,0.2707,0
AGB-03,1444.0,49.44,2.1844,0.3217,0.902,2712.9,7.7106,0.2767,4.81,0,1,0.29,0.2855,14.602,35.094,20.492,11.9267,0.3005,0
AGB-03,1445.0,41.02,2.189,0.2873,1.058,2663.3,8.2091,0.214,4.17,0,1,0.2252,0.2916,14.612,35.119,20.506,12.902,0.2515,0
AGB-03,1446.0,44.12,2.1833,0.317,0.651,2848.9,8.3893,0.263,4.57,0,1,0.2503,0.2829,14.622,35.143,20.521,13.2646,0.2972,0
AGB-03,1447.0,42.76,2.1994,0.2783,0.489,3019.3,9.2591,0.2644,5.48,0,1,0.2332,0.2679,14.632,35.167,20.535,15.1002,0.295,0
AGB-03,1448.0,36.73,2.1814,0.2762,0.42,2940.6,9.3582,0.2529,4.6,0,1,0.1542,0.2897,14.642,35.191,20.549,15.3193,0.2631,0
AGB-03,1449.0,48.05,2.1525,0.3205,0.502,2424.5,6.4648,0.2636,2.43,0,1,0.2927,0.3136,14.653,35.216,20.563,9.642,0.2906,0
AGB-03,1450.0,51.0,2.1703,0.2859,0.63,2788.1,7.8357,0.2966,3.45,0,1,0.2701,0.2903,14.663,35.24,20.577,12.1683,0.3101,0
AGB-03,1451.0,37.41,2.1972,0.297,0.481,2986.2,9.5004,0.2406,4.38,0,1,0.1577,0.2872,14.673,35.264,20.592,15.6388,0.2712,0
AGB-03,1452.0,43.22,2.1407,0.2995,0.671,2685.9,8.0375,0.2549,3.93,0,1,0.2013,0.3032,14.683,35.289,20.606,12.5632,0.2623,0
AGB-03,1453.0,53.29,2.1697,0.2972,0.832,2561.1,7.1305,0.268,3.36,0,1,0.3244,0.2852,14.693,35.313,20.62,10.8393,0.2907,0
AGB-03,1454.0,46.19,2.1882,0.2819,0.687,2797.2,8.1015,0.2849,3.71,0,1,0.2761,0.2814,14.703,35.337,20.634,12.6907,0.3008,0
AGB-03,1455.0,37.63,2.183,0.3055,1.028,2725.0,7.8877,0.2556,3.63,1,1,0.2307,0.303,14.713,35.362,20.648,12.2717,0.293,0
AGB-03,1456.0,91.38,2.1014,0.4112,0.844,1450.0,1.355,0.3918,2.11,0,3,0.8274,0.3475,14.723,35.386,20.663,1.8002,0.416,0
AGB-03,1457.0,93.47,2.0406,0.4626,1.34,1450.0,1.3167,0.3849,2.01,0,3,0.8776,0.373,14.733,35.41,20.677,1.7481,0.416,0
AGB-03,1458.0,97.86,2.1019,0.4196,1.582,1450.0,1.3551,0.3814,2.05,0,3,0.8797,0.3531,14.744,35.435,20.691,1.8006,0.416,0
AGB-03,1459.0,96.9,2.132,0.4145,1.221,1450.0,1.374,0.3719,2.54,0,3,0.8478,0.3373,14.754,35.459,20.705,1.8264,0.416,0
AGB-03,1460.0,95.67,2.1028,0.4294,1.019,1450.0,1.3556,0.3805,1.88,0,3,0.8797,0.3491,14.764,35.483,20.719,1.8014,0.416,0
AGB-03,1461.0,92.45,2.0969,0.4276,1.01,1450.0,1.3518,0.4048,2.05,0,3,0.8617,0.3494,14.774,35.507,20.734,1.7964,0.416,0
AGB-03,1462.0,86.23,2.0768,0.4334,1.119,1450.0,1.3391,0.3949,1.91,0,3,0.8481,0.358,14.784,35.532,20.748,1.7791,0.416,0
AGB-03,1463.0,95.79,2.0741,0.4553,1.151,1450.0,1.3373,0.3844,2.2,0,3,0.8768,0.3609,14.794,35.556,20.762,1.7768,0.416,0
AGB-03,1464.0,95.84,2.118,0.414,1.508,1450.0,1.3648,0.3958,2.49,0,3,0.8702,0.3454,14.804,35.58,20.776,1.8144,0.416,0
AGB-03,1465.0,94.54,2.0531,0.453,1.022,1450.0,1.3239,0.4078,2.01,0,3,0.8758,0.3701,14.814,35.605,20.79,1.7588,0.416,0
AGB-03,1466.0,93.43,2.1012,0.4227,1.262,1450.0,1.354,0.3881,2.08,0,3,0.8669,0.361,14.824,35.629,20.804,1.8,0.416,0
AGB-03,1467.0,91.43,2.0295,0.4612,0.733,1450.0,1.3088,0.3787,1.5,0,3,0.8476,0.3877,14.835,35.653,20.819,1.7386,0.416,0
AGB-03,1468.0,99.73,2.1073,0.4323,1.48,1450.0,1.3576,0.384,2.45,0,3,0.9071,0.349,14.845,35.678,20.833,1.8052,0.416,0
AGB-03,1469.0,98.29,2.0754,0.433,1.323,1450.0,1.3375,0.3728,2.25,0,3,0.8773,0.3545,14.855,35.702,20.847,1.7779,0.416,0
AGB-03,1470.0,92.68,2.0632,0.4547,1.059,1450.0,1.3297,0.3786,1.75,0,3,0.8296,0.3826,14.865,35.726,20.861,1.7674,0.416,0
AGB-03,1471.0,99.79,2.0471,0.4514,0.873,1450.0,1.3195,0.3887,1.75,0,3,0.8778,0.3683,14.875,35.75,20.875,1.7537,0.416,0
AGB-03,1472.0,92.04,2.1166,0.4309,1.004,1450.0,1.363,0.3935,2.03,0,3,0.8384,0.3405,14.885,35.775,20.89,1.8132,0.416,0
AGB-03,1473.0,91.22,2.0817,0.444,1.189,1450.0,1.341,0.3858,1.65,0,3,0.8399,0.3605,14.895,35.799,20.904,1.7833,0.416,0
AGB-03,1474.0,94.82,2.0394,0.4592,1.578,1450.0,1.3142,0.3756,1.47,0,3,0.9,0.3842,14.905,35.823,20.918,1.747,0.416,0
AGB-03,1475.0,99.61,2.0169,0.4836,0.977,1450.0,1.3,0.3773,1.81,0,3,0.8959,0.3881,14.915,35.848,20.932,1.7278,0.416,0
AGB-03,1476.0,92.76,2.0962,0.4283,1.07,1450.0,1.3497,0.3825,2.29,0,3,0.8419,0.3438,14.926,35.872,20.946,1.7957,0.416,0
AGB-03,1477.0,90.22,2.0814,0.401,1.083,1450.0,1.3403,0.3873,2.32,0,3,0.8493,0.3481,14.936,35.896,20.961,1.783,0.416,0
AGB-03,1478.0,87.5,2.0785,0.4431,0.924,1450.0,1.3384,0.3901,2.17,0,3,0.8394,0.3668,14.946,35.921,20.975,1.7806,0.416,0
AGB-03,1479.0,93.07,2.032,0.4626,1.074,1450.0,1.309,0.3702,1.82,0,3,0.8881,0.3932,14.956,35.945,20.989,1.7408,0.416,0
AGB-03,1480.0,95.11,2.0437,0.4529,0.616,1450.0,1.3162,0.373,1.61,0,3,0.8849,0.3797,14.966,35.969,21.003,1.7507,0.416,0
AGB-03,1481.0,102.3,2.0479,0.4491,1.44,1450.0,1.3187,0.3614,2.19,0,3,0.9165,0.3843,14.976,35.993,21.017,1.7543,0.416,0
AGB-03,1482.0,86.39,2.09,0.4269,1.008,1450.0,1.3451,0.388,2.18,0,3,0.7939,0.3567,14.986,36.018,21.032,1.7905,0.416,0
AGB-03,1483.0,93.66,2.0995,0.4491,0.785,1450.0,1.3509,0.3957,2.01,0,3,0.8585,0.3581,14.996,36.042,21.046,1.7986,0.416,0
AGB-03,1484.0,92.91,2.0638,0.4451,1.057,1450.0,1.3284,0.3942,2.21,0,3,0.8531,0.3659,15.006,36.066,21.06,1.768,0.416,0
AGB-03,1485.0,101.18,2.0329,0.4734,1.057,1450.0,1.3088,0.3817,1.49,0,3,0.9081,0.3946,15.017,36.091,21.074,1.7415,0.416,0
AGB-03,1486.0,91.97,2.0509,0.4464,0.88,1450.0,1.32,0.3812,1.94,0,3,0.8377,0.3731,15.027,36.115,21.088,1.7569,0.416,0
AGB-03,1487.0,89.39,2.0821,0.4613,1.556,1450.0,1.3394,0.3795,1.72,0,3,0.8395,0.3637,15.037,36.139,21.103,1.7837,0.416,0
AGB-03,1488.0,98.01,2.096,0.4249,0.952,1450.0,1.348,0.3852,2.16,0,3,0.898,0.3476,15.047,36.164,21.117,1.7956,0.416,0
AGB-03,1489.0,92.54,2.0625,0.4412,0.727,1450.0,1.3268,0.3809,1.93,0,3,0.8724,0.3728,15.057,36.188,21.131,1.7669,0.416,0
AGB-03,1490.0,90.25,2.1524,0.3786,1.324,1503.3,1.3894,0.385,2.58,0,3,0.8206,0.3105,15.067,36.212,21.145,1.8527,0.4227,0
AGB-03,1491.0,88.18,2.1222,0.3927,0.918,1450.0,1.364,0.3881,2.62,0,3,0.8014,0.3334,15.077,36.237,21.159,1.818,0.416,0
AGB-03,1492.0,89.58,2.1452,0.4102,0.979,1450.0,1.3783,0.3914,2.32,0,3,0.8268,0.3395,15.087,36.261,21.173,1.8377,0.416,0
AGB-03,1493.0,90.86,2.0801,0.4252,1.142,1450.0,1.3373,0.3695,2.0,0,3,0.8265,0.3541,15.097,36.285,21.188,1.7819,0.416,0
AGB-03,1494.0,93.79,2.0873,0.4144,1.244,1450.0,1.3416,0.3617,2.31,0,3,0.8624,0.3539,15.108,36.309,21.202,1.7881,0.416,0
AGB-03,1495.0,94.91,2.0607,0.4667,1.403,1450.0,1.3249,0.3829,1.7,0,3,0.9174,0.383,15.118,36.334,21.216,1.7653,0.416,0
AGB-03,1496.0,95.51,2.0858,0.4099,0.861,1450.0,1.3404,0.391,2.4,0,3,0.8405,0.35,15.128,36.358,21.23,1.7868,0.416,0
AGB-03,1497.0,93.19,2.0652,0.4536,1.117,1450.0,1.3274,0.3903,2.01,0,3,0.8838,0.3636,15.138,36.382,21.244,1.7692,0.416,0
AGB-03,1498.0,95.12,2.1046,0.4226,0.768,1450.0,1.3519,0.3869,2.71,0,3,0.8455,0.3432,15.148,36.407,21.259,1.8029,0.416,0
AGB-03,1499.0,99.11,2.0987,0.4226,1.52,1450.0,1.348,0.3724,2.05,0,3,0.8898,0.3474,15.158,36.431,21.273,1.7979,0.416,0
AGB-03,1500.0,95.2,2.0519,0.471,0.876,1450.0,1.3185,0.3752,1.56,0,3,0.8711,0.391,15.168,36.455,21.287,1.7578,0.416,0
AGB-03,1501.0,96.83,2.0808,0.4431,0.842,1450.0,1.3364,0.3841,1.89,0,3,0.8954,0.3625,15.178,36.48,21.301,1.7825,0.416,0
AGB-03,1502.0,94.77,2.068,0.4264,1.013,1450.0,1.3282,0.3827,2.11,0,3,0.8679,0.3559,15.188,36.504,21.315,1.7715,0.416,0
AGB-03,1503.0,86.19,2.1113,0.4082,0.893,1500.9,1.3612,0.4059,2.33,0,3,0.767,0.3373,15.199,36.528,21.33,1.817,0.4224,0
AGB-03,1504.0,92.86,2.0203,0.4551,0.862,1450.0,1.298,0.3838,2.01,0,3,0.8109,0.3846,15.209,36.552,21.344,1.7307,0.416,0
AGB-03,1505.0,97.87,2.0738,0.4384,0.918,1450.0,1.3313,0.3778,2.11,0,3,0.855,0.3711,15.219,36.577,21.358,1.7766,0.416,0
AGB-03,1506.0,92.83,2.0733,0.4146,1.004,1450.0,1.3308,0.3744,2.21,0,3,0.8849,0.3491,15.229,36.601,21.372,1.7761,0.416,0
AGB-03,1507.0,86.32,2.0632,0.4227,0.855,1450.0,1.3243,0.3785,1.76,0,3,0.8078,0.3741,15.239,36.625,21.386,1.7675,0.416,0
AGB-03,1508.0,89.49,2.0994,0.416,1.038,1450.0,1.3467,0.3888,2.57,0,3,0.8271,0.3404,15.249,36.65,21.401,1.7985,0.416,0
AGB-03,1509.0,94.27,2.1215,0.419,1.333,1450.0,1.3603,0.3942,2.3,0,3,0.8801,0.3471,15.259,36.674,21.415,1.8174,0.416,0
AGB-03,1510.0,96.16,2.0408,0.477,1.472,1450.0,1.3096,0.3799,1.47,0,3,0.8916,0.3894,15.269,36.698,21.429,1.7483,0.416,0
AGB-03,1511.0,89.6,2.0445,0.4379,0.89,1450.0,1.3117,0.3888,1.64,0,3,0.8311,0.3791,15.279,36.723,21.443,1.7514,0.416,0
AGB-03,1512.0,97.96,2.0523,0.4485,0.8,1450.0,1.3164,0.3872,1.89,0,3,0.8821,0.3785,15.29,36.747,21.457,1.7582,0.416,0
AGB-03,1513.0,96.7,2.0522,0.4357,1.118,1450.0,1.3161,0.3721,2.05,0,3,0.9192,0.3684,15.3,36.771,21.471,1.758,0.416,0
AGB-03,1514.0,93.98,2.097,0.4471,0.783,1450.0,1.3439,0.3836,2.24,0,3,0.8502,0.3514,15.31,36.795,21.486,1.7965,0.416,0
AGB-03,1515.0,92.92,2.0796,0.4386,0.774,1450.0,1.3328,0.3914,2.0,0,3,0.8327,0.3508,15.32,36.82,21.5,1.7815,0.416,0
AGB-03,1516.0,100.14,2.0516,0.4406,1.273,1450.0,1.3151,0.3924,1.9,0,3,0.8733,0.3801,15.33,36.844,21.514,1.7575,0.416,0
AGB-03,1517.0,100.45,2.0738,0.4073,1.536,1450.0,1.3287,0.3761,2.0,0,3,0.8585,0.349,15.34,36.868,21.528,1.7765,0.416,0
AGB-03,1518.0,88.5,2.1122,0.418,0.877,1450.0,1.3525,0.3786,2.25,0,3,0.8059,0.3447,15.35,36.893,21.542,1.8094,0.416,0
AGB-03,1519.0,97.73,2.0683,0.4219,1.498,1450.0,1.3248,0.3825,1.95,0,3,0.8714,0.3585,15.36,36.917,21.557,1.7718,0.416,0
AGB-03,1520.0,90.61,2.1023,0.4078,1.502,1450.0,1.3459,0.3853,2.11,0,3,0.8431,0.3411,15.37,36.941,21.571,1.801,0.416,0
AGB-03,1521.0,90.65,2.0767,0.4476,0.704,1450.0,1.3296,0.3687,2.08,0,3,0.8642,0.3665,15.381,36.966,21.585,1.779,0.416,0
AGB-03,1522.0,91.17,2.0865,0.4058,0.887,1450.0,1.3355,0.3756,2.52,0,3,0.823,0.3467,15.391,36.99,21.599,1.7874,0.416,0
AGB-03,1523.0,92.79,2.1144,0.3923,1.079,1450.0,1.3527,0.376,2.03,0,3,0.8421,0.3556,15.401,37.014,21.613,1.8113,0.416,0
AGB-03,1524.0,93.56,2.1064,0.4116,0.995,1450.0,1.3475,0.3725,2.23,0,3,0.8512,0.3439,15.411,37.039,21.628,1.8045,0.416,0
AGB-03,1525.0,93.04,2.0993,0.4264,1.277,1450.0,1.3428,0.385,2.1,0,3,0.8753,0.3564,15.421,37.063,21.642,1.7984,0.416,0
AGB-03,1526.0,92.89,2.0557,0.4597,0.828,1450.0,1.3154,0.3678,1.93,0,3,0.8377,0.3729,15.431,37.087,21.656,1.761,0.416,0
AGB-03,1527.0,90.9,2.079,0.4364,1.835,1450.0,1.3298,0.3828,2.41,0,3,0.8117,0.365,15.441,37.111,21.67,1.781,0.416,0
AGB-03,1528.0,97.48,2.0866,0.4583,1.131,1450.0,1.3343,0.3727,2.37,0,3,0.9173,0.3541,15.451,37.136,21.684,1.7875,0.416,0
AGB-03,1529.0,92.45,2.1137,0.4121,1.545,1450.0,1.351,0.3743,2.27,0,3,0.8363,0.3449,15.461,37.16,21.699,1.8107,0.416,0
AGB-03,1530.0,95.22,2.0763,0.4414,1.015,1450.0,1.3275,0.3848,2.3,0,3,0.8198,0.3616,15.472,37.184,21.713,1.7787,0.416,0
AGB-03,1531.0,91.78,2.0928,0.4422,0.895,1450.0,1.3376,0.3759,1.98,0,3,0.8275,0.3538,15.482,37.209,21.727,1.7928,0.416,0
AGB-03,1532.0,92.36,2.0995,0.4141,0.993,1450.0,1.3416,0.3982,2.03,0,3,0.8225,0.3496,15.492,37.233,21.741,1.7986,0.416,0
AGB-03,1533.0,91.7,2.0601,0.4329,1.008,1450.0,1.3169,0.3714,1.89,0,3,0.8698,0.367,15.502,37.257,21.755,1.7648,0.416,0
AGB-03,1534.0,95.02,2.0802,0.4377,1.124,1450.0,1.3292,0.3984,2.6,0,3,0.8577,0.349,15.512,37.282,21.77,1.782,0.416,0
AGB-03,1535.0,98.77,2.13,0.4048,1.342,1450.0,1.3601,0.3914,2.69,0,3,0.8871,0.3347,15.522,37.306,21.784,1.8247,0.416,0
AGB-03,1536.0,98.65,2.0856,0.4139,0.969,1450.0,1.3323,0.386,2.41,0,3,0.8592,0.3428,15.532,37.33,21.798,1.7867,0.416,0
AGB-03,1537.0,92.75,2.1426,0.3956,1.162,1450.0,1.3676,0.3769,2.56,0,3,0.8034,0.3349,15.542,37.354,21.812,1.8355,0.416,0
AGB-03,1538.0,97.55,2.0492,0.4366,1.546,1450.0,1.3093,0.3796,2.01,0,3,0.8458,0.3803,15.553,37.379,21.826,1.7554,0.416,0
AGB-03,1539.0,87.48,2.0988,0.3954,1.158,1450.0,1.3401,0.3735,2.33,0,3,0.8252,0.3428,15.563,37.403,21.84,1.798,0.416,0
AGB-03,1540.0,92.74,2.0888,0.3981,0.887,1450.0,1.3338,0.3889,2.39,0,3,0.8287,0.3449,15.573,37.427,21.855,1.7894,0.416,0
AGB-03,1541.0,92.73,2.0402,0.4546,0.85,1450.0,1.3034,0.392,1.82,0,3,0.9346,0.3814,15.583,37.452,21.869,1.7478,0.416,0
AGB-03,1542.0,98.23,2.0953,0.4542,1.091,1450.0,1.3376,0.3989,2.04,0,3,0.8758,0.3575,15.593,37.476,21.883,1.795,0.416,0
AGB-03,1543.0,91.26,2.0804,0.4181,1.076,1450.0,1.3282,0.3977,1.84,0,3,0.8259,0.3561,15.603,37.5,21.897,1.7822,0.416,0
AGB-03,1544.0,88.67,2.0824,0.3999,0.991,1450.0,1.3294,0.3994,2.39,0,3,0.7885,0.3386,15.613,37.525,21.911,1.7839,0.416,0
AGB-03,1545.0,93.64,2.089,0.4367,1.029,1450.0,1.3334,0.3938,2.04,0,3,0.859,0.3583,15.623,37.549,21.926,1.7895,0.416,0
AGB-03,1546.0,94.07,2.091,0.4367,1.711,1450.0,1.3347,0.3915,2.26,0,3,0.8628,0.3458,15.633,37.573,21.94,1.7913,0.416,0
AGB-03,1547.0,85.88,2.111,0.3664,0.85,1624.1,1.3649,0.405,2.51,0,3,0.7499,0.3232,15.644,37.598,21.954,1.833,0.4352,0
AGB-03,1548.0,93.16,2.0838,0.43,1.049,1450.0,1.3301,0.3652,1.78,0,3,0.8877,0.3719,15.654,37.622,21.968,1.7851,0.416,0
AGB-03,1549.0,98.3,2.0564,0.4499,1.1,1450.0,1.3131,0.3915,1.69,0,3,0.8936,0.3677,15.664,37.646,21.982,1.7617,0.416,0
AGB-03,1550.0,98.9,2.1062,0.4315,2.264,1450.0,1.344,0.388,2.06,0,3,0.923,0.348,15.674,37.67,21.997,1.8043,0.416,0
AGB-03,1551.0,100.68,2.0067,0.4794,0.905,1450.0,1.2821,0.3864,1.63,0,3,0.9136,0.3966,15.684,37.695,22.011,1.7191,0.416,0
AGB-03,1552.0,96.53,2.0955,0.4642,1.34,1450.0,1.3374,0.3929,1.94,0,3,0.9177,0.364,15.694,37.719,22.025,1.7951,0.416,0
AGB-03,1553.0,91.8,2.117,0.4248,0.979,1450.0,1.3509,0.3814,2.14,0,3,0.8762,0.3453,15.704,37.743,22.039,1.8136,0.416,0
AGB-03,1554.0,88.89,2.0667,0.4464,0.978,1450.0,1.3196,0.385,1.96,0,3,0.879,0.3699,15.714,37.768,22.053,1.7704,0.416,0
AGB-03,1555.0,88.68,2.0505,0.4521,0.947,1450.0,1.3096,0.3891,2.17,0,3,0.7819,0.3625,15.724,37.792,22.068,1.7566,0.416,0
AGB-03,1556.0,107.91,2.0577,0.4575,1.907,1450.0,1.3141,0.371,1.9,0,3,0.9454,0.3749,15.735,37.816,22.082,1.7628,0.416,0
AGB-03,1557.0,92.13,2.1464,0.4127,1.281,1450.0,1.3694,0.3968,2.35,0,3,0.848,0.3386,15.745,37.841,22.096,1.8388,0.416,0
AGB-03,1558.0,89.84,2.0839,0.4287,0.909,1450.0,1.3305,0.385,2.53,0,3,0.7926,0.3411,15.755,37.865,22.11,1.7852,0.416,0
AGB-03,1559.0,95.92,2.0845,0.419,0.829,1450.0,1.331,0.3714,2.48,0,3,0.8967,0.3519,15.765,37.889,22.124,1.7857,0.416,0
AGB-03,1560.0,84.82,2.1087,0.3922,0.694,1450.0,1.3461,0.391,2.08,0,3,0.7556,0.3414,15.775,37.913,22.138,1.8064,0.416,0
AGB-03,1561.0,94.51,2.0744,0.4224,1.128,1450.0,1.3249,0.3928,2.48,0,3,0.8472,0.3613,15.785,37.938,22.153,1.7771,0.416,0
AGB-03,1562.0,96.37,2.1368,0.3985,0.938,1450.0,1.3638,0.3908,2.15,0,3,0.8698,0.34,15.795,37.962,22.167,1.8306,0.416,0
AGB-03,1563.0,91.94,2.0905,0.4054,1.383,1450.0,1.3351,0.3797,2.39,0,3,0.857,0.3423,15.805,37.986,22.181,1.7909,0.416,0
AGB-03,1564.0,91.99,2.1303,0.4058,1.512,1450.0,1.3599,0.3896,2.26,0,3,0.8536,0.3313,15.815,38.011,22.195,1.8249,0.416,0
AGB-03,1565.0,92.89,2.0394,0.4571,0.875,1450.0,1.3035,0.384,1.73,0,3,0.8276,0.3832,15.826,38.035,22.209,1.7471,0.416,0
AGB-03,1566.0,89.95,2.1045,0.4176,1.334,1450.0,1.3441,0.3714,2.07,0,3,0.7993,0.3388,15.836,38.059,22.224,1.8028,0.416,0
AGB-03,1567.0,100.88,2.1165,0.4574,1.329,1450.0,1.3517,0.3703,2.75,0,3,0.8928,0.349,15.846,38.084,22.238,1.8132,0.416,0
AGB-03,1568.0,98.22,2.1011,0.4018,1.459,1450.0,1.3423,0.3888,2.91,0,3,0.8513,0.3352,15.856,38.108,22.252,1.7999,0.416,0
AGB-03,1569.0,96.29,2.1029,0.4167,0.639,1450.0,1.3435,0.3804,2.35,0,3,0.8351,0.3525,15.866,38.132,22.266,1.8015,0.416,0
AGB-03,1570.0,87.24,2.1165,0.3894,0.71,1549.2,1.3632,0.3783,2.14,0,3,0.7396,0.3429,15.876,38.156,22.28,1.8284,0.4279,0
AGB-03,1571.0,88.74,2.0731,0.4334,0.901,1450.0,1.3252,0.3837,1.96,0,3,0.8542,0.3674,15.886,38.181,22.295,1.7759,0.416,0
AGB-03,1572.0,33.0,2.2398,0.2657,0.471,3284.6,11.4303,0.2111,5.54,0,0,0.0906,0.2548,15.896,38.205,22.309,20.9931,0.2254,0
AGB-03,1573.0,28.42,2.2567,0.24,0.805,3563.2,12.3711,0.2083,5.4,0,0,0.0294,0.2514,15.906,38.229,22.323,24.2317,0.2418,0
AGB-03,1574.0,37.38,2.2448,0.2531,0.758,3304.3,11.2401,0.2267,5.54,0,0,0.128,0.2512,15.917,38.254,22.337,20.4091,0.2504,0
AGB-03,1575.0,40.69,2.2667,0.2667,0.818,3305.7,11.1604,0.2172,5.65,0,0,0.1436,0.2515,15.927,38.278,22.351,20.1708,0.2618,0
AGB-03,1576.0,40.13,2.2485,0.2486,0.94,3311.6,11.5112,0.2143,5.81,0,0,0.0709,0.262,15.937,38.302,22.366,21.2285,0.2312,0
AGB-03,1577.0,28.93,2.2272,0.2384,0.698,3285.5,11.7182,0.1709,5.71,0,0,0.0407,0.2576,15.947,38.327,22.38,21.8871,0.1905,0
AGB-03,1578.0,38.02,2.2045,0.2621,0.732,3181.4,10.6706,0.2213,5.61,0,0,0.1269,0.264,15.957,38.351,22.394,18.786,0.2444,0
AGB-03,1579.0,35.39,2.2323,0.2469,0.694,3285.7,11.0276,0.2447,5.65,1,0,0.1223,0.2602,15.967,38.375,22.408,19.7737,0.258,0
AGB-03,1580.0,37.81,2.2559,0.2125,1.251,3482.0,12.1549,0.2271,7.51,0,0,0.098,0.2321,15.977,38.4,22.422,23.3806,0.2355,0
AGB-03,1581.0,32.56,2.2302,0.2486,0.53,3317.1,11.246,0.2079,6.09,0,0,0.119,0.2537,15.987,38.424,22.437,20.4043,0.2512,0
AGB-03,1582.0,41.73,2.2057,0.2817,0.806,3052.7,9.4341,0.2494,4.88,0,0,0.1916,0.2804,15.997,38.448,22.451,15.7111,0.2894,0
AGB-03,1583.0,25.31,2.2803,0.2204,1.53,3611.9,12.8689,0.1929,7.95,0,0,0.0343,0.2279,16.008,38.472,22.465,26.2982,0.2136,0
AGB-03,1584.0,32.58,2.2346,0.2442,1.221,3351.0,11.5965,0.2128,6.54,0,0,0.105,0.246,16.018,38.497,22.479,21.4734,0.2349,0
AGB-03,1585.0,30.66,2.2051,0.2656,0.696,3188.8,10.5445,0.2382,3.91,0,0,0.1006,0.2802,16.028,38.521,22.493,18.4354,0.257,0
AGB-03,1586.0,28.63,2.2021,0.2833,0.661,3113.0,10.5532,0.2188,5.6,0,0,0.095,0.2773,16.038,38.545,22.507,18.457,0.2283,0
AGB-03,1587.0,28.73,2.2082,0.2494,1.177,3363.2,11.536,0.1992,5.17,0,0,0.0339,0.2734,16.048,38.57,22.522,21.2771,0.2376,0
AGB-03,1588.0,28.35,2.2374,0.2379,0.61,3369.0,11.6804,0.2066,5.56,0,0,0.079,0.2538,16.058,38.594,22.536,21.7359,0.2348,0
AGB-03,1589.0,30.74,2.2257,0.2625,0.609,3287.1,11.3397,0.2252,6.13,0,0,0.0895,0.2589,16.068,38.618,22.55,20.6721,0.2322,0
AGB-03,1590.0,30.08,2.2236,0.2815,1.063,3175.6,10.6419,0.2157,5.46,0,0,0.1196,0.2708,16.078,38.643,22.564,18.691,0.2499,0
AGB-03,1591.0,95.86,2.1044,0.4322,1.483,1450.0,1.3461,0.3907,2.04,0,3,0.8849,0.3528,16.088,38.667,22.578,1.8027,0.416,0
AGB-03,1592.0,98.12,2.0822,0.438,1.322,1450.0,1.3323,0.3778,2.05,0,3,0.9029,0.3686,16.099,38.691,22.593,1.7838,0.416,0
AGB-03,1593.0,93.52,2.1532,0.3867,0.946,1488.3,1.3811,0.3837,2.61,0,3,0.8109,0.3273,16.109,38.715,22.607,1.851,0.4209,0
AGB-03,1594.0,103.07,2.0841,0.4524,0.828,1450.0,1.3334,0.3875,1.66,0,3,0.8804,0.3706,16.119,38.74,22.621,1.7853,0.416,0
AGB-03,1595.0,94.38,2.0883,0.432,1.06,1450.0,1.336,0.4046,1.59,0,3,0.8646,0.3586,16.129,38.764,22.635,1.789,0.416,0
AGB-03,1596.0,102.21,2.0671,0.4613,1.49,1450.0,1.3227,0.3798,1.66,0,3,0.9416,0.3762,16.139,38.788,22.649,1.7708,0.416,0
AGB-03,1597.0,93.79,2.104,0.4231,1.349,1450.0,1.3457,0.3901,2.72,0,3,0.8539,0.3348,16.149,38.813,22.664,1.8025,0.416,0
AGB-03,1598.0,93.51,2.0528,0.4432,0.97,1450.0,1.3137,0.3982,2.19,0,3,0.8338,0.3673,16.159,38.837,22.678,1.7585,0.416,0
AGB-03,1599.0,92.15,2.1232,0.4015,1.339,1450.0,1.3575,0.3847,2.35,0,3,0.8557,0.3362,16.169,38.861,22.692,1.8189,0.416,0
AGB-03,1600.0,92.93,2.1292,0.4258,1.717,1450.0,1.3612,0.3856,2.31,0,3,0.8548,0.3468,16.179,38.886,22.706,1.824,0.416,0
AGB-03,1601.0,96.2,2.0786,0.4419,1.374,1450.0,1.3296,0.3884,2.36,0,3,0.8519,0.3474,16.19,38.91,22.72,1.7807,0.416,0
AGB-03,1602.0,88.4,2.0803,0.4051,0.956,1450.0,1.3306,0.3927,2.23,0,3,0.8077,0.3548,16.2,38.934,22.735,1.7822,0.416,0
AGB-03,1603.0,98.78,2.0774,0.449,1.314,1450.0,1.3286,0.3839,1.96,0,3,0.9065,0.3618,16.21,38.959,22.749,1.7796,0.416,0
AGB-03,1604.0,91.82,2.1195,0.4197,1.529,1450.0,1.3548,0.3851,2.69,0,3,0.8447,0.3361,16.22,38.983,22.763,1.8157,0.416,0
AGB-03,1605.0,94.75,2.0894,0.4183,1.261,1450.0,1.336,0.3692,2.37,0,3,0.8579,0.349,16.23,39.007,22.777,1.7899,0.416,0
AGB-03,1606.0,102.81,2.0539,0.4612,0.974,1450.0,1.3137,0.3974,1.77,0,3,0.9431,0.3894,16.24,39.031,22.791,1.7595,0.416,0
AGB-03,1607.0,102.57,2.1317,0.4142,1.334,1450.0,1.3621,0.3794,2.02,0,3,0.9374,0.3401,16.25,39.056,22.805,1.8261,0.416,0
AGB-03,1608.0,93.87,2.0413,0.4373,1.357,1450.0,1.3057,0.3628,2.26,0,3,0.8994,0.3579,16.26,39.08,22.82,1.7487,0.416,0
AGB-03,1609.0,91.24,2.1269,0.4443,0.867,1450.0,1.359,0.394,2.44,0,3,0.8231,0.3438,16.27,39.104,22.834,1.8221,0.416,0
AGB-03,1610.0,89.04,2.1227,0.414,0.53,1450.0,1.3562,0.3681,2.31,0,3,0.7801,0.3435,16.281,39.129,22.848,1.8185,0.416,0
AGB-03,1611.0,99.37,2.0831,0.4526,0.817,1450.0,1.3315,0.3955,1.97,0,3,0.9346,0.3683,16.291,39.153,22.862,1.7845,0.416,0
AGB-03,1612.0,86.92,2.053,0.4022,1.023,1450.0,1.3126,0.3799,1.77,0,3,0.8209,0.3571,16.301,39.177,22.876,1.7587,0.416,0
AGB-03,1613.0,92.85,2.1028,0.4208,1.772,1450.0,1.3435,0.375,2.46,0,3,0.8516,0.341,16.311,39.202,22.891,1.8014,0.416,0
AGB-03,1614.0,94.17,2.117,0.4177,1.186,1450.0,1.3523,0.3937,2.33,0,3,0.8437,0.3476,16.321,39.226,22.905,1.8136,0.416,0
AGB-03,1615.0,91.85,2.0989,0.4217,1.0,1450.0,1.3409,0.3944,2.22,0,3,0.82,0.349,16.331,39.25,22.919,1.798,0.416,0
AGB-03,1616.0,95.82,2.1124,0.4331,1.545,1450.0,1.3493,0.3834,2.32,0,3,0.8702,0.3395,16.341,39.274,22.933,1.8096,0.416,0
AGB-03,1617.0,93.79,2.1134,0.4522,1.333,1450.0,1.3498,0.3728,2.05,0,3,0.9298,0.3436,16.351,39.299,22.947,1.8105,0.416,0
AGB-03,1618.0,86.4,2.0829,0.4419,0.882,1450.0,1.3308,0.3648,1.92,0,3,0.8497,0.3583,16.361,39.323,22.962,1.7843,0.416,0
AGB-03,1619.0,43.58,2.1915,0.2721,0.938,2955.5,9.2981,0.2459,5.69,0,1,0.2061,0.2746,16.372,39.347,22.976,15.4337,0.2666,0
AGB-03,1620.0,37.47,2.2227,0.2478,1.068,3278.0,10.7804,0.2524,5.28,0,1,0.1598,0.2547,16.382,39.372,22.99,19.1259,0.2697,0
AGB-03,1621.0,43.57,2.1945,0.2602,0.564,3021.0,9.5308,0.2408,5.83,0,1,0.228,0.2609,16.392,39.396,23.004,15.9711,0.2716,0
AGB-03,1622.0,38.16,2.2617,0.2622,1.117,3240.0,10.404,0.2545,6.38,0,1,0.1995,0.2566,16.402,39.42,23.018,18.1193,0.29,0
AGB-03,1623.0,41.38,2.2029,0.2675,0.465,3070.9,9.9835,0.2299,3.69,0,1,0.1662,0.2712,16.412,39.445,23.033,17.0554,0.2577,0
AGB-03,1624.0,46.03,2.2213,0.2796,1.03,3008.3,9.7748,0.2489,5.77,1,1,0.1994,0.2655,16.422,39.469,23.047,16.5486,0.2564,0
AGB-03,1625.0,42.67,2.2172,0.2828,0.426,2799.5,8.8905,0.2138,4.44,0,1,0.2415,0.2714,16.432,39.493,23.061,14.5304,0.2482,0
AGB-03,1626.0,51.9,2.2237,0.2848,0.706,2669.5,7.6943,0.2724,4.72,0,1,0.3277,0.2754,16.442,39.517,23.075,12.0646,0.2909,0
AGB-03,1627.0,40.27,2.2121,0.2803,0.688,3017.8,9.9241,0.216,4.82,0,0,0.1482,0.2788,16.452,39.542,23.089,16.9099,0.2461,0
AGB-03,1628.0,35.11,2.2314,0.248,0.865,3231.8,10.9948,0.213,6.11,0,0,0.1249,0.2583,16.463,39.566,23.103,19.7293,0.2413,0
AGB-03,1629.0,26.99,2.2527,0.2313,0.64,3519.6,12.1875,0.2355,6.17,0,0,0.0527,0.2502,16.473,39.59,23.118,23.5789,0.2423,0
AGB-03,1630.0,20.14,2.2718,0.2152,0.908,3656.8,12.7107,0.2166,7.55,0,0,0.0232,0.2438,16.483,39.615,23.132,25.6946,0.2418,0
AGB-03,1631.0,28.6,2.2601,0.2142,0.868,3449.0,12.0373,0.2067,7.22,0,0,0.0803,0.2441,16.493,39.639,23.146,23.0288,0.2343,0
AGB-03,1632.0,34.91,2.2297,0.2687,0.377,3264.3,10.6049,0.2587,5.68,0,0,0.1215,0.2769,16.503,39.663,23.16,18.6452,0.2786,0
AGB-03,1633.0,27.61,2.2714,0.2484,0.754,3461.1,12.2801,0.2073,8.15,0,0,0.0475,0.2464,16.513,39.688,23.174,23.9167,0.2176,0
AGB-03,1634.0,31.16,2.2267,0.2331,0.996,3333.8,11.4254,0.2066,7.55,0,0,0.0932,0.257,16.523,39.712,23.189,20.9971,0.24,0
AGB-03,1635.0,33.24,2.2245,0.2535,1.076,3295.9,11.3911,0.2233,6.19,0,0,0.0882,0.2579,16.533,39.736,23.203,20.8885,0.2286,0
AGB-03,1636.0,32.03,2.2752,0.2233,0.983,3367.9,11.9639,0.1964,7.49,0,0,0.0713,0.2485,16.543,39.761,23.217,22.7533,0.2154,0
AGB-03,1637.0,32.72,2.1988,0.2653,1.126,3129.3,10.4541,0.2316,5.13,0,0,0.1355,0.2674,16.554,39.785,23.231,18.2343,0.2411,0
AGB-03,1638.0,34.26,2.2414,0.2502,0.964,3350.7,11.5839,0.2235,6.58,0,0,0.0987,0.251,16.564,39.809,23.245,21.4792,0.2365,0
AGB-03,1639.0,25.98,2.2352,0.2298,0.844,3329.6,11.9016,0.1687,8.22,0,0,0.0517,0.2501,16.574,39.833,23.26,22.5231,0.1919,0
AGB-03,1640.0,33.51,2.1955,0.2708,0.634,3227.6,10.9353,0.2073,4.42,0,0,0.0745,0.276,16.584,39.858,23.274,19.5302,0.2362,0
AGB-03,1641.0,31.19,2.2487,0.2591,0.598,3223.9,10.9706,0.2138,6.69,0,0,0.1389,0.2567,16.594,39.882,23.288,19.6257,0.2458,0
AGB-03,1642.0,27.91,2.1954,0.2579,0.605,3266.9,11.3086,0.1903,5.02,0,0,0.0418,0.2741,16.604,39.906,23.302,20.6075,0.2172,0
AGB-03,1643.0,34.73,2.243,0.2151,1.162,3300.9,11.2486,0.2233,6.29,0,0,0.115,0.2577,16.614,39.931,23.316,20.423,0.2485,0
AGB-03,1644.0,38.7,2.2277,0.2774,1.164,3174.2,10.3643,0.2356,5.89,0,0,0.1794,0.2605,16.624,39.955,23.331,17.9769,0.2696,0
AGB-03,1645.0,30.69,2.2261,0.238,0.877,3415.2,11.9337,0.1955,6.85,0,0,0.0413,0.2587,16.635,39.979,23.345,22.5967,0.2243,0
AGB-03,1646.0,29.29,2.21,0.2601,1.133,3207.4,10.8295,0.2224,4.53,0,0,0.1199,0.2644,16.645,40.004,23.359,19.209,0.2424,0
AGB-03,1647.0,22.11,2.2408,0.2533,0.833,3606.7,12.4693,0.2279,6.96,0,0,0.02,0.2532,16.655,40.028,23.373,24.5629,0.2439,0
AGB-03,1648.0,30.61,2.2289,0.277,0.694,3196.6,10.8319,0.2108,5.07,0,0,0.0966,0.2754,16.665,40.052,23.387,19.2062,0.2435,0
AGB-03,1649.0,33.88,2.2133,0.2382,1.401,3406.6,11.7181,0.2343,7.12,0,0,0.0839,0.251,16.675,40.076,23.402,21.8495,0.2385,0
AGB-03,1650.0,30.69,2.2241,0.255,0.508,3419.1,11.4017,0.2415,5.55,0,0,0.1067,0.2585,16.685,40.101,23.416,20.8467,0.2691,0
AGB-03,1651.0,30.63,2.2717,0.2334,0.968,3450.8,12.387,0.1784,7.45,1,0,0.0705,0.233,16.695,40.125,23.43,24.2046,0.2046,0
AGB-03,1652.0,39.71,2.2199,0.2517,0.983,3162.6,10.5791,0.2457,6.14,0,0,0.1728,0.2539,16.705,40.149,23.444,18.504,0.25,0
AGB-03,1653.0,28.89,2.2369,0.2684,0.998,3284.5,11.4983,0.1971,5.26,0,0,0.0707,0.2626,16.715,40.174,23.458,21.1256,0.2204,0
AGB-03,1654.0,34.97,2.2242,0.2666,0.723,3324.3,11.0297,0.2582,6.17,0,0,0.1411,0.2566,16.726,40.198,23.472,19.7303,0.2686,0
AGB-03,1655.0,33.26,2.2149,0.2569,1.146,3364.4,11.5148,0.2147,6.49,0,0,0.1035,0.2514,16.736,40.222,23.487,21.1651,0.2429,0
AGB-03,1656.0,33.41,2.2226,0.2542,0.71,3408.6,11.4433,0.2373,6.17,0,0,0.0979,0.2601,16.746,40.247,23.501,20.939,0.2639,0
AGB-03,1657.0,21.36,2.1977,0.2223,0.669,3446.1,11.8626,0.2045,5.61,0,0,0.0284,0.2665,16.756,40.271,23.515,22.2744,0.2365,0
AGB-03,1658.0,22.71,2.2033,0.2892,0.732,3507.7,11.8151,0.2267,5.74,0,0,0.02,0.2762,16.766,40.295,23.529,22.1109,0.261,0
AGB-03,1659.0,24.09,2.2151,0.249,0.744,3401.7,12.1067,0.1809,6.58,0,0,0.02,0.2565,16.776,40.32,23.543,23.1031,0.1988,0
AGB-03,1660.0,29.71,2.2054,0.2318,0.679,3320.2,11.3185,0.227,6.37,0,0,0.0926,0.2611,16.786,40.344,23.558,20.5412,0.2424,0
AGB-03,1661.0,43.58,2.2395,0.2526,1.167,3160.1,10.7381,0.1902,7.33,0,0,0.1842,0.2462,16.796,40.368,23.572,18.8917,0.2425,0
AGB-03,1662.0,27.75,2.2276,0.2457,0.929,3498.5,11.9348,0.2155,5.51,0,0,0.0889,0.2476,16.806,40.392,23.586,22.4869,0.2554,0
AGB-03,1663.0,27.81,2.247,0.2247,0.807,3367.7,11.9629,0.1889,6.28,0,0,0.0956,0.2384,16.817,40.417,23.6,22.5773,0.212,0
AGB-03,1664.0,34.03,2.2338,0.2663,0.777,3253.9,10.9126,0.2228,5.6,0,0,0.1428,0.2595,16.827,40.441,23.614,19.3575,0.2593,0
AGB-03,1665.0,24.4,2.2982,0.2259,0.82,3655.6,12.8329,0.2235,7.34,0,0,0.0488,0.2357,16.837,40.465,23.629,25.9423,0.2425,0
AGB-03,1666.0,34.44,2.2684,0.2305,1.155,3485.5,12.0212,0.2136,7.89,0,0,0.1034,0.2433,16.847,40.49,23.643,22.762,0.2547,0
AGB-03,1667.0,35.94,2.2463,0.261,0.807,3175.9,11.2951,0.1936,7.28,0,0,0.1114,0.2513,16.857,40.514,23.657,20.4414,0.198,0
AGB-03,1668.0,42.8,2.2199,0.2718,1.413,2994.9,9.8266,0.2235,5.28,0,0,0.2032,0.2642,16.867,40.538,23.671,16.5602,0.2511,0
AGB-03,1669.0,30.08,2.2039,0.2373,1.13,3413.0,11.7871,0.2095,4.59,0,0,0.0575,0.2592,16.877,40.563,23.685,21.9605,0.2352,0
AGB-03,1670.0,99.0,2.1092,0.4287,1.604,1450.0,1.3523,0.3721,2.33,0,3,0.8881,0.3357,16.887,40.587,23.7,1.8069,0.416,0
AGB-03,1671.0,102.41,2.0426,0.4273,1.537,1450.0,1.3107,0.3757,1.88,0,3,0.8828,0.3712,16.897,40.611,23.714,1.7499,0.416,0
AGB-03,1672.0,102.95,2.1296,0.4401,1.788,1450.0,1.3653,0.3636,2.52,0,3,0.9345,0.3395,16.908,40.635,23.728,1.8244,0.416,0
AGB-03,1673.0,91.2,2.0683,0.4356,1.205,1450.0,1.327,0.4028,2.76,0,3,0.8855,0.361,16.918,40.66,23.742,1.7719,0.416,0
AGB-03,1674.0,95.87,2.1672,0.4164,1.599,1504.7,1.3955,0.3736,2.83,0,3,0.8739,0.323,16.928,40.684,23.756,1.8656,0.4229,0
AGB-03,1675.0,96.47,2.1318,0.4066,1.031,1450.0,1.3669,0.3804,2.14,0,3,0.8639,0.3281,16.938,40.708,23.77,1.8263,0.416,0
AGB-03,1676.0,98.83,2.108,0.4162,1.144,1450.0,1.3521,0.3717,2.39,0,3,0.8733,0.3413,16.948,40.733,23.785,1.8059,0.416,0
AGB-03,1677.0,96.94,2.1519,0.41,2.304,1450.0,1.3796,0.3846,2.5,0,3,0.9134,0.332,16.958,40.757,23.799,1.8434,0.416,0
AGB-03,1678.0,87.53,2.0849,0.4198,0.612,1450.0,1.3378,0.3905,2.0,0,3,0.8054,0.3548,16.968,40.781,23.813,1.7861,0.416,0
AGB-03,1679.0,95.71,2.0686,0.4444,1.347,1450.0,1.3276,0.3651,2.0,0,3,0.8984,0.3693,16.978,40.806,23.827,1.7721,0.416,0
AGB-03,1680.0,90.75,2.0552,0.4338,1.557,1450.0,1.3193,0.3963,2.19,0,3,0.8195,0.3575,16.988,40.83,23.841,1.7606,0.416,0
AGB-03,1681.0,88.73,2.1667,0.3862,0.993,1623.1,1.4074,0.3953,2.63,0,3,0.7749,0.318,16.999,40.854,23.856,1.8812,0.4351,0
AGB-03,1682.0,98.2,2.1146,0.4179,1.139,1450.0,1.3566,0.382,2.68,0,3,0.8925,0.3315,17.009,40.878,23.87,1.8115,0.416,0
AGB-03,1683.0,93.0,2.1085,0.3834,1.158,1450.0,1.3529,0.3804,2.83,0,3,0.8724,0.335,17.019,40.903,23.884,1.8063,0.416,0
AGB-03,1684.0,92.88,2.0893,0.4137,1.21,1450.0,1.3409,0.3749,2.68,0,3,0.8542,0.3484,17.029,40.927,23.898,1.7899,0.416,0
AGB-03,1685.0,97.71,2.0904,0.4343,1.316,1450.0,1.3417,0.4,1.85,0,3,0.8977,0.3509,17.039,40.951,23.912,1.7908,0.416,0
AGB-03,1686.0,91.04,2.1652,0.3911,1.275,1450.0,1.3884,0.3849,2.94,0,3,0.859,0.3215,17.049,40.976,23.927,1.8548,0.416,0
AGB-03,1687.0,90.87,2.0797,0.419,1.155,1450.0,1.3351,0.3925,2.11,0,3,0.819,0.3434,17.059,41.0,23.941,1.7816,0.416,0
AGB-03,1688.0,73.67,2.1935,0.3192,0.601,2219.9,4.4101,0.3204,3.38,0,2,0.5027,0.3016,17.069,41.024,23.955,6.2808,0.3648,0
AGB-03,1689.0,64.16,2.1788,0.3734,0.509,2288.7,3.4293,0.38,3.38,0,2,0.5571,0.3117,17.079,41.049,23.969,4.7763,0.4131,0
AGB-03,1690.0,72.16,2.1808,0.327,1.187,2132.0,3.6853,0.3745,3.74,0,2,0.5719,0.2965,17.09,41.073,23.983,5.1617,0.3842,0
AGB-03,1691.0,71.93,2.1812,0.3571,0.554,2193.1,3.6064,0.367,3.97,0,2,0.5546,0.3064,17.1,41.097,23.998,5.0422,0.396,0
AGB-03,1692.0,75.14,2.1573,0.3647,0.432,1907.1,2.5979,0.3753,3.22,0,2,0.6074,0.3172,17.11,41.122,24.012,3.5544,0.4038,0
AGB-03,1693.0,80.6,2.1636,0.3559,0.769,2056.4,3.337,0.3504,3.63,0,2,0.5974,0.2967,17.12,41.146,24.026,4.6377,0.3883,0
AGB-03,1694.0,78.58,2.1054,0.3821,0.623,1736.1,1.8104,0.3854,2.79,0,2,0.6378,0.3333,17.13,41.17,24.04,2.4377,0.4219,0
AGB-03,1695.0,67.41,2.1261,0.3555,1.004,1974.8,2.7872,0.3825,2.39,0,2,0.5468,0.3329,17.14,41.194,24.054,3.828,0.4014,0
AGB-03,1696.0,68.3,2.1572,0.3749,0.973,1965.5,2.9467,0.357,3.29,0,2,0.573,0.3185,17.15,41.219,24.069,4.0607,0.3941,0
AGB-03,1697.0,66.07,2.1571,0.3828,0.513,2113.3,3.7955,0.3427,3.5,0,2,0.5078,0.3162,17.16,41.243,24.083,5.3279,0.374,0
AGB-03,1698.0,74.94,2.1162,0.3956,0.955,1852.0,2.2588,0.3707,2.38,0,2,0.6128,0.3259,17.17,41.267,24.097,3.0685,0.412,0
AGB-03,1699.0,64.82,2.2175,0.2925,0.675,2498.5,5.4874,0.3438,5.09,0,2,0.4915,0.2786,17.181,41.292,24.111,8.0206,0.3653,0
AGB-03,1700.0,71.02,2.1602,0.3514,0.759,2107.2,3.43,0.3722,2.53,0,2,0.5521,0.3115,17.191,41.316,24.125,4.7754,0.391,0
AGB-03,1701.0,80.54,2.1668,0.3505,0.887,2104.2,3.6564,0.3388,3.81,0,2,0.5748,0.2955,17.201,41.34,24.139,5.1158,0.3803,0
AGB-03,1702.0,51.01,2.2174,0.2826,0.992,2974.7,9.4542,0.2309,4.95,0,1,0.2697,0.2526,17.211,41.365,24.154,15.6487,0.2716,0
AGB-03,1703.0,47.19,2.2008,0.2763,0.997,3003.3,9.3124,0.2491,5.31,0,1,0.2321,0.2715,17.221,41.389,24.168,15.3277,0.2853,0
AGB-03,1704.0,44.09,2.211,0.278,0.833,3071.3,9.8974,0.2534,4.44,0,1,0.1818,0.2741,17.231,41.413,24.182,16.6794,0.2703,0
AGB-03,1705.0,40.36,2.2686,0.2623,1.869,3237.4,11.1362,0.2249,6.48,0,1,0.1752,0.2439,17.241,41.437,24.196,19.9003,0.2476,0
AGB-03,1706.0,42.36,2.235,0.282,0.631,2903.2,9.3959,0.2331,5.03,0,1,0.2179,0.2735,17.251,41.462,24.21,15.5123,0.2562,0
AGB-03,1707.0,40.11,2.2746,0.2433,1.004,3181.9,10.5313,0.2524,6.65,0,1,0.2283,0.2452,17.261,41.486,24.225,18.2532,0.2743,0
AGB-03,1708.0,44.15,2.2376,0.2801,1.19,3036.3,9.631,0.2671,4.73,0,1,0.2459,0.2606,17.272,41.51,24.239,16.0474,0.2823,0
AGB-03,1709.0,44.06,2.2463,0.2654,0.555,2953.5,9.0973,0.2536,4.84,0,1,0.2674,0.2682,17.282,41.535,24.253,14.8451,0.2928,0
AGB-03,1710.0,43.43,2.1942,0.2814,0.681,3047.5,9.7042,0.2447,4.99,0,1,0.193,0.2741,17.292,41.559,24.267,16.2151,0.2726,0
AGB-03,1711.0,43.84,2.2235,0.2757,0.751,2946.3,9.338,0.244,6.15,0,1,0.2491,0.2645,17.302,41.583,24.281,15.376,0.2721,0
AGB-03,1712.0,45.47,2.1775,0.2997,0.779,2814.0,8.7966,0.2238,5.56,0,1,0.2402,0.2762,17.312,41.608,24.296,14.1937,0.2564,0
AGB-03,1713.0,49.69,2.1544,0.3252,0.635,2740.6,7.4779,0.28,3.66,0,1,0.2703,0.304,17.322,41.632,24.31,11.5474,0.3135,0
AGB-03,1714.0,35.1,2.2193,0.2514,0.75,3320.7,10.8414,0.2564,5.29,0,1,0.1803,0.2517,17.332,41.656,24.324,19.0636,0.2817,0
AGB-03,1715.0,97.95,2.0853,0.4541,0.707,1450.0,1.34,0.3866,2.3,0,3,0.8468,0.3577,17.342,41.681,24.338,1.7864,0.416,0
AGB-03,1716.0,93.19,2.1215,0.4027,1.528,1450.0,1.3628,0.3889,2.47,0,3,0.8206,0.3384,17.352,41.705,24.352,1.8174,0.416,0
AGB-03,1717.0,97.48,2.0952,0.4143,1.08,1450.0,1.3464,0.3778,2.28,0,3,0.8673,0.3531,17.363,41.729,24.367,1.7949,0.416,0
AGB-03,1718.0,93.99,2.1456,0.406,1.366,1450.0,1.378,0.3785,2.79,0,3,0.8465,0.3256,17.373,41.753,24.381,1.838,0.416,0
AGB-03,1719.0,87.46,2.107,0.3988,1.47,1450.0,1.3539,0.3755,2.65,0,3,0.8291,0.328,17.383,41.778,24.395,1.805,0.416,0
AGB-03,1720.0,90.73,2.1364,0.4042,1.264,1450.0,1.3724,0.3736,3.08,0,3,0.858,0.3233,17.393,41.802,24.409,1.8302,0.416,0
AGB-03,1721.0,91.15,2.1417,0.3824,0.857,1450.0,1.3758,0.3875,3.27,0,3,0.8254,0.3201,17.403,41.826,24.423,1.8347,0.416,0
AGB-03,1722.0,98.28,2.0685,0.4306,1.008,1450.0,1.33,0.404,2.08,0,3,0.8759,0.3585,17.413,41.851,24.437,1.772,0.416,0
AGB-03,1723.0,88.75,2.1988,0.4128,1.582,1698.0,1.4362,0.4051,2.85,0,3,0.8029,0.3049,17.423,41.875,24.452,1.9174,0.4414,0
AGB-03,1724.0,90.08,2.0557,0.4424,1.424,1450.0,1.322,0.3912,2.34,0,3,0.8711,0.3676,17.433,41.899,24.466,1.761,0.416,0
AGB-03,1725.0,71.41,2.2105,0.345,0.81,2318.8,4.7838,0.3199,4.15,0,2,0.5293,0.2829,17.443,41.924,24.48,6.8617,0.366,0
AGB-03,1726.0,73.2,2.1687,0.3362,0.802,2190.1,4.0919,0.3644,3.98,0,2,0.5367,0.2976,17.454,41.948,24.494,5.7742,0.3734,0
AGB-03,1727.0,76.08,2.1743,0.3509,0.633,1870.5,2.6297,0.3627,2.92,0,2,0.6232,0.3109,17.464,41.972,24.508,3.5947,0.3984,0
AGB-03,1728.0,74.49,2.1524,0.3638,0.777,1908.8,2.8689,0.3632,3.2,0,2,0.5976,0.3116,17.474,41.996,24.523,3.9411,0.3896,0
AGB-03,1729.0,71.58,2.1967,0.3457,0.77,2178.7,4.1533,0.3353,3.98,0,2,0.5548,0.2902,17.484,42.021,24.537,5.8684,0.3708,0
AGB-03,1730.0,71.57,2.1604,0.3347,0.954,2038.6,3.6392,0.3394,3.29,0,2,0.5518,0.3044,17.494,42.045,24.551,5.0826,0.3698,0
AGB-03,1731.0,70.66,2.2037,0.3327,0.996,2233.4,3.9682,0.3473,4.14,0,2,0.5824,0.2864,17.504,42.069,24.565,5.5829,0.388,0
AGB-03,1732.0,68.88,2.1641,0.3556,1.038,2255.1,3.9394,0.3492,3.81,0,2,0.5468,0.2992,17.514,42.094,24.579,5.5387,0.3894,0
AGB-03,1733.0,67.85,2.1665,0.3464,1.084,2075.7,3.2838,0.3787,3.57,0,2,0.5792,0.3065,17.524,42.118,24.594,4.5504,0.3941,0
AGB-03,1734.0,71.68,2.2028,0.298,0.988,2337.3,4.9569,0.3194,4.63,0,2,0.547,0.2708,17.534,42.142,24.608,7.1372,0.3607,0
AGB-03,1735.0,69.56,2.2253,0.313,0.968,2307.5,4.6466,0.3386,4.07,0,2,0.5556,0.2779,17.545,42.167,24.622,6.6404,0.3716,0
AGB-03,1736.0,64.21,2.182,0.3115,0.729,2430.4,4.935,0.3444,3.86,0,2,0.4931,0.2922,17.555,42.191,24.636,7.1014,0.3747,0
AGB-03,1737.0,73.42,2.1627,0.3735,0.833,1947.9,3.3114,0.333,4.15,0,2,0.5915,0.2994,17.565,42.215,24.65,4.591,0.3719,0
AGB-03,1738.0,72.35,2.1967,0.3726,0.726,2241.2,4.2501,0.3548,3.95,0,2,0.5365,0.2951,17.575,42.239,24.665,6.0172,0.3765,0
AGB-03,1739.0,70.45,2.1893,0.3443,0.661,2243.9,4.0037,0.3641,3.3,0,2,0.563,0.2923,17.585,42.264,24.679,5.6364,0.387,0
AGB-03,1740.0,86.54,2.133,0.3819,0.926,1513.8,1.3786,0.3892,2.44,0,3,0.7563,0.3234,17.595,42.288,24.693,1.8376,0.424,0
AGB-03,1741.0,93.86,2.092,0.4288,1.084,1450.0,1.3454,0.401,2.67,0,3,0.8835,0.3419,17.605,42.312,24.707,1.7922,0.416,0
AGB-03,1742.0,95.96,2.1503,0.3892,0.791,1539.6,1.3923,0.4026,2.93,0,3,0.8295,0.3198,17.615,42.337,24.721,1.8563,0.4269,0
AGB-03,1743.0,97.81,2.1089,0.4115,0.974,1450.0,1.356,0.402,2.52,0,3,0.862,0.3434,17.626,42.361,24.735,1.8066,0.416,0
AGB-03,1744.0,91.25,2.1291,0.4087,1.717,1470.9,1.3712,0.3698,2.6,0,3,0.8057,0.33,17.636,42.385,24.75,1.8275,0.4187,0
AGB-03,1745.0,93.48,2.0847,0.4213,0.858,1450.0,1.3408,0.3923,2.44,0,3,0.8624,0.3495,17.646,42.41,24.764,1.7859,0.416,0
AGB-03,1746.0,90.95,2.153,0.4097,0.852,1482.0,1.3875,0.384,3.77,0,3,0.8216,0.3239,17.656,42.434,24.778,1.8498,0.4201,0
AGB-03,1747.0,96.08,2.1024,0.4208,0.822,1450.0,1.3518,0.3772,2.49,0,3,0.8231,0.3451,17.666,42.458,24.792,1.8011,0.416,0
AGB-03,1748.0,95.57,2.1406,0.4013,0.944,1450.0,1.3757,0.3751,3.02,0,3,0.8598,0.3147,17.676,42.483,24.806,1.8337,0.416,0
AGB-03,1749.0,102.22,2.1008,0.4361,1.361,1450.0,1.3508,0.3813,2.24,0,3,0.913,0.351,17.686,42.507,24.821,1.7997,0.416,0
AGB-03,1750.0,93.08,2.1451,0.4154,0.957,1450.0,1.3785,0.3835,2.57,0,3,0.8502,0.3383,17.696,42.531,24.835,1.8376,0.416,0
AGB-03,1751.0,98.39,2.0722,0.4619,1.815,1450.0,1.3328,0.3904,2.58,0,3,0.9745,0.3556,17.706,42.555,24.849,1.7752,0.416,0
AGB-03,1752.0,92.8,2.1308,0.3965,0.959,1450.0,1.3695,0.3982,2.93,0,3,0.8148,0.3332,17.717,42.58,24.863,1.8254,0.416,0
AGB-03,1753.0,91.79,2.1454,0.3859,1.139,1450.0,1.3786,0.3764,2.15,0,3,0.8515,0.326,17.727,42.604,24.877,1.8379,0.416,0
AGB-03,1754.0,103.34,2.1474,0.3977,1.864,1450.0,1.3798,0.3765,2.99,0,3,0.9253,0.3219,17.737,42.628,24.892,1.8396,0.416,0
AGB-03,1755.0,86.59,2.0966,0.4124,0.899,1450.0,1.3479,0.374,2.27,0,3,0.8212,0.3513,17.747,42.653,24.906,1.7961,0.416,0
AGB-03,1756.0,98.99,2.1317,0.4067,1.097,1450.0,1.3699,0.3837,2.53,0,3,0.8701,0.3218,17.757,42.677,24.92,1.8261,0.416,0
AGB-03,1757.0,97.64,2.1045,0.3921,2.663,1450.0,1.3528,0.3815,2.52,0,3,0.8952,0.3414,17.767,42.701,24.934,1.8028,0.416,0
AGB-03,1758.0,90.3,2.1231,0.3928,0.622,1450.0,1.3644,0.3813,2.38,0,3,0.8028,0.3445,17.777,42.726,24.948,1.8188,0.416,0
AGB-03,1759.0,96.44,2.1365,0.3901,1.462,1450.0,1.3727,0.3861,2.83,0,3,0.8626,0.3241,17.787,42.75,24.963,1.8302,0.416,0
AGB-03,1760.0,83.49,2.1391,0.3948,0.629,1685.0,1.3974,0.3998,2.69,0,3,0.7406,0.3263,17.797,42.774,24.977,1.8641,0.4404,0
AGB-03,1761.0,32.71,2.2257,0.2481,2.879,3267.3,11.2005,0.2097,6.19,0,0,0.1357,0.2545,17.808,42.798,24.991,20.048,0.2431,0
AGB-03,1762.0,24.47,2.2436,0.2357,0.789,3493.3,12.3239,0.2107,6.27,0,0,0.0845,0.2379,17.818,42.823,25.005,23.6721,0.2285,0
AGB-03,1763.0,37.09,2.2306,0.2452,0.863,3409.6,11.6393,0.234,7.05,0,0,0.1415,0.2417,17.828,42.847,25.019,21.3632,0.256,0
AGB-03,1764.0,26.67,2.2742,0.21,0.795,3731.0,13.0445,0.2057,8.04,0,0,0.0251,0.2394,17.838,42.871,25.034,26.6729,0.244,0
AGB-03,1765.0,32.0,2.2187,0.263,1.033,3273.9,11.3664,0.2199,5.72,1,0,0.0933,0.263,17.848,42.896,25.048,20.5373,0.2293,0
AGB-03,1766.0,30.18,2.2769,0.2323,0.892,3629.4,12.6703,0.2173,6.74,0,0,0.0472,0.247,17.858,42.92,25.062,25.0253,0.2493,0
AGB-03,1767.0,29.84,2.2574,0.238,0.886,3234.0,11.5438,0.2012,6.25,0,0,0.0944,0.2569,17.868,42.944,25.076,21.0743,0.2064,0
AGB-03,1768.0,34.56,2.2866,0.2322,0.754,3463.7,12.2691,0.2093,7.51,0,0,0.0807,0.2466,17.878,42.969,25.09,23.4844,0.2347,0
AGB-03,1769.0,64.83,2.1492,0.3298,0.454,2084.1,4.0047,0.3373,3.24,0,2,0.4999,0.3126,17.888,42.993,25.104,5.6424,0.3567,0
AGB-03,1770.0,74.53,2.1421,0.3527,1.058,2057.3,3.2849,0.361,3.57,0,2,0.5705,0.3089,17.899,43.017,25.119,4.5552,0.3897,0
AGB-03,1771.0,74.7,2.2126,0.3488,1.003,2051.5,3.5669,0.3416,3.6,0,2,0.5884,0.296,17.909,43.041,25.133,4.9768,0.3799,0
AGB-03,1772.0,64.98,2.1777,0.332,0.892,2327.7,4.7225,0.3349,4.0,0,2,0.4825,0.3016,17.919,43.066,25.147,6.7668,0.3673,0
AGB-03,1773.0,72.25,2.1877,0.3378,0.915,2325.6,4.2816,0.35,4.06,0,2,0.5654,0.2839,17.929,43.09,25.161,6.0718,0.3865,0
AGB-03,1774.0,66.42,2.1858,0.3207,0.529,2503.3,4.9738,0.3643,5.07,0,2,0.5298,0.2785,17.939,43.114,25.175,7.1711,0.3833,0
AGB-03,1775.0,60.97,2.209,0.3428,0.659,2475.6,5.6459,0.3116,4.58,0,2,0.4853,0.2768,17.949,43.139,25.19,8.2791,0.3542,0
AGB-03,1776.0,87.14,2.1423,0.4152,1.146,1450.0,1.3756,0.3886,2.33,0,3,0.7756,0.3372,17.959,43.163,25.204,1.8352,0.416,0
AGB-03,1777.0,98.81,2.1581,0.4059,1.429,1450.0,1.3856,0.4029,2.81,0,3,0.8958,0.3166,17.969,43.187,25.218,1.8488,0.416,0
AGB-03,1778.0,98.62,2.0833,0.4436,1.366,1450.0,1.3387,0.3991,2.03,0,3,0.9216,0.3592,17.979,43.212,25.232,1.7847,0.416,0
AGB-03,1779.0,89.73,2.1283,0.4151,1.526,1564.2,1.3796,0.392,3.17,0,3,0.7844,0.3239,17.99,43.236,25.246,1.8406,0.4295,0
AGB-03,1780.0,92.28,2.1185,0.4107,0.789,1468.2,1.363,0.3841,2.45,0,3,0.7989,0.3419,18.0,43.26,25.261,1.8179,0.4184,0
AGB-03,1781.0,101.32,2.1489,0.4334,1.32,1450.0,1.3798,0.4156,2.43,0,3,0.9271,0.3345,18.01,43.285,25.275,1.8409,0.416,0
AGB-03,1782.0,91.14,2.105,0.4065,1.725,1450.0,1.3523,0.3806,2.44,0,3,0.8523,0.3335,18.02,43.309,25.289,1.8032,0.416,0
AGB-03,1783.0,95.53,2.167,0.3954,1.523,1450.0,1.3911,0.3971,2.22,0,3,0.866,0.3329,18.03,43.333,25.303,1.8564,0.416,0
AGB-03,1784.0,92.59,2.1459,0.3895,0.986,1501.7,1.3841,0.3883,2.82,0,3,0.8297,0.3201,18.04,43.357,25.317,1.8468,0.4225,0
AGB-03,1785.0,97.86,2.1068,0.4085,1.171,1450.0,1.3535,0.3793,2.7,0,3,0.8804,0.3424,18.05,43.382,25.332,1.8048,0.416,0
AGB-03,1786.0,100.86,2.0869,0.438,1.931,1450.0,1.341,0.3896,2.56,0,3,0.8831,0.3468,18.06,43.406,25.346,1.7877,0.416,0
AGB-03,1787.0,94.51,2.1389,0.4002,1.683,1450.0,1.3736,0.3893,2.68,0,3,0.8435,0.3222,18.07,43.43,25.36,1.8323,0.416,0
AGB-03,1788.0,86.75,2.0994,0.4453,1.254,1450.0,1.3489,0.3774,2.33,0,3,0.8321,0.3517,18.081,43.455,25.374,1.7985,0.416,0
AGB-03,1789.0,100.11,2.0942,0.4202,1.493,1450.0,1.3457,0.3854,2.86,0,3,0.9429,0.339,18.091,43.479,25.388,1.794,0.416,0
AGB-03,1790.0,93.89,2.0873,0.424,2.089,1450.0,1.3414,0.3846,2.42,0,3,0.8753,0.3623,18.101,43.503,25.402,1.7881,0.416,0
AGB-03,1791.0,94.17,2.0842,0.4379,1.491,1450.0,1.3395,0.3718,2.27,0,3,0.8638,0.3432,18.111,43.528,25.417,1.7855,0.416,0
AGB-03,1792.0,96.63,2.1326,0.3995,1.316,1539.8,1.3801,0.395,2.51,0,3,0.8512,0.3141,18.121,43.552,25.431,1.841,0.4269,0
AGB-03,1793.0,95.73,2.1081,0.3831,1.448,1492.4,1.3596,0.377,2.66,0,3,0.822,0.332,18.131,43.576,25.445,1.8129,0.4214,0
AGB-03,1794.0,94.17,2.1455,0.4027,2.291,1450.0,1.378,0.3942,2.7,0,3,0.9109,0.3196,18.141,43.6,25.459,1.838,0.416,0
AGB-03,1795.0,86.1,2.1081,0.3923,1.215,1475.3,1.3578,0.402,2.64,0,3,0.8158,0.3391,18.151,43.625,25.473,1.8102,0.4193,0
AGB-03,1796.0,94.16,2.1316,0.3958,1.114,1537.5,1.3795,0.3958,2.83,0,3,0.7793,0.3295,18.161,43.649,25.488,1.8398,0.4266,0
AGB-03,1797.0,97.14,2.123,0.4279,1.777,1450.0,1.3641,0.4093,2.79,0,3,0.942,0.3355,18.172,43.673,25.502,1.8187,0.416,0
AGB-03,1798.0,96.9,2.159,0.3986,1.126,1450.0,1.3867,0.3916,2.74,0,3,0.8965,0.3107,18.182,43.698,25.516,1.8495,0.416,0
AGB-03,1799.0,90.5,2.1373,0.394,1.137,1483.1,1.3773,0.3819,2.5,0,3,0.8562,0.3154,18.192,43.722,25.53,1.8365,0.4203,0
AGB-03,1800.0,95.84,2.1543,0.3733,0.988,1450.0,1.384,0.3964,2.33,0,3,0.8812,0.337,18.202,43.746,25.544,1.8455,0.416,0
AGB-03,1801.0,91.76,2.1093,0.444,0.87,1450.0,1.3558,0.3759,2.64,0,3,0.8204,0.3408,18.212,43.771,25.559,1.8069,0.416,0
AGB-03,1802.0,94.05,2.1076,0.4471,1.506,1450.0,1.3549,0.3725,2.22,0,3,0.8316,0.3497,18.222,43.795,25.573,1.8055,0.416,0
AGB-03,1803.0,94.82,2.0986,0.4108,1.066,1451.9,1.3495,0.4022,3.08,0,3,0.7958,0.3244,18.232,43.819,25.587,1.7981,0.4162,0
AGB-03,1804.0,87.58,2.1547,0.3822,0.89,1482.7,1.3886,0.3927,3.19,0,3,0.8194,0.3039,18.242,43.844,25.601,1.8514,0.4202,0
AGB-03,1805.0,89.7,2.1438,0.3986,0.887,1466.6,1.3799,0.3843,3.15,0,3,0.794,0.3258,18.252,43.868,25.615,1.8394,0.4182,0
AGB-03,1806.0,95.8,2.1459,0.3923,1.426,1450.0,1.3792,0.3848,3.07,0,3,0.8436,0.3245,18.263,43.892,25.63,1.8383,0.416,0
AGB-03,1807.0,90.83,2.064,0.4341,0.931,1450.0,1.328,0.3875,1.95,0,3,0.8112,0.3752,18.273,43.916,25.644,1.7682,0.416,0
AGB-03,1808.0,83.63,2.1837,0.3566,1.297,1975.7,2.3456,0.3992,4.02,0,3,0.7408,0.278,18.283,43.941,25.658,3.1861,0.4245,0
AGB-03,1809.0,96.59,2.0942,0.4105,1.24,1450.0,1.3471,0.3862,2.72,0,3,0.8226,0.3308,18.293,43.965,25.672,1.794,0.416,0
AGB-03,1810.0,96.44,2.0988,0.4055,1.318,1450.0,1.3501,0.409,2.77,0,3,0.8704,0.3384,18.303,43.989,25.686,1.798,0.416,0
AGB-03,1811.0,93.73,2.1858,0.3876,1.012,1465.6,1.4066,0.3858,3.33,0,3,0.8656,0.3017,18.313,44.014,25.701,1.8752,0.418,0
AGB-03,1812.0,97.72,2.0639,0.4001,1.24,1450.0,1.3283,0.3918,2.11,0,3,0.9087,0.3608,18.323,44.038,25.715,1.7681,0.416,0
AGB-03,1813.0,88.58,2.1581,0.3615,0.673,1773.2,1.4169,0.42,3.34,0,3,0.7725,0.309,18.333,44.062,25.729,1.889,0.4468,0
AGB-03,1814.0,94.8,2.1389,0.4142,0.754,1450.0,1.3755,0.382,3.04,0,3,0.854,0.3284,18.343,44.087,25.743,1.8323,0.416,0
AGB-03,1815.0,95.83,2.1401,0.3807,1.187,1534.2,1.3861,0.3821,3.7,0,3,0.8579,0.3083,18.354,44.111,25.757,1.8467,0.4263,0
AGB-03,1816.0,98.74,2.1473,0.4107,1.294,1450.0,1.3809,0.3844,2.38,0,3,0.8626,0.3343,18.364,44.135,25.771,1.8395,0.416,0
AGB-03,1817.0,95.79,2.1019,0.4171,0.953,1450.0,1.3526,0.3747,3.0,0,3,0.8486,0.3336,18.374,44.159,25.786,1.8006,0.416,0
AGB-03,1818.0,95.24,2.131,0.4459,2.149,1450.0,1.3708,0.3831,2.66,0,3,0.9627,0.3308,18.384,44.184,25.8,1.8256,0.416,0
AGB-03,1819.0,91.59,2.0375,0.429,2.364,1450.0,1.3122,0.3719,2.24,0,3,0.8716,0.363,18.394,44.208,25.814,1.7454,0.416,0
AGB-03,1820.0,95.44,2.1021,0.4345,1.96,1450.0,1.3528,0.3878,2.35,0,3,0.9112,0.3506,18.404,44.232,25.828,1.8008,0.416,0
AGB-03,1821.0,95.9,2.0749,0.4358,2.099,1450.0,1.3357,0.3731,2.89,0,3,0.8594,0.3576,18.414,44.257,25.842,1.7774,0.416,0
AGB-03,1822.0,100.04,2.0583,0.4347,1.333,1450.0,1.3254,0.3897,2.07,0,3,0.9575,0.3677,18.424,44.281,25.857,1.7633,0.416,0
AGB-03,1823.0,99.05,2.1971,0.3991,2.494,1450.0,1.4124,0.3883,2.79,0,3,0.9381,0.3138,18.434,44.305,25.871,1.8822,0.416,0
AGB-03,1824.0,95.65,2.1067,0.3938,1.719,1450.0,1.3558,0.4041,2.39,0,3,0.8582,0.3328,18.445,44.33,25.885,1.8047,0.416,0
AGB-03,1825.0,100.92,2.1684,0.4203,1.079,1450.0,1.3945,0.3679,3.87,0,3,0.924,0.3151,18.455,44.354,25.899,1.8576,0.416,0
AGB-03,1826.0,89.48,2.1279,0.4078,1.853,1450.0,1.3691,0.4041,3.14,0,3,0.8796,0.3205,18.465,44.378,25.913,1.8229,0.416,0
AGB-03,1827.0,96.45,2.1613,0.3951,1.024,1506.6,1.3969,0.4032,2.5,0,3,0.9018,0.3169,18.475,44.402,25.928,1.8609,0.4231,0
AGB-03,1828.0,98.26,2.1412,0.4102,1.345,1450.0,1.3774,0.3832,2.58,0,3,0.8919,0.3288,18.485,44.427,25.942,1.8342,0.416,0
AGB-03,1829.0,96.38,2.1434,0.3916,1.8,1450.0,1.3788,0.3856,2.83,0,3,0.9084,0.326,18.495,44.451,25.956,1.8362,0.416,0
AGB-03,1830.0,94.5,2.1551,0.3901,1.332,1450.0,1.3861,0.3727,2.6,0,3,0.847,0.3235,18.505,44.475,25.97,1.8462,0.416,0
AGB-03,1831.0,91.03,2.1272,0.4003,0.909,1450.0,1.3686,0.3911,2.97,0,3,0.7913,0.3331,18.515,44.5,25.984,1.8223,0.416,0
AGB-03,1832.0,89.55,2.0941,0.4182,1.333,1450.0,1.3478,0.3691,2.36,0,3,0.8574,0.3461,18.525,44.524,25.999,1.7939,0.416,0
AGB-03,1833.0,91.97,2.1025,0.4305,1.79,1450.0,1.353,0.361,2.26,0,3,0.8463,0.3371,18.536,44.548,26.013,1.8011,0.416,0
AGB-03,1834.0,100.14,2.1672,0.407,1.125,1450.0,1.3936,0.3891,3.14,0,3,0.9027,0.3127,18.546,44.573,26.027,1.8566,0.416,0
AGB-03,1835.0,87.28,2.1655,0.3856,1.37,1450.0,1.3924,0.3741,2.75,0,3,0.8366,0.3231,18.556,44.597,26.041,1.8551,0.416,0
AGB-03,1836.0,93.83,2.1335,0.402,1.727,1450.0,1.3723,0.4062,2.61,0,3,0.8875,0.3324,18.566,44.621,26.055,1.8277,0.416,0
AGB-03,1837.0,97.61,2.1543,0.4056,1.08,1450.0,1.3852,0.379,2.39,0,3,0.8376,0.334,18.576,44.646,26.069,1.8455,0.416,0
AGB-03,1838.0,99.88,2.1719,0.4109,1.036,1450.0,1.3962,0.3906,2.82,0,3,0.8822,0.3164,18.586,44.67,26.084,1.8606,0.416,0
AGB-03,1839.0,90.28,2.1893,0.3747,0.679,1732.9,1.4341,0.3865,3.55,0,3,0.8252,0.2977,18.596,44.694,26.098,1.9126,0.444,0
AGB-03,1840.0,100.34,2.1239,0.4232,1.372,1450.0,1.3659,0.3924,2.7,0,3,0.9056,0.3306,18.606,44.718,26.112,1.8195,0.416,0
AGB-03,1841.0,101.47,2.1451,0.4052,1.96,1450.0,1.3791,0.3825,2.82,0,3,0.9504,0.3397,18.616,44.743,26.126,1.8377,0.416,0
AGB-03,1842.0,97.6,2.1541,0.3924,0.865,1610.3,1.4017,0.4148,3.12,0,3,0.8536,0.3204,18.627,44.767,26.14,1.8688,0.434,0
AGB-03,1843.0,94.87,2.1336,0.4054,1.091,1456.7,1.3724,0.3871,3.32,0,3,0.8538,0.3144,18.637,44.791,26.155,1.8289,0.4169,0
AGB-03,1844.0,98.8,2.0947,0.4335,1.901,1450.0,1.3471,0.3723,2.39,0,3,0.9281,0.3367,18.647,44.816,26.169,1.7945,0.416,0
AGB-03,1845.0,93.23,2.1202,0.4094,1.734,1523.7,1.3715,0.3969,2.51,0,3,0.8416,0.3275,18.657,44.84,26.183,1.828,0.4251,0
AGB-03,1846.0,99.64,2.0995,0.4361,1.92,1450.0,1.3498,0.3753,2.56,0,3,0.9207,0.3444,18.667,44.864,26.197,1.7986,0.416,0
AGB-03,1847.0,94.42,2.1119,0.4016,1.162,1450.0,1.3574,0.3814,2.3,0,3,0.8949,0.324,18.677,44.889,26.211,1.8091,0.416,0
AGB-03,1848.0,94.56,2.1743,0.3664,1.557,1595.6,1.4122,0.3892,2.9,0,3,0.811,0.3097,18.687,44.913,26.226,1.8845,0.4326,0
AGB-03,1849.0,37.9,2.2506,0.2416,0.663,3347.8,11.678,0.215,8.01,0,0,0.1419,0.2415,18.697,44.937,26.24,21.4872,0.2377,0
AGB-03,1850.0,31.52,2.2486,0.2598,0.993,3414.6,11.9844,0.2034,6.64,0,0,0.0849,0.2529,18.708,44.961,26.254,22.491,0.2334,0
AGB-03,1851.0,35.06,2.2739,0.236,1.044,3371.2,12.1932,0.1739,6.91,0,0,0.1153,0.2309,18.718,44.986,26.268,23.2214,0.2013,0
AGB-03,1852.0,43.3,2.2623,0.2598,0.81,3264.7,10.974,0.2371,6.69,0,0,0.2021,0.2448,18.728,45.01,26.282,19.4301,0.2668,0
AGB-03,1853.0,27.89,2.2657,0.2104,0.939,3646.4,12.819,0.2041,6.87,0,0,0.0428,0.2419,18.738,45.034,26.297,25.6928,0.2369,0
AGB-03,1854.0,33.93,2.24,0.2708,0.666,3463.8,11.712,0.2308,5.39,0,0,0.1235,0.2514,18.748,45.059,26.311,21.6281,0.2674,0
AGB-03,1855.0,26.58,2.2262,0.2382,1.129,3314.4,11.8101,0.1608,7.7,0,0,0.084,0.2509,18.758,45.083,26.325,21.9501,0.2022,0
AGB-03,1856.0,66.82,2.1979,0.3208,1.292,2348.6,5.0256,0.3218,4.88,0,2,0.5083,0.2851,18.768,45.107,26.339,7.2606,0.3586,0
AGB-03,1857.0,74.96,2.1932,0.3342,1.086,2217.9,3.9236,0.3692,3.54,0,2,0.5842,0.288,18.778,45.132,26.353,5.5236,0.3868,0
AGB-03,1858.0,73.06,2.2075,0.3186,1.672,2323.0,4.531,0.3567,3.62,0,2,0.5835,0.2714,18.788,45.156,26.368,6.4702,0.3772,0
AGB-03,1859.0,75.71,2.2012,0.3281,0.624,2382.7,5.1497,0.3411,4.39,0,2,0.5234,0.2763,18.799,45.18,26.382,7.4661,0.3592,0
AGB-03,1860.0,64.15,2.1387,0.3351,0.851,2349.7,5.2985,0.3135,3.33,0,2,0.4506,0.295,18.809,45.205,26.396,7.7117,0.3387,0
AGB-03,1861.0,71.5,2.2048,0.3363,0.92,2188.6,4.4901,0.3314,3.54,0,2,0.5585,0.2803,18.819,45.229,26.41,6.4085,0.3558,0
AGB-03,1862.0,67.41,2.1693,0.355,0.603,2160.8,3.964,0.3507,3.74,0,2,0.5319,0.3049,18.829,45.253,26.424,5.5898,0.3744,0
AGB-03,1863.0,75.5,2.1734,0.353,0.518,2131.7,3.5648,0.3505,3.5,0,2,0.5723,0.3022,18.839,45.277,26.438,4.9828,0.3891,0
AGB-03,1864.0,70.46,2.2167,0.3447,0.462,2157.9,3.9068,0.3587,4.0,0,2,0.5957,0.2846,18.849,45.302,26.453,5.5036,0.3803,0
AGB-03,1865.0,63.23,2.1531,0.3032,0.707,2395.7,5.2384,0.321,4.14,0,2,0.4777,0.2882,18.859,45.326,26.467,7.6189,0.3524,0
AGB-03,1866.0,69.75,2.1245,0.3626,1.163,1886.6,2.4269,0.3929,3.01,0,2,0.6324,0.3142,18.869,45.35,26.481,3.3124,0.4079,0
AGB-03,1867.0,66.73,2.2304,0.324,1.12,2361.7,4.9083,0.3489,3.58,0,2,0.5311,0.282,18.879,45.375,26.495,7.0827,0.3687,0
AGB-03,1868.0,76.27,2.2105,0.3519,1.091,2364.8,4.4799,0.3443,4.07,0,2,0.566,0.2803,18.89,45.399,26.509,6.399,0.3851,0
AGB-03,1869.0,59.81,2.1863,0.3424,0.537,2454.8,5.329,0.3458,3.84,0,2,0.4813,0.2872,18.9,45.423,26.524,7.773,0.3617,0
AGB-03,1870.0,73.39,2.2224,0.3443,0.487,2414.4,4.884,0.3427,3.89,1,2,0.5318,0.2826,18.91,45.448,26.538,7.046,0.377,0
AGB-03,1871.0,65.44,2.1737,0.304,0.794,2322.8,4.6637,0.3294,4.76,0,2,0.5525,0.2773,18.92,45.472,26.552,6.6932,0.3682,0
AGB-03,1872.0,60.16,2.195,0.314,0.446,2429.9,5.4543,0.3306,3.92,0,2,0.4987,0.2769,18.93,45.496,26.566,7.9839,0.3526,0
AGB-03,1873.0,94.56,2.1426,0.4096,1.761,1560.2,1.3847,0.418,2.85,0,3,0.8449,0.3218,18.94,45.52,26.58,1.8525,0.4291,0
AGB-03,1874.0,91.35,2.138,0.3671,1.519,1563.1,1.3819,0.3833,2.84,0,3,0.8305,0.317,18.95,45.545,26.595,1.8488,0.4293,0
AGB-03,1875.0,89.59,2.1411,0.4151,0.941,1450.0,1.3712,0.3864,3.27,0,3,0.831,0.3261,18.96,45.569,26.609,1.8342,0.416,0
AGB-03,1876.0,97.21,2.1022,0.4258,2.307,1450.0,1.3467,0.384,2.48,0,3,0.9304,0.3492,18.97,45.593,26.623,1.8009,0.416,0
AGB-03,1877.0,98.32,2.1178,0.4209,1.338,1450.0,1.3564,0.3894,2.83,0,3,0.8914,0.3327,18.981,45.618,26.637,1.8143,0.416,0
AGB-03,1878.0,95.2,2.149,0.3825,0.942,1555.8,1.3877,0.4083,2.9,0,3,0.8293,0.3227,18.991,45.642,26.651,1.8574,0.4286,0
AGB-03,1879.0,97.11,2.1094,0.4263,1.01,1450.0,1.3509,0.378,2.59,0,3,0.8631,0.3457,19.001,45.666,26.666,1.8071,0.416,0
AGB-03,1880.0,95.04,2.1142,0.3799,1.369,1450.0,1.3539,0.3857,2.85,0,3,0.8147,0.3264,19.011,45.691,26.68,1.8112,0.416,0
AGB-03,1881.0,102.41,2.1493,0.4052,2.743,1450.0,1.3756,0.3839,2.86,0,3,0.9244,0.3221,19.021,45.715,26.694,1.8412,0.416,0
AGB-03,1882.0,103.34,2.0652,0.4546,1.701,1450.0,1.3231,0.3856,2.19,0,3,0.9632,0.366,19.031,45.739,26.708,1.7692,0.416,0
AGB-03,1883.0,95.23,2.1035,0.4481,0.498,1450.0,1.3469,0.4075,2.06,0,3,0.8598,0.363,19.041,45.763,26.722,1.802,0.416,0
AGB-03,1884.0,92.24,2.0837,0.4232,1.106,1450.0,1.3345,0.3792,2.36,0,3,0.8746,0.361,19.051,45.788,26.736,1.785,0.416,0
AGB-03,1885.0,95.74,2.1426,0.3921,1.197,1450.0,1.3712,0.3707,3.29,0,3,0.8865,0.3254,19.061,45.812,26.751,1.8355,0.416,0
AGB-03,1886.0,96.33,2.1341,0.4115,1.011,1450.0,1.3658,0.3924,2.46,0,3,0.8657,0.3325,19.072,45.836,26.765,1.8282,0.416,0
AGB-03,1887.0,95.51,2.1645,0.3844,1.758,1450.0,1.3847,0.3687,2.93,0,3,0.8932,0.3141,19.082,45.861,26.779,1.8542,0.416,0
AGB-03,1888.0,90.74,2.1109,0.4231,2.419,1450.0,1.3512,0.3815,2.76,0,3,0.9141,0.3483,19.092,45.885,26.793,1.8083,0.416,0
AGB-03,1889.0,89.56,2.0949,0.4482,1.249,1450.0,1.3412,0.3872,2.15,0,3,0.8892,0.3544,19.102,45.909,26.807,1.7946,0.416,0
AGB-03,1890.0,97.89,2.1059,0.4194,1.366,1450.0,1.348,0.3887,2.6,0,3,0.8581,0.3386,19.112,45.934,26.822,1.8041,0.416,0
AGB-03,1891.0,89.89,2.1749,0.3666,1.133,1540.4,1.4015,0.3776,3.44,0,3,0.7855,0.2997,19.122,45.958,26.836,1.8776,0.4269,0
AGB-03,1892.0,100.62,2.1228,0.4046,1.639,1450.0,1.3585,0.3783,2.99,0,3,0.9285,0.3282,19.132,45.982,26.85,1.8185,0.416,0
AGB-03,1893.0,99.67,2.115,0.4313,1.174,1450.0,1.3536,0.383,2.54,0,3,0.9189,0.3414,19.142,46.007,26.864,1.8118,0.416,0
AGB-03,1894.0,96.65,2.1137,0.4098,1.202,1450.0,1.3527,0.3779,2.52,0,3,0.8905,0.3357,19.152,46.031,26.878,1.8107,0.416,0
AGB-03,1895.0,90.27,2.1756,0.3593,1.031,1574.3,1.4051,0.3848,3.94,0,3,0.8385,0.2995,19.163,46.055,26.893,1.8828,0.4305,0
AGB-03,1896.0,98.2,2.1356,0.4216,1.759,1450.0,1.3663,0.3752,2.83,0,3,0.8793,0.3343,19.173,46.079,26.907,1.8295,0.416,0
AGB-03,1897.0,93.57,2.1121,0.4093,1.117,1450.0,1.3516,0.3774,2.94,0,3,0.865,0.3414,19.183,46.104,26.921,1.8094,0.416,0
AGB-03,1898.0,92.63,2.1597,0.3823,0.856,1532.3,1.3909,0.4119,3.13,0,3,0.8005,0.3085,19.193,46.128,26.935,1.8633,0.4261,0
AGB-03,1899.0,91.84,2.1166,0.4321,0.872,1450.0,1.3544,0.396,2.45,0,3,0.8585,0.3472,19.203,46.152,26.949,1.8132,0.416,0
AGB-03,1900.0,95.53,2.0758,0.4414,1.747,1450.0,1.3289,0.3957,2.33,0,3,0.8997,0.3534,19.213,46.177,26.964,1.7783,0.416,0
AGB-03,1901.0,89.49,2.1429,0.423,0.834,1450.0,1.3708,0.3887,2.54,0,3,0.8475,0.3377,19.223,46.201,26.978,1.8358,0.416,0
AGB-03,1902.0,94.47,2.1229,0.4253,1.842,1450.0,1.3583,0.3747,3.03,0,3,0.8749,0.3314,19.233,46.225,26.992,1.8186,0.416,0
AGB-03,1903.0,95.68,2.154,0.402,2.057,1455.6,1.3784,0.3886,2.69,0,3,0.8644,0.3247,19.243,46.25,27.006,1.8463,0.4167,0
AGB-03,1904.0,97.84,2.1096,0.432,1.633,1450.0,1.35,0.3977,2.74,0,3,0.8971,0.3373,19.254,46.274,27.02,1.8072,0.416,0
AGB-03,1905.0,93.83,2.1293,0.436,1.422,1450.0,1.3622,0.3903,3.0,0,3,0.8884,0.3386,19.264,46.298,27.034,1.8241,0.416,0
AGB-03,1906.0,103.35,2.0696,0.4388,1.55,1450.0,1.325,0.4055,2.98,0,3,0.9309,0.3401,19.274,46.322,27.049,1.7729,0.416,0
AGB-03,1907.0,97.49,2.1436,0.4204,1.666,1450.0,1.3711,0.3816,3.23,0,3,0.8686,0.3187,19.284,46.347,27.063,1.8363,0.416,0
AGB-03,1908.0,90.0,2.1308,0.3817,1.598,1472.4,1.3659,0.3735,2.77,0,3,0.8457,0.3164,19.294,46.371,27.077,1.8292,0.4189,0
AGB-03,1909.0,94.38,2.0762,0.4365,1.353,1450.0,1.3291,0.3821,2.53,0,3,0.8514,0.3487,19.304,46.395,27.091,1.7786,0.416,0
AGB-03,1910.0,95.38,2.0717,0.4122,1.032,1450.0,1.3263,0.3746,2.33,0,3,0.8841,0.3495,19.314,46.42,27.105,1.7747,0.416,0
AGB-03,1911.0,90.83,2.1381,0.4086,0.982,1579.3,1.3818,0.3926,2.85,0,3,0.805,0.323,19.324,46.444,27.12,1.851,0.431,0
AGB-03,1912.0,83.59,2.1416,0.3903,1.976,1563.8,1.3825,0.3986,3.02,0,3,0.7858,0.3215,19.334,46.468,27.134,1.852,0.4294,0
AGB-03,1913.0,98.9,2.1267,0.3907,0.706,1450.0,1.3606,0.3808,3.07,0,3,0.8509,0.3295,19.345,46.493,27.148,1.8218,0.416,0
AGB-03,1914.0,88.48,2.1369,0.3954,1.427,1548.4,1.3781,0.4035,4.11,0,3,0.8415,0.3097,19.355,46.517,27.162,1.8459,0.4278,0
AGB-03,1915.0,98.88,2.1848,0.4042,1.509,1450.0,1.3969,0.3957,3.34,0,3,0.8947,0.313,19.365,46.541,27.176,1.8717,0.416,0
AGB-03,1916.0,102.33,2.153,0.3953,1.337,1450.0,1.377,0.3894,2.74,0,3,0.8828,0.322,19.375,46.566,27.191,1.8444,0.416,0
AGB-03,1917.0,99.94,2.1279,0.43,1.34,1450.0,1.3614,0.3839,2.91,0,3,0.8909,0.3394,19.385,46.59,27.205,1.8229,0.416,0
AGB-03,1918.0,98.59,2.1693,0.3894,1.314,1450.0,1.3872,0.3981,3.41,0,3,0.8882,0.3154,19.395,46.614,27.219,1.8583,0.416,0
AGB-03,1919.0,105.36,2.0936,0.4466,3.357,1450.0,1.34,0.3906,2.6,0,3,0.98,0.3544,19.405,46.638,27.233,1.7935,0.416,0
AGB-03,1920.0,85.16,2.1932,0.3624,1.087,1696.2,1.6345,0.3897,3.59,0,3,0.7815,0.2898,19.415,46.663,27.247,2.2002,0.4306,0
AGB-03,1921.0,98.88,2.0686,0.4403,1.122,1450.0,1.3245,0.3691,1.81,1,3,0.8595,0.3647,19.425,46.687,27.262,1.7721,0.416,0
AGB-03,1922.0,93.52,2.1181,0.4225,1.364,1450.0,1.3554,0.3659,2.37,0,3,0.882,0.3359,19.436,46.711,27.276,1.8145,0.416,0
AGB-03,1923.0,99.47,2.1384,0.4093,1.454,1450.0,1.3681,0.3949,2.54,0,3,0.9111,0.3168,19.446,46.736,27.29,1.8319,0.416,0
AGB-03,1924.0,85.28,2.2191,0.3464,1.492,1941.0,2.5731,0.3879,4.53,0,3,0.742,0.2713,19.456,46.76,27.304,3.5296,0.4121,0
AGB-03,1925.0,98.52,2.1657,0.4104,1.06,1450.0,1.3852,0.3851,3.42,0,3,0.9126,0.3119,19.466,46.784,27.318,1.8553,0.416,0
AGB-03,1926.0,96.54,2.1398,0.4302,1.743,1450.0,1.3691,0.3892,3.34,0,3,0.8824,0.3169,19.476,46.809,27.333,1.8331,0.416,0
AGB-03,1927.0,95.95,2.1169,0.4058,1.762,1450.0,1.3549,0.3751,2.94,0,3,0.874,0.3288,19.486,46.833,27.347,1.8135,0.416,0
AGB-03,1928.0,97.72,2.1065,0.4242,0.871,1450.0,1.3484,0.3827,2.15,0,3,0.8695,0.3469,19.496,46.857,27.361,1.8045,0.416,0
AGB-03,1929.0,98.66,2.1254,0.4123,1.259,1450.0,1.3602,0.399,3.11,0,3,0.8595,0.3293,19.506,46.881,27.375,1.8208,0.416,0
AGB-03,1930.0,90.4,2.1782,0.3827,1.448,1461.4,1.3947,0.3777,2.67,0,3,0.8202,0.3123,19.516,46.906,27.389,1.868,0.4175,0
AGB-03,1931.0,98.98,2.1506,0.4054,1.526,1450.0,1.3761,0.3811,2.95,0,3,0.8913,0.3197,19.527,46.93,27.403,1.8423,0.416,0
AGB-03,1932.0,95.02,2.1252,0.3992,1.313,1450.0,1.3603,0.3851,2.6,0,3,0.8401,0.3309,19.537,46.954,27.418,1.8205,0.416,0
AGB-03,1933.0,91.44,2.1425,0.4018,0.795,1455.3,1.3718,0.3888,2.86,0,3,0.83,0.3284,19.547,46.979,27.432,1.8363,0.4167,0
AGB-03,1934.0,91.3,2.1584,0.3799,1.363,1450.0,1.3811,0.3793,2.79,0,3,0.8914,0.3173,19.557,47.003,27.446,1.849,0.416,0
AGB-03,1935.0,89.88,2.1205,0.3996,0.895,1492.4,1.3626,0.3904,2.28,0,3,0.8085,0.3405,19.567,47.027,27.46,1.8236,0.4214,0
AGB-03,1936.0,93.01,2.1534,0.3677,1.76,1468.0,1.3804,0.383,3.52,0,3,0.8495,0.3072,19.577,47.052,27.474,1.8479,0.4184,0
AGB-03,1937.0,93.1,2.1255,0.4155,0.847,1473.5,1.3637,0.416,2.88,0,3,0.8077,0.3275,19.587,47.076,27.489,1.8248,0.4191,0
AGB-03,1938.0,98.54,2.1278,0.4283,1.894,1450.0,1.3623,0.3857,2.46,0,3,0.9257,0.3429,19.597,47.1,27.503,1.8228,0.416,0
AGB-03,1939.0,94.55,2.2099,0.3643,1.232,1724.1,1.4466,0.4031,5.09,0,3,0.8418,0.2754,19.607,47.124,27.517,1.9387,0.443,0
AGB-03,1940.0,99.4,2.1115,0.3933,1.557,1450.0,1.3523,0.3984,2.85,0,3,0.879,0.3295,19.618,47.149,27.531,1.8089,0.416,0
AGB-03,1941.0,93.93,2.1409,0.4127,1.042,1450.0,1.3706,0.3745,2.93,0,3,0.8387,0.3226,19.628,47.173,27.545,1.834,0.416,0
AGB-03,1942.0,94.28,2.144,0.4137,1.914,1450.0,1.3727,0.3962,2.76,0,3,0.8733,0.3383,19.638,47.197,27.56,1.8367,0.416,0
AGB-03,1943.0,100.7,2.1403,0.4064,1.959,1450.0,1.3704,0.3931,3.54,0,3,0.904,0.3121,19.648,47.222,27.574,1.8335,0.416,0
AGB-03,1944.0,98.07,2.1367,0.3966,1.118,1450.0,1.3683,0.3706,2.45,0,3,0.857,0.3236,19.658,47.246,27.588,1.8305,0.416,0
AGB-03,1945.0,99.35,2.1571,0.4057,2.129,1450.0,1.381,0.3697,3.44,0,3,0.8718,0.3169,19.668,47.27,27.602,1.8479,0.416,0
AGB-03,1946.0,87.04,2.1147,0.4161,1.558,1548.1,1.3656,0.3998,3.47,0,3,0.8029,0.3212,19.678,47.295,27.616,1.8267,0.4278,0
AGB-03,1947.0,89.92,2.1574,0.3917,0.685,1529.5,1.3905,0.4007,3.12,0,3,0.8132,0.3105,19.688,47.319,27.631,1.8609,0.4257,0
AGB-03,1948.0,94.6,2.1656,0.4011,0.51,1649.4,1.4069,0.4192,3.38,0,3,0.8467,0.3177,19.698,47.343,27.645,1.8833,0.4375,0
AGB-03,1949.0,99.67,2.1464,0.3823,2.441,1527.2,1.3835,0.3939,3.64,0,3,0.9093,0.3116,19.709,47.368,27.659,1.8511,0.4255,0
AGB-03,1950.0,98.09,2.1426,0.3866,1.003,1450.0,1.3722,0.3862,2.69,0,3,0.8759,0.3218,19.719,47.392,27.673,1.8355,0.416,0
AGB-03,1951.0,64.47,2.2362,0.2905,1.224,2577.2,6.3498,0.3111,4.8,0,2,0.476,0.2657,19.729,47.416,27.687,9.5213,0.3433,0
AGB-03,1952.0,68.09,2.2109,0.3333,0.968,2230.2,4.6303,0.3336,4.09,0,2,0.5386,0.2856,19.739,47.44,27.701,6.6418,0.3569,0
AGB-03,1953.0,65.11,2.1879,0.3288,0.476,2473.7,5.5553,0.3246,4.81,0,2,0.4874,0.2797,19.749,47.465,27.716,8.1543,0.3551,0
AGB-03,1954.0,77.89,2.1865,0.3535,0.765,2200.9,3.4178,0.3807,3.95,0,2,0.6432,0.2818,19.759,47.489,27.73,4.7678,0.4046,0
AGB-03,1955.0,65.36,2.228,0.3198,1.071,2495.0,5.5544,0.3314,4.41,0,2,0.5357,0.2641,19.769,47.513,27.744,8.1524,0.3625,0
AGB-03,1956.0,71.43,2.2061,0.3449,1.154,2181.3,4.2997,0.3354,4.1,0,2,0.5145,0.3043,19.779,47.538,27.758,6.119,0.3641,0
AGB-03,1957.0,63.91,2.2054,0.3325,0.78,2488.9,5.5228,0.334,4.12,1,2,0.4728,0.2877,19.79,47.562,27.772,8.0993,0.3607,0
AGB-03,1958.0,76.07,2.1644,0.3665,1.101,2014.5,3.3336,0.36,3.24,0,2,0.5975,0.2995,19.8,47.586,27.787,4.6417,0.3818,0
AGB-03,1959.0,71.88,2.2314,0.326,0.922,2513.1,4.7869,0.3717,4.93,0,2,0.5794,0.2699,19.81,47.611,27.801,6.892,0.3936,0
AGB-03,1960.0,69.14,2.2029,0.3341,0.787,2215.0,4.3298,0.3288,4.39,1,2,0.5564,0.2876,19.82,47.635,27.815,6.1664,0.3683,0
AGB-03,1961.0,71.35,2.1591,0.3403,0.697,2111.7,3.7047,0.3373,4.36,0,2,0.5476,0.3073,19.83,47.659,27.829,5.2013,0.3781,0
AGB-03,1962.0,69.91,2.2047,0.3323,0.999,2294.1,4.448,0.3537,4.75,0,2,0.5762,0.2774,19.84,47.683,27.843,6.3527,0.3758,0
AGB-03,1963.0,77.23,2.1962,0.3198,0.907,2160.1,3.9038,0.3609,3.39,0,2,0.5886,0.2875,19.85,47.708,27.858,5.5059,0.379,0
AGB-03,1964.0,69.91,2.2299,0.3144,0.766,2395.6,5.5509,0.3181,4.57,0,2,0.5034,0.2753,19.86,47.732,27.872,8.1482,0.3449,0
AGB-03,1965.0,64.63,2.2294,0.3001,1.456,2521.6,6.0685,0.3096,5.89,0,2,0.4841,0.2695,19.87,47.756,27.886,9.0313,0.3448,0
AGB-03,1966.0,68.61,2.202,0.3468,1.337,2192.8,3.7703,0.3639,3.56,0,2,0.5766,0.297,19.881,47.781,27.9,5.3024,0.3902,0
AGB-03,1967.0,70.5,2.1818,0.3104,1.01,2399.2,5.0995,0.3101,4.27,0,2,0.5098,0.2833,19.891,47.805,27.914,7.4013,0.362,0
AGB-03,1968.0,68.77,2.1649,0.3066,0.73,2233.8,4.0927,0.3407,4.36,0,2,0.588,0.281,19.901,47.829,27.929,5.7987,0.3792,0
AGB-03,1969.0,66.94,2.2162,0.3189,0.707,2343.6,5.2073,0.3154,4.58,0,2,0.5067,0.2826,19.911,47.854,27.943,7.5792,0.3502,0
AGB-03,1970.0,68.28,2.2074,0.3344,0.705,2550.1,6.2108,0.3095,4.0,0,2,0.4551,0.2755,19.921,47.878,27.957,9.2819,0.3412,0
AGB-03,1971.0,72.74,2.1632,0.3541,0.89,2245.0,3.9132,0.3537,4.62,0,2,0.5684,0.2943,19.931,47.902,27.971,5.5227,0.3884,0
AGB-03,1972.0,76.37,2.2094,0.3619,0.824,2225.3,3.4209,0.3883,3.24,0,2,0.6083,0.2965,19.941,47.927,27.985,4.7753,0.4083,0
AGB-03,1973.0,70.41,2.1633,0.3571,0.509,2201.0,4.3263,0.3264,3.83,0,2,0.5098,0.3032,19.951,47.951,28.0,6.1654,0.3623,0
AGB-03,1974.0,69.9,2.2534,0.308,1.058,2449.9,5.1352,0.3495,4.09,0,2,0.5797,0.2604,19.961,47.975,28.014,7.4636,0.3744,0
AGB-03,1975.0,67.35,2.1694,0.3652,0.88,2059.3,3.62,0.3457,3.44,0,2,0.5872,0.2948,19.972,47.999,28.028,5.0769,0.3744,0
AGB-03,1976.0,66.57,2.161,0.337,0.693,2233.0,4.2581,0.3569,4.04,0,2,0.5366,0.2954,19.982,48.024,28.042,6.06,0.371,0
AGB-03,1977.0,47.24,2.2464,0.2765,0.602,3049.6,9.6163,0.25,7.52,0,1,0.2811,0.2539,19.992,48.048,28.056,16.1032,0.2861,0
AGB-03,1978.0,46.63,2.2458,0.2586,0.777,3022.6,9.9512,0.2307,7.02,0,1,0.2731,0.2439,20.002,48.072,28.07,16.9034,0.256,0
AGB-03,1979.0,44.81,2.2368,0.2744,1.281,2983.5,9.3756,0.2329,5.08,0,1,0.2595,0.2669,20.012,48.097,28.085,15.5525,0.2806,0
AGB-03,1980.0,45.42,2.2166,0.2802,1.072,3026.2,9.2665,0.2521,6.28,0,1,0.2814,0.2616,20.022,48.121,28.099,15.3074,0.2945,0
AGB-03,1981.0,57.53,2.2563,0.2757,0.565,2886.6,8.8764,0.2628,7.64,0,1,0.3346,0.253,20.032,48.145,28.113,14.4487,0.2872,0
AGB-03,1982.0,39.56,2.2707,0.2746,1.253,3164.6,10.4072,0.2442,7.38,0,1,0.2219,0.2561,20.042,48.17,28.127,18.0549,0.2736,0
AGB-03,1983.0,48.72,2.2721,0.2559,1.065,3185.0,10.3191,0.2619,6.57,1,1,0.2654,0.2435,20.052,48.194,28.141,17.83,0.2846,0
AGB-03,1984.0,27.66,2.3082,0.2106,1.264,3710.9,13.2585,0.1752,10.7,0,0,0.0532,0.2185,20.063,48.218,28.156,28.2545,0.2095,0
AGB-03,1985.0,21.2,2.2547,0.226,0.554,3682.3,13.0559,0.191,7.94,1,0,0.02,0.2353,20.073,48.242,28.17,27.1592,0.21,0
AGB-03,1986.0,27.73,2.3297,0.204,1.537,3889.8,13.6212,0.1944,10.73,0,0,0.0448,0.2062,20.083,48.267,28.184,30.7455,0.2228,0
AGB-03,1987.0,27.67,2.2921,0.2094,0.952,3844.1,13.3629,0.1929,9.53,0,0,0.0467,0.2194,20.093,48.291,28.198,28.9023,0.2366,0
AGB-03,1988.0,22.37,2.3314,0.1833,1.279,3782.7,13.5528,0.175,12.52,0,0,0.0419,0.2062,20.103,48.315,28.212,30.2161,0.1948,0
AGB-03,1989.0,31.44,2.2598,0.2165,0.717,3605.9,12.5735,0.2142,7.71,0,0,0.0835,0.2364,20.113,48.34,28.227,24.9658,0.2391,0
AGB-03,1990.0,27.45,2.2872,0.2235,1.384,3677.2,12.874,0.2084,10.2,0,0,0.0992,0.2214,20.123,48.364,28.241,26.2876,0.2389,0
AGB-03,1991.0,30.33,2.2939,0.2082,1.514,3702.6,13.2052,0.1891,8.55,0,0,0.0632,0.2156,20.133,48.388,28.255,27.9801,0.2089,0
AGB-03,1992.0,26.61,2.2906,0.2274,1.264,3564.8,12.784,0.1939,7.1,0,0,0.0843,0.2256,20.143,48.413,28.269,25.8774,0.2095,0
AGB-03,1993.0,37.13,2.2853,0.2129,0.999,3464.7,12.219,0.2032,9.44,0,0,0.1497,0.2248,20.154,48.437,28.283,23.5847,0.2321,0
AGB-03,1994.0,41.19,2.2576,0.2453,0.916,3461.8,11.8972,0.2274,7.4,0,0,0.127,0.245,20.164,48.461,28.298,22.4452,0.2524,0
AGB-03,1995.0,36.43,2.2646,0.2284,0.888,3600.7,12.1751,0.2396,7.01,0,0,0.125,0.2406,20.174,48.485,28.312,23.4237,0.2714,0
AGB-03,1996.0,20.45,2.3065,0.1859,0.773,3897.7,13.6374,0.1829,11.77,0,0,0.02,0.2107,20.184,48.51,28.326,30.9116,0.2151,0
AGB-03,1997.0,25.37,2.2658,0.2008,0.744,3676.5,13.0236,0.1874,8.29,0,0,0.0493,0.2278,20.194,48.534,28.34,27.0129,0.2152,0
AGB-03,1998.0,36.21,2.2518,0.2303,0.832,3408.3,11.9372,0.2145,8.2,0,0,0.143,0.2333,20.204,48.558,28.354,22.5779,0.2296,0
AGB-03,1999.0,27.61,2.3124,0.1972,1.5,3894.1,13.5264,0.2254,9.93,0,0,0.0244,0.2209,20.214,48.583,28.368,30.0181,0.2347,0
AGB-03,2000.0,37.92,2.3243,0.2135,1.214,3617.1,12.7521,0.2345,9.24,0,0,0.1477,0.212,20.224,48.607,28.383,25.7229,0.2418,0
AGB-03,2001.0,28.36,2.3001,0.1872,1.177,3676.0,12.9919,0.202,8.43,1,0,0.0787,0.2243,20.234,48.631,28.397,26.84,0.2293,0
AGB-03,2002.0,28.38,2.311,0.2139,1.68,3871.1,13.5876,0.1947,9.24,0,0,0.0397,0.2078,20.245,48.656,28.411,30.4606,0.2171,0
AGB-03,2003.0,30.18,2.2847,0.2019,0.881,3842.1,13.361,0.2227,7.59,0,0,0.0437,0.2201,20.255,48.68,28.425,28.8682,0.2347,0
AGB-03,2004.0,31.93,2.3044,0.2122,1.079,3614.8,13.0531,0.1753,10.6,0,0,0.0753,0.2178,20.265,48.704,28.439,27.1296,0.1991,0
AGB-03,2005.0,31.18,2.274,0.2476,1.1,3503.0,12.3006,0.2018,7.75,0,0,0.0968,0.2424,20.275,48.729,28.454,23.8619,0.2353,0
AGB-03,2006.0,30.54,2.2577,0.2189,0.977,3762.3,13.0974,0.2199,8.64,0,0,0.0277,0.2364,20.285,48.753,28.468,27.3461,0.2349,0
AGB-03,2007.0,25.14,2.2842,0.1908,1.193,3669.8,13.0487,0.2002,10.49,0,0,0.0866,0.2152,20.295,48.777,28.482,27.0877,0.2163,0
AGB-03,2008.0,24.5,2.324,0.1925,1.563,3746.7,13.5295,0.1617,10.32,0,0,0.0385,0.207,20.305,48.801,28.496,29.9554,0.1829,0
AGB-03,2009.0,37.13,2.2635,0.2368,1.638,3307.6,11.646,0.2021,7.85,0,0,0.1555,0.2383,20.315,48.826,28.51,21.5802,0.2234,0
AGB-03,2010.0,25.45,2.3205,0.1974,1.283,3930.7,13.6749,0.19,11.46,1,0,0.0348,0.2079,20.325,48.85,28.525,31.084,0.2268,0
AGB-03,2011.0,32.91,2.2659,0.2281,0.678,3498.0,12.0905,0.2207,8.27,0,0,0.1268,0.2403,20.336,48.874,28.539,23.0635,0.2509,0
AGB-03,2012.0,20.16,2.3271,0.2165,0.844,3834.0,13.5788,0.1867,10.62,0,0,0.0307,0.2141,20.346,48.899,28.553,30.2607,0.213,0
AGB-03,2013.0,31.86,2.2887,0.2003,0.976,3776.6,12.908,0.252,9.26,1,0,0.1098,0.2225,20.356,48.923,28.567,26.3503,0.266,0
AGB-03,2014.0,29.1,2.2794,0.1994,1.077,3740.5,13.099,0.2035,9.91,0,0,0.0711,0.2228,20.366,48.947,28.581,27.2788,0.2352,0
AGB-03,2015.0,26.1,2.2942,0.218,1.79,3823.9,13.1629,0.2398,9.49,0,0,0.0693,0.2263,20.376,48.972,28.596,27.6033,0.2566,0
AGB-03,2016.0,26.73,2.2895,0.2264,0.573,3804.7,13.0632,0.242,8.79,0,0,0.1025,0.2182,20.386,48.996,28.61,27.0742,0.2602,0
AGB-03,2017.0,25.76,2.2684,0.2219,2.334,3922.0,13.515,0.207,11.96,1,0,0.02,0.2216,20.396,49.02,28.624,29.7091,0.2379,0
AGB-03,2018.0,34.33,2.318,0.2092,1.92,3722.1,12.8638,0.231,9.97,0,0,0.1531,0.2104,20.406,49.044,28.638,26.0978,0.2628,0
AGB-03,2019.0,50.16,2.2391,0.2887,0.995,3134.8,9.9587,0.2558,6.1,0,1,0.2665,0.2515,20.416,49.069,28.652,16.8884,0.2877,0
AGB-03,2020.0,41.77,2.2942,0.2433,1.507,3294.3,11.2709,0.244,7.64,0,1,0.2237,0.2327,20.427,49.093,28.666,20.3771,0.2593,0
AGB-03,2021.0,49.01,2.2556,0.2577,1.629,3010.6,9.186,0.2816,7.03,0,1,0.3494,0.2427,20.437,49.117,28.681,15.0919,0.3022,0
AGB-03,2022.0,39.2,2.2536,0.2622,1.269,3224.8,10.6127,0.2581,6.68,0,1,0.2351,0.2458,20.447,49.142,28.695,18.5339,0.2753,0
AGB-03,2023.0,49.37,2.2614,0.2439,0.717,3203.0,10.5636,0.2576,6.34,0,1,0.2495,0.2422,20.457,49.166,28.709,18.4011,0.274,0
AGB-03,2024.0,39.21,2.3152,0.224,1.415,3509.1,12.1638,0.2554,7.89,0,1,0.2,0.2171,20.467,49.19,28.723,23.2457,0.2612,0
AGB-03,2025.0,45.13,2.2719,0.2265,1.301,3360.8,11.819,0.2144,9.11,0,1,0.1904,0.223,20.477,49.215,28.737,22.0592,0.2321,0
AGB-03,2026.0,49.02,2.257,0.2602,0.85,3124.1,9.4517,0.2873,6.72,0,1,0.3133,0.2518,20.487,49.239,28.752,15.6778,0.3144,0
AGB-03,2027.0,44.46,2.2895,0.2564,1.147,3432.1,11.3191,0.2888,8.57,1,1,0.2436,0.2287,20.497,49.263,28.766,20.4901,0.2917,0
AGB-03,2028.0,47.64,2.235,0.2612,1.385,3061.7,10.0084,0.2543,7.51,0,1,0.2607,0.2492,20.507,49.287,28.78,16.9839,0.264,0
AGB-03,2029.0,35.7,2.2074,0.2721,1.017,3408.1,10.9201,0.2724,5.85,0,1,0.1904,0.2539,20.518,49.312,28.794,19.3418,0.2944,0
AGB-03,2030.0,42.88,2.2007,0.2991,0.749,3156.6,9.3964,0.2853,5.13,0,1,0.2523,0.2727,20.528,49.336,28.808,15.5437,0.3156,0
AGB-03,2031.0,39.87,2.2772,0.2591,0.827,3236.0,11.3156,0.2382,6.83,0,1,0.1807,0.2429,20.538,49.36,28.823,20.4676,0.2331,0
AGB-03,2032.0,45.0,2.2965,0.2312,1.129,3327.3,11.0432,0.2589,7.94,0,1,0.2564,0.2313,20.548,49.385,28.837,19.6778,0.2844,0
AGB-03,2033.0,43.41,2.2363,0.2499,0.818,3251.1,10.6487,0.2573,7.99,0,1,0.2411,0.242,20.558,49.409,28.851,18.5971,0.2775,0
AGB-03,2034.0,50.32,2.2151,0.2566,0.821,2766.9,8.8878,0.2226,6.0,0,1,0.2872,0.2631,20.568,49.433,28.865,14.4153,0.2389,0
AGB-03,2035.0,45.56,2.3158,0.2465,0.737,3338.1,11.5384,0.2474,7.93,0,1,0.2261,0.2267,20.578,49.458,28.879,21.1292,0.2591,0
AGB-03,2036.0,49.16,2.2802,0.251,1.131,3237.2,10.4345,0.2607,6.68,0,1,0.2776,0.2399,20.588,49.482,28.894,18.0328,0.2942,0
AGB-03,2037.0,48.48,2.229,0.2642,0.831,3078.7,9.8046,0.2433,6.48,0,1,0.2789,0.2499,20.598,49.506,28.908,16.478,0.2812,0
AGB-03,2038.0,44.89,2.1858,0.3022,1.009,2925.3,8.6091,0.2925,5.07,0,1,0.2639,0.2854,20.609,49.531,28.922,13.8196,0.3019,0
AGB-03,2039.0,52.47,2.2672,0.2546,1.221,3146.5,9.9591,0.2632,6.61,0,1,0.2896,0.247,20.619,49.555,28.936,16.8442,0.2963,0
AGB-03,2040.0,44.72,2.3032,0.2124,0.956,3487.1,11.892,0.2482,8.22,0,1,0.2057,0.2254,20.629,49.579,28.95,22.2462,0.2734,0
AGB-03,2041.0,45.1,2.2859,0.2384,1.775,3486.9,11.6816,0.2575,8.48,0,1,0.2112,0.2298,20.639,49.603,28.965,21.5611,0.2834,0
AGB-03,2042.0,44.55,2.2495,0.2703,0.576,3292.5,10.5976,0.2416,5.97,0,1,0.2319,0.2507,20.649,49.628,28.979,18.446,0.2934,0
AGB-03,2043.0,44.19,2.2592,0.2726,0.517,3168.1,10.059,0.2457,6.65,0,1,0.2691,0.2516,20.659,49.652,28.993,17.0816,0.2949,0
AGB-03,2044.0,44.54,2.2852,0.2083,1.686,3345.4,11.4282,0.2515,8.53,0,1,0.2106,0.2343,20.669,49.676,29.007,20.7729,0.263,0
AGB-03,2045.0,95.9,2.1757,0.3916,1.532,1450.0,1.3955,0.3854,2.8,0,3,0.8989,0.3102,20.679,49.701,29.021,1.8638,0.416,0
AGB-03,2046.0,89.09,2.218,0.3863,1.002,1542.9,1.4329,0.3952,3.69,0,3,0.8675,0.2886,20.689,49.725,29.035,1.9151,0.4272,0
AGB-03,2047.0,99.53,2.0406,0.4738,2.392,1450.0,1.3111,0.3852,2.05,0,3,0.9695,0.3706,20.7,49.749,29.05,1.7481,0.416,0
AGB-03,2048.0,93.45,2.1484,0.3939,1.025,1450.0,1.3786,0.385,3.05,0,3,0.8852,0.3162,20.71,49.774,29.064,1.8405,0.416,0
AGB-03,2049.0,91.54,2.147,0.3614,0.954,1592.2,1.3932,0.3818,3.06,0,3,0.8447,0.3027,20.72,49.798,29.078,1.8604,0.4323,0
AGB-03,2050.0,99.58,2.1877,0.3771,1.296,1644.0,1.4235,0.4118,3.71,0,3,0.8297,0.2935,20.73,49.822,29.092,1.9019,0.437,0
AGB-03,2051.0,96.95,2.1619,0.3854,1.856,1450.0,1.3871,0.3812,3.11,0,3,0.8883,0.3083,20.74,49.846,29.106,1.852,0.416,0
AGB-03,2052.0,91.3,2.1518,0.3885,1.056,1539.4,1.3912,0.409,2.84,0,3,0.8221,0.316,20.75,49.871,29.121,1.8575,0.4268,0
AGB-03,2053.0,88.2,2.2258,0.3566,0.896,1873.5,1.6427,0.42,4.33,0,3,0.8276,0.2745,20.76,49.895,29.135,2.204,0.446,0
AGB-03,2054.0,97.38,2.2156,0.369,2.223,1879.3,1.6586,0.4197,3.75,0,3,0.8136,0.279,20.77,49.919,29.149,2.2259,0.4454,0
AGB-03,2055.0,93.88,2.1101,0.398,2.931,1450.0,1.355,0.379,2.67,0,3,0.849,0.3392,20.78,49.944,29.163,1.8077,0.416,0
AGB-03,2056.0,89.91,2.1255,0.387,2.783,1478.9,1.3682,0.3661,2.76,0,3,0.8725,0.3253,20.791,49.968,29.177,1.8257,0.4198,0
AGB-03,2057.0,88.83,2.1513,0.3709,0.862,1503.3,1.3872,0.3924,3.18,0,3,0.821,0.3199,20.801,49.992,29.192,1.8517,0.4227,0
AGB-03,2058.0,86.9,2.0862,0.4055,0.878,1450.0,1.3402,0.396,2.63,0,3,0.8171,0.3335,20.811,50.017,29.206,1.7872,0.416,0
AGB-03,2059.0,96.62,2.1694,0.3778,1.446,1450.0,1.3923,0.3827,3.78,0,3,0.8736,0.3016,20.821,50.041,29.22,1.8585,0.416,0
AGB-03,2060.0,96.56,2.1486,0.3865,0.8,1450.0,1.3793,0.3905,2.65,0,3,0.8452,0.3212,20.831,50.065,29.234,1.8406,0.416,0
AGB-03,2061.0,90.52,2.1374,0.3982,1.276,1606.2,1.389,0.4054,2.73,0,3,0.7913,0.3265,20.841,50.09,29.248,1.8538,0.4336,0
AGB-03,2062.0,91.88,2.1827,0.3959,1.489,1534.2,1.4107,0.4083,3.52,0,3,0.8913,0.3026,20.851,50.114,29.263,1.8835,0.4263,0
AGB-03,2063.0,95.73,2.1531,0.3744,1.124,1493.5,1.3877,0.3953,4.09,0,3,0.8301,0.3054,20.861,50.138,29.277,1.8518,0.4216,0
AGB-03,2064.0,89.94,2.1883,0.3557,1.541,1450.0,1.4044,0.381,3.73,0,3,0.8697,0.2994,20.872,50.162,29.291,1.8746,0.416,0
AGB-03,2065.0,94.02,2.1625,0.3997,1.403,1450.0,1.3883,0.3664,3.0,0,3,0.8497,0.3279,20.882,50.187,29.305,1.8525,0.416,0
AGB-03,2066.0,88.03,2.1434,0.3946,1.371,1495.1,1.382,0.3874,2.97,0,3,0.8125,0.3347,20.892,50.211,29.319,1.8437,0.4218,0
AGB-03,2067.0,101.66,2.1176,0.4043,0.808,1450.0,1.3604,0.3806,3.2,0,3,0.8769,0.3253,20.902,50.235,29.333,1.8141,0.416,0
AGB-03,2068.0,99.29,2.1569,0.3814,2.05,1450.0,1.3851,0.3868,3.07,0,3,0.9147,0.3182,20.912,50.26,29.348,1.8477,0.416,0
AGB-03,2069.0,103.0,2.1596,0.3882,1.836,1450.0,1.3868,0.3799,2.88,0,3,0.9148,0.3179,20.922,50.284,29.362,1.85,0.416,0
AGB-03,2070.0,93.05,2.184,0.3973,1.191,1450.0,1.4022,0.3753,3.49,0,3,0.8631,0.3125,20.932,50.308,29.376,1.871,0.416,0
AGB-03,2071.0,90.76,2.1634,0.4024,1.518,1662.0,1.411,0.389,3.3,0,3,0.865,0.3063,20.942,50.333,29.39,1.8828,0.4385,0
AGB-03,2072.0,89.92,2.1886,0.3696,1.326,1455.5,1.406,0.3804,3.34,0,3,0.8304,0.2985,20.952,50.357,29.404,1.8758,0.4167,0
AGB-03,2073.0,95.29,2.1867,0.3337,1.231,1734.0,1.8007,0.3924,3.88,0,3,0.7747,0.287,20.963,50.381,29.419,2.4208,0.4259,0
AGB-03,2074.0,47.43,2.3005,0.2597,1.136,3394.4,11.185,0.2748,8.42,0,1,0.2693,0.2261,20.973,50.405,29.433,19.9958,0.2944,0
AGB-03,2075.0,41.75,2.2556,0.2527,1.146,3191.5,11.0871,0.2135,6.78,0,1,0.2025,0.2412,20.983,50.43,29.447,19.7145,0.2333,0
AGB-03,2076.0,46.26,2.2552,0.2427,0.835,3271.9,10.8305,0.2736,6.62,0,1,0.2333,0.2434,20.993,50.454,29.461,19.0048,0.2773,0
AGB-03,2077.0,46.13,2.2699,0.241,0.742,3202.0,10.3843,0.2668,6.12,0,1,0.268,0.2448,21.003,50.478,29.475,17.8366,0.2883,0
AGB-03,2078.0,40.57,2.2549,0.2305,1.074,3300.9,11.0595,0.2521,5.8,0,1,0.2136,0.2437,21.013,50.503,29.49,19.6291,0.2708,0
AGB-03,2079.0,81.95,2.1519,0.367,0.829,1807.7,1.5953,0.4142,3.84,0,3,0.7447,0.3063,21.023,50.527,29.504,2.1351,0.4411,0
AGB-03,2080.0,93.65,2.156,0.3898,1.284,1450.0,1.3857,0.3998,3.12,0,3,0.8516,0.32,21.033,50.551,29.518,1.847,0.416,0
AGB-03,2081.0,99.3,2.1318,0.4105,1.992,1450.0,1.3706,0.3726,2.57,0,3,0.9763,0.3219,21.043,50.576,29.532,1.8262,0.416,0
AGB-03,2082.0,93.77,2.1736,0.3845,0.949,1624.2,1.4154,0.3936,4.21,0,3,0.8382,0.3059,21.054,50.6,29.546,1.8874,0.4352,0
AGB-03,2083.0,92.1,2.1836,0.366,1.274,1520.6,1.4117,0.3959,4.18,0,3,0.8617,0.2906,21.064,50.624,29.561,1.8822,0.4247,0
AGB-03,2084.0,89.95,2.1464,0.4029,1.004,1450.0,1.3801,0.3831,2.91,0,3,0.82,0.3279,21.074,50.648,29.575,1.8388,0.416,0
AGB-03,2085.0,97.0,2.1606,0.3852,2.097,1567.9,1.4023,0.3939,3.25,0,3,0.841,0.3092,21.084,50.673,29.589,1.869,0.4298,0
AGB-03,2086.0,99.04,2.1784,0.3737,1.296,1450.0,1.4003,0.3752,3.69,0,3,0.8958,0.2999,21.094,50.697,29.603,1.8661,0.416,0
AGB-03,2087.0,86.9,2.2102,0.3487,1.194,1793.3,1.5541,0.4052,3.62,0,3,0.801,0.2881,21.104,50.721,29.617,2.0771,0.4437,0
AGB-03,2088.0,95.49,2.1433,0.4106,1.247,1450.0,1.3785,0.3832,2.7,0,3,0.8638,0.3257,21.114,50.746,29.632,1.8361,0.416,0
AGB-03,2089.0,95.8,2.1915,0.3941,1.178,1545.3,1.4198,0.3939,3.5,0,3,0.8609,0.3029,21.124,50.77,29.646,1.8926,0.4275,0
AGB-03,2090.0,90.91,2.1916,0.39,1.111,1603.9,1.4257,0.4059,3.73,0,3,0.8299,0.3055,21.134,50.794,29.66,1.9006,0.4334,0
AGB-03,2091.0,98.07,2.1386,0.3775,1.101,1450.0,1.3758,0.3896,3.31,0,3,0.8527,0.3216,21.145,50.819,29.674,1.8321,0.416,0
AGB-03,2092.0,91.19,2.1666,0.3901,1.523,1580.2,1.4079,0.385,2.9,0,3,0.8581,0.3144,21.155,50.843,29.688,1.8759,0.4311,0
AGB-03,2093.0,97.72,2.1372,0.4114,1.022,1508.5,1.382,0.3966,3.07,0,3,0.8784,0.3149,21.165,50.867,29.702,1.8404,0.4233,0
AGB-03,2094.0,93.93,2.1141,0.3992,1.861,1450.0,1.3606,0.3935,2.81,0,3,0.9086,0.3251,21.175,50.892,29.717,1.8111,0.416,0
AGB-03,2095.0,101.0,2.1633,0.3831,1.985,1499.1,1.3975,0.3889,3.43,0,3,0.8793,0.3014,21.185,50.916,29.731,1.8614,0.4222,0
AGB-03,2096.0,100.22,2.1513,0.3967,2.265,1490.2,1.3891,0.3947,3.52,0,3,0.9066,0.3125,21.195,50.94,29.745,1.8497,0.4211,0
AGB-03,2097.0,90.04,2.1754,0.4018,1.333,1636.3,1.4189,0.4156,3.31,0,3,0.8173,0.3065,21.205,50.964,29.759,1.8903,0.4363,0
AGB-03,2098.0,91.79,2.1381,0.4044,1.16,1511.4,1.3833,0.3955,2.73,0,3,0.8408,0.3312,21.215,50.989,29.773,1.8416,0.4237,0
AGB-03,2099.0,96.64,2.1902,0.3879,1.857,1465.8,1.4107,0.3931,4.21,0,3,0.9003,0.3086,21.225,51.013,29.788,1.879,0.4181,0
AGB-03,2100.0,106.5,2.1232,0.4028,2.869,1450.0,1.3668,0.3754,3.13,0,3,0.9746,0.327,21.236,51.037,29.802,1.8189,0.416,0
AGB-03,2101.0,94.56,2.1296,0.4023,2.015,1501.7,1.3771,0.3829,3.07,0,3,0.8566,0.3187,21.246,51.062,29.816,1.8328,0.4225,0
AGB-03,2102.0,92.29,2.1444,0.3942,1.496,1450.0,1.3802,0.383,3.41,0,3,0.8549,0.3184,21.256,51.086,29.83,1.8371,0.416,0
AGB-03,2103.0,93.05,2.2029,0.3981,1.43,1626.1,1.4359,0.3971,3.0,0,3,0.8354,0.3104,21.266,51.11,29.844,1.913,0.4354,0
AGB-03,2104.0,86.93,2.1449,0.3883,1.038,1552.2,1.3923,0.4099,2.81,0,3,0.7826,0.3203,21.276,51.135,29.859,1.8533,0.4282,0
AGB-03,2105.0,101.73,2.1681,0.4167,1.397,1450.0,1.3953,0.3757,3.28,0,3,0.9228,0.3135,21.286,51.159,29.873,1.8574,0.416,0
AGB-03,2106.0,95.11,2.1847,0.3816,1.245,1450.0,1.4057,0.391,4.23,0,3,0.8928,0.2923,21.296,51.183,29.887,1.8715,0.416,0
AGB-03,2107.0,97.88,2.2014,0.3764,0.857,1566.2,1.4296,0.4071,3.67,0,3,0.8545,0.292,21.306,51.207,29.901,1.9041,0.4297,0
AGB-03,2108.0,88.51,2.1845,0.3932,1.279,1534.8,1.4157,0.3931,3.73,0,3,0.8492,0.3061,21.316,51.232,29.915,1.8851,0.4263,0
AGB-03,2109.0,91.23,2.194,0.3849,0.881,1756.7,1.5062,0.4125,3.3,0,3,0.7766,0.2992,21.327,51.256,29.93,2.009,0.4427,0
AGB-03,2110.0,89.48,2.1382,0.3734,0.69,1687.2,1.4,0.4171,3.3,0,3,0.8253,0.3124,21.337,51.28,29.944,1.8635,0.4406,0
AGB-03,2111.0,99.22,2.152,0.395,1.571,1450.0,1.3855,0.3975,3.11,0,3,0.91,0.3063,21.347,51.305,29.958,1.8436,0.416,0
AGB-03,2112.0,90.75,2.152,0.3991,1.507,1532.4,1.3952,0.3825,3.48,0,3,0.8948,0.3068,21.357,51.329,29.972,1.8567,0.4261,0
AGB-03,2113.0,93.11,2.2269,0.3656,1.572,1498.6,1.4386,0.3848,3.66,0,3,0.8765,0.3012,21.367,51.353,29.986,1.9161,0.4222,0
AGB-03,2114.0,85.64,2.2022,0.3693,0.649,1775.1,1.4678,0.416,4.01,0,3,0.7855,0.2977,21.377,51.378,30.0,1.956,0.446,0
AGB-03,2115.0,94.33,2.207,0.3835,1.632,1820.3,1.4532,0.42,3.73,0,3,0.821,0.2968,21.387,51.402,30.015,1.9358,0.4498,0
AGB-03,2116.0,105.32,2.1892,0.3648,0.819,1450.0,1.4091,0.3816,3.49,0,3,0.913,0.3007,21.397,51.426,30.029,1.8754,0.416,0
AGB-03,2117.0,97.32,2.1211,0.4096,1.39,1450.0,1.3664,0.3753,2.76,0,3,0.8778,0.3249,21.407,51.451,30.043,1.8171,0.416,0
AGB-03,2118.0,94.64,2.1682,0.3822,1.231,1535.8,1.4061,0.3925,3.06,1,3,0.851,0.3049,21.418,51.475,30.057,1.8712,0.4264,0
AGB-03,2119.0,97.83,2.164,0.3976,2.428,1603.2,1.41,0.4122,3.93,0,3,0.8873,0.3029,21.428,51.499,30.071,1.8765,0.4333,0
AGB-03,2120.0,94.69,2.1571,0.4248,0.94,1450.0,1.3891,0.3879,3.52,0,3,0.8685,0.3171,21.438,51.523,30.086,1.8479,0.416,0
AGB-03,2121.0,86.95,2.1643,0.3919,1.835,1575.8,1.4077,0.3864,3.44,0,3,0.8231,0.2996,21.448,51.548,30.1,1.8733,0.4306,0
AGB-03,2122.0,89.81,2.1507,0.3797,1.25,1660.1,1.4065,0.4113,3.7,0,3,0.844,0.3005,21.458,51.572,30.114,1.8715,0.4384,0
AGB-03,2123.0,86.01,2.1511,0.3907,0.885,1741.0,1.4127,0.4072,3.79,0,3,0.8048,0.3092,21.468,51.596,30.128,1.88,0.4446,0
AGB-03,2124.0,89.07,2.1415,0.3848,0.89,1467.2,1.3816,0.3912,3.13,0,3,0.8465,0.3156,21.478,51.621,30.142,1.8375,0.4183,0
AGB-03,2125.0,100.72,2.1201,0.4375,1.673,1450.0,1.366,0.3804,2.87,0,3,0.9234,0.3304,21.488,51.645,30.157,1.8162,0.416,0
AGB-03,2126.0,98.55,2.1634,0.3933,2.146,1450.0,1.3932,0.3839,2.94,0,3,0.9119,0.3129,21.498,51.669,30.171,1.8533,0.416,0
AGB-03,2127.0,95.08,2.1799,0.3867,2.069,1593.6,1.4194,0.4005,3.21,0,3,0.8616,0.3025,21.509,51.694,30.185,1.8891,0.4324,0
AGB-03,2128.0,102.21,2.1249,0.4026,1.457,1450.0,1.3691,0.3763,2.48,0,3,0.9693,0.3249,21.519,51.718,30.199,1.8203,0.416,0
AGB-03,2129.0,84.03,2.1923,0.3623,1.393,1810.8,1.7643,0.4175,4.56,0,3,0.7977,0.2808,21.529,51.742,30.213,2.3637,0.4353,0
AGB-03,2130.0,97.7,2.1784,0.3785,1.708,1486.8,1.4073,0.3844,3.04,0,3,0.8636,0.3051,21.539,51.766,30.228,1.8724,0.4207,0
AGB-03,2131.0,95.65,2.1599,0.4087,2.131,1450.0,1.3911,0.3819,2.83,0,3,0.9332,0.3105,21.549,51.791,30.242,1.8503,0.416,0
AGB-03,2132.0,97.77,2.1622,0.4215,1.137,1450.0,1.3925,0.376,3.54,0,3,0.8905,0.3142,21.559,51.815,30.256,1.8523,0.416,0
AGB-03,2133.0,87.17,2.1782,0.3666,1.145,1904.2,1.4398,0.42,4.17,0,3,0.8145,0.2901,21.569,51.839,30.27,1.9168,0.45,0
AGB-03,2134.0,98.8,2.1915,0.3858,1.473,1643.6,1.4313,0.3998,3.44,0,3,0.8805,0.2986,21.579,51.864,30.284,1.9052,0.437,0
AGB-03,2135.0,84.51,2.1366,0.3753,1.018,1613.7,1.3938,0.4168,3.28,0,3,0.7596,0.3196,21.589,51.888,30.299,1.854,0.4343,0
AGB-03,2136.0,90.82,2.1789,0.392,2.085,1450.0,1.403,0.4136,2.76,0,3,0.8704,0.307,21.6,51.912,30.313,1.8666,0.416,0
AGB-03,2137.0,92.41,2.1844,0.3636,2.303,1797.7,1.4378,0.42,3.66,0,3,0.8344,0.288,21.61,51.937,30.327,1.9141,0.4484,0
AGB-03,2138.0,102.18,2.1764,0.4067,1.477,1450.0,1.4015,0.393,3.3,0,3,0.9247,0.3149,21.62,51.961,30.341,1.8644,0.416,0
AGB-03,2139.0,99.33,2.2031,0.3878,1.292,1460.7,1.4196,0.3789,3.27,0,3,0.8946,0.3005,21.63,51.985,30.355,1.8892,0.4174,0
AGB-03,2140.0,105.94,2.1754,0.4026,2.242,1450.0,1.4008,0.3809,3.64,0,3,0.98,0.3135,21.64,52.009,30.369,1.8635,0.416,0
AGB-03,2141.0,98.62,2.1299,0.4117,2.311,1450.0,1.3722,0.3796,2.93,0,3,0.9125,0.3353,21.65,52.034,30.384,1.8246,0.416,0
AGB-03,2142.0,94.47,2.1669,0.3978,0.825,1450.0,1.3954,0.3822,2.98,0,3,0.8947,0.3087,21.66,52.058,30.398,1.8563,0.416,0
AGB-03,2143.0,101.73,2.1794,0.3688,1.736,1598.0,1.4195,0.4053,4.67,0,3,0.8939,0.2952,21.67,52.082,30.412,1.8892,0.4328,0
AGB-03,2144.0,90.14,2.1552,0.3735,1.585,1450.0,1.388,0.387,4.74,0,3,0.8387,0.3,21.68,52.107,30.426,1.8463,0.416,0
AGB-03,2145.0,100.44,2.1006,0.4241,1.718,1450.0,1.3538,0.3988,2.79,0,3,0.9317,0.3333,21.691,52.131,30.44,1.7995,0.416,0
AGB-03,2146.0,90.14,2.152,0.3774,0.989,1733.1,1.4127,0.4094,3.31,0,3,0.7696,0.3103,21.701,52.155,30.455,1.88,0.444,0
AGB-03,2147.0,99.47,2.1598,0.4182,1.635,1450.0,1.3908,0.3785,3.3,0,3,0.9029,0.3125,21.711,52.18,30.469,1.8503,0.416,0
AGB-03,2148.0,99.07,2.1809,0.375,0.806,1450.0,1.4041,0.3926,3.63,0,3,0.8507,0.3096,21.721,52.204,30.483,1.8683,0.416,0
AGB-03,2149.0,86.62,2.1731,0.3895,1.645,1526.5,1.4081,0.3973,3.66,0,3,0.8791,0.3051,21.731,52.228,30.497,1.874,0.4254,0
AGB-03,2150.0,100.27,2.1503,0.3953,1.652,1450.0,1.3848,0.3796,3.02,0,3,0.9167,0.3205,21.741,52.253,30.511,1.8421,0.416,0
AGB-03,2151.0,94.68,2.1793,0.3555,1.524,1603.1,1.4196,0.4028,3.2,0,3,0.8148,0.3056,21.751,52.277,30.526,1.8898,0.4333,0
AGB-03,2152.0,104.58,2.1662,0.4002,1.812,1450.0,1.3946,0.3933,3.11,0,3,0.9078,0.308,21.761,52.301,30.54,1.8557,0.416,0
AGB-03,2153.0,91.2,2.1793,0.388,1.075,1724.2,1.4292,0.42,3.97,0,3,0.8178,0.3005,21.771,52.325,30.554,1.903,0.4434,0
AGB-03,2154.0,99.56,2.1686,0.4215,2.22,1450.0,1.3961,0.3817,3.12,0,3,0.9045,0.3109,21.782,52.35,30.568,1.8578,0.416,0
AGB-03,2155.0,94.92,2.174,0.4118,1.095,1450.0,1.3994,0.3776,3.07,0,3,0.8575,0.3163,21.792,52.374,30.582,1.8624,0.416,0
AGB-03,2156.0,87.97,2.1743,0.3739,1.371,1467.7,1.4018,0.3769,3.87,0,3,0.8468,0.3063,21.802,52.398,30.597,1.8657,0.4183,0
AGB-03,2157.0,88.06,2.1567,0.3811,0.979,1646.5,1.4087,0.3931,2.68,0,3,0.7892,0.319,21.812,52.423,30.611,1.8753,0.4372,0
AGB-03,2158.0,92.96,2.1854,0.3873,1.169,1494.8,1.4119,0.385,3.21,0,3,0.8621,0.2989,21.822,52.447,30.625,1.8798,0.4217,0
AGB-03,2159.0,97.27,2.2337,0.3614,1.352,1814.8,1.4696,0.401,4.96,0,3,0.8539,0.2742,21.832,52.471,30.639,1.9588,0.4494,0
AGB-03,2160.0,96.98,2.1913,0.3707,1.866,1462.1,1.4115,0.4052,3.66,0,3,0.8713,0.2939,21.842,52.496,30.653,1.8793,0.4176,0
AGB-03,2161.0,95.23,2.1256,0.3973,0.866,1454.5,1.3692,0.3847,3.16,0,3,0.87,0.3224,21.852,52.52,30.667,1.8217,0.4166,0
AGB-03,2162.0,95.66,2.1544,0.4158,2.077,1450.0,1.3867,0.3721,3.1,0,3,0.9435,0.3224,21.862,52.544,30.682,1.8456,0.416,0
AGB-03,2163.0,91.78,2.1683,0.406,1.226,1569.7,1.4088,0.3984,2.92,0,3,0.8503,0.3025,21.873,52.568,30.696,1.8759,0.43,0
AGB-03,2164.0,90.92,2.1847,0.346,0.744,1693.2,1.4297,0.4101,4.05,0,3,0.825,0.2885,21.883,52.593,30.71,1.9046,0.441,0
AGB-03,2165.0,93.78,2.1354,0.427,1.396,1450.0,1.3745,0.375,3.37,0,3,0.8722,0.3232,21.893,52.617,30.724,1.8293,0.416,0
AGB-03,2166.0,91.01,2.189,0.3971,1.55,1458.8,1.4092,0.3872,3.11,0,3,0.836,0.3018,21.903,52.641,30.738,1.8768,0.4172,0
AGB-03,2167.0,89.79,2.1668,0.3676,1.328,1837.5,1.5193,0.4126,3.42,0,3,0.7623,0.3039,21.913,52.666,30.753,2.0278,0.447,0
AGB-03,2168.0,97.92,2.1803,0.3893,2.558,1450.0,1.4024,0.387,3.46,0,3,0.98,0.299,21.923,52.69,30.767,1.8678,0.416,0
AGB-03,2169.0,103.71,2.1574,0.3876,2.534,1450.0,1.388,0.3781,4.29,0,3,0.9476,0.3157,21.933,52.714,30.781,1.8482,0.416,0
AGB-03,2170.0,97.19,2.1901,0.3705,1.516,1538.6,1.4188,0.3939,3.31,0,3,0.8426,0.2954,21.943,52.739,30.795,1.8904,0.4267,0
AGB-03,2171.0,97.17,2.1756,0.3917,0.929,1621.6,1.4175,0.4042,3.52,0,3,0.8626,0.3046,21.954,52.763,30.809,1.8888,0.435,0
AGB-03,2172.0,94.16,2.165,0.3822,1.446,1450.0,1.3924,0.3997,3.8,0,3,0.8754,0.3183,21.964,52.787,30.824,1.8547,0.416,0
AGB-03,2173.0,94.18,2.1861,0.3857,3.098,1450.0,1.4056,0.3766,3.33,0,3,0.9046,0.2987,21.974,52.812,30.838,1.8728,0.416,0
AGB-03,2174.0,94.56,2.1753,0.3751,1.286,1516.3,1.4066,0.396,2.82,0,3,0.8774,0.3051,21.984,52.836,30.852,1.8744,0.4243,0
AGB-03,2175.0,105.04,2.1836,0.3893,2.136,1450.0,1.4038,0.3741,3.4,0,3,0.9389,0.3049,21.994,52.86,30.866,1.8706,0.416,0
AGB-03,2176.0,98.44,2.1698,0.3915,1.75,1450.0,1.395,0.3904,3.27,0,3,0.8799,0.3078,22.004,52.884,30.88,1.8588,0.416,0
AGB-03,2177.0,92.27,2.142,0.3968,0.867,1551.7,1.389,0.4,3.59,0,3,0.8327,0.3129,22.014,52.909,30.895,1.8508,0.4282,0
AGB-03,2178.0,88.1,2.1684,0.3873,0.99,1727.4,1.4203,0.4143,3.37,0,3,0.8048,0.3094,22.024,52.933,30.909,1.8938,0.4436,0
AGB-03,2179.0,86.2,2.1559,0.3923,1.523,1830.6,1.6043,0.4066,4.04,0,3,0.773,0.296,22.034,52.957,30.923,2.1469,0.4426,0
AGB-03,2180.0,95.31,2.1827,0.3851,1.933,1450.0,1.4026,0.3926,3.18,0,3,0.9258,0.3098,22.045,52.982,30.937,1.8698,0.416,0
AGB-03,2181.0,93.64,2.1575,0.4011,0.759,1478.3,1.3902,0.3843,3.43,0,3,0.8441,0.3119,22.055,53.006,30.951,1.8531,0.4197,0
AGB-03,2182.0,87.48,2.1863,0.3767,1.349,1748.3,1.516,0.4027,3.53,0,3,0.7914,0.2932,22.065,53.03,30.965,2.0258,0.4412,0
AGB-03,2183.0,93.19,2.1997,0.3825,1.168,1508.5,1.42,0.3884,3.45,0,3,0.8438,0.2967,22.075,53.055,30.98,1.8942,0.4233,0
AGB-03,2184.0,91.07,2.202,0.3943,1.232,1450.0,1.4141,0.3879,3.35,0,3,0.8934,0.2965,22.085,53.079,30.994,1.8864,0.416,0
AGB-03,2185.0,98.0,2.1162,0.4264,2.129,1450.0,1.3603,0.3927,2.11,0,3,0.9583,0.3424,22.095,53.103,31.008,1.8129,0.416,0
AGB-03,2186.0,98.16,2.155,0.4002,1.567,1450.0,1.3844,0.3848,2.92,0,3,0.8816,0.314,22.105,53.127,31.022,1.8461,0.416,0
AGB-03,2187.0,102.2,2.1174,0.4073,1.845,1450.0,1.3608,0.3799,2.64,0,3,0.8725,0.3337,22.115,53.152,31.036,1.8139,0.416,0
AGB-03,2188.0,86.85,2.1941,0.3551,1.048,1841.2,1.8746,0.3966,4.02,0,3,0.7744,0.2858,22.125,53.176,31.051,2.5242,0.4328,0
AGB-03,2189.0,92.28,2.1805,0.3992,0.696,1639.1,1.4197,0.4059,2.93,0,3,0.8055,0.3141,22.136,53.2,31.065,1.8951,0.4366,0
AGB-03,2190.0,98.38,2.1732,0.3802,1.369,1666.4,1.4172,0.4065,4.64,0,3,0.8685,0.2906,22.146,53.225,31.079,1.8918,0.4389,0
AGB-03,2191.0,93.73,2.1035,0.4258,0.966,1450.0,1.3514,0.3663,2.13,0,3,0.8773,0.354,22.156,53.249,31.093,1.802,0.416,0
AGB-03,2192.0,96.15,2.1329,0.4182,1.686,1529.8,1.3789,0.3955,2.79,0,3,0.8384,0.3299,22.166,53.273,31.107,1.8398,0.4258,0
AGB-03,2193.0,90.33,2.1729,0.3778,1.653,1576.2,1.4086,0.3945,3.26,0,3,0.8172,0.3033,22.176,53.298,31.122,1.8808,0.4307,0
AGB-03,2194.0,97.43,2.178,0.3908,1.587,1450.0,1.3976,0.3804,2.93,0,3,0.864,0.3138,22.186,53.322,31.136,1.8658,0.416,0
AGB-03,2195.0,92.13,2.1866,0.3732,2.067,1507.9,1.4098,0.3911,3.46,0,3,0.877,0.3008,22.196,53.346,31.15,1.8829,0.4233,0
AGB-03,2196.0,96.62,2.2006,0.3689,1.393,1768.0,1.4409,0.4086,3.61,0,3,0.8546,0.2949,22.206,53.37,31.164,1.9257,0.4464,0
AGB-03,2197.0,90.88,2.2059,0.3688,1.318,1636.1,1.4469,0.3891,3.98,0,3,0.8387,0.2781,22.216,53.395,31.178,1.9342,0.4356,0
AGB-03,2198.0,88.16,2.1488,0.3724,0.706,1714.6,1.6107,0.3963,3.67,0,3,0.7568,0.3013,22.227,53.419,31.193,2.1603,0.4322,0
AGB-03,2199.0,94.94,2.1855,0.3795,1.127,1450.0,1.4014,0.3819,3.71,0,3,0.8639,0.3054,22.237,53.443,31.207,1.8722,0.416,0
AGB-03,2200.0,96.23,2.1277,0.4037,1.551,1450.0,1.3652,0.393,3.03,0,3,0.8815,0.3275,22.247,53.468,31.221,1.8227,0.416,0
AGB-03,2201.0,98.14,2.1634,0.3775,1.488,1560.8,1.3999,0.4135,3.37,0,3,0.8633,0.3047,22.257,53.492,31.235,1.8705,0.4291,0
AGB-03,2202.0,98.53,2.1708,0.3852,0.826,1788.2,1.4223,0.4155,3.55,0,3,0.8268,0.2942,22.267,53.516,31.249,1.9014,0.4478,0
AGB-03,2203.0,91.08,2.2253,0.3512,0.899,1794.3,1.5815,0.3863,3.57,0,3,0.7946,0.2905,22.277,53.541,31.264,2.121,0.4428,0
AGB-03,2204.0,92.67,2.1977,0.3716,1.05,1606.7,1.4255,0.4017,4.05,0,3,0.8419,0.2962,22.287,53.565,31.278,1.9062,0.4336,0
AGB-03,2205.0,93.49,2.2117,0.3647,1.87,1843.6,1.6067,0.4048,3.8,0,3,0.8186,0.28,22.297,53.589,31.292,2.1562,0.4449,0
AGB-03,2206.0,96.51,2.1228,0.3996,1.728,1450.0,1.3614,0.382,3.11,0,3,0.9184,0.3218,22.307,53.614,31.306,1.8185,0.416,0
AGB-03,2207.0,94.3,2.1925,0.3641,2.127,1745.9,1.4327,0.419,4.21,0,3,0.835,0.2857,22.318,53.638,31.32,1.9166,0.4449,0
AGB-03,2208.0,98.56,2.2303,0.3767,1.681,1521.9,1.437,0.3858,4.05,0,3,0.8618,0.2882,22.328,53.662,31.334,1.9227,0.4249,0
AGB-03,2209.0,89.08,2.1951,0.3896,2.544,1633.1,1.4256,0.4018,3.54,0,3,0.826,0.2977,22.338,53.686,31.349,1.9071,0.436,0
AGB-03,2210.0,95.9,2.2062,0.362,3.263,1744.6,1.4411,0.4102,4.45,0,3,0.8387,0.2888,22.348,53.711,31.363,1.9285,0.4448,0
AGB-03,2211.0,101.27,2.1767,0.3813,1.201,1451.8,1.3948,0.3912,3.23,0,3,0.9361,0.3031,22.358,53.735,31.377,1.865,0.4162,0
AGB-03,2212.0,110.17,2.1772,0.411,2.637,1450.0,1.3948,0.3907,3.75,0,3,0.98,0.3071,22.368,53.759,31.391,1.8651,0.416,0
AGB-03,2213.0,98.04,2.1529,0.3887,1.035,1701.5,1.404,0.42,3.68,0,3,0.8578,0.3014,22.378,53.784,31.405,1.8778,0.4417,0
AGB-03,2214.0,93.23,2.1493,0.3758,0.947,1638.6,1.3967,0.4035,3.49,0,3,0.8119,0.3112,22.388,53.808,31.42,1.8679,0.4365,0
AGB-03,2215.0,98.29,2.1806,0.3627,2.236,1631.0,1.4159,0.4062,4.52,0,3,0.8799,0.2935,22.398,53.832,31.434,1.8943,0.4358,0
AGB-03,2216.0,102.72,2.1662,0.4026,1.174,1653.9,1.4086,0.4038,3.25,0,3,0.8999,0.2998,22.409,53.857,31.448,1.8843,0.4378,0
AGB-03,2217.0,95.16,2.1731,0.3748,1.749,1455.0,1.3927,0.3771,3.38,0,3,0.8992,0.3041,22.419,53.881,31.462,1.8625,0.4166,0
AGB-03,2218.0,84.16,2.1883,0.3418,0.863,1939.6,2.0431,0.3949,4.57,0,3,0.7706,0.281,22.429,53.905,31.476,2.7675,0.4336,0
AGB-03,2219.0,93.44,2.178,0.3957,1.578,1663.8,1.4168,0.404,3.65,0,3,0.8561,0.2974,22.439,53.929,31.491,1.8957,0.4387,0
AGB-03,2220.0,89.41,2.1785,0.3942,1.603,1563.2,1.4082,0.3849,3.39,0,3,0.86,0.3006,22.449,53.954,31.505,1.8838,0.4294,0
AGB-03,2221.0,95.58,2.1529,0.3764,1.182,1639.1,1.399,0.4121,3.17,0,3,0.8549,0.3036,22.459,53.978,31.519,1.8712,0.4366,0
AGB-03,2222.0,94.33,2.2022,0.3509,1.142,1688.1,1.4341,0.4114,3.87,0,3,0.8496,0.2902,22.469,54.002,31.533,1.9194,0.4406,0
AGB-03,2223.0,91.83,2.1428,0.3775,1.114,1621.6,1.3911,0.4102,3.54,0,3,0.8474,0.3133,22.479,54.027,31.547,1.8603,0.435,0
AGB-03,2224.0,90.28,2.2122,0.3572,1.619,1868.2,1.8471,0.4067,4.25,0,3,0.8077,0.2748,22.489,54.051,31.562,2.492,0.4367,0
AGB-03,2225.0,98.87,2.1478,0.3882,1.337,1464.5,1.3783,0.3883,3.0,0,3,0.8754,0.3102,22.5,54.075,31.576,1.8425,0.4179,0
AGB-03,2226.0,92.42,2.1376,0.4216,1.214,1450.0,1.3701,0.3695,3.37,0,3,0.9026,0.3158,22.51,54.1,31.59,1.8312,0.416,0
AGB-03,2227.0,93.48,2.1719,0.3795,1.858,1705.8,1.4166,0.39,3.31,0,3,0.8302,0.2943,22.52,54.124,31.604,1.8948,0.442,0
AGB-03,2228.0,96.96,2.1427,0.3943,2.596,1450.0,1.3735,0.3846,3.07,0,3,0.9161,0.3208,22.53,54.148,31.618,1.8356,0.416,0
AGB-03,2229.0,102.48,2.1673,0.416,1.877,1450.0,1.389,0.3666,3.17,0,3,0.935,0.3123,22.54,54.172,31.632,1.8566,0.416,0
AGB-03,2230.0,93.73,2.1598,0.3972,1.778,1546.8,1.3955,0.3938,3.31,0,3,0.8696,0.3185,22.55,54.197,31.647,1.8655,0.4276,0
AGB-03,2231.0,94.55,2.1861,0.3855,1.081,1524.8,1.4098,0.4131,4.74,0,3,0.874,0.3001,22.56,54.221,31.661,1.885,0.4252,0
AGB-03,2232.0,69.35,2.1978,0.3374,0.823,2364.1,4.3205,0.3589,4.82,0,2,0.5928,0.2787,22.57,54.245,31.675,6.1431,0.3904,0
AGB-03,2233.0,64.99,2.2629,0.2781,1.206,2733.9,7.5264,0.3161,6.95,0,2,0.4691,0.2442,22.58,54.27,31.689,11.6612,0.324,0
AGB-03,2234.0,66.6,2.2717,0.3045,1.076,2728.5,7.0591,0.3269,4.52,0,2,0.5078,0.2432,22.591,54.294,31.703,10.7815,0.3447,0
AGB-03,2235.0,69.94,2.2324,0.3098,0.964,2419.7,5.0888,0.3409,4.73,0,2,0.582,0.2631,22.601,54.318,31.718,7.3678,0.3706,0
AGB-03,2236.0,75.57,2.2164,0.3115,1.098,2255.9,4.8788,0.3137,5.61,0,2,0.5794,0.267,22.611,54.343,31.732,7.0267,0.35,0
AGB-03,2237.0,71.49,2.26,0.3189,0.803,2391.4,5.8357,0.3127,6.02,0,2,0.5642,0.2495,22.621,54.367,31.746,8.6098,0.3335,0
AGB-03,2238.0,68.46,2.2477,0.2936,1.297,2602.8,6.4084,0.3094,6.27,0,2,0.5378,0.2463,22.631,54.391,31.76,9.601,0.3473,0
AGB-03,2239.0,69.83,2.2465,0.3099,0.745,2434.2,5.8041,0.3027,5.44,0,2,0.5398,0.2598,22.641,54.416,31.774,8.5535,0.3427,0
AGB-03,2240.0,64.79,2.265,0.29,0.97,2610.6,6.7765,0.3038,6.7,0,2,0.5308,0.2399,22.651,54.44,31.789,10.2552,0.3342,0
AGB-03,2241.0,88.2,2.1896,0.3651,0.882,1599.5,1.421,0.4137,3.78,0,3,0.8252,0.2948,22.661,54.464,31.803,1.8982,0.433,0
AGB-03,2242.0,96.08,2.1965,0.3836,1.368,1650.4,1.43,0.4105,3.64,0,3,0.8601,0.2924,22.671,54.488,31.817,1.9103,0.4375,0
AGB-03,2243.0,93.74,2.1767,0.4057,1.295,1550.9,1.4086,0.382,3.56,0,3,0.822,0.3094,22.682,54.513,31.831,1.8807,0.4281,0
AGB-03,2244.0,96.99,2.1993,0.3781,0.935,1701.5,1.4361,0.4073,3.33,0,3,0.8362,0.2968,22.692,54.537,31.845,1.9182,0.4417,0
AGB-03,2245.0,90.95,2.1757,0.3652,1.662,1685.5,1.4201,0.4088,4.11,0,3,0.8403,0.2968,22.702,54.561,31.86,1.8961,0.4404,0
AGB-03,2246.0,96.3,2.1706,0.3963,1.038,1810.6,1.4254,0.4083,3.72,0,3,0.8465,0.297,22.712,54.586,31.874,1.9031,0.4492,0
AGB-03,2247.0,90.75,2.1552,0.3847,0.812,1657.6,1.4052,0.4132,3.03,0,3,0.8177,0.3124,22.722,54.61,31.888,1.8752,0.4381,0
AGB-03,2248.0,93.12,2.243,0.3735,1.231,1704.2,1.5029,0.4161,4.7,0,3,0.8422,0.276,22.732,54.634,31.902,2.0091,0.44,0
AGB-03,2249.0,91.8,2.1726,0.378,0.645,1687.7,1.4189,0.4135,3.32,0,3,0.8074,0.3045,22.742,54.659,31.916,1.8935,0.4406,0
AGB-03,2250.0,99.03,2.1523,0.4026,2.612,1450.0,1.3827,0.3759,2.58,0,3,0.9376,0.3067,22.752,54.683,31.931,1.8438,0.416,0
AGB-03,2251.0,102.74,2.1653,0.4188,2.092,1450.0,1.391,0.3918,2.68,0,3,0.9494,0.3191,22.762,54.707,31.945,1.855,0.416,0
AGB-03,2252.0,95.02,2.2058,0.3883,1.165,1580.6,1.4312,0.3874,4.38,0,3,0.9176,0.2957,22.773,54.731,31.959,1.9099,0.4311,0
AGB-03,2253.0,93.88,2.1649,0.3769,1.34,1450.0,1.391,0.3857,2.7,0,3,0.8912,0.3146,22.783,54.756,31.973,1.8545,0.416,0
AGB-03,2254.0,95.77,2.1853,0.3734,1.475,1830.1,1.4371,0.4114,3.96,0,3,0.8255,0.2976,22.793,54.78,31.987,1.9175,0.45,0
AGB-03,2255.0,95.91,2.1872,0.3955,1.563,1570.3,1.4188,0.42,3.68,0,3,0.8884,0.3003,22.803,54.804,32.001,1.8924,0.4301,0
AGB-03,2256.0,100.14,2.1736,0.399,1.63,1450.0,1.3968,0.3715,2.9,0,3,0.9285,0.3067,22.813,54.829,32.016,1.8621,0.416,0
AGB-03,2257.0,38.83,2.2917,0.2324,1.354,3556.8,12.3071,0.2237,8.54,0,1,0.183,0.2244,22.823,54.853,32.03,23.5612,0.2628,0
AGB-03,2258.0,51.62,2.2658,0.2525,0.808,3170.4,10.666,0.2196,7.91,0,1,0.2773,0.2335,22.833,54.877,32.044,18.5487,0.2617,0
AGB-03,2259.0,50.56,2.2893,0.2456,1.107,3245.0,10.6871,0.2578,6.03,0,1,0.2906,0.2332,22.843,54.902,32.058,18.6024,0.2856,0
AGB-03,2260.0,40.23,2.32,0.2088,0.816,3451.6,11.8496,0.2511,8.93,0,1,0.2273,0.2259,22.853,54.926,32.072,21.9822,0.2728,0
AGB-03,2261.0,45.28,2.2852,0.26,0.601,3267.8,10.9389,0.2502,8.78,0,1,0.2676,0.2337,22.864,54.95,32.087,19.2756,0.2758,0
AGB-03,2262.0,41.98,2.3162,0.2378,1.23,3518.7,12.0484,0.2573,9.26,0,1,0.2266,0.2205,22.874,54.975,32.101,22.6375,0.2761,0
AGB-03,2263.0,49.84,2.2728,0.2342,0.993,3149.9,10.6499,0.2201,8.13,0,1,0.3068,0.2228,22.884,54.999,32.115,18.4986,0.2582,0
AGB-03,2264.0,42.75,2.2739,0.2254,1.176,3423.1,11.9846,0.2079,10.98,0,1,0.2069,0.2212,22.894,55.023,32.129,22.4192,0.2447,0
AGB-03,2265.0,35.3,2.3153,0.2037,1.6,3658.1,12.8636,0.2293,12.16,0,1,0.171,0.2104,22.904,55.047,32.143,25.7443,0.2515,0
AGB-03,2266.0,49.54,2.2962,0.2094,0.745,3295.4,11.3165,0.2403,8.07,0,1,0.2608,0.2247,22.914,55.072,32.158,20.3368,0.261,0
AGB-03,2267.0,42.94,2.3219,0.1953,1.281,3654.5,12.7454,0.2507,10.6,0,1,0.2022,0.2052,22.924,55.096,32.172,25.2397,0.262,0
AGB-03,2268.0,30.44,2.2787,0.2164,0.683,3869.0,13.5005,0.2089,8.31,0,0,0.0415,0.227,22.934,55.12,32.186,29.0091,0.2386,0
AGB-03,2269.0,29.08,2.3116,0.179,1.476,4010.0,13.8913,0.2133,13.65,0,0,0.0502,0.2014,22.944,55.145,32.2,32.0436,0.2304,0
AGB-03,2270.0,24.49,2.3166,0.1905,1.251,3930.8,13.9466,0.1795,13.56,1,0,0.0241,0.1986,22.955,55.169,32.214,32.6585,0.1886,0
AGB-03,2271.0,36.96,2.3297,0.216,1.328,3808.1,13.5163,0.2067,12.53,0,0,0.1095,0.2038,22.965,55.193,32.229,29.1163,0.2305,0
AGB-03,2272.0,28.68,2.3411,0.2,1.451,4058.4,14.0052,0.1888,12.54,0,0,0.0378,0.1979,22.975,55.218,32.243,33.447,0.2264,0
AGB-03,2273.0,35.97,2.3119,0.2077,1.295,3869.8,13.3011,0.2392,10.22,0,0,0.1321,0.2103,22.985,55.242,32.257,27.8686,0.2673,0
AGB-03,2274.0,27.82,2.3049,0.2137,1.254,3919.9,13.7836,0.1926,12.25,0,0,0.0476,0.2072,22.995,55.266,32.271,31.0677,0.219,0
AGB-03,2275.0,32.6,2.2967,0.2086,1.363,3896.5,13.6109,0.1987,11.81,0,0,0.0659,0.2132,23.005,55.29,32.285,29.7571,0.2366,0
AGB-03,2276.0,29.64,2.2774,0.2166,1.564,3753.0,13.3058,0.2056,10.25,0,0,0.0727,0.2215,23.015,55.315,32.299,27.9079,0.2245,0
AGB-03,2277.0,38.94,2.3267,0.2125,0.963,3714.2,13.0294,0.2535,10.03,0,0,0.1821,0.2015,23.025,55.339,32.314,26.5179,0.2545,0
AGB-03,2278.0,30.84,2.3215,0.2151,1.634,3883.0,13.6284,0.2105,10.28,1,0,0.0817,0.2085,23.036,55.363,32.328,29.9018,0.2359,0
AGB-03,2279.0,31.41,2.2896,0.2087,1.709,3689.1,13.269,0.186,10.74,0,0,0.0893,0.2149,23.046,55.388,32.342,27.7267,0.2088,0
AGB-03,2280.0,23.4,2.3059,0.2144,1.474,3872.0,13.6487,0.1852,11.03,0,0,0.0521,0.2149,23.056,55.412,32.356,30.0645,0.2248,0
AGB-03,2281.0,23.5,2.302,0.201,0.837,3839.0,13.6078,0.1962,8.72,0,0,0.0445,0.2184,23.066,55.436,32.37,29.7849,0.2184,0
AGB-03,2282.0,28.9,2.2889,0.1889,1.319,3816.3,13.4232,0.2042,12.34,0,0,0.0994,0.2083,23.076,55.461,32.385,28.6136,0.2331,0
AGB-03,2283.0,37.97,2.3069,0.1992,2.703,3797.5,13.3975,0.2214,11.55,0,0,0.1194,0.204,23.086,55.485,32.399,28.4701,0.2349,0
AGB-03,2284.0,32.64,2.3546,0.2151,0.877,3956.5,13.7183,0.2321,11.32,0,0,0.0997,0.2023,23.096,55.509,32.413,30.6344,0.2514,0
AGB-03,2285.0,39.73,2.334,0.1902,1.217,3732.6,13.3134,0.2274,11.09,0,0,0.1416,0.2013,23.106,55.533,32.427,28.0083,0.2309,0
AGB-03,2286.0,33.7,2.3155,0.2114,2.201,3919.2,13.468,0.2201,10.34,0,0,0.1269,0.2036,23.116,55.558,32.441,28.916,0.2626,0
AGB-03,2287.0,39.8,2.3014,0.1991,1.458,3700.5,13.1243,0.2169,9.61,0,0,0.1539,0.2019,23.127,55.582,32.456,27.0338,0.2334,0
AGB-03,2288.0,26.31,2.3282,0.1736,1.164,3990.2,13.9894,0.1809,14.63,0,0,0.0326,0.1919,23.137,55.606,32.47,33.5291,0.1959,0
AGB-03,2289.0,36.03,2.3484,0.2061,1.442,3776.8,13.4849,0.1877,11.54,0,0,0.1145,0.204,23.147,55.631,32.484,29.0477,0.2267,0
AGB-03,2290.0,24.57,2.3248,0.1869,1.585,4174.6,14.068,0.2059,16.67,0,0,0.02,0.1892,23.157,55.655,32.498,35.286,0.2238,0
AGB-03,2291.0,30.87,2.2832,0.201,0.848,3782.4,13.3234,0.2137,9.47,0,0,0.0984,0.2122,23.167,55.679,32.512,28.1077,0.2315,0
AGB-03,2292.0,19.07,2.3523,0.2059,1.839,4112.3,14.0361,0.1903,13.55,0,0,0.02,0.1987,23.177,55.704,32.527,34.5033,0.2265,0
AGB-03,2293.0,32.94,2.3455,0.1825,2.126,3976.5,13.8183,0.2381,13.94,0,0,0.0775,0.1998,23.187,55.728,32.541,31.614,0.2373,0
AGB-03,2294.0,23.78,2.3418,0.1793,1.01,4279.5,14.0785,0.2074,14.0,0,0,0.02,0.1805,23.197,55.752,32.555,36.9691,0.2304,0
AGB-03,2295.0,27.71,2.3227,0.1819,0.789,3986.2,13.8676,0.2004,12.8,1,0,0.0536,0.1999,23.207,55.777,32.569,32.1406,0.2239,0
AGB-03,2296.0,31.54,2.3125,0.1969,1.835,3829.0,13.4625,0.2057,12.88,0,0,0.1095,0.2049,23.218,55.801,32.583,28.967,0.2359,0
AGB-03,2297.0,32.85,2.2792,0.2137,0.753,3690.3,13.2278,0.175,11.57,0,0,0.0894,0.2151,23.228,55.825,32.597,27.6281,0.2085,0
AGB-03,2298.0,26.1,2.262,0.1156,26.298,3591.3,13.2552,0.1212,14.88,0,0,0.0263,0.1975,23.238,55.849,32.612,27.7809,0.1431,1
AGB-03,2299.0,42.79,2.2288,0.1364,30.703,3174.6,11.467,0.124,8.42,0,0,0.1147,0.2338,23.248,55.874,32.626,20.8567,0.172,1
AGB-03,2300.0,29.6,2.2765,0.1169,29.313,3489.6,12.8673,0.1269,12.2,0,0,0.0807,0.2005,23.258,55.898,32.64,25.8996,0.1656,1
AGB-03,2301.0,27.23,2.2728,0.1032,32.173,3460.7,12.906,0.1289,11.98,0,0,0.0444,0.2059,23.268,55.922,32.654,26.0777,0.1347,1
AGB-03,2302.0,31.75,2.255,0.1152,28.616,3392.4,12.5987,0.1131,11.39,0,0,0.0846,0.2021,23.278,55.947,32.668,24.772,0.1398,1
AGB-03,2303.0,23.11,2.2452,0.1316,31.123,3559.1,13.096,0.1192,10.71,0,0,0.02,0.2066,23.288,55.971,32.683,26.9831,0.1478,1
AGB-03,2304.0,27.17,2.2323,0.1124,18.572,3404.1,12.3887,0.1465,12.93,0,0,0.1116,0.2044,23.298,55.995,32.697,23.9609,0.1744,1
AGB-03,2305.0,29.13,2.2712,0.1018,21.077,3355.2,12.5838,0.1156,10.97,0,0,0.0721,0.2052,23.309,56.02,32.711,24.7201,0.1207,1
AGB-03,2306.0,24.78,2.2808,0.1125,28.275,3406.0,12.8937,0.0825,13.54,0,0,0.048,0.1948,23.319,56.044,32.725,26.0379,0.1,1
AGB-03,2307.0,44.78,2.267,0.118,17.804,3313.8,12.1641,0.1435,10.96,0,0,0.1469,0.2018,23.329,56.068,32.739,23.1467,0.1707,1
AGB-03,2308.0,30.38,2.2584,0.119,30.014,3392.2,12.5688,0.1254,11.64,1,0,0.0774,0.208,23.339,56.092,32.754,24.6679,0.1472,1
AGB-03,2309.0,34.09,2.2555,0.1186,38.352,3193.2,11.8595,0.1013,12.78,0,0,0.1356,0.2073,23.349,56.117,32.768,22.1111,0.1295,1
AGB-03,2310.0,29.67,2.2495,0.1186,13.466,3343.9,12.3031,0.124,11.88,0,0,0.0755,0.2201,23.359,56.141,32.782,23.6534,0.1584,1
AGB-03,2311.0,35.89,2.2551,0.1371,13.322,3523.8,12.5878,0.192,10.79,0,0,0.1083,0.2084,23.369,56.165,32.796,24.748,0.2137,1
AGB-03,2312.0,32.59,2.2369,0.1222,18.798,3281.4,11.9158,0.1537,9.59,0,0,0.1293,0.2149,23.379,56.19,32.81,22.3001,0.1749,1
AGB-03,2313.0,33.61,2.2395,0.1346,25.361,3325.1,12.0433,0.1538,11.37,0,0,0.1324,0.2112,23.389,56.214,32.825,22.732,0.1829,1
AGB-03,2314.0,23.35,2.2641,0.1113,44.574,3664.7,13.3826,0.1465,12.36,0,0,0.02,0.1973,23.4,56.238,32.839,28.5566,0.1599,1
AGB-03,2315.0,22.43,2.2591,0.1416,79.661,3566.3,13.173,0.1149,14.46,1,0,0.02,0.2032,23.41,56.263,32.853,27.4001,0.1411,1
AGB-03,2316.0,30.13,2.2788,0.0977,33.126,3632.5,13.3609,0.1255,12.47,0,0,0.0375,0.1917,23.42,56.287,32.867,28.4289,0.1521,1
AGB-03,2317.0,36.76,2.2421,0.149,16.557,3286.8,12.0504,0.1499,11.22,0,0,0.1354,0.2056,23.43,56.311,32.881,22.7558,0.1594,1
AGB-03,2318.0,28.24,2.2281,0.1405,27.808,3355.3,12.3222,0.1241,10.53,0,0,0.0643,0.2203,23.44,56.336,32.896,23.7247,0.1516,1
AGB-03,2319.0,32.37,2.251,0.1435,8.822,3245.7,11.9533,0.1363,10.1,0,0,0.1233,0.213,23.45,56.36,32.91,22.4251,0.1518,1
AGB-03,2320.0,23.79,2.264,0.1282,16.543,3372.2,12.6766,0.08,11.34,0,0,0.0501,0.206,23.46,56.384,32.924,25.1096,0.1052,1
AGB-03,2321.0,75.98,2.1813,0.3688,0.929,2251.1,3.7817,0.362,3.99,0,2,0.6069,0.2887,23.47,56.408,32.938,5.3055,0.3962,0
AGB-03,2322.0,75.16,2.2067,0.3262,0.999,2339.6,4.5438,0.3483,4.54,0,2,0.5842,0.2768,23.48,56.433,32.952,6.4876,0.3791,0
AGB-03,2323.0,67.14,2.2658,0.2959,0.91,2850.3,7.2918,0.3155,5.5,0,2,0.5072,0.2401,23.491,56.457,32.966,11.2027,0.3552,0
AGB-03,2324.0,71.52,2.2287,0.3241,1.854,2443.6,4.9896,0.3633,5.03,0,2,0.5866,0.2654,23.501,56.481,32.981,7.2007,0.3778,0
AGB-03,2325.0,77.05,2.2299,0.3308,0.753,2115.8,3.9946,0.3456,5.51,0,2,0.654,0.2651,23.511,56.506,32.995,5.6307,0.3704,0
AGB-03,2326.0,65.41,2.2336,0.2907,0.881,2587.7,6.2158,0.3192,4.81,0,2,0.5115,0.2619,23.521,56.53,33.009,9.2587,0.3515,0
AGB-03,2327.0,69.23,2.2302,0.3235,1.084,2549.7,6.0606,0.3201,4.91,0,2,0.5094,0.2663,23.531,56.554,33.023,8.9894,0.3511,0
AGB-03,2328.0,74.61,2.2686,0.3051,0.687,2559.8,6.4419,0.3105,6.41,0,2,0.5503,0.2425,23.541,56.579,33.037,9.6547,0.3401,0
AGB-03,2329.0,70.18,2.2597,0.2841,1.379,2471.0,5.3914,0.3291,6.03,0,2,0.5926,0.2539,23.551,56.603,33.052,7.8579,0.3686,0
AGB-03,2330.0,73.06,2.2429,0.3112,0.879,2541.9,4.791,0.348,5.86,0,2,0.6115,0.2633,23.561,56.627,33.066,6.8795,0.3977,0
AGB-03,2331.0,70.37,2.2325,0.3061,0.7,2550.5,5.6001,0.3522,5.6,0,2,0.5415,0.2672,23.571,56.651,33.08,8.2051,0.3701,0
AGB-03,2332.0,68.29,2.2412,0.3156,1.126,2471.5,5.1955,0.3508,5.39,0,2,0.581,0.2629,23.582,56.676,33.094,7.5341,0.3749,0
AGB-03,2333.0,64.14,2.2807,0.2903,0.901,2655.1,7.4202,0.2652,7.07,0,2,0.5027,0.2356,23.592,56.7,33.108,11.44,0.3144,0
AGB-03,2334.0,71.95,2.247,0.3137,0.975,2492.8,5.7647,0.3266,6.35,0,2,0.5669,0.2529,23.602,56.724,33.123,8.4812,0.3556,0
AGB-03,2335.0,77.34,2.2308,0.3142,1.013,2311.2,4.3913,0.3534,5.54,0,2,0.6307,0.2646,23.612,56.749,33.137,6.2446,0.3831,0
AGB-03,2336.0,65.76,2.2654,0.2783,0.906,2784.4,7.3725,0.3127,6.71,0,2,0.4915,0.2431,23.622,56.773,33.151,11.3483,0.3414,0
AGB-03,2337.0,76.37,2.219,0.312,1.288,2284.4,4.4649,0.3674,4.18,0,2,0.588,0.278,23.632,56.797,33.165,6.3596,0.3753,0
AGB-03,2338.0,78.42,2.2694,0.3213,1.052,2422.6,5.7609,0.3194,6.14,0,2,0.5769,0.2495,23.642,56.822,33.179,8.473,0.3452,0
AGB-03,2339.0,70.44,2.2798,0.2981,0.997,2459.0,5.9202,0.3213,6.92,0,2,0.5776,0.246,23.652,56.846,33.194,8.7435,0.3459,0
AGB-03,2340.0,26.71,2.2338,0.1399,73.589,3487.6,12.9109,0.1112,12.63,0,0,0.0336,0.2062,23.662,56.87,33.208,26.0746,0.1323,1
AGB-03,2341.0,21.54,2.2899,0.1019,40.973,3548.4,13.3027,0.0914,16.36,0,0,0.0247,0.1931,23.673,56.894,33.222,28.0214,0.1117,1
AGB-03,2342.0,31.77,2.3062,0.0974,36.449,3641.2,13.4299,0.1367,15.59,0,0,0.0285,0.1974,23.683,56.919,33.236,28.753,0.1584,1
AGB-03,2343.0,28.13,2.2475,0.1428,17.492,3283.4,12.0386,0.1591,9.93,0,0,0.1219,0.2137,23.693,56.943,33.25,22.6741,0.1639,1
AGB-03,2344.0,39.1,2.2786,0.1278,12.908,3232.1,11.8116,0.1449,9.56,1,0,0.1507,0.2164,23.703,56.967,33.264,21.9174,0.1802,1
AGB-03,2345.0,22.53,2.2834,0.1123,38.296,3562.1,13.264,0.1212,14.28,0,0,0.0317,0.1967,23.713,56.992,33.279,27.7927,0.1329,1
AGB-03,2346.0,34.03,2.2479,0.1422,25.905,3263.3,12.0083,0.1292,11.05,1,0,0.1301,0.2101,23.723,57.016,33.293,22.5642,0.1556,1
AGB-03,2347.0,29.26,2.2509,0.1089,33.902,3481.9,12.874,0.1091,12.88,0,0,0.0582,0.204,23.733,57.04,33.307,25.8863,0.148,1
AGB-03,2348.0,29.71,2.2752,0.1314,18.618,3497.6,12.7223,0.1712,12.07,0,0,0.0794,0.2141,23.743,57.065,33.321,25.231,0.1941,1
AGB-03,2349.0,33.92,2.288,0.1334,25.344,3324.4,12.6197,0.0891,12.12,0,0,0.0702,0.2018,23.753,57.089,33.335,24.8084,0.1,1
AGB-03,2350.0,36.63,2.277,0.1378,13.706,3447.6,12.3927,0.2035,12.83,0,0,0.1422,0.2063,23.764,57.113,33.35,23.9245,0.2136,1
AGB-03,2351.0,25.15,2.2722,0.1095,25.092,3441.0,12.8088,0.1226,13.14,0,0,0.0659,0.2055,23.774,57.138,33.364,25.5911,0.1445,1
AGB-03,2352.0,25.55,2.295,0.1082,41.931,3553.8,13.2461,0.1211,13.07,1,0,0.0478,0.1946,23.784,57.162,33.378,27.6707,0.1396,1
AGB-03,2353.0,21.41,2.3087,0.1181,38.021,3582.9,13.4178,0.1112,12.48,0,0,0.0233,0.1929,23.794,57.186,33.392,28.6323,0.122,1
AGB-03,2354.0,55.31,2.2084,0.1835,13.045,2893.5,9.6123,0.2221,9.79,0,1,0.2973,0.2266,23.804,57.21,33.406,15.9808,0.2287,1
AGB-03,2355.0,46.34,2.2808,0.1672,12.629,3085.0,10.758,0.1792,10.32,0,1,0.2802,0.2074,23.814,57.235,33.421,18.8164,0.2269,1
AGB-03,2356.0,49.66,2.2286,0.1622,11.242,3060.9,10.6287,0.1888,9.63,0,1,0.2457,0.2174,23.824,57.259,33.435,18.4733,0.213,1
AGB-03,2357.0,34.64,2.2172,0.1652,12.638,3184.1,11.2512,0.1801,10.44,0,1,0.1843,0.2197,23.834,57.283,33.449,20.1856,0.2018,1
AGB-03,2358.0,48.17,2.2204,0.1651,7.373,2933.3,10.1263,0.1737,8.98,0,1,0.236,0.2325,23.844,57.308,33.463,17.199,0.1998,1
AGB-03,2359.0,44.37,2.2545,0.1657,8.811,2987.9,10.6974,0.1468,11.42,0,1,0.2498,0.2097,23.855,57.332,33.477,18.6517,0.174,1
AGB-03,2360.0,46.84,2.2556,0.1483,15.919,3049.6,10.451,0.2179,9.0,0,1,0.2632,0.2215,23.865,57.356,33.492,18.0106,0.2329,1
AGB-03,2361.0,49.77,2.2597,0.1665,11.778,2944.6,10.2834,0.1756,8.88,0,1,0.2581,0.2236,23.875,57.381,33.506,17.5864,0.2021,1
AGB-03,2362.0,72.6,2.2187,0.3173,0.56,2368.8,5.2736,0.3425,5.64,0,2,0.5741,0.261,23.885,57.405,33.52,7.6535,0.353,0
AGB-03,2363.0,70.82,2.2987,0.2866,0.918,2826.6,7.5409,0.2999,7.34,0,2,0.5357,0.2252,23.895,57.429,33.534,11.6544,0.3457,0
AGB-03,2364.0,75.03,2.2389,0.322,0.718,2268.5,4.3363,0.351,5.23,0,2,0.6406,0.2628,23.905,57.453,33.548,6.1523,0.3801,0
AGB-03,2365.0,66.91,2.2713,0.2864,1.101,2856.6,7.3651,0.3101,6.94,0,2,0.4907,0.2459,23.915,57.478,33.563,11.321,0.3544,0
AGB-03,2366.0,63.18,2.2675,0.281,1.417,2956.3,8.5081,0.3183,6.52,0,2,0.4377,0.236,23.925,57.502,33.577,13.5706,0.3259,0
AGB-03,2367.0,74.78,2.2161,0.3348,0.767,2348.0,4.6354,0.3611,5.4,0,2,0.5908,0.2729,23.935,57.526,33.591,6.6226,0.3775,0
AGB-03,2368.0,66.81,2.2551,0.3113,0.929,2547.0,6.1062,0.3331,5.99,0,2,0.5415,0.255,23.946,57.551,33.605,9.0544,0.3515,0
AGB-03,2369.0,69.93,2.2548,0.3107,1.305,2533.2,5.8134,0.3252,7.18,0,2,0.5667,0.2533,23.956,57.575,33.619,8.5534,0.3613,0
AGB-03,2370.0,73.42,2.2738,0.2939,0.726,2603.7,6.4042,0.3154,6.7,0,2,0.5581,0.2425,23.966,57.599,33.633,9.5735,0.3507,0
AGB-03,2371.0,65.48,2.2684,0.2808,0.985,2707.3,7.3372,0.3072,6.71,0,2,0.4901,0.244,23.976,57.624,33.648,11.268,0.3289,0
AGB-03,2372.0,74.34,2.2367,0.3056,1.152,2552.1,5.9106,0.327,5.79,0,2,0.5517,0.2555,23.986,57.648,33.662,8.7187,0.3588,0
AGB-03,2373.0,67.08,2.2827,0.272,1.292,2626.3,6.9486,0.29,7.3,0,2,0.5317,0.2384,23.996,57.672,33.676,10.5488,0.332,0
AGB-03,2374.0,78.23,2.2669,0.2828,1.456,2529.9,5.0321,0.3624,6.44,0,2,0.6133,0.2577,24.006,57.697,33.69,7.2587,0.3903,0
AGB-03,2375.0,70.63,2.2678,0.2871,1.217,2624.9,6.367,0.332,8.49,0,2,0.5647,0.241,24.016,57.721,33.704,9.5084,0.3552,0
AGB-03,2376.0,68.79,2.2217,0.306,1.105,2534.5,5.4207,0.3435,5.31,0,2,0.5696,0.2612,24.027,57.745,33.719,7.8956,0.374,0
AGB-03,2377.0,68.7,2.2571,0.3114,0.985,2616.4,6.1739,0.3263,5.69,0,2,0.5559,0.2489,24.037,57.769,33.733,9.1719,0.3605,0
AGB-03,2378.0,74.73,2.2675,0.2743,1.142,2683.2,6.0865,0.3442,5.22,0,2,0.5796,0.2437,24.047,57.794,33.747,9.0209,0.3742,0
AGB-03,2379.0,67.47,2.2393,0.2802,0.925,2520.1,5.9456,0.3077,6.08,0,2,0.5709,0.2469,24.057,57.818,33.761,8.779,0.3521,0
AGB-03,2380.0,72.86,2.2329,0.3113,1.176,2403.7,5.1732,0.3351,5.89,0,2,0.5821,0.2625,24.067,57.842,33.775,7.4887,0.365,0
AGB-03,2381.0,70.18,2.2808,0.293,0.471,2684.7,7.1161,0.3004,6.19,0,2,0.5088,0.2436,24.077,57.867,33.79,10.857,0.3358,0
AGB-03,2382.0,71.74,2.2129,0.3145,1.15,2300.8,4.6223,0.3405,5.91,0,2,0.6206,0.2612,24.087,57.891,33.804,6.6023,0.3706,0
AGB-03,2383.0,71.93,2.2682,0.2875,1.174,2396.8,5.4075,0.3237,6.74,0,2,0.6136,0.2457,24.097,57.915,33.818,7.874,0.3567,0
AGB-03,2384.0,70.13,2.2652,0.3031,2.329,2570.2,6.0361,0.3349,6.81,0,2,0.5682,0.2479,24.107,57.94,33.832,8.9339,0.3593,0
AGB-03,2385.0,87.81,2.1913,0.3569,0.934,1767.6,1.7875,0.395,5.13,0,3,0.7843,0.2864,24.118,57.964,33.846,2.4019,0.4301,0
AGB-03,2386.0,97.66,2.1818,0.389,1.434,1610.6,1.4188,0.3915,3.48,0,3,0.8193,0.3085,24.128,57.988,33.861,1.8929,0.434,0
AGB-03,2387.0,97.05,2.1885,0.3852,1.38,1507.6,1.4127,0.3848,4.21,0,3,0.8759,0.2868,24.138,58.012,33.875,1.8844,0.4232,0
AGB-03,2388.0,91.44,2.1649,0.3612,2.077,1531.2,1.4004,0.4053,3.8,0,3,0.8715,0.2916,24.148,58.037,33.889,1.8676,0.4259,0
AGB-03,2389.0,93.42,2.2338,0.3577,1.457,1865.4,1.4698,0.42,3.74,0,3,0.8532,0.2747,24.158,58.061,33.903,1.9629,0.45,0
AGB-03,2390.0,97.01,2.2227,0.3572,1.48,1867.6,1.7169,0.3972,5.45,0,3,0.8339,0.2714,24.168,58.085,33.917,2.3039,0.4426,0
AGB-03,2391.0,90.26,2.2126,0.3307,1.991,1891.0,2.0015,0.4168,5.24,0,3,0.8193,0.266,24.178,58.11,33.931,2.7008,0.4324,0
AGB-03,2392.0,102.16,2.1706,0.3848,1.818,1450.0,1.3944,0.3833,3.7,0,3,0.9411,0.3051,24.188,58.134,33.946,1.8595,0.416,0
AGB-03,2393.0,93.68,2.1145,0.409,1.19,1450.0,1.3593,0.3824,3.66,0,3,0.9063,0.3207,24.198,58.158,33.96,1.8114,0.416,0
AGB-03,2394.0,102.38,2.1575,0.406,1.916,1450.0,1.3862,0.3851,3.09,0,3,0.955,0.3115,24.209,58.183,33.974,1.8483,0.416,0
AGB-03,2395.0,98.02,2.1849,0.3765,2.149,1450.0,1.4034,0.392,3.93,0,3,0.9343,0.2982,24.219,58.207,33.988,1.8717,0.416,0
AGB-03,2396.0,90.04,2.231,0.3432,1.093,1986.4,2.0942,0.3863,5.4,0,3,0.8061,0.2686,24.229,58.231,34.002,2.8311,0.437,0
AGB-03,2397.0,90.35,2.2093,0.3676,1.695,1775.3,1.4488,0.42,3.63,0,3,0.8562,0.293,24.239,58.255,34.017,1.934,0.4469,0
AGB-03,2398.0,95.56,2.2563,0.3675,1.787,1717.2,1.4747,0.3942,4.5,0,3,0.8524,0.2749,24.249,58.28,34.031,1.9695,0.4428,0
AGB-03,2399.0,98.76,2.2057,0.3679,1.632,1652.2,1.4375,0.4091,3.94,0,3,0.8729,0.2874,24.259,58.304,34.045,1.9185,0.4377,0
AGB-03,2400.0,99.51,2.1825,0.37,0.974,1575.0,1.4159,0.4032,4.2,0,3,0.8809,0.3003,24.269,58.328,34.059,1.889,0.4306,0
AGB-03,2401.0,100.06,2.1622,0.403,1.428,1450.0,1.3891,0.3868,3.48,0,3,0.9652,0.3165,24.279,58.353,34.073,1.8523,0.416,0
AGB-03,2402.0,101.66,2.1596,0.3884,1.72,1509.7,1.3947,0.3887,3.0,0,3,0.8914,0.3011,24.289,58.377,34.088,1.8599,0.4235,0
AGB-03,2403.0,98.53,2.177,0.3835,2.086,1770.0,1.4278,0.415,4.03,0,3,0.838,0.2852,24.3,58.401,34.102,1.9053,0.4466,0
AGB-03,2404.0,90.61,2.1479,0.3721,1.433,1608.8,1.3971,0.3984,3.24,0,3,0.8751,0.2977,24.31,58.426,34.116,1.8632,0.4338,0
AGB-03,2405.0,83.0,2.2388,0.3537,1.254,2056.3,2.5978,0.4168,5.16,0,3,0.7813,0.2613,24.32,58.45,34.13,3.5483,0.4242,0
AGB-03,2406.0,95.33,2.2095,0.3689,1.632,1555.1,1.4309,0.4076,5.44,0,3,0.9246,0.28,24.33,58.474,34.144,1.9096,0.4285,0
AGB-03,2407.0,97.76,2.1632,0.3946,2.062,1528.9,1.399,0.3757,3.13,0,3,0.9271,0.3014,24.34,58.499,34.159,1.8658,0.4257,0
AGB-03,2408.0,95.57,2.1812,0.3942,1.128,1636.3,1.4206,0.4077,3.15,0,3,0.8924,0.2963,24.35,58.523,34.173,1.8954,0.4363,0
AGB-03,2409.0,93.48,2.2371,0.3589,1.062,1755.2,1.4651,0.412,4.97,0,3,0.8398,0.2817,24.36,58.547,34.187,1.9565,0.4456,0
AGB-03,2410.0,105.66,2.2228,0.3591,1.834,1682.1,1.4506,0.3979,3.9,0,3,0.9012,0.282,24.37,58.571,34.201,1.9367,0.4401,0
AGB-03,2411.0,91.76,2.1888,0.3678,1.288,1778.2,1.4358,0.4195,4.25,0,3,0.8291,0.2912,24.38,58.596,34.215,1.9163,0.4471,0
AGB-03,2412.0,94.83,2.1961,0.3775,0.911,1544.6,1.4213,0.3856,3.53,0,3,0.8848,0.3014,24.391,58.62,34.23,1.8965,0.4274,0
AGB-03,2413.0,98.62,2.2177,0.3885,2.041,1623.0,1.4424,0.4027,4.34,0,3,0.8787,0.2831,24.401,58.644,34.244,1.9256,0.4351,0
AGB-03,2414.0,98.29,2.1783,0.3755,1.224,1501.9,1.4053,0.3914,3.71,0,3,0.8681,0.3043,24.411,58.669,34.258,1.8747,0.4226,0
AGB-03,2415.0,88.29,2.229,0.3438,1.306,1883.1,2.0623,0.3938,4.84,0,3,0.808,0.2687,24.421,58.693,34.272,2.7868,0.4297,0
AGB-03,2416.0,85.07,2.2629,0.3395,1.169,2203.1,3.9668,0.3582,6.41,0,3,0.7213,0.2437,24.431,58.717,34.286,5.5817,0.388,0
AGB-03,2417.0,97.58,2.1764,0.3661,2.372,1773.3,1.4853,0.4145,3.81,0,3,0.8275,0.2818,24.441,58.742,34.3,1.9846,0.4442,0
AGB-03,2418.0,95.11,2.2029,0.3711,1.863,1686.9,1.4382,0.412,4.2,0,3,0.8929,0.2849,24.451,58.766,34.315,1.9199,0.4405,0
AGB-03,2419.0,100.98,2.1566,0.3825,2.331,1450.0,1.3853,0.3986,3.92,0,3,0.9106,0.2954,24.461,58.79,34.329,1.8475,0.416,0
AGB-03,2420.0,95.21,2.1749,0.3823,1.577,1573.5,1.4106,0.3922,3.31,1,3,0.9204,0.2949,24.471,58.814,34.343,1.8821,0.4304,0
AGB-03,2421.0,95.26,2.1382,0.3852,1.218,1450.0,1.3738,0.3815,3.91,0,3,0.8806,0.3134,24.482,58.839,34.357,1.8317,0.416,0
AGB-03,2422.0,97.9,2.1846,0.3719,2.277,1531.1,1.4124,0.3919,3.68,0,3,0.9121,0.289,24.492,58.863,34.371,1.8846,0.4259,0
AGB-03,2423.0,89.54,2.202,0.3266,1.221,1845.6,1.8555,0.4087,4.85,0,3,0.814,0.2732,24.502,58.887,34.386,2.4973,0.4344,0
AGB-03,2424.0,97.47,2.2098,0.3533,1.752,1902.8,1.7421,0.4107,4.38,0,3,0.8207,0.2754,24.512,58.912,34.4,2.3396,0.4437,0
AGB-03,2425.0,93.35,2.2035,0.3715,1.912,1573.1,1.4285,0.4128,4.71,0,3,0.8747,0.2802,24.522,58.936,34.414,1.9068,0.4304,0
AGB-03,2426.0,97.38,2.1957,0.3782,1.592,1589.6,1.4251,0.4008,3.45,0,3,0.8969,0.285,24.532,58.96,34.428,1.9022,0.432,0
AGB-03,2427.0,100.57,2.1783,0.3829,1.722,1575.9,1.4128,0.4017,4.45,0,3,0.9454,0.2985,24.542,58.985,34.442,1.8854,0.4306,0
AGB-03,2428.0,95.12,2.1919,0.3856,2.511,1586.4,1.4223,0.3976,4.02,0,3,0.9097,0.2895,24.552,59.009,34.457,1.8986,0.4317,0
AGB-03,2429.0,93.51,2.1821,0.3865,1.37,1765.5,1.4302,0.4033,3.74,0,3,0.8409,0.2953,24.562,59.033,34.471,1.9093,0.4463,0
AGB-03,2430.0,68.6,2.2937,0.2976,1.152,2674.7,6.6354,0.343,6.75,0,2,0.5424,0.2453,24.573,59.058,34.485,9.9906,0.3551,0
AGB-03,2431.0,79.65,2.2219,0.3187,1.38,2208.7,4.3006,0.3348,3.95,1,2,0.6071,0.2758,24.583,59.082,34.499,6.1002,0.3709,0
AGB-03,2432.0,73.25,2.2745,0.2757,0.674,2774.9,7.06,0.3196,6.36,0,2,0.5243,0.241,24.593,59.106,34.513,10.7619,0.3531,0
AGB-03,2433.0,80.83,2.2697,0.331,0.773,2657.4,5.8888,0.3584,6.78,0,2,0.5906,0.2452,24.603,59.13,34.528,8.6885,0.3775,0
AGB-03,2434.0,71.77,2.219,0.3019,1.046,2616.1,6.0733,0.3349,5.71,0,2,0.5602,0.2482,24.613,59.155,34.542,9.0053,0.3607,0
AGB-03,2435.0,66.03,2.2534,0.2795,0.965,2737.5,7.3301,0.2862,7.43,0,2,0.4898,0.2445,24.623,59.179,34.556,11.2656,0.3331,0
AGB-03,2436.0,70.18,2.2535,0.2699,1.111,2801.4,6.6274,0.3316,6.17,0,2,0.5642,0.2363,24.633,59.203,34.57,9.9786,0.3704,0
AGB-03,2437.0,75.24,2.2117,0.333,1.041,2152.4,3.9231,0.3372,3.42,0,2,0.6185,0.2817,24.643,59.228,34.584,5.518,0.3786,0
AGB-03,2438.0,78.31,2.2361,0.3074,2.126,2406.5,5.0235,0.3605,5.47,0,2,0.5962,0.2621,24.653,59.252,34.598,7.2516,0.3718,0
AGB-03,2439.0,78.87,2.2495,0.3046,1.751,2487.0,5.4335,0.3222,5.78,0,2,0.6159,0.2447,24.664,59.276,34.613,7.9246,0.3686,0
AGB-03,2440.0,68.89,2.2832,0.292,0.954,2843.5,7.3807,0.3316,6.71,0,2,0.5354,0.2297,24.674,59.301,34.627,11.3633,0.3527,0
AGB-03,2441.0,71.43,2.2559,0.2961,0.75,2703.7,6.8142,0.3236,7.18,0,2,0.5189,0.2474,24.684,59.325,34.641,10.317,0.3491,0
AGB-03,2442.0,72.68,2.2894,0.3176,1.32,2502.1,5.9212,0.3394,5.92,0,2,0.5927,0.2427,24.694,59.349,34.655,8.7471,0.3546,0
AGB-03,2443.0,64.5,2.2751,0.2768,1.433,2797.9,7.3775,0.3134,7.06,0,2,0.5183,0.2351,24.704,59.373,34.669,11.3588,0.3446,0
AGB-03,2444.0,76.26,2.2143,0.3122,0.975,2442.7,5.2068,0.3357,6.07,0,2,0.5741,0.2646,24.714,59.398,34.684,7.5523,0.3679,0
AGB-03,2445.0,67.49,2.2427,0.2894,1.469,2598.8,6.1856,0.338,6.71,0,2,0.567,0.2437,24.724,59.422,34.698,9.2038,0.3556,0
AGB-03,2446.0,70.79,2.2473,0.3123,0.685,2510.6,5.5296,0.3553,5.23,0,2,0.5739,0.2584,24.734,59.446,34.712,8.0871,0.3682,0
AGB-03,2447.0,76.48,2.2543,0.3275,1.405,2507.4,5.1682,0.356,5.48,0,2,0.6018,0.2581,24.744,59.471,34.726,7.4902,0.3818,0
AGB-03,2448.0,73.54,2.2632,0.2809,1.517,2551.3,6.1184,0.3126,5.26,0,2,0.5895,0.2376,24.755,59.495,34.74,9.0889,0.3522,0
AGB-03,2449.0,75.28,2.2751,0.2814,1.011,2629.2,7.0442,0.2918,8.31,0,2,0.5232,0.2392,24.765,59.519,34.755,10.7417,0.3267,0
AGB-03,2450.0,74.03,2.2505,0.3138,1.047,2671.3,5.6865,0.3591,5.54,0,2,0.5621,0.2607,24.775,59.544,34.769,8.3524,0.3844,0
AGB-03,2451.0,63.46,2.2491,0.3091,0.751,2499.9,6.6955,0.2831,6.75,0,2,0.5186,0.2461,24.785,59.568,34.783,10.1091,0.311,0
AGB-03,2452.0,71.89,2.2866,0.2883,1.478,2784.1,7.1955,0.3118,7.59,0,2,0.5436,0.231,24.795,59.592,34.797,11.0245,0.3504,0
AGB-03,2453.0,72.22,2.2664,0.2776,1.231,2654.5,6.9204,0.3126,7.53,0,2,0.5312,0.2396,24.805,59.616,34.811,10.5182,0.3365,0
AGB-03,2454.0,86.68,2.2487,0.339,2.344,2029.6,2.4415,0.4056,5.43,0,3,0.8158,0.2538,24.815,59.641,34.826,3.3292,0.428,0
AGB-03,2455.0,94.18,2.1981,0.3843,1.767,1805.4,1.4413,0.42,4.65,0,3,0.8255,0.2913,24.825,59.665,34.84,1.9268,0.4488,0
AGB-03,2456.0,94.33,2.2082,0.3614,1.383,1876.7,1.4517,0.4179,4.37,0,3,0.856,0.2831,24.835,59.689,34.854,1.9412,0.45,0
AGB-03,2457.0,95.82,2.1896,0.3678,1.936,1596.7,1.4201,0.4055,4.7,0,3,0.882,0.2848,24.846,59.714,34.868,1.8979,0.4327,0
AGB-03,2458.0,92.39,2.1587,0.3909,1.481,1521.9,1.393,0.388,3.17,0,3,0.8543,0.309,24.856,59.738,34.882,1.8609,0.4249,0
AGB-03,2459.0,92.63,2.2152,0.3626,1.445,1791.7,1.7511,0.4022,3.87,0,3,0.819,0.2756,24.866,59.762,34.896,2.3557,0.4347,0
AGB-03,2460.0,91.55,2.23,0.343,1.649,1837.1,1.8374,0.4084,4.02,0,3,0.8119,0.2756,24.876,59.787,34.911,2.4763,0.4353,0
AGB-03,2461.0,96.12,2.1804,0.3829,1.361,1571.2,1.4114,0.3878,4.03,0,3,0.8767,0.2924,24.886,59.811,34.925,1.8866,0.4302,0
AGB-03,2462.0,95.66,2.2288,0.3718,1.693,1761.6,1.4915,0.3928,4.72,0,3,0.8402,0.2782,24.896,59.835,34.939,1.9969,0.4445,0
AGB-03,2463.0,95.92,2.2208,0.3804,1.548,1725.8,1.4496,0.4144,4.07,0,3,0.9045,0.2752,24.906,59.86,34.953,1.9394,0.4435,0
AGB-03,2464.0,92.48,2.2167,0.3743,2.834,1748.1,1.4484,0.42,4.75,0,3,0.8331,0.2929,24.916,59.884,34.967,1.9379,0.4451,0
AGB-03,2465.0,90.78,2.2028,0.3612,1.734,1766.5,1.4407,0.4166,3.76,0,3,0.8522,0.2917,24.926,59.908,34.982,1.9276,0.4463,0
AGB-03,2466.0,91.47,2.1893,0.3764,0.8,1857.7,1.4373,0.417,4.28,0,3,0.8039,0.2938,24.937,59.932,34.996,1.9232,0.45,0
AGB-03,2467.0,95.64,2.2359,0.3459,2.822,1960.5,1.8711,0.4024,5.45,0,3,0.8579,0.2572,24.947,59.957,35.01,2.5252,0.4433,0
AGB-03,2468.0,89.7,2.1934,0.3747,1.662,1697.9,1.4295,0.42,3.37,0,3,0.8659,0.2912,24.957,59.981,35.024,1.9127,0.4414,0
AGB-03,2469.0,88.34,2.2466,0.3502,2.398,2002.9,2.6285,0.3777,5.53,0,3,0.7836,0.2597,24.967,60.005,35.038,3.6031,0.4179,0
AGB-03,2470.0,85.0,2.1931,0.3424,1.269,1769.9,1.8892,0.397,4.62,0,3,0.7912,0.2802,24.977,60.03,35.053,2.5512,0.4251,0
AGB-03,2471.0,97.96,2.1692,0.3873,2.413,1450.0,1.3895,0.3835,3.93,0,3,0.8966,0.3004,24.987,60.054,35.067,1.8583,0.416,0
AGB-03,2472.0,94.34,2.2125,0.3663,1.609,1683.7,1.4399,0.3894,5.1,0,3,0.8558,0.2845,24.997,60.078,35.081,1.9279,0.4403,0
AGB-03,2473.0,98.27,2.1608,0.3925,1.542,1487.7,1.3886,0.3908,3.88,0,3,0.8945,0.3071,25.007,60.103,35.095,1.8575,0.4208,0
AGB-03,2474.0,88.88,2.2255,0.3593,1.891,1827.2,1.9632,0.3923,5.74,0,3,0.8106,0.2712,25.017,60.127,35.109,2.6562,0.4285,0
AGB-03,2475.0,92.33,2.2053,0.3587,2.807,1818.9,1.6997,0.3951,4.84,0,3,0.8264,0.2746,25.028,60.151,35.124,2.288,0.4389,0
AGB-03,2476.0,98.09,2.2038,0.3677,2.043,1708.1,1.4357,0.4106,4.19,0,3,0.9111,0.279,25.038,60.175,35.138,1.9228,0.4422,0
AGB-03,2477.0,97.04,2.2192,0.3786,1.994,1512.9,1.4275,0.3853,4.09,0,3,0.9043,0.2867,25.048,60.2,35.152,1.9117,0.4239,0
AGB-03,2478.0,97.28,2.2253,0.3752,1.781,1555.6,1.4357,0.4195,4.69,0,3,0.907,0.2748,25.058,60.224,35.166,1.9233,0.4286,0
AGB-03,2479.0,97.56,2.1899,0.3808,2.571,1549.8,1.4129,0.3878,3.94,0,3,0.8829,0.3015,25.068,60.248,35.18,1.8919,0.428,0
AGB-03,2480.0,97.75,2.1785,0.393,1.548,1554.7,1.4061,0.3741,3.66,0,3,0.9115,0.2964,25.078,60.273,35.195,1.8827,0.4285,0
AGB-03,2481.0,88.7,2.1975,0.3745,1.032,2003.0,2.332,0.4048,5.38,0,3,0.7557,0.2788,25.088,60.297,35.209,3.1808,0.4277,0
AGB-03,2482.0,93.24,2.2173,0.3412,1.672,1898.9,1.7975,0.4037,4.65,0,3,0.8482,0.263,25.098,60.321,35.223,2.4256,0.4412,0
AGB-03,2483.0,94.91,2.2737,0.3443,1.345,1833.9,1.6238,0.4189,4.52,0,3,0.8784,0.2596,25.109,60.346,35.237,2.184,0.4452,0
AGB-03,2484.0,88.17,2.2198,0.3511,1.982,1827.2,1.4528,0.42,4.5,0,3,0.8521,0.2753,25.119,60.37,35.251,1.9476,0.45,0
AGB-03,2485.0,98.82,2.1738,0.3762,1.374,1746.1,1.4184,0.4039,4.07,0,3,0.8515,0.2904,25.129,60.394,35.265,1.9003,0.4449,0
AGB-03,2486.0,95.72,2.2094,0.3645,1.895,1880.2,1.9832,0.3879,4.3,0,3,0.8102,0.2703,25.139,60.418,35.28,2.6868,0.4317,0
AGB-03,2487.0,89.84,2.19,0.3576,2.428,1784.7,1.451,0.4124,4.16,0,3,0.8322,0.282,25.149,60.443,35.294,1.9453,0.4467,0
AGB-03,2488.0,95.91,2.2175,0.3483,1.59,1706.0,1.4431,0.4188,4.37,0,3,0.8683,0.276,25.159,60.467,35.308,1.9346,0.442,0
AGB-03,2489.0,87.78,2.2271,0.3615,1.793,1599.8,1.4404,0.4044,4.71,0,3,0.8417,0.2817,25.169,60.491,35.322,1.9308,0.433,0
AGB-03,2490.0,95.78,2.2268,0.3614,2.147,1885.8,1.4602,0.4089,4.78,0,3,0.888,0.2716,25.179,60.516,35.336,1.9582,0.45,0
AGB-03,2491.0,96.04,2.237,0.3476,1.074,1850.3,1.778,0.4124,4.55,0,3,0.8371,0.2685,25.189,60.54,35.351,2.3992,0.4389,0
AGB-03,2492.0,95.22,2.2176,0.3444,1.865,1801.7,1.4496,0.4085,4.58,0,3,0.8567,0.2756,25.2,60.564,35.365,1.9436,0.4486,0
AGB-03,2493.0,100.28,2.1811,0.3814,1.588,1461.4,1.3965,0.3699,4.92,0,3,0.8872,0.2898,25.21,60.589,35.379,1.8704,0.4175,0
AGB-03,2494.0,95.64,2.2091,0.3615,2.119,1698.8,1.4374,0.4094,4.22,0,3,0.8522,0.2901,25.22,60.613,35.393,1.9266,0.4415,0
AGB-03,2495.0,92.04,2.1977,0.3596,0.959,2035.9,1.8998,0.417,4.7,0,3,0.8093,0.274,25.23,60.637,35.407,2.5695,0.446,0
AGB-03,2496.0,98.65,2.2,0.3553,1.453,1653.5,1.4281,0.4126,3.7,0,3,0.9378,0.2877,25.24,60.662,35.422,1.9137,0.4378,0
AGB-03,2497.0,96.87,2.1545,0.4029,2.054,1450.8,1.3789,0.4054,4.43,0,3,0.8862,0.3124,25.25,60.686,35.436,1.8458,0.4161,0
AGB-03,2498.0,88.37,2.2031,0.3698,1.724,1756.5,1.4396,0.4006,4.64,0,3,0.8252,0.2855,25.26,60.71,35.45,1.9293,0.4456,0
AGB-03,2499.0,97.01,2.2079,0.3656,1.084,1586.4,1.4275,0.3902,3.95,0,3,0.9079,0.2859,25.27,60.734,35.464,1.9125,0.4317,0
AGB-03,2500.0,85.03,2.1959,0.3629,1.339,1925.0,2.1864,0.3941,4.44,0,3,0.7456,0.2875,25.28,60.759,35.478,2.9734,0.4266,0
AGB-03,2501.0,85.09,2.2608,0.3493,1.81,2070.2,2.4071,0.42,4.43,0,3,0.8196,0.2542,25.291,60.783,35.493,3.2881,0.4328,0
AGB-03,2502.0,93.38,2.2623,0.3675,1.662,1732.1,1.6954,0.42,3.8,0,3,0.8337,0.2734,25.301,60.807,35.507,2.2828,0.4336,0
AGB-03,2503.0,89.89,2.1969,0.3617,2.071,1948.7,1.9944,0.4087,4.57,0,3,0.7754,0.2833,25.311,60.832,35.521,2.7011,0.4365,0
AGB-03,2504.0,100.28,2.1689,0.4156,2.003,1450.0,1.3884,0.3646,3.43,0,3,0.9466,0.3129,25.321,60.856,35.535,1.858,0.416,0
AGB-03,2505.0,97.74,2.2366,0.3405,1.573,1963.4,1.8655,0.4183,4.46,0,3,0.869,0.2534,25.331,60.88,35.549,2.5196,0.4437,0
AGB-03,2506.0,94.07,2.2268,0.3397,1.863,1928.0,1.4636,0.42,4.91,0,3,0.8589,0.274,25.341,60.905,35.563,1.9611,0.45,0
AGB-03,2507.0,101.02,2.2295,0.3527,2.638,1915.7,1.4649,0.42,4.69,0,3,0.8951,0.2689,25.351,60.929,35.578,1.9627,0.45,0
AGB-03,2508.0,104.88,2.1534,0.3933,2.418,1450.0,1.3793,0.3922,3.43,0,3,0.937,0.3118,25.361,60.953,35.592,1.8447,0.416,0
AGB-03,2509.0,98.53,2.2305,0.3505,1.887,1801.3,1.4596,0.419,4.04,0,3,0.915,0.2653,25.371,60.977,35.606,1.9548,0.4486,0
AGB-03,2510.0,101.37,2.1935,0.3855,1.774,1454.8,1.4053,0.3953,3.94,0,3,0.933,0.2964,25.382,61.002,35.62,1.88,0.4166,0
AGB-03,2511.0,89.67,2.2082,0.3978,1.415,1587.4,1.4294,0.3877,3.71,0,3,0.8582,0.2939,25.392,61.026,35.634,1.9128,0.4318,0
AGB-03,2512.0,90.16,2.2,0.3763,0.895,1782.9,1.4395,0.42,3.86,0,3,0.8136,0.2917,25.402,61.05,35.649,1.9265,0.4474,0
AGB-03,2513.0,85.75,2.2066,0.3793,1.704,1865.3,1.608,0.4139,4.58,0,3,0.8144,0.2833,25.412,61.075,35.663,2.1588,0.4462,0
AGB-03,2514.0,91.37,2.2037,0.3502,1.677,1940.7,2.1562,0.4031,3.94,0,3,0.7809,0.2756,25.422,61.099,35.677,2.9261,0.4297,0
AGB-03,2515.0,90.15,2.1948,0.3489,0.877,1757.4,1.4915,0.4052,3.87,0,3,0.827,0.2826,25.432,61.123,35.691,1.9974,0.4431,0
AGB-03,2516.0,82.98,2.2407,0.3207,1.256,1856.5,2.3433,0.3895,5.28,0,3,0.8,0.2625,25.442,61.148,35.705,3.1914,0.4145,0
AGB-03,2517.0,94.76,2.1794,0.3848,2.265,1658.4,1.4183,0.4121,4.44,0,3,0.9365,0.285,25.452,61.172,35.72,1.8963,0.4382,0
AGB-03,2518.0,95.83,2.2117,0.3929,1.673,1531.6,1.427,0.3808,4.54,0,3,0.9023,0.2787,25.462,61.196,35.734,1.908,0.426,0
AGB-03,2519.0,97.78,2.2053,0.3997,1.121,1528.4,1.4229,0.3911,4.21,0,3,0.9064,0.2864,25.473,61.221,35.748,1.9021,0.4256,0
AGB-03,2520.0,100.66,2.1808,0.3884,1.308,1580.3,1.4128,0.4074,4.02,0,3,0.916,0.2876,25.483,61.245,35.762,1.8881,0.4311,0
AGB-03,2521.0,93.21,2.1879,0.3688,1.806,1719.0,1.4289,0.4152,4.02,0,3,0.8584,0.2935,25.493,61.269,35.776,1.91,0.443,0
AGB-03,2522.0,90.33,2.1941,0.3968,1.763,1608.9,1.4241,0.3971,3.93,0,3,0.8858,0.2913,25.503,61.293,35.791,1.9033,0.4338,0
AGB-03,2523.0,95.12,2.2436,0.3531,1.56,1906.8,1.7241,0.42,4.6,0,3,0.8598,0.2626,25.513,61.318,35.805,2.3175,0.4455,0
AGB-03,2524.0,93.33,2.2454,0.3503,2.971,1967.7,2.0814,0.4015,5.5,0,3,0.8098,0.2688,25.523,61.342,35.819,2.8174,0.4364,0
AGB-03,2525.0,83.05,2.2337,0.3485,1.494,1980.5,2.8847,0.3798,5.83,0,3,0.7611,0.2598,25.533,61.366,35.833,3.9693,0.4038,0
AGB-03,2526.0,87.2,2.2002,0.329,1.19,1758.1,1.7779,0.3971,3.57,0,3,0.7812,0.289,25.543,61.391,35.847,2.3918,0.4299,0
AGB-03,2527.0,92.36,2.2363,0.3644,1.404,1980.7,1.9439,0.4031,5.06,0,3,0.8221,0.2688,25.553,61.415,35.862,2.6235,0.4422,0
AGB-03,2528.0,93.3,2.1729,0.3855,1.85,1450.0,1.3943,0.3859,3.48,0,3,0.9277,0.305,25.564,61.439,35.876,1.8615,0.416,0
AGB-03,2529.0,95.19,2.2402,0.3578,1.177,2084.3,2.4708,0.3874,5.33,0,3,0.8084,0.2562,25.574,61.464,35.89,3.3698,0.4312,0
AGB-03,2530.0,95.14,2.2385,0.3783,1.702,1910.7,1.6914,0.4191,3.84,0,3,0.8455,0.2693,25.584,61.488,35.904,2.271,0.4469,0
AGB-03,2531.0,90.59,2.2482,0.3384,1.89,1870.4,2.226,0.4005,5.15,0,3,0.8121,0.2625,25.594,61.512,35.918,3.0206,0.4219,0
AGB-03,2532.0,92.5,2.1911,0.3593,1.088,1850.3,1.833,0.3887,4.17,0,3,0.7978,0.2806,25.604,61.536,35.932,2.4677,0.4353,0
AGB-03,2533.0,91.92,2.2152,0.3419,1.544,1797.5,1.66,0.4173,4.42,0,3,0.8294,0.2757,25.614,61.561,35.947,2.2272,0.4394,0
AGB-03,2534.0,98.96,2.2287,0.3627,2.404,1730.9,1.4568,0.4089,4.1,0,3,0.8987,0.2795,25.624,61.585,35.961,1.9469,0.4438,0
AGB-03,2535.0,96.01,2.2163,0.3784,1.837,1531.8,1.4314,0.4042,4.4,0,3,0.9022,0.2873,25.634,61.609,35.975,1.912,0.426,0
AGB-03,2536.0,87.39,2.2298,0.3525,1.113,1810.7,2.0573,0.4004,4.98,0,3,0.7891,0.2766,25.644,61.634,35.989,2.7819,0.4228,0
AGB-03,2537.0,88.97,2.2448,0.3674,2.384,1916.2,1.7093,0.42,4.46,0,3,0.8384,0.2716,25.655,61.658,36.003,2.2954,0.4468,0
AGB-03,2538.0,87.8,2.2511,0.3533,1.179,1920.9,1.8902,0.42,4.82,0,3,0.8275,0.2691,25.665,61.682,36.018,2.5474,0.4404,0
AGB-03,2539.0,86.08,2.2147,0.3661,1.424,2118.7,2.4587,0.3994,4.16,0,3,0.7434,0.2809,25.675,61.707,36.032,3.3518,0.4334,0
AGB-03,2540.0,85.46,2.2,0.3599,1.995,1746.2,1.4396,0.4041,4.66,0,3,0.8215,0.2885,25.685,61.731,36.046,1.9232,0.4449,0
AGB-03,2541.0,91.5,2.2222,0.3706,0.919,1823.3,1.4586,0.4169,4.29,0,3,0.844,0.2799,25.695,61.755,36.06,1.9493,0.4499,0
AGB-03,2542.0,97.99,2.2012,0.3717,1.563,1677.4,1.4353,0.4115,3.56,0,3,0.8962,0.2814,25.705,61.779,36.074,1.9173,0.4398,0
AGB-03,2543.0,93.58,2.2354,0.3303,1.546,1875.0,2.0942,0.3884,5.24,0,3,0.8389,0.2566,25.715,61.804,36.089,2.8341,0.4277,0
AGB-03,2544.0,95.09,2.2387,0.3559,1.715,1832.7,1.5912,0.4033,5.44,0,3,0.8792,0.2602,25.725,61.828,36.103,2.1322,0.4456,0
AGB-03,2545.0,97.58,2.226,0.3615,1.546,1570.2,1.4414,0.399,5.01,0,3,0.8959,0.2718,25.735,61.852,36.117,1.926,0.4301,0
AGB-03,2546.0,96.77,2.1946,0.3991,2.614,1533.3,1.4178,0.3813,5.04,0,3,0.9439,0.2996,25.746,61.877,36.131,1.8936,0.4262,0
AGB-03,2547.0,96.4,2.238,0.3621,2.881,1749.9,1.4637,0.42,4.61,0,3,0.8824,0.2805,25.756,61.901,36.145,1.9568,0.4452,0
AGB-03,2548.0,89.18,2.2358,0.3646,1.578,2107.1,2.3253,0.3955,4.29,0,3,0.7917,0.2676,25.766,61.925,36.16,3.1622,0.4377,0
AGB-03,2549.0,90.89,2.2302,0.3789,1.342,1745.4,1.8062,0.3768,5.13,0,3,0.8172,0.275,25.776,61.95,36.174,2.4311,0.4284,0
AGB-03,2550.0,104.21,2.1643,0.375,2.914,1450.0,1.3887,0.3802,3.35,0,3,0.9039,0.2984,25.786,61.974,36.188,1.8541,0.416,0
AGB-03,2551.0,85.12,2.2397,0.3704,1.102,2074.5,2.6865,0.3925,5.31,0,3,0.7496,0.2717,25.796,61.998,36.202,3.6812,0.4225,0
AGB-03,2552.0,92.66,2.2387,0.3437,1.733,1982.3,2.4701,0.4077,4.62,0,3,0.7812,0.2663,25.806,62.023,36.216,3.3697,0.4222,0
AGB-03,2553.0,95.51,2.2061,0.3621,1.872,1550.8,1.4264,0.417,3.83,0,3,0.8635,0.2923,25.816,62.047,36.23,1.9061,0.4281,0
AGB-03,2554.0,95.09,2.2167,0.3756,1.006,1745.4,1.4494,0.4172,4.19,0,3,0.8452,0.2879,25.826,62.071,36.245,1.9377,0.4449,0
AGB-03,2555.0,93.26,2.2133,0.3766,1.453,1849.4,1.4536,0.4175,4.6,0,3,0.8717,0.2811,25.837,62.095,36.259,1.9436,0.45,0
AGB-03,2556.0,95.89,2.1965,0.3726,2.21,1703.6,1.4335,0.4021,5.28,0,3,0.8493,0.2791,25.847,62.12,36.273,1.916,0.4418,0
AGB-03,2557.0,89.0,2.2217,0.3357,2.447,1961.3,2.3922,0.3929,5.65,0,3,0.8122,0.2563,25.857,62.144,36.287,3.259,0.4226,0
AGB-03,2558.0,96.31,2.1983,0.3609,2.002,1757.7,1.4383,0.4057,3.67,0,3,0.8778,0.2702,25.867,62.168,36.301,1.9228,0.4457,0
AGB-03,2559.0,95.88,2.2201,0.3598,0.932,1779.2,1.4535,0.3992,4.87,0,3,0.8629,0.2758,25.877,62.193,36.316,1.9438,0.4472,0
AGB-03,2560.0,80.36,2.2486,0.3259,1.672,2091.2,3.3402,0.3729,6.04,0,3,0.7461,0.2527,25.887,62.217,36.33,4.6431,0.3984,0
AGB-03,2561.0,73.88,2.2278,0.2957,1.45,2577.2,5.624,0.3468,5.71,0,2,0.569,0.2585,25.897,62.241,36.344,8.2527,0.3725,0
AGB-03,2562.0,76.34,2.2351,0.3143,1.161,2309.3,4.0454,0.3617,5.65,0,2,0.6596,0.2659,25.907,62.266,36.358,5.7129,0.3964,0
AGB-03,2563.0,75.77,2.2578,0.2968,1.158,2630.0,5.3028,0.3671,4.98,0,2,0.6508,0.2381,25.917,62.29,36.372,7.7186,0.3921,0
AGB-03,2564.0,63.63,2.2654,0.2559,1.797,2703.3,7.8223,0.2659,7.94,0,2,0.4862,0.2332,25.928,62.314,36.387,12.2292,0.302,0
AGB-03,2565.0,67.8,2.308,0.2832,1.915,2846.9,8.1089,0.2923,9.0,0,2,0.5044,0.2249,25.938,62.338,36.401,12.7969,0.3262,0
AGB-03,2566.0,74.56,2.2935,0.2879,1.351,2776.9,7.0559,0.3055,6.75,0,2,0.5679,0.2271,25.948,62.363,36.415,10.7743,0.355,0
AGB-03,2567.0,64.24,2.2697,0.2674,0.973,2844.2,7.8103,0.3166,7.74,0,2,0.5136,0.2268,25.958,62.387,36.429,12.2069,0.3341,0
AGB-03,2568.0,60.41,2.2834,0.2819,0.89,2949.6,8.4905,0.2878,7.75,0,2,0.4641,0.2299,25.968,62.411,36.443,13.5753,0.3265,0
AGB-03,2569.0,99.87,2.1859,0.4021,3.533,1490.5,1.4063,0.3876,3.37,0,3,0.961,0.3078,25.978,62.436,36.458,1.8794,0.4212,0
AGB-03,2570.0,93.92,2.2284,0.3597,2.187,1822.3,1.675,0.3998,5.31,0,3,0.8404,0.2715,25.988,62.46,36.472,2.2504,0.441,0
AGB-03,2571.0,91.13,2.1809,0.3677,1.656,1700.7,1.4227,0.42,4.46,0,3,0.8412,0.2808,25.998,62.484,36.486,1.9021,0.4416,0
AGB-03,2572.0,100.37,2.1532,0.3953,2.476,1450.0,1.3808,0.3899,3.56,0,3,0.933,0.3053,26.008,62.509,36.5,1.8446,0.416,0
AGB-03,2573.0,89.7,2.2336,0.3574,1.382,1944.2,2.115,0.3779,5.0,0,3,0.7973,0.2722,26.019,62.533,36.514,2.8664,0.4328,0
AGB-03,2574.0,94.12,2.2154,0.3746,2.043,1788.9,1.4507,0.4191,3.92,0,3,0.871,0.2739,26.029,62.557,36.528,1.9405,0.4478,0
AGB-03,2575.0,103.95,2.1881,0.3819,1.914,1573.5,1.4166,0.4099,3.63,0,3,0.8852,0.3017,26.039,62.582,36.543,1.8936,0.4304,0
AGB-03,2576.0,92.11,2.2368,0.3521,1.4,1651.6,1.5679,0.3902,4.6,0,3,0.8432,0.2744,26.049,62.606,36.557,2.102,0.4316,0
AGB-03,2577.0,83.71,2.2202,0.3374,2.217,1877.6,1.9877,0.3956,4.34,0,3,0.7725,0.2857,26.059,62.63,36.571,2.6869,0.4319,0
AGB-03,2578.0,102.24,2.2252,0.3474,3.333,1513.4,1.4337,0.3773,4.24,0,3,0.9267,0.2792,26.069,62.654,36.585,1.9169,0.4239,0
AGB-03,2579.0,94.6,2.1728,0.3792,2.559,1532.4,1.4029,0.3885,4.38,1,3,0.8599,0.3037,26.079,62.679,36.599,1.8746,0.4261,0
AGB-03,2580.0,93.53,2.2089,0.3483,2.481,1776.9,1.6382,0.3991,4.19,0,3,0.8483,0.2693,26.089,62.703,36.614,2.199,0.4385,0
AGB-03,2581.0,95.31,2.1385,0.4041,2.094,1533.3,1.3815,0.409,3.93,0,3,0.8863,0.3052,26.099,62.727,36.628,1.8451,0.4262,0
AGB-03,2582.0,93.68,2.2297,0.3437,1.364,1803.0,1.6889,0.3977,4.05,0,3,0.8553,0.2653,26.11,62.752,36.642,2.2691,0.439,0
AGB-03,2583.0,96.47,2.2375,0.3766,1.038,1671.6,1.4568,0.4057,5.49,0,3,0.8491,0.28,26.12,62.776,36.656,1.9483,0.4393,0
AGB-03,2584.0,94.67,2.2001,0.374,1.618,1559.8,1.4232,0.3931,4.25,0,3,0.8966,0.2849,26.13,62.8,36.67,1.9021,0.429,0
AGB-03,2585.0,91.36,2.2259,0.3627,1.489,1774.7,1.5082,0.4131,3.93,0,3,0.8524,0.2735,26.14,62.825,36.685,2.0189,0.4446,0
AGB-03,2586.0,92.05,2.2355,0.351,1.686,1869.8,1.832,0.409,4.36,0,3,0.8505,0.262,26.15,62.849,36.699,2.4678,0.4384,0
AGB-03,2587.0,96.86,2.1857,0.3594,1.605,1596.1,1.4179,0.3967,4.03,0,3,0.8488,0.2889,26.16,62.873,36.713,1.8945,0.4326,0
AGB-03,2588.0,99.05,2.2042,0.374,2.287,1583.6,1.4284,0.3785,4.32,0,3,0.9082,0.2945,26.17,62.897,36.727,1.9089,0.4314,0
AGB-03,2589.0,100.5,2.2287,0.358,1.182,1610.0,1.4464,0.3879,3.51,0,3,0.8615,0.2852,26.18,62.922,36.741,1.9335,0.4339,0
AGB-03,2590.0,102.75,2.1607,0.3933,1.987,1450.0,1.3865,0.3779,4.16,0,3,0.9232,0.2988,26.191,62.946,36.756,1.851,0.416,0
AGB-03,2591.0,94.12,2.1791,0.3664,1.508,1695.1,1.4223,0.4029,3.89,0,3,0.8652,0.2895,26.201,62.97,36.77,1.9,0.4412,0
AGB-03,2592.0,87.06,2.1817,0.3735,0.78,1993.4,1.9532,0.4163,4.65,0,3,0.7801,0.2834,26.211,62.995,36.784,2.6363,0.441,0
AGB-03,2593.0,96.87,2.2373,0.3755,2.007,1804.9,1.467,0.4183,4.29,0,3,0.8845,0.2709,26.221,63.019,36.798,1.9611,0.4488,0
AGB-03,2594.0,88.54,2.2238,0.3521,0.906,1958.4,2.5473,0.3695,5.62,0,3,0.7739,0.2661,26.231,63.043,36.812,3.4792,0.4158,0
AGB-03,2595.0,96.1,2.2424,0.3327,2.161,1898.5,1.774,0.4084,4.38,0,3,0.8518,0.2641,26.241,63.068,36.827,2.3854,0.443,0
AGB-03,2596.0,101.12,2.2457,0.3508,1.404,2026.8,2.0129,0.42,4.52,0,3,0.8638,0.2512,26.251,63.092,36.841,2.7193,0.4431,0
AGB-03,2597.0,92.97,2.2618,0.3385,1.131,2036.4,2.6824,0.4099,5.4,0,3,0.7907,0.257,26.261,63.116,36.855,3.6731,0.42,0
AGB-03,2598.0,91.18,2.2583,0.3377,1.535,1804.8,1.6345,0.4097,4.93,0,3,0.8412,0.2738,26.271,63.14,36.869,2.1914,0.4424,0
AGB-03,2599.0,95.83,2.1937,0.376,3.413,1547.3,1.4193,0.3963,4.22,0,3,0.8822,0.295,26.282,63.165,36.883,1.8948,0.4277,0
AGB-03,2600.0,100.96,2.2034,0.3982,1.398,1602.2,1.4309,0.3988,3.83,0,3,0.895,0.2855,26.292,63.189,36.897,1.9105,0.4332,0
AGB-03,2601.0,101.51,2.2428,0.3729,1.807,1709.5,1.4648,0.4054,4.92,0,3,0.9104,0.2678,26.302,63.213,36.912,1.957,0.4423,0
AGB-03,2602.0,98.12,2.2061,0.4043,1.331,1668.0,1.4384,0.404,3.54,0,3,0.9101,0.2953,26.312,63.238,36.926,1.9206,0.439,0
AGB-03,2603.0,98.04,2.2315,0.3679,2.835,1897.4,1.4695,0.42,4.29,0,3,0.8792,0.2689,26.322,63.262,36.94,1.9632,0.45,0
AGB-03,2604.0,94.96,2.2133,0.3661,1.736,1671.5,1.4435,0.3942,3.91,0,3,0.8725,0.2866,26.332,63.286,36.954,1.9273,0.4393,0
AGB-03,2605.0,101.11,2.2483,0.3672,2.74,1650.1,1.464,0.42,4.42,0,3,0.9301,0.2678,26.342,63.311,36.968,1.9553,0.4375,0
AGB-03,2606.0,97.02,2.2381,0.3181,1.567,1867.4,1.7055,0.4008,5.07,0,3,0.8872,0.253,26.352,63.335,36.983,2.2885,0.4435,0
AGB-03,2607.0,95.46,2.2134,0.3573,2.711,1815.3,1.4537,0.42,4.26,0,3,0.9077,0.2759,26.362,63.359,36.997,1.941,0.4495,0
AGB-03,2608.0,92.76,2.2105,0.3669,2.585,1887.8,1.8519,0.413,4.94,0,3,0.8357,0.2665,26.373,63.384,37.011,2.4918,0.4382,0
AGB-03,2609.0,93.81,2.2379,0.3658,1.503,1989.7,1.8993,0.4021,4.96,0,3,0.8391,0.2646,26.383,63.408,37.025,2.558,0.4445,0
AGB-03,2610.0,92.57,2.2288,0.3704,0.905,1679.8,1.4543,0.4001,4.19,0,3,0.8784,0.2821,26.393,63.432,37.039,1.9416,0.44,0
AGB-03,2611.0,95.76,2.2243,0.3405,1.252,1678.2,1.4514,0.4176,3.99,0,3,0.8799,0.2749,26.403,63.456,37.054,1.9376,0.4398,0
AGB-03,2612.0,108.4,2.1812,0.3868,2.334,1458.7,1.4022,0.3904,3.67,0,3,0.9618,0.3017,26.413,63.481,37.068,1.8701,0.4171,0
AGB-03,2613.0,105.29,2.2437,0.3619,3.568,1609.2,1.4578,0.4089,4.05,0,3,0.9473,0.2674,26.423,63.505,37.082,1.9464,0.4339,0
AGB-03,2614.0,94.6,2.2107,0.3738,1.649,1667.1,1.442,0.4111,4.15,0,3,0.8818,0.2936,26.433,63.529,37.096,1.9246,0.4389,0
AGB-03,2615.0,95.33,2.2291,0.3507,1.482,1698.4,1.4561,0.42,4.99,0,3,0.874,0.2723,26.443,63.554,37.11,1.9439,0.4414,0
AGB-03,2616.0,95.14,2.2636,0.3394,1.774,1981.4,2.331,0.4067,6.15,0,3,0.8238,0.256,26.453,63.578,37.125,3.1662,0.4288,0
AGB-03,2617.0,94.71,2.1698,0.3938,1.233,1552.9,1.4058,0.41,3.56,0,3,0.8763,0.2971,26.464,63.602,37.139,1.875,0.4283,0
AGB-03,2618.0,95.17,2.268,0.3622,1.974,1979.4,2.3913,0.3729,5.99,0,3,0.8087,0.2599,26.474,63.627,37.153,3.2523,0.4264,0
AGB-03,2619.0,98.47,2.217,0.3796,2.001,1668.8,1.4459,0.4017,4.31,0,3,0.8939,0.2846,26.484,63.651,37.167,1.9302,0.4391,0
AGB-03,2620.0,90.61,2.2169,0.3575,2.185,1781.1,1.4539,0.4107,4.81,0,3,0.8839,0.2708,26.494,63.675,37.181,1.9412,0.4473,0
AGB-03,2621.0,98.19,2.2313,0.3698,2.721,1758.3,1.4614,0.4147,4.21,0,3,0.9088,0.277,26.504,63.699,37.195,1.9517,0.4458,0
AGB-03,2622.0,92.54,2.2084,0.3857,0.815,1809.7,1.6408,0.4052,4.97,0,3,0.8205,0.2803,26.514,63.724,37.21,2.199,0.441,0
AGB-03,2623.0,94.45,2.2526,0.3497,1.973,1814.8,1.4785,0.4071,4.61,0,3,0.8838,0.2641,26.524,63.748,37.224,1.9753,0.4494,0
AGB-03,2624.0,96.21,2.1872,0.3766,1.5,1491.2,1.4094,0.3909,4.47,1,3,0.9135,0.2929,26.534,63.772,37.238,1.8807,0.4213,0
AGB-03,2625.0,92.33,2.2007,0.3612,1.27,1954.5,1.8455,0.4037,4.58,0,3,0.8204,0.2727,26.544,63.797,37.252,2.4838,0.443,0
AGB-03,2626.0,90.52,2.2012,0.3512,0.989,1866.8,2.1472,0.3815,4.42,0,3,0.8002,0.269,26.555,63.821,37.266,2.9074,0.4232,0
AGB-03,2627.0,98.47,2.2136,0.3567,1.993,1716.9,1.4467,0.4111,4.34,0,3,0.9177,0.274,26.565,63.845,37.281,1.9323,0.4428,0
AGB-03,2628.0,98.69,2.2473,0.3542,3.199,1724.3,1.4685,0.3999,4.82,0,3,0.9237,0.2625,26.575,63.87,37.295,1.9624,0.4434,0
AGB-03,2629.0,86.62,2.2087,0.3447,1.626,2053.7,1.7978,0.42,4.5,0,3,0.8252,0.2731,26.585,63.894,37.309,2.4182,0.45,0
AGB-03,2630.0,98.43,2.2293,0.3551,1.292,1685.3,1.4538,0.4147,4.69,0,3,0.8947,0.2651,26.595,63.918,37.323,1.9427,0.4404,0
AGB-03,2631.0,86.23,2.2213,0.335,1.894,2138.6,2.9737,0.3962,6.15,0,3,0.7509,0.2622,26.605,63.943,37.337,4.0981,0.417,0
AGB-03,2632.0,95.08,2.2431,0.3352,1.559,2055.3,2.1483,0.4117,5.14,0,3,0.8207,0.2632,26.615,63.967,37.352,2.9109,0.4403,0
AGB-03,2633.0,98.01,2.1864,0.3832,1.66,1652.6,1.4235,0.4013,4.28,0,3,0.9192,0.2868,26.625,63.991,37.366,1.9018,0.4377,0
AGB-03,2634.0,91.66,2.1933,0.3776,1.958,1711.5,1.4322,0.42,3.88,0,3,0.8666,0.2867,26.635,64.015,37.38,1.914,0.4424,0
AGB-03,2635.0,92.21,2.2105,0.3684,3.319,1695.3,1.4418,0.4155,5.16,0,3,0.8855,0.2687,26.646,64.04,37.394,1.9273,0.4412,0
AGB-03,2636.0,96.12,2.2477,0.3574,2.153,1844.2,1.6963,0.406,5.43,0,3,0.8747,0.2585,26.656,64.064,37.408,2.2792,0.4424,0
AGB-03,2637.0,98.36,2.2159,0.3994,2.131,1584.7,1.4354,0.4111,3.88,0,3,0.8799,0.2852,26.666,64.088,37.423,1.9191,0.4315,0
AGB-03,2638.0,96.7,2.2089,0.3903,2.302,1644.4,1.4361,0.4013,4.29,0,3,0.9136,0.2811,26.676,64.113,37.437,1.9204,0.437,0
AGB-03,2639.0,99.72,2.1619,0.3801,1.638,1536.9,1.3962,0.4055,4.31,0,3,0.8904,0.301,26.686,64.137,37.451,1.8659,0.4266,0
AGB-03,2640.0,80.32,2.2356,0.3413,1.203,2075.7,2.5624,0.3983,4.87,0,3,0.7695,0.2685,26.696,64.161,37.465,3.5055,0.4269,0
AGB-03,2641.0,92.81,2.203,0.3723,1.485,1636.3,1.4311,0.3941,5.04,0,3,0.9065,0.2737,26.706,64.186,37.479,1.9143,0.4363,0
AGB-03,2642.0,88.39,2.2641,0.3233,1.151,2242.2,3.5708,0.39,6.1,0,3,0.7625,0.2417,26.716,64.21,37.494,4.9933,0.4077,0
AGB-03,2643.0,93.71,2.2078,0.3589,1.776,1919.8,1.4521,0.399,4.17,0,3,0.8515,0.2767,26.726,64.234,37.508,1.9439,0.45,0
AGB-03,2644.0,99.06,2.2248,0.3638,3.34,1833.6,1.4582,0.4039,4.08,0,3,0.9096,0.2673,26.737,64.258,37.522,1.9525,0.45,0
AGB-03,2645.0,87.7,2.2427,0.3371,1.884,2066.1,2.6309,0.3914,4.41,0,3,0.7727,0.2652,26.747,64.283,37.536,3.6071,0.4238,0
AGB-03,2646.0,84.65,2.2807,0.3113,1.963,2162.7,2.8689,0.3795,5.6,0,3,0.8007,0.2486,26.757,64.307,37.55,3.9538,0.4253,0
AGB-03,2647.0,104.01,2.218,0.3788,2.862,1450.0,1.4195,0.3748,3.39,0,3,0.9572,0.2893,26.767,64.331,37.564,1.9,0.416,0
AGB-03,2648.0,89.92,2.2489,0.3399,1.294,2020.7,1.9807,0.3965,4.97,0,3,0.839,0.2621,26.777,64.356,37.579,2.681,0.4438,0
AGB-03,2649.0,91.25,2.237,0.3385,2.192,2084.8,2.3837,0.4005,6.66,0,3,0.8248,0.2533,26.787,64.38,37.593,3.2534,0.434,0
AGB-03,2650.0,93.54,2.2525,0.3641,1.549,1674.7,1.4637,0.42,5.8,0,3,0.8687,0.2717,26.797,64.404,37.607,1.9617,0.4396,0
AGB-03,2651.0,94.05,2.2065,0.373,2.274,1661.1,1.4334,0.4147,4.21,0,3,0.8947,0.2777,26.807,64.429,37.621,1.9202,0.4384,0
AGB-03,2652.0,101.69,2.2241,0.3644,2.055,1740.5,1.4503,0.4067,5.72,0,3,0.9023,0.2613,26.817,64.453,37.635,1.9437,0.4445,0
AGB-03,2653.0,96.92,2.2761,0.3365,2.115,1863.0,1.9104,0.4031,4.78,0,3,0.8763,0.2506,26.828,64.477,37.65,2.5837,0.4357,0
AGB-03,2654.0,93.39,2.1681,0.3722,3.403,1841.0,1.4207,0.42,3.73,0,3,0.8435,0.2832,26.838,64.501,37.664,1.9033,0.45,0
AGB-03,2655.0,101.1,2.2326,0.3757,1.28,1461.0,1.4288,0.4035,4.49,0,3,0.9308,0.2805,26.848,64.526,37.678,1.9146,0.4174,0
AGB-03,2656.0,85.01,2.2127,0.3119,1.185,2229.5,3.524,0.374,4.98,0,3,0.6964,0.2662,26.858,64.55,37.692,4.9321,0.4051,0
AGB-03,2657.0,97.6,2.2286,0.3798,2.305,1617.2,1.4428,0.4087,3.75,0,3,0.9353,0.268,26.868,64.574,37.706,1.9343,0.4346,0
AGB-03,2658.0,87.97,2.188,0.3735,0.988,1742.8,1.5047,0.4171,5.4,0,3,0.8374,0.2785,26.878,64.599,37.721,2.0198,0.4411,0
AGB-03,2659.0,95.71,2.2101,0.3643,2.692,1656.0,1.4342,0.42,4.3,0,3,0.8932,0.2725,26.888,64.623,37.735,1.9228,0.438,0
AGB-03,2660.0,93.8,2.1621,0.3805,1.165,1731.0,1.4094,0.42,3.36,0,3,0.8368,0.3108,26.898,64.647,37.749,1.8887,0.4439,0
AGB-03,2661.0,97.88,2.2128,0.3643,2.615,1801.8,1.4461,0.4123,4.37,0,3,0.8993,0.2726,26.908,64.672,37.763,1.9394,0.4486,0
AGB-03,2662.0,89.19,2.2522,0.326,2.063,2094.1,2.8052,0.3911,5.3,0,3,0.7755,0.259,26.919,64.696,37.777,3.8673,0.42,0
AGB-03,2663.0,95.83,2.2303,0.3798,2.601,1696.9,1.4499,0.42,5.3,0,3,0.8751,0.2717,26.929,64.72,37.792,1.9448,0.4413,0
AGB-03,2664.0,85.67,2.2178,0.3229,2.401,2114.3,2.9565,0.3926,4.71,0,3,0.7672,0.2561,26.939,64.745,37.806,4.0893,0.4147,0
AGB-03,2665.0,96.81,2.2478,0.3715,2.352,1874.5,1.7655,0.42,5.1,0,3,0.8465,0.2667,26.949,64.769,37.82,2.383,0.4416,0
AGB-03,2666.0,95.39,2.1901,0.3616,2.237,1742.5,1.4276,0.4093,3.72,0,3,0.8856,0.2808,26.959,64.793,37.834,1.9142,0.4447,0
AGB-03,2667.0,33.83,2.2932,0.1195,25.021,3319.5,12.4469,0.0998,14.32,0,0,0.1625,0.1836,26.969,64.817,37.848,24.4434,0.1199,1
AGB-03,2668.0,30.21,2.3732,0.142,1.964,4293.7,13.8921,0.162,24.21,0,0,0.0221,0.1722,26.979,64.842,37.862,39.1193,0.2051,0
AGB-03,2669.0,32.26,2.3003,0.1193,31.827,3543.4,13.2579,0.08,18.48,0,0,0.066,0.1812,26.989,64.866,37.877,28.2603,0.1,1
AGB-03,2670.0,29.8,2.3002,0.1342,30.745,3700.7,13.4457,0.1481,18.04,0,0,0.0738,0.183,26.999,64.89,37.891,29.4304,0.1657,1
AGB-03,2671.0,35.6,2.2508,0.1389,38.341,3439.9,12.6607,0.1232,12.94,0,0,0.1051,0.1983,27.01,64.915,37.905,25.3196,0.1452,1
AGB-03,2672.0,34.67,2.3683,0.1615,1.717,4057.3,13.937,0.186,13.24,0,0,0.0996,0.1729,27.02,64.939,37.919,34.7818,0.2068,0
AGB-03,2673.0,29.34,2.3009,0.1085,43.206,3517.8,13.1498,0.0859,14.52,0,0,0.0835,0.1836,27.03,64.963,37.933,27.6455,0.1135,1
AGB-03,2674.0,33.81,2.2302,0.1321,24.488,3258.0,11.946,0.1182,12.98,0,0,0.1294,0.2123,27.04,64.988,37.948,22.5939,0.14,1
AGB-03,2675.0,33.67,2.3046,0.1302,52.023,3653.1,13.2902,0.1601,12.09,0,0,0.1056,0.1823,27.05,65.012,37.962,28.4296,0.1764,1
AGB-03,2676.0,28.88,2.3557,0.1673,1.736,4339.5,13.9477,0.207,18.92,0,0,0.0488,0.1745,27.06,65.036,37.976,37.977,0.2347,0
AGB-03,2677.0,28.17,2.2926,0.1026,33.74,3607.0,13.2834,0.1346,18.11,0,0,0.0896,0.1808,27.07,65.06,37.99,28.3751,0.1444,1
AGB-03,2678.0,34.78,2.2846,0.1319,23.64,3490.6,12.9352,0.1164,13.37,0,0,0.0988,0.1924,27.08,65.085,38.004,26.5311,0.1418,1
AGB-03,2679.0,21.26,2.3015,0.0957,45.841,3672.7,13.5458,0.0923,16.52,0,0,0.02,0.1875,27.09,65.109,38.019,30.0779,0.1172,1
AGB-03,2680.0,33.72,2.2877,0.1196,25.906,3401.8,12.4424,0.1487,11.75,0,0,0.167,0.1941,27.101,65.133,38.033,24.3908,0.1797,1
AGB-03,2681.0,26.99,2.2834,0.1318,36.23,3669.9,13.4416,0.1354,13.39,0,0,0.0368,0.1912,27.111,65.158,38.047,29.3241,0.1413,1
AGB-03,2682.0,27.18,2.3437,0.1643,1.075,4171.4,13.982,0.1798,14.83,0,0,0.0525,0.1797,27.121,65.182,38.061,36.1568,0.2115,0
AGB-03,2683.0,29.54,2.349,0.1702,2.32,4286.2,13.9814,0.2237,19.93,0,0,0.0527,0.1777,27.131,65.206,38.075,37.1227,0.2317,0
AGB-03,2684.0,25.87,2.3659,0.1672,1.897,4126.3,13.9884,0.1778,14.08,0,0,0.0488,0.1766,27.141,65.231,38.09,36.5704,0.1929,0
AGB-03,2685.0,22.87,2.2934,0.1501,36.984,3645.2,13.2337,0.1734,11.86,0,0,0.0613,0.2031,27.151,65.255,38.104,28.0096,0.1819,1
AGB-03,2686.0,26.77,2.3718,0.1705,2.292,4302.7,13.9385,0.1962,19.97,0,0,0.0259,0.1751,27.161,65.279,38.118,38.807,0.2137,0
AGB-03,2687.0,34.39,2.2832,0.1293,18.016,3605.5,12.9252,0.1816,13.39,1,0,0.129,0.1956,27.171,65.304,38.132,26.4083,0.2088,1
AGB-03,2688.0,31.69,2.2861,0.0953,24.4,3678.1,13.3018,0.1574,14.96,0,0,0.1071,0.1822,27.181,65.328,38.146,28.3606,0.184,1
AGB-03,2689.0,30.07,2.3053,0.0862,66.342,3604.3,13.4077,0.1042,14.97,0,0,0.0636,0.1813,27.192,65.352,38.161,28.9889,0.1188,1
AGB-03,2690.0,25.43,2.3739,0.151,2.005,4234.3,13.9699,0.1711,23.16,0,0,0.0609,0.1615,27.202,65.376,38.175,38.3802,0.1985,0
AGB-03,2691.0,21.82,2.3441,0.1798,2.89,4301.4,13.9779,0.1745,15.19,0,0,0.02,0.1785,27.212,65.401,38.189,38.2539,0.2152,0
AGB-03,2692.0,30.09,2.2849,0.1296,21.82,3531.4,13.0587,0.1325,12.06,0,0,0.0925,0.1925,27.222,65.425,38.203,26.9999,0.1493,1
AGB-03,2693.0,30.69,2.3501,0.1898,1.577,4181.1,13.9956,0.2255,16.79,0,0,0.0976,0.1755,27.232,65.449,38.217,35.1475,0.2351,0
AGB-03,2694.0,30.66,2.3704,0.1773,1.557,4124.5,14.0111,0.1854,16.3,0,0,0.0713,0.1797,27.242,65.474,38.231,35.6513,0.2135,0
AGB-03,2695.0,65.67,2.3098,0.2526,1.488,3075.1,8.9343,0.3001,7.16,0,2,0.476,0.2192,27.252,65.498,38.246,14.5305,0.3339,0
AGB-03,2696.0,69.74,2.324,0.2565,1.872,3013.7,9.0368,0.2947,9.09,0,2,0.486,0.2124,27.262,65.522,38.26,14.7506,0.32,0
AGB-03,2697.0,69.13,2.2958,0.2733,1.152,3037.7,8.779,0.3054,9.09,0,2,0.5064,0.2101,27.273,65.547,38.274,14.1919,0.332,0
AGB-03,2698.0,72.87,2.2761,0.2909,1.174,2726.4,6.3452,0.3446,6.88,0,2,0.5689,0.2454,27.283,65.571,38.288,9.4998,0.3713,0
AGB-03,2699.0,62.24,2.3152,0.2653,0.963,3100.7,9.4682,0.2872,7.99,0,2,0.4577,0.2122,27.293,65.595,38.302,15.706,0.3171,0
AGB-03,2700.0,65.73,2.2801,0.2939,0.933,2815.4,7.9805,0.2863,7.82,0,2,0.5179,0.2222,27.303,65.619,38.317,12.5458,0.322,0
AGB-03,2701.0,66.94,2.2696,0.2794,1.149,2764.4,7.4287,0.2906,7.47,0,2,0.5052,0.2408,27.313,65.644,38.331,11.4739,0.3354,0
AGB-03,2702.0,65.35,2.3131,0.2652,0.816,2918.9,8.3785,0.3009,7.19,0,2,0.517,0.2163,27.323,65.668,38.345,13.3443,0.3291,0
AGB-03,2703.0,73.24,2.2619,0.3104,0.958,2520.9,6.0446,0.3239,5.24,0,2,0.5756,0.2473,27.333,65.692,38.359,8.9701,0.3496,0
AGB-03,2704.0,64.35,2.2572,0.2675,0.79,2884.5,7.8511,0.3087,7.95,0,2,0.514,0.2272,27.343,65.717,38.373,12.284,0.3383,0
AGB-03,2705.0,77.94,2.3162,0.3013,1.153,2762.2,6.9245,0.3114,7.5,0,2,0.5878,0.226,27.353,65.741,38.388,10.5295,0.3597,0
AGB-03,2706.0,71.86,2.2899,0.2777,1.273,2797.9,7.7964,0.3029,8.13,0,2,0.4984,0.2355,27.364,65.765,38.402,12.1745,0.3283,0
AGB-03,2707.0,73.42,2.3064,0.2894,1.013,2696.2,6.5654,0.3349,8.22,0,2,0.5871,0.2342,27.374,65.79,38.416,9.8799,0.362,0
AGB-03,2708.0,74.35,2.2733,0.2834,0.841,2601.5,6.2765,0.3228,6.9,0,2,0.5922,0.2366,27.384,65.814,38.43,9.3689,0.3551,0
AGB-03,2709.0,74.92,2.2666,0.2905,0.786,2669.8,5.849,0.3428,7.0,0,2,0.5947,0.2476,27.394,65.838,38.444,8.6306,0.38,0
AGB-03,2710.0,73.7,2.2774,0.3036,2.313,2629.8,5.7335,0.3643,6.5,0,2,0.644,0.2319,27.404,65.862,38.459,8.4342,0.3796,0
AGB-03,2711.0,70.36,2.2461,0.2939,1.543,2531.6,5.4656,0.3213,6.13,0,2,0.5914,0.2565,27.414,65.887,38.473,7.9844,0.3735,0
AGB-03,2712.0,70.54,2.3233,0.2691,1.566,2913.8,7.6511,0.3337,8.94,0,2,0.5782,0.2134,27.424,65.911,38.487,11.8891,0.3573,0
AGB-03,2713.0,73.93,2.2762,0.2842,1.15,2800.4,6.4435,0.3473,6.29,0,2,0.5663,0.245,27.434,65.935,38.501,9.6612,0.3778,0
AGB-03,2714.0,71.79,2.2963,0.3071,1.509,2624.4,6.4701,0.3189,6.96,0,2,0.5739,0.2403,27.444,65.96,38.515,9.7082,0.3534,0
AGB-03,2715.0,64.83,2.2977,0.2639,1.606,2987.4,8.218,0.3051,7.22,0,2,0.4923,0.2307,27.455,65.984,38.529,13.0074,0.3458,0
AGB-03,2716.0,70.34,2.2995,0.2853,1.246,2892.7,7.906,0.3111,8.5,0,2,0.5606,0.2113,27.465,66.008,38.544,12.3862,0.3423,0
AGB-03,2717.0,73.24,2.2898,0.3013,0.774,2749.9,6.3304,0.337,6.66,0,2,0.5781,0.2437,27.475,66.033,38.558,9.463,0.3761,0
AGB-03,2718.0,70.32,2.2921,0.2769,1.796,2732.2,6.9043,0.316,6.8,0,2,0.5661,0.233,27.485,66.057,38.572,10.491,0.3536,0
AGB-03,2719.0,66.97,2.2989,0.2778,1.376,2940.4,7.6778,0.3329,6.82,0,2,0.515,0.2358,27.495,66.081,38.586,11.9437,0.3579,0
AGB-03,2720.0,69.82,2.263,0.2707,0.67,2922.9,7.9178,0.311,7.49,0,2,0.5071,0.2294,27.505,66.106,38.6,12.4135,0.3429,0
AGB-03,2721.0,65.29,2.3147,0.2423,1.538,2893.3,8.7196,0.2737,9.08,0,2,0.4934,0.2155,27.515,66.13,38.615,14.0502,0.3083,0
AGB-03,2722.0,71.67,2.3101,0.2634,2.13,2774.4,7.1686,0.3262,6.85,0,2,0.5847,0.2207,27.525,66.154,38.629,10.9823,0.352,0
AGB-03,2723.0,70.93,2.3025,0.2697,1.369,2844.9,7.822,0.3118,6.04,0,2,0.5124,0.2315,27.535,66.178,38.643,12.2303,0.3374,0
AGB-03,2724.0,79.61,2.2822,0.2878,1.252,2573.4,6.1007,0.3313,7.21,0,2,0.6155,0.2326,27.546,66.203,38.657,9.0695,0.3582,0
AGB-03,2725.0,68.58,2.2734,0.2743,1.201,2668.3,6.7513,0.3112,7.19,0,2,0.5674,0.2343,27.556,66.227,38.671,10.2219,0.3469,0
AGB-03,2726.0,60.22,2.3463,0.2765,1.051,2853.3,8.5409,0.3,7.79,0,2,0.531,0.2077,27.566,66.251,38.686,13.6877,0.3122,0
AGB-03,2727.0,66.86,2.2928,0.3001,2.116,2697.1,7.3763,0.2962,8.77,0,2,0.5412,0.2289,27.576,66.276,38.7,11.3814,0.3269,0
AGB-03,2728.0,59.01,2.307,0.2642,1.087,3083.9,8.8173,0.3185,8.23,0,2,0.4892,0.2178,27.586,66.3,38.714,14.277,0.3396,0
AGB-03,2729.0,73.82,2.3018,0.2806,0.633,2641.9,7.0945,0.3079,8.11,0,2,0.5933,0.2162,27.596,66.324,38.728,10.8582,0.3296,0
AGB-03,2730.0,78.18,2.2534,0.2981,1.29,2604.8,5.9533,0.3396,7.93,0,2,0.599,0.2415,27.606,66.349,38.742,8.8248,0.3661,0
AGB-03,2731.0,72.8,2.2677,0.2778,0.743,2857.9,7.3076,0.3371,6.63,0,2,0.5311,0.2358,27.616,66.373,38.757,11.2613,0.3554,0
AGB-03,2732.0,70.76,2.2561,0.2971,1.144,2634.1,6.0023,0.3493,5.26,0,2,0.5799,0.2481,27.626,66.397,38.771,8.9127,0.3687,0
AGB-03,2733.0,70.96,2.2892,0.285,1.349,2890.1,7.5264,0.321,6.89,0,2,0.5411,0.228,27.637,66.421,38.785,11.6822,0.3544,0
AGB-03,2734.0,70.03,2.2441,0.2848,0.696,2774.8,7.346,0.3143,5.93,1,2,0.5055,0.2413,27.647,66.446,38.799,11.3416,0.3374,0
AGB-03,2735.0,71.48,2.2949,0.291,1.207,2877.3,7.4587,0.3413,8.23,0,2,0.543,0.2293,27.657,66.47,38.813,11.5584,0.3553,0
AGB-03,2736.0,66.61,2.2958,0.2467,0.99,2931.6,7.9698,0.3261,6.59,0,2,0.5378,0.2185,27.667,66.494,38.827,12.5567,0.345,0
AGB-03,2737.0,69.97,2.289,0.2747,1.082,2901.4,7.8917,0.3178,7.26,0,2,0.5273,0.2235,27.677,66.519,38.842,12.4049,0.3423,0
AGB-03,2738.0,73.89,2.3034,0.2545,0.693,2719.1,7.2441,0.3195,8.52,0,2,0.5718,0.2218,27.687,66.543,38.856,11.1598,0.3378,0
AGB-03,2739.0,75.28,2.2937,0.2869,1.071,2767.4,7.2171,0.3172,6.53,0,2,0.5415,0.2344,27.697,66.567,38.87,11.1118,0.3465,0
AGB-03,2740.0,72.47,2.273,0.2925,1.831,2556.1,6.17,0.3156,6.33,0,2,0.5861,0.2409,27.707,66.592,38.884,9.2193,0.3508,0
AGB-03,2741.0,72.28,2.3005,0.279,1.979,3042.9,7.8833,0.3354,6.81,0,2,0.5253,0.2275,27.717,66.616,38.898,12.4005,0.3644,0
AGB-03,2742.0,68.35,2.264,0.3,1.758,2618.1,6.832,0.3166,6.72,0,2,0.5751,0.2271,27.728,66.64,38.913,10.4061,0.3318,0
AGB-03,2743.0,43.74,2.2968,0.1492,11.127,3258.0,11.8057,0.1663,14.38,0,1,0.234,0.1944,27.738,66.664,38.927,22.1402,0.1925,1
AGB-03,2744.0,44.53,2.2785,0.1242,24.871,3411.0,12.395,0.1673,13.58,0,1,0.1952,0.1859,27.748,66.689,38.941,24.267,0.1856,1
AGB-03,2745.0,44.43,2.2847,0.138,11.858,3047.1,10.8737,0.1741,11.39,0,1,0.2903,0.1996,27.758,66.713,38.955,19.3311,0.1896,1
AGB-03,2746.0,42.28,2.3204,0.1187,14.034,3258.4,11.9942,0.1528,11.98,0,1,0.2263,0.19,27.768,66.737,38.969,22.8071,0.175,1
AGB-03,2747.0,43.92,2.2979,0.1508,17.232,3290.2,11.9114,0.1593,12.44,0,1,0.2237,0.1952,27.778,66.762,38.984,22.5287,0.1949,1
AGB-03,2748.0,43.66,2.2343,0.1375,25.718,3367.4,11.763,0.1841,12.53,0,1,0.2084,0.2052,27.788,66.786,38.998,22.0365,0.2247,1
AGB-03,2749.0,56.23,2.2346,0.178,12.995,2891.9,9.2736,0.2225,9.04,0,1,0.3629,0.2217,27.798,66.81,39.012,15.3576,0.2573,1
AGB-03,2750.0,40.41,2.2805,0.1202,11.579,3382.0,11.9048,0.2082,10.73,0,1,0.238,0.1943,27.808,66.835,39.026,22.5253,0.2293,1
AGB-03,2751.0,38.05,2.2885,0.1312,22.714,3298.2,12.097,0.1355,12.66,0,1,0.1983,0.1926,27.819,66.859,39.04,23.2052,0.1681,1
AGB-03,2752.0,35.36,2.3778,0.1892,1.955,4065.6,13.8729,0.2131,16.59,0,1,0.1322,0.1722,27.829,66.883,39.055,34.0888,0.2265,0
AGB-03,2753.0,52.52,2.2976,0.114,11.165,3215.4,11.4329,0.1844,15.82,0,1,0.289,0.1883,27.839,66.908,39.069,21.0058,0.2133,1
AGB-03,2754.0,43.92,2.2746,0.1514,14.728,3260.9,11.7371,0.193,13.48,0,1,0.2401,0.1917,27.849,66.932,39.083,21.9803,0.192,1
AGB-03,2755.0,33.49,2.3827,0.1768,2.49,4005.4,13.7384,0.1931,18.37,0,1,0.1737,0.174,27.859,66.956,39.097,32.2086,0.2439,0
AGB-03,2756.0,50.52,2.2717,0.1453,8.905,3309.1,11.2241,0.2208,9.68,0,1,0.2797,0.2034,27.869,66.98,39.111,20.3824,0.2587,1
AGB-03,2757.0,48.88,2.3344,0.1472,13.199,3310.8,11.7091,0.222,13.11,0,1,0.2856,0.1881,27.879,67.005,39.126,21.8975,0.2349,1
AGB-03,2758.0,49.03,2.2987,0.1406,12.165,3273.1,11.4313,0.2318,12.8,0,1,0.2923,0.1912,27.889,67.029,39.14,21.0149,0.2366,1
AGB-03,2759.0,44.28,2.2523,0.1503,12.245,2992.6,10.2273,0.1956,11.22,0,1,0.3107,0.2121,27.899,67.053,39.154,17.6578,0.2203,1
AGB-03,2760.0,44.97,2.2729,0.1153,17.249,3285.8,11.8627,0.1663,14.13,0,1,0.2204,0.1941,27.91,67.078,39.168,22.4156,0.1875,1
AGB-03,2761.0,45.75,2.3735,0.1873,1.27,3768.1,13.0708,0.2509,15.41,0,1,0.2627,0.179,27.92,67.102,39.182,27.4232,0.2621,0
AGB-03,2762.0,45.32,2.3155,0.2154,0.895,3634.3,11.6833,0.3004,9.59,0,1,0.3081,0.2117,27.93,67.126,39.196,21.8177,0.3136,0
AGB-03,2763.0,41.5,2.3818,0.1831,1.927,4024.4,13.7409,0.216,18.15,0,1,0.1885,0.1685,27.94,67.151,39.211,32.2918,0.2476,0
AGB-03,2764.0,57.39,2.3139,0.2163,1.057,3587.7,11.8589,0.2512,10.06,1,1,0.3001,0.2068,27.95,67.175,39.225,22.4022,0.2955,0
AGB-03,2765.0,37.89,2.3227,0.212,1.582,3919.6,13.3009,0.2426,13.64,0,1,0.1727,0.1994,27.96,67.199,39.239,28.7366,0.2671,0
AGB-03,2766.0,59.58,2.32,0.2155,1.353,3379.3,11.1848,0.2539,10.39,0,1,0.357,0.2037,27.97,67.223,39.253,20.2711,0.289,0
AGB-03,2767.0,46.03,2.3481,0.2083,1.304,3873.9,13.085,0.2412,11.76,0,1,0.2312,0.1916,27.98,67.248,39.267,27.4903,0.2811,0
AGB-03,2768.0,42.76,2.3464,0.1769,1.287,3828.5,13.2961,0.2247,13.25,0,1,0.1994,0.1886,27.99,67.272,39.282,28.6946,0.2494,0
AGB-03,2769.0,46.09,2.3139,0.2065,1.619,3731.4,12.3262,0.2825,9.91,0,1,0.2613,0.2076,28.001,67.296,39.296,24.0839,0.2977,0
AGB-03,2770.0,36.93,2.3577,0.198,1.608,3668.8,12.9825,0.2045,12.68,0,1,0.2136,0.1964,28.011,67.321,39.31,26.9487,0.2395,0
AGB-03,2771.0,51.68,2.3515,0.1927,1.979,3799.4,12.6377,0.2515,11.76,1,1,0.3004,0.1855,28.021,67.345,39.324,25.3453,0.2982,0
AGB-03,2772.0,51.16,2.3505,0.206,1.524,3529.1,12.0489,0.2538,10.2,0,1,0.3104,0.1976,28.031,67.369,39.338,23.0475,0.2773,0
AGB-03,2773.0,50.14,2.3043,0.2168,1.48,3722.7,12.4527,0.2721,12.01,0,1,0.2726,0.1966,28.041,67.394,39.353,24.5688,0.2868,0
AGB-03,2774.0,44.15,2.3521,0.2046,1.408,3634.9,12.795,0.2259,10.92,0,1,0.2618,0.1864,28.051,67.418,39.367,26.0292,0.2473,0
AGB-03,2775.0,37.07,2.3392,0.164,1.379,3991.3,13.6351,0.2368,16.13,0,1,0.1587,0.1849,28.061,67.442,39.381,31.1183,0.2489,0
AGB-03,2776.0,51.65,2.3423,0.2383,1.177,3548.1,11.8965,0.2662,10.59,0,1,0.3109,0.2035,28.071,67.467,39.395,22.5024,0.29,0
AGB-03,2777.0,46.6,2.3731,0.1903,1.501,3756.6,13.3202,0.1996,17.96,0,1,0.2281,0.1765,28.081,67.491,39.409,28.7812,0.2323,0
AGB-03,2778.0,54.01,2.3193,0.2151,1.063,3567.8,12.0806,0.2591,12.2,0,1,0.2833,0.205,28.092,67.515,39.424,23.1389,0.2792,0
AGB-03,2779.0,45.21,2.3526,0.197,1.736,3910.8,13.3612,0.2346,14.0,0,1,0.2224,0.181,28.102,67.539,39.438,29.0239,0.2663,0
AGB-03,2780.0,44.38,2.3525,0.2008,1.239,3610.5,12.9183,0.2032,10.85,0,1,0.2206,0.1943,28.112,67.564,39.452,26.5747,0.2271,0
AGB-03,2781.0,56.29,2.3722,0.1813,1.152,3641.2,12.5601,0.2527,11.84,0,1,0.305,0.1848,28.122,67.588,39.466,24.97,0.2736,0
AGB-03,2782.0,53.61,2.3641,0.2141,2.695,3630.9,12.419,0.2466,12.84,0,1,0.2996,0.192,28.132,67.612,39.48,24.3945,0.2797,0
AGB-03,2783.0,45.59,2.3347,0.2193,1.141,3606.0,12.4377,0.2482,11.77,0,1,0.2785,0.1949,28.142,67.637,39.494,24.4639,0.2668,0
AGB-03,2784.0,41.28,2.3539,0.1914,1.564,3818.5,13.1159,0.2424,14.72,0,1,0.2508,0.1822,28.152,67.661,39.509,27.5553,0.2685,0
AGB-03,2785.0,48.25,2.3411,0.2059,1.835,3791.2,12.7152,0.2705,13.47,0,1,0.2693,0.1934,28.162,67.685,39.523,25.6153,0.2909,0
AGB-03,2786.0,39.68,2.369,0.1988,2.312,3937.5,13.4425,0.2279,14.88,0,1,0.2191,0.1806,28.172,67.71,39.537,29.5086,0.2682,0
AGB-03,2787.0,41.62,2.3554,0.1788,1.615,3832.5,13.369,0.2095,15.72,0,1,0.1997,0.1867,28.183,67.734,39.551,29.0148,0.2466,0
AGB-03,2788.0,51.47,2.3334,0.2086,1.362,3591.1,12.1771,0.2578,13.12,0,1,0.2923,0.2005,28.193,67.758,39.565,23.4537,0.2815,0
AGB-03,2789.0,40.4,2.3085,0.1874,0.983,3772.6,13.2587,0.2034,14.16,0,1,0.1713,0.1956,28.203,67.782,39.58,28.3277,0.2303,0
AGB-03,2790.0,40.89,2.3214,0.2053,1.703,3824.6,12.8208,0.2567,12.79,0,1,0.2401,0.1986,28.213,67.807,39.594,26.0701,0.2876,0
AGB-03,2791.0,42.14,2.3405,0.1865,1.315,3899.5,13.3064,0.244,17.59,0,1,0.2379,0.1777,28.223,67.831,39.608,28.604,0.268,0
AGB-03,2792.0,90.33,2.2176,0.355,1.428,1950.0,2.1309,0.4082,5.23,0,3,0.8152,0.2653,28.233,67.855,39.622,2.8987,0.4318,0
AGB-03,2793.0,86.89,2.2799,0.3624,1.766,2066.6,2.6998,0.3611,5.11,0,3,0.8247,0.2451,28.243,67.88,39.636,3.7158,0.4226,0
AGB-03,2794.0,92.05,2.2268,0.3751,2.331,1703.3,1.4475,0.4199,4.78,0,3,0.8916,0.2657,28.253,67.904,39.651,1.9424,0.4418,0
AGB-03,2795.0,99.31,2.252,0.3469,1.94,1948.3,1.6487,0.4168,4.45,0,3,0.8704,0.263,28.263,67.928,39.665,2.2211,0.45,0
AGB-03,2796.0,92.33,2.2508,0.3153,1.439,2164.4,3.0452,0.3718,5.0,0,3,0.7889,0.2474,28.274,67.953,39.679,4.2218,0.4178,0
AGB-03,2797.0,92.07,2.2073,0.3493,1.771,1718.8,1.4364,0.4161,4.15,0,3,0.8872,0.2709,28.284,67.977,39.693,1.9269,0.443,0
AGB-03,2798.0,91.41,2.2878,0.3252,1.214,1917.5,2.3773,0.3797,4.99,0,3,0.8235,0.2558,28.294,68.001,39.707,3.2497,0.4214,0
AGB-03,2799.0,93.36,2.2593,0.3407,1.27,1896.9,2.3315,0.3925,4.63,0,3,0.8084,0.2621,28.304,68.025,39.722,3.1841,0.42,0
AGB-03,2800.0,88.42,2.2611,0.3392,3.207,1963.2,2.6697,0.3848,5.75,0,3,0.8201,0.2467,28.314,68.05,39.736,3.6715,0.4123,0
AGB-03,2801.0,96.24,2.1898,0.3523,2.198,1653.1,1.4204,0.4146,4.38,0,3,0.8801,0.2863,28.324,68.074,39.75,1.9048,0.4378,0
AGB-03,2802.0,68.49,2.3079,0.2596,1.227,3105.3,8.6356,0.3105,7.74,0,2,0.5055,0.2173,28.334,68.098,39.764,13.9449,0.3487,0
AGB-03,2803.0,69.46,2.3262,0.2649,1.913,2897.8,8.5516,0.2926,9.73,0,2,0.52,0.2113,28.344,68.123,39.778,13.7681,0.3174,0
AGB-03,2804.0,71.48,2.2648,0.2727,1.157,2830.8,7.2871,0.3328,8.55,0,2,0.5337,0.2351,28.355,68.147,39.793,11.2541,0.3511,0
AGB-03,2805.0,69.54,2.3043,0.2674,1.426,2914.1,8.2776,0.3093,8.14,0,2,0.5099,0.2216,28.365,68.171,39.807,13.2002,0.3301,0
AGB-03,2806.0,70.82,2.3275,0.2623,1.7,2738.3,7.8986,0.2746,8.55,0,2,0.5638,0.2093,28.375,68.196,39.821,12.4371,0.314,0
AGB-03,2807.0,75.56,2.2944,0.2948,1.198,2771.6,6.6471,0.3412,6.67,0,2,0.5799,0.2356,28.385,68.22,39.835,10.0729,0.368,0
AGB-03,2808.0,75.72,2.2793,0.2758,1.589,2811.0,7.3001,0.3327,7.44,0,2,0.5628,0.2243,28.395,68.244,39.849,11.2793,0.3488,0
AGB-03,2809.0,73.02,2.2945,0.2902,1.308,2685.9,6.0424,0.3386,6.11,0,2,0.6346,0.2294,28.405,68.269,39.863,9.0036,0.3769,0
AGB-03,2810.0,72.09,2.304,0.2838,1.774,2871.6,7.1909,0.3413,7.72,0,2,0.5711,0.2267,28.415,68.293,39.878,11.0735,0.3642,0
AGB-03,2811.0,74.68,2.3,0.304,1.706,2838.9,6.0767,0.363,6.92,0,2,0.6065,0.2412,28.425,68.317,39.892,9.0634,0.3936,0
AGB-03,2812.0,78.33,2.3138,0.2837,1.71,2801.7,6.8815,0.3334,8.13,0,2,0.6053,0.2213,28.435,68.341,39.906,10.5001,0.3658,0
AGB-03,2813.0,72.52,2.287,0.2857,1.658,2793.8,6.8625,0.3267,7.01,0,2,0.5622,0.2366,28.446,68.366,39.92,10.4657,0.363,0
AGB-03,2814.0,73.99,2.2384,0.2971,1.609,2623.5,5.7715,0.343,7.48,0,2,0.6167,0.2395,28.456,68.39,39.934,8.5384,0.3736,0
AGB-03,2815.0,74.45,2.2943,0.2814,2.173,2771.4,7.267,0.3218,7.52,0,2,0.5732,0.2216,28.466,68.414,39.949,11.2184,0.345,0
AGB-03,2816.0,73.38,2.3221,0.2705,1.744,2937.0,7.5008,0.334,10.68,0,2,0.5878,0.2143,28.476,68.439,39.963,11.6634,0.3644,0
AGB-03,2817.0,69.24,2.293,0.2548,1.266,2863.0,7.7664,0.3066,6.98,0,2,0.5552,0.2165,28.486,68.463,39.977,12.1794,0.3407,0
AGB-03,2818.0,63.73,2.3174,0.2457,1.591,3074.4,8.9023,0.2953,8.99,0,2,0.5083,0.2092,28.496,68.487,39.991,14.5208,0.3348,0
AGB-03,2819.0,70.81,2.3121,0.2358,1.363,3051.8,8.8949,0.298,10.4,0,2,0.5138,0.2064,28.506,68.512,40.005,14.5052,0.3305,0
AGB-03,2820.0,74.13,2.29,0.2736,1.502,2779.1,6.4966,0.3332,7.79,0,2,0.615,0.2259,28.516,68.536,40.02,9.8053,0.3736,0
AGB-03,2821.0,69.69,2.3327,0.251,1.808,3088.8,9.295,0.3046,10.11,0,2,0.4827,0.2095,28.526,68.56,40.034,15.3918,0.3231,0
AGB-03,2822.0,68.03,2.2809,0.2934,1.46,2787.5,7.1304,0.3379,7.89,0,2,0.5599,0.2298,28.537,68.584,40.048,10.9635,0.3516,0
AGB-03,2823.0,65.03,2.3279,0.2257,0.655,3069.6,8.8231,0.3136,8.96,0,2,0.5337,0.2024,28.547,68.609,40.062,14.3513,0.3382,0
AGB-03,2824.0,93.34,2.2438,0.3396,2.138,2047.9,2.0801,0.4009,5.75,0,3,0.86,0.2513,28.557,68.633,40.076,2.8271,0.4419,0
AGB-03,2825.0,102.03,2.2311,0.3542,1.578,1701.5,1.4498,0.3864,4.0,0,3,0.891,0.2782,28.567,68.657,40.091,1.9459,0.4417,0
AGB-03,2826.0,96.99,2.2441,0.3488,1.89,1867.7,1.5193,0.42,5.89,0,3,0.8921,0.2595,28.577,68.682,40.105,2.042,0.45,0
AGB-03,2827.0,97.96,2.2379,0.3394,2.658,1866.3,2.0336,0.394,5.71,0,3,0.8593,0.2524,28.587,68.706,40.119,2.7613,0.4293,0
AGB-03,2828.0,96.27,2.2297,0.3669,2.485,1800.6,1.4556,0.42,4.33,0,3,0.9072,0.2705,28.597,68.73,40.133,1.9541,0.4485,0
AGB-03,2829.0,98.53,2.2873,0.34,2.022,2035.7,2.0952,0.4122,4.96,0,3,0.8853,0.2424,28.607,68.755,40.147,2.8485,0.4418,0
AGB-03,2830.0,92.1,2.2231,0.3481,1.371,2159.8,2.283,0.4012,5.54,0,3,0.8272,0.2566,28.617,68.779,40.161,3.1157,0.4418,0
AGB-03,2831.0,92.31,2.2518,0.3552,1.682,1919.9,1.5093,0.4022,4.67,0,3,0.8609,0.2722,28.628,68.803,40.176,2.0282,0.45,0
AGB-03,2832.0,93.84,2.2721,0.3574,2.862,2036.9,1.6893,0.4068,5.02,0,3,0.8766,0.26,28.638,68.828,40.19,2.2781,0.45,0
AGB-03,2833.0,90.73,2.244,0.3316,1.156,2129.8,2.5898,0.3756,5.18,0,3,0.8098,0.2537,28.648,68.852,40.204,3.5569,0.4304,0
AGB-03,2834.0,94.73,2.272,0.3337,2.279,2004.8,2.2729,0.38,6.43,1,3,0.8548,0.2474,28.658,68.876,40.218,3.1013,0.4328,0
AGB-03,2835.0,84.54,2.2528,0.352,1.127,1994.6,2.2594,0.3951,4.61,0,3,0.8186,0.2611,28.668,68.9,40.232,3.082,0.4318,0
AGB-03,2836.0,101.4,2.2299,0.3567,3.695,1811.1,1.4564,0.42,3.92,0,3,0.9269,0.2644,28.678,68.925,40.247,1.9551,0.4492,0
AGB-03,2837.0,93.63,2.2397,0.3671,1.554,1841.0,1.6344,0.3923,4.82,0,3,0.8641,0.2656,28.688,68.949,40.261,2.2017,0.4442,0
AGB-03,2838.0,99.75,2.2282,0.3883,1.963,1596.6,1.4392,0.3989,4.52,0,3,0.9129,0.2657,28.698,68.973,40.275,1.9314,0.4327,0
AGB-03,2839.0,91.49,2.2403,0.3784,3.747,1620.9,1.449,0.3947,4.08,0,3,0.9214,0.2683,28.708,68.998,40.289,1.9449,0.4349,0
AGB-03,2840.0,88.52,2.272,0.3392,1.247,2178.8,3.0543,0.3946,6.65,0,3,0.8011,0.2436,28.719,69.022,40.303,4.2362,0.4197,0
AGB-03,2841.0,93.0,2.2317,0.3628,1.86,1825.4,1.4585,0.3922,3.99,0,3,0.9059,0.2656,28.729,69.046,40.318,1.9579,0.45,0
AGB-03,2842.0,94.91,2.2101,0.3724,2.563,1587.0,1.427,0.4048,4.34,0,3,0.9399,0.2689,28.739,69.071,40.332,1.9144,0.4318,0
AGB-03,2843.0,92.52,2.255,0.3496,1.385,1941.6,1.92,0.42,5.25,0,3,0.8375,0.2658,28.749,69.095,40.346,2.6008,0.4406,0
AGB-03,2844.0,97.87,2.2421,0.3497,1.755,1847.7,1.7054,0.3993,4.76,0,3,0.8706,0.2604,28.759,69.119,40.36,2.3003,0.4418,0
AGB-03,2845.0,93.38,2.285,0.3327,1.536,2249.8,3.0968,0.3721,6.19,0,3,0.8055,0.2416,28.769,69.143,40.374,4.2986,0.425,0
AGB-03,2846.0,94.41,2.2694,0.3412,3.646,1884.9,1.7323,0.3841,5.12,0,3,0.8786,0.2572,28.779,69.168,40.389,2.3376,0.4442,0
AGB-03,2847.0,99.05,2.2821,0.3396,1.542,1873.6,1.7152,0.3932,4.58,0,3,0.8844,0.256,28.789,69.192,40.403,2.3138,0.4445,0
AGB-03,2848.0,89.66,2.2492,0.3548,2.818,1905.7,2.061,0.4069,4.96,0,3,0.8364,0.2609,28.799,69.216,40.417,2.7994,0.432,0
AGB-03,2849.0,93.64,2.2102,0.3447,1.139,1968.8,1.8986,0.3948,5.32,0,3,0.8358,0.266,28.81,69.241,40.431,2.5703,0.4419,0
AGB-03,2850.0,93.48,2.2109,0.3708,0.917,1865.3,1.6347,0.4185,4.24,0,3,0.8501,0.2703,28.82,69.265,40.445,2.2014,0.445,0
AGB-03,2851.0,92.59,2.2579,0.3358,1.992,2245.2,3.0031,0.3969,5.8,0,3,0.8001,0.2455,28.83,69.289,40.459,4.1592,0.4266,0
AGB-03,2852.0,93.74,2.2832,0.3203,2.201,2018.1,2.14,0.4056,4.85,0,3,0.8893,0.2392,28.84,69.314,40.474,2.9109,0.439,0
AGB-03,2853.0,97.04,2.225,0.3748,1.543,1615.9,1.4396,0.4025,4.01,0,3,0.9159,0.2715,28.85,69.338,40.488,1.931,0.4345,0
AGB-03,2854.0,92.53,2.2114,0.3428,1.194,2003.1,2.0422,0.4134,6.26,0,3,0.8345,0.2615,28.86,69.362,40.502,2.7721,0.4391,0
AGB-03,2855.0,92.6,2.2609,0.3318,1.498,1946.3,2.1177,0.4082,4.6,0,3,0.8611,0.2499,28.87,69.386,40.516,2.8789,0.4336,0
AGB-03,2856.0,90.29,2.2618,0.3457,0.997,1981.4,2.0318,0.3952,4.69,0,3,0.8389,0.2617,28.88,69.411,40.53,2.7572,0.4396,0
AGB-03,2857.0,93.26,2.2765,0.3384,1.184,2132.7,3.0483,0.3925,6.02,0,3,0.8093,0.2408,28.89,69.435,40.545,4.2245,0.4158,0
AGB-03,2858.0,101.73,2.2264,0.378,1.688,1784.5,1.4536,0.42,4.4,0,3,0.8932,0.287,28.901,69.459,40.559,1.9498,0.4475,0
AGB-03,2859.0,91.57,2.2517,0.3297,2.362,1887.6,1.6385,0.4156,5.18,0,3,0.8889,0.2565,28.911,69.484,40.573,2.2057,0.4475,0
AGB-03,2860.0,94.01,2.2534,0.34,1.34,2138.2,2.6604,0.3978,6.63,0,3,0.8213,0.2476,28.921,69.508,40.587,3.656,0.4291,0
AGB-03,2861.0,92.28,2.2657,0.3214,1.679,2088.3,2.4724,0.3952,5.59,0,3,0.8341,0.249,28.931,69.532,40.601,3.3842,0.4321,0
AGB-03,2862.0,98.48,2.2377,0.3511,1.875,1782.3,1.4609,0.42,4.41,0,3,0.9175,0.2654,28.941,69.557,40.616,1.9595,0.4474,0
AGB-03,2863.0,89.47,2.2822,0.314,1.387,2232.3,3.3886,0.3766,6.96,0,3,0.8006,0.2347,28.951,69.581,40.63,4.7291,0.4138,0
AGB-03,2864.0,95.43,2.2423,0.3536,1.527,1924.3,2.0822,0.4019,4.23,0,3,0.8158,0.268,28.961,69.605,40.644,2.827,0.4326,0
AGB-03,2865.0,94.03,2.2345,0.3549,1.175,1823.1,1.4617,0.4152,4.89,0,3,0.8664,0.2722,28.971,69.63,40.658,1.9601,0.4499,0
AGB-03,2866.0,97.57,2.221,0.3607,1.911,1841.5,1.5531,0.42,4.47,0,3,0.8717,0.2656,28.981,69.654,40.672,2.0863,0.4471,0
AGB-03,2867.0,87.12,2.2508,0.311,1.403,2130.8,3.2755,0.3598,5.73,0,3,0.781,0.2438,28.992,69.678,40.687,4.5586,0.4057,0
AGB-03,2868.0,93.01,2.224,0.3556,0.903,1709.4,1.4478,0.4173,4.82,0,3,0.888,0.2725,29.002,69.702,40.701,1.9406,0.4423,0
AGB-03,2869.0,89.56,2.255,0.3523,1.73,2030.8,2.2033,0.4106,5.15,0,3,0.8551,0.2495,29.012,69.727,40.715,2.9974,0.4368,0
AGB-03,2870.0,94.59,2.2473,0.365,2.548,1987.0,1.6338,0.42,5.19,0,3,0.8852,0.2583,29.022,69.751,40.729,2.1975,0.45,0
AGB-03,2871.0,94.86,2.2636,0.3581,3.347,1862.6,1.7706,0.42,5.1,0,3,0.8727,0.258,29.032,69.775,40.743,2.3877,0.441,0
AGB-03,2872.0,90.4,2.2663,0.321,3.549,2136.8,2.9524,0.385,5.23,0,3,0.8165,0.2408,29.042,69.8,40.758,4.0788,0.4194,0
AGB-03,2873.0,84.5,2.2638,0.3339,1.993,2347.5,3.2505,0.3865,5.9,0,3,0.7768,0.248,29.052,69.824,40.772,4.5191,0.4273,0
AGB-03,2874.0,89.53,2.2261,0.3372,1.538,2101.1,2.2844,0.4052,4.83,0,3,0.8104,0.2633,29.062,69.848,40.786,3.1117,0.4381,0
AGB-03,2875.0,93.96,2.2146,0.3721,1.659,1648.8,1.7724,0.395,4.52,0,3,0.819,0.2764,29.072,69.873,40.8,2.3894,0.4187,0
AGB-03,2876.0,91.87,2.2767,0.3377,1.726,2158.6,2.7437,0.3808,5.45,0,3,0.8478,0.2358,29.083,69.897,40.814,3.7724,0.4289,0
AGB-03,2877.0,91.81,2.2221,0.3422,1.91,1799.8,1.7333,0.4046,4.78,0,3,0.8672,0.2602,29.093,69.921,40.828,2.3345,0.4364,0
AGB-03,2878.0,92.21,2.2747,0.346,1.844,1881.4,2.1501,0.3866,5.84,0,3,0.866,0.2473,29.103,69.945,40.843,2.9199,0.4272,0
AGB-03,2879.0,95.45,2.3074,0.3417,2.313,2105.1,2.3505,0.4078,5.32,0,3,0.8947,0.2314,29.113,69.97,40.857,3.2048,0.4389,0
AGB-03,2880.0,92.71,2.2228,0.3399,1.677,1907.8,1.7634,0.4137,5.39,0,3,0.8701,0.2584,29.123,69.994,40.871,2.376,0.4434,0
AGB-03,2881.0,89.97,2.2406,0.3586,0.98,2103.2,2.4172,0.3904,5.55,0,3,0.804,0.2619,29.133,70.018,40.885,3.2997,0.4344,0
AGB-03,2882.0,87.72,2.2122,0.3538,1.168,1860.6,2.0328,0.3766,4.54,0,3,0.8027,0.2738,29.143,70.043,40.899,2.7533,0.428,0
AGB-03,2883.0,92.33,2.2747,0.3519,3.148,1775.7,1.7438,0.4188,5.06,0,3,0.887,0.2537,29.153,70.067,40.914,2.3481,0.4356,0
AGB-03,2884.0,98.19,2.27,0.3497,1.843,1856.5,1.7746,0.4019,5.56,0,3,0.8684,0.2598,29.163,70.091,40.928,2.3908,0.4407,0
AGB-03,2885.0,91.87,2.2264,0.3444,1.954,1976.6,1.4828,0.42,4.06,0,3,0.8886,0.2625,29.174,70.116,40.942,1.9862,0.45,0
AGB-03,2886.0,92.95,2.2811,0.3273,1.8,2041.2,2.5017,0.387,6.4,0,3,0.8432,0.2452,29.184,70.14,40.956,3.4197,0.4279,0
AGB-03,2887.0,95.96,2.2489,0.3217,2.799,2003.8,2.1808,0.3994,5.23,0,3,0.8688,0.2449,29.194,70.164,40.97,2.9613,0.4355,0
AGB-03,2888.0,78.19,2.3096,0.2812,1.431,2768.6,7.0151,0.3219,8.39,0,2,0.6033,0.2192,29.204,70.189,40.985,10.708,0.3565,0
AGB-03,2889.0,79.23,2.2994,0.2857,1.531,2835.0,7.2273,0.322,8.26,0,2,0.5915,0.2185,29.214,70.213,40.999,11.1008,0.358,0
AGB-03,2890.0,69.83,2.2767,0.2627,0.991,2863.8,7.6011,0.3179,8.56,0,2,0.5396,0.2274,29.224,70.237,41.013,11.8089,0.3465,0
AGB-03,2891.0,75.3,2.3333,0.2633,1.542,2956.5,8.2728,0.3004,9.43,0,2,0.5427,0.2139,29.234,70.261,41.027,13.1361,0.3422,0
AGB-03,2892.0,67.13,2.2904,0.2666,1.485,2995.9,8.3087,0.3098,7.86,0,2,0.5171,0.2203,29.244,70.286,41.041,13.2081,0.3428,0
AGB-03,2893.0,71.36,2.3207,0.2659,1.826,2767.5,7.5001,0.2975,7.94,0,2,0.5731,0.2187,29.254,70.31,41.056,11.6123,0.3386,0
AGB-03,2894.0,66.86,2.3266,0.2326,1.741,3214.1,9.8618,0.2968,10.38,0,2,0.4902,0.1946,29.265,70.334,41.07,16.6219,0.3231,0
AGB-03,2895.0,97.08,2.269,0.335,2.303,1836.3,2.0615,0.3952,5.34,0,3,0.8733,0.2474,29.275,70.359,41.084,2.7913,0.4267,0
AGB-03,2896.0,93.31,2.2775,0.3466,1.695,2051.3,2.5525,0.3896,5.48,0,3,0.8229,0.2514,29.285,70.383,41.098,3.4906,0.4268,0
AGB-03,2897.0,90.3,2.2405,0.3572,2.123,1901.5,2.1096,0.3828,5.07,0,3,0.8502,0.254,29.295,70.407,41.112,2.8588,0.4296,0
AGB-03,2898.0,98.25,2.2684,0.3408,1.53,1961.6,2.1315,0.4115,5.21,0,3,0.8689,0.2472,29.305,70.432,41.126,2.8896,0.4348,0
AGB-03,2899.0,85.79,2.2752,0.3219,1.884,2000.4,2.4913,0.3744,5.47,0,3,0.8099,0.2581,29.315,70.456,41.141,3.402,0.4245,0
AGB-03,2900.0,91.11,2.2462,0.3426,1.528,2202.4,2.3749,0.4016,5.56,0,3,0.8465,0.2477,29.325,70.48,41.155,3.2352,0.4426,0
AGB-03,2901.0,89.44,2.2831,0.3132,1.285,2170.2,3.1552,0.3941,5.0,0,3,0.8125,0.2373,29.335,70.504,41.169,4.3689,0.4163,0
AGB-03,2902.0,92.01,2.2928,0.3448,1.414,2207.1,3.2905,0.372,6.06,0,3,0.8024,0.2378,29.345,70.529,41.183,4.5694,0.4155,0
AGB-03,2903.0,85.75,2.2339,0.3269,1.839,2058.8,3.2248,0.3694,4.61,0,3,0.7524,0.2556,29.356,70.553,41.197,4.4716,0.3984,0
AGB-03,2904.0,100.82,2.2331,0.3539,2.05,1790.9,1.4625,0.42,4.87,0,3,0.9341,0.253,29.366,70.577,41.212,1.9562,0.4479,0
AGB-03,2905.0,91.37,2.2632,0.3206,2.081,2172.1,3.0699,0.3906,6.6,0,3,0.8157,0.238,29.376,70.602,41.226,4.2422,0.4186,0
AGB-03,2906.0,95.0,2.2091,0.3573,1.358,1802.6,1.7115,0.405,5.86,0,3,0.8452,0.2694,29.386,70.626,41.24,2.3002,0.4373,0
AGB-03,2907.0,99.77,2.3065,0.3201,1.657,2067.1,2.9231,0.3815,7.01,0,3,0.8352,0.2361,29.396,70.65,41.254,4.0265,0.4157,0
AGB-03,2908.0,96.16,2.2116,0.3572,1.539,1769.9,1.4476,0.4059,3.81,0,3,0.8614,0.2763,29.406,70.675,41.268,1.9355,0.4466,0
AGB-03,2909.0,83.87,2.3422,0.3019,1.563,2435.4,4.5262,0.3737,6.54,0,3,0.7876,0.2124,29.416,70.699,41.283,6.4619,0.4004,0
AGB-03,2910.0,95.3,2.2478,0.3626,1.301,1782.2,1.5675,0.4003,4.01,0,3,0.8765,0.2641,29.426,70.723,41.297,2.1004,0.4433,0
AGB-03,2911.0,92.36,2.2205,0.3524,2.04,1994.5,1.8692,0.4121,6.21,0,3,0.8622,0.2579,29.437,70.747,41.311,2.5195,0.4453,0
AGB-03,2912.0,97.14,2.201,0.3437,2.012,1925.5,2.1499,0.4184,4.34,0,3,0.812,0.2662,29.447,70.772,41.325,2.914,0.4286,0
AGB-03,2913.0,90.56,2.2977,0.3064,3.026,2199.5,3.3833,0.3807,7.16,0,3,0.8453,0.2187,29.457,70.796,41.339,4.7055,0.4118,0
AGB-03,2914.0,87.84,2.2821,0.3152,1.353,2447.1,4.2872,0.3794,6.47,0,3,0.7602,0.2267,29.467,70.82,41.354,6.0851,0.4059,0
AGB-03,2915.0,97.32,2.2429,0.369,1.789,1751.4,1.4667,0.42,5.48,0,3,0.8898,0.2672,29.477,70.845,41.368,1.9612,0.4453,0
AGB-03,2916.0,93.6,2.2176,0.3708,2.167,1928.8,1.7166,0.42,4.85,0,3,0.8554,0.266,29.487,70.869,41.382,2.3064,0.4465,0
AGB-03,2917.0,97.57,2.2308,0.3425,2.65,1851.1,1.8825,0.4121,4.64,0,3,0.8645,0.2564,29.497,70.893,41.396,2.5374,0.4346,0
AGB-03,2918.0,87.05,2.2904,0.3224,1.829,2341.5,3.2006,0.3943,6.75,0,3,0.8166,0.2357,29.507,70.918,41.41,4.4327,0.4296,0
AGB-03,2919.0,93.23,2.2236,0.373,1.66,1796.6,1.6916,0.3989,4.98,0,3,0.8428,0.2716,29.517,70.942,41.425,2.2713,0.4382,0
AGB-03,2920.0,101.43,2.2111,0.3675,2.419,1629.0,1.4375,0.4071,4.86,0,3,0.9156,0.2777,29.528,70.966,41.439,1.9205,0.4357,0
AGB-03,2921.0,89.57,2.2598,0.3328,0.95,2174.0,3.1689,0.384,6.25,0,3,0.8059,0.2388,29.538,70.991,41.453,4.3852,0.4152,0
AGB-03,2922.0,83.47,2.2598,0.3252,0.862,2017.6,2.9923,0.3805,5.13,0,3,0.7706,0.2569,29.548,71.015,41.467,4.125,0.4051,0
AGB-03,2923.0,89.58,2.2463,0.3405,1.83,2057.3,2.8732,0.3996,6.2,0,3,0.8019,0.2483,29.558,71.039,41.481,3.9506,0.4139,0
AGB-03,2924.0,91.27,2.225,0.3235,1.076,2049.3,2.1632,0.4082,4.74,0,3,0.8336,0.2588,29.568,71.063,41.495,2.9311,0.4388,0
AGB-03,2925.0,92.73,2.2532,0.3239,1.714,2070.4,3.0705,0.3746,5.88,1,3,0.7793,0.2512,29.578,71.088,41.51,4.2392,0.4077,0
AGB-03,2926.0,95.02,2.2547,0.3307,1.574,2150.3,2.5161,0.3994,5.56,0,3,0.8311,0.2493,29.588,71.112,41.524,3.4334,0.4352,0
AGB-03,2927.0,95.95,2.2335,0.3284,2.124,1734.5,1.6099,0.406,4.6,0,3,0.8812,0.2602,29.598,71.136,41.538,2.1572,0.4371,0
AGB-03,2928.0,89.61,2.2513,0.3373,1.686,2081.7,2.6095,0.4031,5.17,0,3,0.813,0.2529,29.608,71.161,41.552,3.5672,0.4265,0
AGB-03,2929.0,96.88,2.2342,0.3624,2.824,1814.5,1.8264,0.4025,5.01,0,3,0.8625,0.2594,29.619,71.185,41.566,2.4575,0.4341,0
AGB-03,2930.0,87.62,2.2654,0.3365,2.411,1979.9,1.8661,0.42,4.38,0,3,0.8635,0.259,29.629,71.209,41.581,2.5126,0.4458,0
AGB-03,2931.0,97.5,2.2203,0.342,2.075,1770.9,1.4701,0.409,5.1,0,3,0.9062,0.256,29.639,71.234,41.595,1.9641,0.446,0
AGB-03,2932.0,101.4,2.2427,0.3596,4.311,1717.2,1.4656,0.4073,4.96,0,3,0.9356,0.2671,29.649,71.258,41.609,1.9577,0.4428,0
AGB-03,2933.0,92.9,2.2796,0.3288,3.106,2121.0,2.9913,0.3649,5.22,0,3,0.8282,0.2362,29.659,71.282,41.623,4.1204,0.4174,0
AGB-03,2934.0,72.52,2.327,0.2592,1.888,2739.1,7.1691,0.3174,9.42,0,2,0.6044,0.2164,29.669,71.306,41.637,10.958,0.3483,0
AGB-03,2935.0,75.18,2.3348,0.2742,1.316,2941.6,7.5518,0.3403,8.7,0,2,0.59,0.2156,29.679,71.331,41.652,11.6765,0.3658,0
AGB-03,2936.0,67.72,2.3046,0.272,1.626,3154.7,8.6303,0.3275,8.95,0,2,0.5361,0.2092,29.689,71.355,41.666,13.8252,0.3573,0
AGB-03,2937.0,80.1,2.3369,0.2602,1.294,2710.8,7.0257,0.3196,8.03,0,2,0.6411,0.2064,29.699,71.379,41.68,10.6902,0.3502,0
AGB-03,2938.0,70.63,2.3211,0.2854,1.931,2916.2,7.0388,0.3382,7.71,0,2,0.5935,0.2261,29.71,71.404,41.694,10.7132,0.3773,0
AGB-03,2939.0,66.91,2.2802,0.2991,1.205,2693.4,7.1041,0.3124,8.02,0,2,0.564,0.2298,29.72,71.428,41.708,10.8327,0.338,0
AGB-03,2940.0,72.26,2.3293,0.2466,3.016,2877.2,8.0147,0.3257,9.4,0,2,0.5678,0.2107,29.731,71.452,41.721,12.5698,0.3392,0
AGB-03,2941.0,74.72,2.2805,0.2809,1.371,2693.4,6.7372,0.3198,6.71,0,2,0.5649,0.2395,29.742,71.477,41.735,10.1629,0.3532,0
AGB-03,2942.0,67.57,2.2996,0.279,1.396,2741.8,7.3537,0.3191,8.85,0,2,0.5537,0.2293,29.753,71.501,41.748,11.2946,0.3386,0
AGB-03,2943.0,72.26,2.3316,0.2765,1.127,2692.4,6.6493,0.3473,6.58,0,2,0.6104,0.2276,29.765,71.525,41.761,10.0039,0.3611,0
AGB-03,2944.0,26.7,2.3625,0.1402,2.77,4435.3,13.9619,0.1904,18.22,0,0,0.0325,0.1694,29.776,71.55,41.773,40.3737,0.2255,0
AGB-03,2945.0,30.55,2.3916,0.1537,2.325,4190.9,14.0999,0.1876,17.62,1,0,0.0977,0.1623,29.788,71.574,41.786,37.549,0.2053,0
AGB-03,2946.0,37.63,2.3498,0.1885,1.649,3955.6,13.8396,0.2115,14.6,0,0,0.1567,0.1834,29.8,71.598,41.798,31.592,0.2324,0
AGB-03,2947.0,43.82,2.3485,0.1892,1.221,4064.9,13.9638,0.2395,16.81,0,0,0.1513,0.177,29.812,71.622,41.811,32.9286,0.2399,0
AGB-03,2948.0,36.88,2.3742,0.1832,2.212,4065.3,14.0237,0.197,15.07,0,0,0.1393,0.1763,29.824,71.647,41.823,33.7826,0.2312,0
AGB-03,2949.0,36.05,2.3725,0.1949,1.516,4168.4,14.0878,0.2115,17.34,0,0,0.1028,0.1814,29.836,71.671,41.835,35.1706,0.2367,0
AGB-03,2950.0,92.85,2.2748,0.3264,1.511,2100.5,2.7075,0.3987,6.08,0,3,0.8343,0.2427,29.848,71.695,41.847,3.7041,0.4257,0
AGB-03,2951.0,95.0,2.2618,0.3341,2.381,1946.6,1.8485,0.4184,5.55,0,3,0.9003,0.2454,29.861,71.72,41.859,2.4853,0.4442,0
AGB-03,2952.0,91.59,2.2304,0.3542,1.482,2060.9,2.34,0.399,5.39,0,3,0.823,0.2573,29.873,71.744,41.871,3.1771,0.4338,0
AGB-03,2953.0,94.54,2.2851,0.348,1.499,2047.3,2.1201,0.3922,5.1,0,3,0.8657,0.2501,29.886,71.768,41.882,2.8659,0.4421,0
AGB-03,2954.0,93.66,2.2685,0.3319,1.507,1996.3,2.3173,0.3972,6.04,0,3,0.8546,0.247,29.899,71.793,41.894,3.145,0.4308,0
AGB-03,2955.0,90.49,2.2436,0.3292,1.727,1986.8,2.7071,0.3877,4.94,0,3,0.7908,0.2577,29.911,71.817,41.905,3.7037,0.4132,0
AGB-03,2956.0,98.89,2.221,0.3398,2.475,1809.5,1.4591,0.4128,4.43,0,3,0.9197,0.2598,29.924,71.841,41.917,1.9472,0.4491,0
AGB-03,2957.0,94.09,2.3023,0.3341,2.421,2168.5,2.7467,0.3916,6.44,0,3,0.8536,0.2353,29.937,71.865,41.928,3.7612,0.4309,0
AGB-03,2958.0,98.36,2.2336,0.3423,1.501,1818.7,1.4676,0.4058,5.31,0,3,0.911,0.2585,29.951,71.89,41.939,1.959,0.4497,0
AGB-03,2959.0,98.26,2.2782,0.3512,1.65,1963.9,1.9652,0.417,5.37,0,3,0.8826,0.2486,29.964,71.914,41.95,2.649,0.4416,0
AGB-03,2960.0,92.45,2.2298,0.3515,1.458,1859.5,1.4673,0.4194,4.45,0,3,0.9043,0.2605,29.977,71.938,41.961,1.9589,0.45,0
AGB-03,2961.0,101.11,2.2631,0.342,1.622,1946.2,1.512,0.4157,4.07,0,3,0.9215,0.2501,29.991,71.963,41.972,2.0205,0.45,0
AGB-03,2962.0,92.26,2.2277,0.3632,1.529,1881.6,1.4794,0.42,5.27,0,3,0.8673,0.2712,30.004,71.987,41.983,1.9759,0.45,0
AGB-03,2963.0,81.51,2.2688,0.3101,1.539,2340.7,4.4887,0.3578,5.34,0,3,0.7179,0.2365,30.018,72.011,41.994,6.3915,0.3862,0
AGB-03,2964.0,93.87,2.2377,0.354,1.456,2049.0,2.0921,0.4167,5.78,0,3,0.8701,0.2479,30.031,72.036,42.004,2.8286,0.4417,0
AGB-03,2965.0,91.95,2.2608,0.3486,3.909,2055.7,2.2493,0.3947,4.75,0,3,0.8454,0.2528,30.045,72.06,42.015,3.0511,0.4375,0
AGB-03,2966.0,87.62,2.2629,0.3205,1.268,2167.6,2.9679,0.3977,5.51,0,3,0.8187,0.2404,30.059,72.084,42.025,4.0865,0.4219,0
AGB-03,2967.0,93.25,2.2552,0.3625,2.115,1856.2,1.6374,0.42,4.14,0,3,0.87,0.2646,30.073,72.108,42.036,2.1948,0.4459,0
AGB-03,2968.0,95.09,2.216,0.3781,2.677,1661.5,1.4439,0.3963,5.15,0,3,0.903,0.2708,30.087,72.133,42.046,1.9285,0.4385,0
AGB-03,2969.0,96.32,2.2109,0.36,2.389,1864.1,1.4573,0.4073,4.58,0,3,0.8748,0.2687,30.101,72.157,42.056,1.9471,0.45,0
AGB-03,2970.0,99.0,2.2842,0.3243,1.395,1967.9,2.6184,0.3749,5.55,0,3,0.8508,0.2388,30.115,72.181,42.066,3.581,0.4167,0
AGB-03,2971.0,92.53,2.2644,0.3209,2.131,2087.1,2.5987,0.3885,5.31,0,3,0.8343,0.2457,30.129,72.206,42.076,3.5532,0.4278,0
AGB-03,2972.0,90.46,2.2201,0.3721,1.79,1872.5,1.7195,0.4093,4.54,0,3,0.8469,0.2694,30.144,72.23,42.086,2.3102,0.4427,0
AGB-03,2973.0,96.52,2.2031,0.3587,2.787,1737.1,1.4404,0.4039,4.37,0,3,0.897,0.2798,30.158,72.254,42.096,1.9251,0.4443,0
AGB-03,2974.0,88.01,2.2845,0.3111,1.121,2261.9,3.3753,0.3857,5.33,0,3,0.7742,0.2466,30.173,72.279,42.106,4.6941,0.4175,0
AGB-03,2975.0,99.16,2.2452,0.3483,3.466,1785.3,1.47,0.4103,4.66,0,3,0.928,0.2561,30.187,72.303,42.116,1.9663,0.4476,0
AGB-03,2976.0,95.71,2.2504,0.3437,2.112,1775.1,1.788,0.4182,5.63,0,3,0.8663,0.2598,30.202,72.327,42.125,2.4069,0.4328,0
AGB-03,2977.0,93.51,2.2467,0.3509,1.947,1877.1,2.0157,0.3913,5.05,0,3,0.8719,0.2495,30.216,72.352,42.135,2.7262,0.4316,0
AGB-03,2978.0,84.38,2.2748,0.3293,1.733,2144.5,3.5414,0.3551,6.77,0,3,0.7598,0.246,30.231,72.376,42.145,4.9463,0.3983,0
AGB-03,2979.0,89.13,2.2633,0.3241,1.941,2296.9,3.1137,0.3776,6.31,0,3,0.7973,0.2447,30.246,72.4,42.154,4.3092,0.4277,0
AGB-03,2980.0,94.38,2.3031,0.3409,1.762,2180.3,3.0119,0.4054,5.24,0,3,0.8461,0.23,30.261,72.424,42.163,4.16,0.423,0
AGB-03,2981.0,97.85,2.303,0.3115,1.943,2021.1,2.511,0.4025,5.58,0,3,0.8697,0.2359,30.276,72.449,42.173,3.4325,0.4267,0
AGB-03,2982.0,98.63,2.235,0.3501,2.535,1709.0,1.4568,0.42,4.66,0,3,0.9121,0.2626,30.291,72.473,42.182,1.9502,0.4422,0
AGB-03,2983.0,101.17,2.2517,0.35,2.631,1701.3,1.4666,0.4033,4.96,0,3,0.9181,0.2567,30.306,72.497,42.191,1.964,0.4416,0
AGB-03,2984.0,94.82,2.2472,0.3574,2.4,2176.4,2.2427,0.4125,4.98,0,3,0.8396,0.255,30.321,72.522,42.2,3.0503,0.445,0
AGB-03,2985.0,92.96,2.2351,0.3287,4.282,2087.6,2.316,0.4043,5.24,0,3,0.8325,0.2546,30.337,72.546,42.209,3.1552,0.4365,0
AGB-03,2986.0,96.97,2.2682,0.3306,1.448,2179.4,2.6382,0.3842,6.26,0,3,0.8421,0.2418,30.352,72.57,42.218,3.6186,0.4337,0
AGB-03,2987.0,93.56,2.2659,0.3462,1.446,1948.6,2.3034,0.38,5.04,0,3,0.8324,0.2555,30.367,72.595,42.227,3.138,0.4267,0
AGB-03,2988.0,94.01,2.2274,0.342,2.544,1849.8,1.4599,0.42,6.19,0,3,0.9326,0.259,30.383,72.619,42.236,1.9561,0.45,0
AGB-03,2989.0,93.41,2.2584,0.3292,2.727,2113.5,2.3554,0.3961,5.1,0,3,0.8418,0.2506,30.398,72.643,42.245,3.2129,0.4377,0
AGB-03,2990.0,86.62,2.299,0.3018,1.592,2261.3,3.693,0.3897,6.18,0,3,0.7995,0.228,30.414,72.667,42.253,5.1845,0.4071,0
AGB-03,2991.0,100.15,2.2526,0.3468,2.339,1789.2,1.5924,0.4,5.15,0,3,0.9071,0.2516,30.43,72.692,42.262,2.1397,0.4427,0
AGB-03,2992.0,95.36,2.2428,0.3525,1.832,1962.0,1.8109,0.42,5.12,0,3,0.8823,0.2531,30.445,72.716,42.271,2.4439,0.4457,0
AGB-03,2993.0,96.61,2.2565,0.3377,2.145,1746.7,1.4713,0.417,4.82,0,3,0.9279,0.2543,30.461,72.74,42.279,1.9727,0.445,0
AGB-03,2994.0,104.23,2.2401,0.3675,3.299,1529.9,1.442,0.4078,4.41,0,3,0.98,0.2772,30.477,72.765,42.288,1.9323,0.4258,0
AGB-03,2995.0,97.83,2.28,0.3235,1.681,2048.6,2.4911,0.3862,6.71,0,3,0.8788,0.2323,30.493,72.789,42.296,3.4092,0.4288,0
AGB-03,2996.0,96.84,2.2641,0.3234,1.582,2067.5,2.5237,0.3903,5.37,0,3,0.8371,0.2468,30.509,72.813,42.304,3.4564,0.4286,0
AGB-03,2997.0,98.95,2.2586,0.3564,1.682,2083.3,1.9446,0.3992,5.31,0,3,0.8488,0.2619,30.525,72.838,42.312,2.6321,0.4489,0
AGB-03,2998.0,87.93,2.2636,0.3335,2.034,1943.5,2.0091,0.4097,4.42,0,3,0.8745,0.2494,30.541,72.862,42.321,2.723,0.4377,0
AGB-03,2999.0,97.83,2.2742,0.3454,4.252,1972.7,2.1118,0.3974,6.26,0,3,0.8993,0.2367,30.557,72.886,42.329,2.8682,0.4364,0
AGB-03,3000.0,98.51,2.2615,0.3438,2.41,1908.4,1.8008,0.4124,5.33,0,3,0.888,0.2516,30.574,72.91,42.337,2.4307,0.4431,0
AGB-03,3001.0,108.86,2.2252,0.3588,2.498,1814.1,1.4554,0.4039,5.13,0,3,0.9497,0.2657,30.59,72.935,42.345,1.9512,0.4494,0
AGB-03,3002.0,91.1,2.27,0.3192,1.727,1949.8,2.2829,0.3859,6.51,1,3,0.8567,0.247,30.606,72.959,42.353,3.1113,0.4278,0
AGB-03,3003.0,87.51,2.2615,0.327,1.092,1950.6,2.2628,0.4026,5.39,0,3,0.8214,0.261,30.623,72.983,42.361,3.0826,0.4283,0
AGB-03,3004.0,95.96,2.2483,0.3562,1.899,1856.8,1.7522,0.411,5.1,0,3,0.8643,0.2621,30.639,73.008,42.368,2.3627,0.4409,0
AGB-03,3005.0,93.57,2.2469,0.3354,1.778,1916.9,1.5129,0.42,3.97,0,3,0.8916,0.261,30.656,73.032,42.376,2.0303,0.45,0
AGB-03,3006.0,51.79,2.3601,0.2076,2.065,3665.3,12.8371,0.2267,14.24,0,1,0.2856,0.1835,30.673,73.056,42.384,26.0254,0.2578,0
AGB-03,3007.0,41.17,2.3642,0.1819,1.421,3938.6,13.5291,0.2398,14.57,0,1,0.229,0.1762,30.689,73.081,42.391,29.8712,0.2617,0
AGB-03,3008.0,35.6,2.3454,0.1831,2.103,4087.9,13.7824,0.2393,13.81,0,1,0.1721,0.1798,30.706,73.105,42.399,32.0334,0.26,0
AGB-03,3009.0,48.66,2.34,0.2211,1.897,3451.5,11.8123,0.2579,10.98,0,1,0.3385,0.1974,30.723,73.129,42.406,22.0925,0.2744,0
AGB-03,3010.0,55.93,2.3751,0.1897,2.205,3705.8,12.8522,0.2459,15.32,0,1,0.3109,0.1769,30.74,73.154,42.414,26.0721,0.2705,0
AGB-03,3011.0,52.94,2.3691,0.1835,1.111,3777.6,13.1439,0.2335,13.46,0,1,0.2703,0.1793,30.757,73.178,42.421,27.4921,0.2625,0
AGB-03,3012.0,50.36,2.3453,0.2364,1.266,3686.1,12.6723,0.25,13.05,0,1,0.2853,0.1913,30.774,73.202,42.429,25.2671,0.2742,0
AGB-03,3013.0,46.84,2.3329,0.2239,1.084,3594.6,12.4047,0.2364,10.49,0,1,0.2869,0.1978,30.791,73.226,42.436,24.1797,0.2689,0
AGB-03,3014.0,40.52,2.3798,0.194,1.808,3854.9,13.3225,0.2315,13.99,0,1,0.2479,0.1823,30.808,73.251,42.443,28.4537,0.2675,0
AGB-03,3015.0,44.1,2.3604,0.1875,1.633,3897.0,13.4778,0.2087,13.18,0,1,0.2146,0.1843,30.825,73.275,42.45,29.4113,0.2581,0
AGB-03,3016.0,41.47,2.353,0.1853,2.712,4089.8,13.7786,0.2522,17.23,0,1,0.1847,0.1784,30.842,73.299,42.457,31.8118,0.2654,0
AGB-03,3017.0,32.77,2.3762,0.1542,1.938,4183.1,13.9985,0.2183,17.65,0,1,0.1434,0.1673,30.859,73.324,42.464,35.2493,0.2405,0
AGB-03,3018.0,46.86,2.3265,0.2078,1.534,3607.4,12.7115,0.2199,13.6,0,1,0.2679,0.1908,30.877,73.348,42.471,25.3808,0.2468,0
AGB-03,3019.0,38.14,2.3905,0.1776,1.423,3930.8,13.6834,0.2328,14.43,0,1,0.2012,0.1797,30.894,73.372,42.478,30.8636,0.2485,0
AGB-03,3020.0,41.99,2.3464,0.2054,1.718,3781.9,13.3057,0.2002,13.28,0,1,0.2399,0.1796,30.912,73.397,42.485,28.2686,0.2441,0
AGB-03,3021.0,44.97,2.3755,0.1932,2.391,3807.3,13.4576,0.2058,15.29,0,1,0.2395,0.1749,30.929,73.421,42.492,29.1744,0.2408,0
AGB-03,3022.0,45.11,2.3669,0.2017,1.683,3905.5,13.3058,0.2597,17.23,0,1,0.2492,0.1845,30.947,73.445,42.498,28.2356,0.2801,0
AGB-03,3023.0,98.0,2.2474,0.3265,1.576,2010.4,2.0822,0.408,5.68,0,3,0.8531,0.255,30.964,73.469,42.505,2.8205,0.4396,0
AGB-03,3024.0,90.34,2.2816,0.306,2.059,2214.8,3.4784,0.3766,6.25,0,3,0.7939,0.2357,30.982,73.494,42.512,4.8514,0.4091,0
AGB-03,3025.0,92.51,2.2947,0.3241,1.809,2125.0,2.8589,0.3897,5.58,0,3,0.8415,0.2361,31.0,73.518,42.518,3.934,0.423,0
AGB-03,3026.0,98.45,2.2896,0.3143,3.518,2153.5,2.7136,0.4126,6.27,0,3,0.871,0.2292,31.018,73.542,42.525,3.722,0.4302,0
AGB-03,3027.0,91.55,2.2382,0.3611,1.68,1900.7,1.8712,0.4195,4.6,0,3,0.8249,0.2729,31.036,73.567,42.531,2.5225,0.4392,0
AGB-03,3028.0,102.28,2.2631,0.33,3.368,1848.7,1.6078,0.4169,5.18,0,3,0.9084,0.2512,31.053,73.591,42.538,2.156,0.4467,0
AGB-03,3029.0,94.51,2.2536,0.3348,1.705,2028.3,2.3933,0.4062,5.81,0,3,0.8395,0.25,31.071,73.615,42.544,3.2594,0.4299,0
AGB-03,3030.0,96.45,2.2697,0.3488,3.893,1727.4,1.4824,0.411,4.74,0,3,0.9393,0.2463,31.089,73.64,42.55,1.9823,0.4436,0
AGB-03,3031.0,100.37,2.2735,0.3405,1.474,1927.9,1.7373,0.42,5.92,0,3,0.9217,0.2417,31.108,73.664,42.556,2.3344,0.4472,0
AGB-03,3032.0,92.23,2.2578,0.3382,1.409,2067.0,1.9794,0.42,5.33,0,3,0.86,0.2566,31.126,73.688,42.563,2.672,0.4471,0
AGB-03,3033.0,90.35,2.2649,0.3087,2.064,2267.5,3.1088,0.389,6.51,0,3,0.8197,0.2365,31.144,73.713,42.569,4.2947,0.4257,0
AGB-03,3034.0,97.85,2.2168,0.3499,2.541,1736.2,1.4503,0.4063,4.86,0,3,0.909,0.2676,31.162,73.737,42.575,1.9369,0.4442,0
AGB-03,3035.0,95.03,2.2415,0.3514,4.435,1840.3,1.6679,0.4096,4.87,0,3,0.9017,0.2509,31.18,73.761,42.581,2.2367,0.4432,0
AGB-03,3036.0,91.59,2.2556,0.341,1.304,2014.1,2.0429,0.4156,4.86,0,3,0.8539,0.2565,31.199,73.785,42.587,2.7594,0.4416,0
AGB-03,3037.0,88.72,2.2802,0.3176,2.652,2191.4,3.0242,0.3872,5.9,0,3,0.8147,0.2413,31.217,73.81,42.593,4.1674,0.4228,0
AGB-03,3038.0,94.5,2.2742,0.3363,1.505,2154.5,2.7877,0.4038,6.34,0,3,0.8523,0.2337,31.236,73.834,42.598,3.8218,0.4274,0
AGB-03,3039.0,92.06,2.294,0.3238,1.33,2120.9,2.9138,0.4009,6.14,0,3,0.8367,0.2364,31.254,73.858,42.604,4.0045,0.4209,0
AGB-03,3040.0,92.76,2.2644,0.3361,1.871,2030.5,2.1397,0.42,4.45,0,3,0.8364,0.2603,31.273,73.883,42.61,2.8938,0.4397,0
AGB-03,3041.0,96.0,2.2402,0.3277,1.628,1981.0,1.9937,0.4108,5.88,0,3,0.8449,0.2612,31.291,73.907,42.616,2.6881,0.4406,0
AGB-03,3042.0,84.55,2.2859,0.2969,1.822,2271.4,3.9604,0.3588,8.48,0,3,0.7706,0.2317,31.31,73.931,42.621,5.5657,0.3985,0
AGB-03,3043.0,97.34,2.2637,0.3695,2.674,2159.7,1.9778,0.4075,4.73,0,3,0.8672,0.2544,31.329,73.956,42.627,2.6649,0.45,0
AGB-03,3044.0,95.87,2.2766,0.3551,3.094,2039.4,1.8966,0.42,5.19,0,3,0.8485,0.2646,31.348,73.98,42.632,2.551,0.4487,0
AGB-03,3045.0,93.22,2.2387,0.3468,1.759,1753.2,1.9037,0.415,5.24,0,3,0.8611,0.2574,31.367,74.004,42.638,2.5605,0.4249,0
AGB-03,3046.0,93.44,2.2468,0.356,2.134,1757.8,1.4736,0.42,4.35,0,3,0.9193,0.2641,31.385,74.028,42.643,1.9652,0.4457,0
AGB-03,3047.0,100.52,2.2623,0.3715,2.303,1895.8,1.5996,0.4199,5.88,0,3,0.9118,0.2505,31.404,74.053,42.648,2.1381,0.45,0
AGB-03,3048.0,94.24,2.284,0.3156,2.863,1938.9,2.0964,0.3935,5.86,0,3,0.8779,0.2462,31.423,74.077,42.654,2.8293,0.4352,0
AGB-03,3049.0,95.95,2.2864,0.3111,1.626,2053.4,2.4496,0.4096,5.23,0,3,0.8415,0.2489,31.442,74.101,42.659,3.329,0.4314,0
AGB-03,3050.0,95.04,2.2776,0.3623,1.299,1845.0,2.0142,0.415,5.5,0,3,0.8783,0.2484,31.462,74.126,42.664,2.7131,0.4303,0
AGB-03,3051.0,100.43,2.2978,0.3427,2.09,1981.8,2.5589,0.3858,7.59,0,3,0.8856,0.2284,31.481,74.15,42.669,3.4844,0.4214,0
AGB-03,3052.0,90.46,2.2998,0.3279,1.091,1842.8,2.0539,0.397,6.0,0,3,0.8926,0.2422,31.5,74.174,42.674,2.768,0.4292,0
AGB-03,3053.0,86.35,2.2571,0.3293,2.244,2078.8,2.4787,0.3944,5.17,0,3,0.8222,0.2545,31.519,74.199,42.679,3.3688,0.4314,0
AGB-03,3054.0,98.3,2.2399,0.3617,1.799,1764.8,1.4712,0.42,6.56,0,3,0.9075,0.26,31.539,74.223,42.684,1.9598,0.4462,0
AGB-03,3055.0,89.19,2.2187,0.3565,2.229,2000.0,2.4718,0.3924,4.78,0,3,0.7955,0.2634,31.558,74.247,42.689,3.358,0.4234,0
AGB-03,3056.0,98.19,2.2543,0.3449,1.738,1922.1,1.554,0.3982,4.51,0,3,0.9036,0.2554,31.577,74.271,42.694,2.073,0.45,0
AGB-03,3057.0,94.99,2.2177,0.3383,1.465,2107.4,2.0728,0.4167,5.81,0,3,0.8684,0.2493,31.597,74.296,42.699,2.7929,0.4456,0
AGB-03,3058.0,94.19,2.2519,0.3733,1.804,1708.2,1.5068,0.4091,5.78,0,3,0.8976,0.259,31.616,74.32,42.704,2.0078,0.4407,0
AGB-03,3059.0,96.79,2.2488,0.3482,2.891,1834.9,1.482,0.4125,5.6,0,3,0.9172,0.2562,31.636,74.344,42.708,1.9736,0.45,0
AGB-03,3060.0,92.21,2.2065,0.3613,1.229,1783.0,1.5139,0.4065,4.96,0,3,0.8515,0.2755,31.656,74.369,42.713,2.0172,0.4447,0
AGB-03,3061.0,101.48,2.2876,0.3418,2.228,2021.5,2.0344,0.4192,6.59,0,3,0.9077,0.2374,31.675,74.393,42.718,2.7382,0.4435,0
AGB-03,3062.0,92.74,2.2884,0.3098,2.057,2123.7,3.1369,0.3843,6.36,0,3,0.835,0.2304,31.695,74.417,42.722,4.3182,0.4131,0
AGB-03,3063.0,91.9,2.2697,0.3283,2.27,2075.9,2.0929,0.4022,5.73,0,3,0.8706,0.2493,31.715,74.442,42.727,2.8199,0.4446,0
AGB-03,3064.0,88.27,2.2775,0.3137,1.721,2056.9,2.9754,0.3989,6.54,0,3,0.8032,0.2467,31.735,74.466,42.731,4.0815,0.4118,0
AGB-03,3065.0,98.52,2.2601,0.3415,3.63,1836.8,1.7643,0.4034,5.49,0,3,0.8994,0.249,31.755,74.49,42.736,2.3616,0.4397,0
AGB-03,3066.0,92.63,2.2457,0.3741,2.604,1806.0,1.5208,0.42,5.02,0,3,0.87,0.2692,31.775,74.515,42.74,2.026,0.4472,0
AGB-03,3067.0,92.82,2.2543,0.3336,1.789,2180.0,2.6502,0.3845,5.1,0,3,0.8196,0.2504,31.795,74.539,42.744,3.6104,0.4334,0
AGB-03,3068.0,90.97,2.2832,0.3597,2.624,2152.0,2.464,0.42,6.72,0,3,0.8647,0.2399,31.815,74.563,42.748,3.344,0.4382,0
AGB-03,3069.0,92.34,2.2721,0.3199,2.176,2037.9,2.8934,0.3821,9.17,0,3,0.8391,0.2352,31.835,74.587,42.753,3.9615,0.4127,0
AGB-03,3070.0,96.08,2.2904,0.3243,1.546,2117.5,2.5406,0.4,6.01,0,3,0.8554,0.2411,31.855,74.612,42.757,3.4533,0.4336,0
AGB-03,3071.0,92.67,2.2402,0.341,1.472,1972.9,2.7067,0.3793,5.85,0,3,0.8263,0.2445,31.875,74.636,42.761,3.6916,0.4118,0
AGB-03,3072.0,98.43,2.3145,0.3117,2.686,2152.1,3.0539,0.4001,6.53,0,3,0.8745,0.2189,31.895,74.66,42.765,4.1956,0.4201,0
AGB-03,3073.0,93.82,2.2594,0.345,2.129,2023.4,2.5101,0.386,5.81,0,3,0.8265,0.2518,31.916,74.685,42.769,3.41,0.4258,0
AGB-03,3074.0,93.03,2.2307,0.3601,1.637,1955.0,1.9518,0.4134,4.72,0,3,0.8455,0.2624,31.936,74.709,42.773,2.6222,0.4402,0
AGB-03,3075.0,96.96,2.2493,0.3257,1.783,2144.6,2.7139,0.3923,6.49,0,3,0.8335,0.2427,31.956,74.733,42.777,3.7027,0.4284,0
AGB-03,3076.0,98.23,2.2235,0.3718,2.097,1676.6,1.4554,0.4074,5.56,0,3,0.9376,0.2779,31.977,74.758,42.781,1.9367,0.4397,0
AGB-03,3077.0,97.41,2.2629,0.3147,1.694,2057.2,2.6251,0.3802,6.94,0,3,0.8642,0.2338,31.997,74.782,42.784,3.5755,0.4246,0
AGB-03,3078.0,94.15,2.2707,0.3334,2.354,2251.2,2.8146,0.4078,6.61,0,3,0.8246,0.2442,32.018,74.806,42.788,3.8489,0.434,0
AGB-03,3079.0,97.72,2.2342,0.3556,1.647,1819.2,1.4717,0.4065,4.17,0,3,0.8986,0.2696,32.039,74.83,42.792,1.9596,0.4497,0
AGB-03,3080.0,98.01,2.2392,0.3124,1.808,2027.8,2.695,0.3727,6.53,0,3,0.8222,0.2467,32.059,74.855,42.795,3.6769,0.4181,0
AGB-03,3081.0,91.19,2.2498,0.3326,1.163,1997.3,2.1077,0.4144,5.2,0,3,0.8603,0.2519,32.08,74.879,42.799,2.8419,0.4381,0
AGB-03,3082.0,91.96,2.2326,0.344,1.989,2077.3,2.2447,0.42,5.37,0,3,0.848,0.2516,32.101,74.903,42.803,3.0354,0.4385,0
AGB-03,3083.0,98.6,2.2647,0.3298,2.449,1954.0,2.1306,0.4147,5.33,0,3,0.8775,0.2447,32.122,74.928,42.806,2.8749,0.4345,0
AGB-03,3084.0,97.24,2.2921,0.3474,2.502,1977.6,2.0498,0.3947,6.07,0,3,0.9079,0.2368,32.142,74.952,42.81,2.7617,0.4401,0
AGB-03,3085.0,96.39,2.2197,0.3624,1.365,1878.7,1.4648,0.4156,4.56,0,3,0.8463,0.2811,32.163,74.976,42.813,1.9515,0.45,0
AGB-03,3086.0,97.52,2.2348,0.3595,2.062,1831.8,1.4717,0.4168,4.32,0,3,0.9352,0.2662,32.184,75.001,42.816,1.9611,0.45,0
AGB-03,3087.0,100.75,2.2556,0.3579,3.33,1809.5,1.4834,0.42,5.87,0,3,0.916,0.2579,32.205,75.025,42.82,1.9775,0.4491,0
AGB-03,3088.0,95.9,2.2641,0.3276,1.369,1840.7,1.8857,0.4123,5.17,0,3,0.8629,0.2586,32.226,75.049,42.823,2.5339,0.435,0
AGB-03,3089.0,91.99,2.3011,0.3195,1.897,2107.3,2.437,0.42,5.76,0,3,0.8822,0.2344,32.248,75.074,42.826,3.3115,0.4364,0
AGB-03,3090.0,101.44,2.2411,0.3667,2.287,1860.0,1.5433,0.4152,5.74,0,3,0.9256,0.2468,32.269,75.098,42.829,2.0607,0.4495,0
AGB-03,3091.0,95.34,2.3111,0.3153,3.493,2266.9,3.4841,0.3668,6.89,0,3,0.8109,0.231,32.29,75.122,42.832,4.8415,0.4159,0
AGB-03,3092.0,85.76,2.2591,0.2988,1.262,2328.7,3.462,0.397,5.36,0,3,0.7895,0.2381,32.311,75.146,42.835,4.8093,0.4198,0
AGB-03,3093.0,96.95,2.2024,0.3871,1.764,1795.8,1.4473,0.4104,4.64,0,3,0.8994,0.2766,32.332,75.171,42.838,1.9297,0.4482,0
AGB-03,3094.0,90.42,2.2672,0.3209,1.373,2143.9,2.5387,0.3924,6.29,0,3,0.8448,0.2444,32.354,75.195,42.841,3.4597,0.4346,0
AGB-03,3095.0,95.37,2.3012,0.3039,2.362,2127.7,3.0099,0.3944,6.25,0,3,0.8455,0.2305,32.375,75.219,42.844,4.1431,0.4185,0
AGB-03,3096.0,94.82,2.2398,0.3327,1.774,1770.6,1.6478,0.4066,5.31,0,3,0.904,0.2507,32.397,75.244,42.847,2.2069,0.4387,0
AGB-03,3097.0,95.5,2.2775,0.3424,1.925,1974.3,1.8739,0.4148,5.19,0,3,0.8768,0.2544,32.418,75.268,42.85,2.5211,0.4455,0
AGB-03,3098.0,96.14,2.2723,0.3251,2.019,2039.1,2.5457,0.3888,5.79,0,3,0.8517,0.2412,32.44,75.292,42.853,3.4722,0.426,0
AGB-03,3099.0,102.13,2.2489,0.3652,3.811,1762.6,1.4734,0.3994,4.56,0,3,0.9507,0.263,32.461,75.317,42.855,1.9675,0.4461,0
AGB-03,3100.0,97.33,2.2748,0.3334,1.111,2153.5,2.419,0.42,6.73,0,3,0.8715,0.2382,32.483,75.341,42.858,3.292,0.4392,0
AGB-03,3101.0,100.06,2.1853,0.3652,1.754,1832.0,1.4366,0.42,4.56,0,3,0.8898,0.2838,32.505,75.365,42.86,1.9176,0.45,0
AGB-03,3102.0,88.03,2.2336,0.3349,2.082,1917.9,2.0167,0.4026,5.0,0,3,0.8218,0.2689,32.526,75.389,42.863,2.7232,0.4347,0
AGB-03,3103.0,90.97,2.2804,0.3259,1.443,2020.0,2.7889,0.3784,5.06,0,3,0.8348,0.24,32.548,75.414,42.866,3.8262,0.415,0
AGB-03,3104.0,102.95,2.2489,0.3396,1.949,2096.4,2.1543,0.42,4.48,0,3,0.8545,0.2525,32.57,75.438,42.868,2.9178,0.443,0
AGB-03,3105.0,95.26,2.2705,0.3354,3.431,1934.9,1.9692,0.3877,5.33,0,3,0.8622,0.2562,32.592,75.462,42.87,2.6577,0.4391,0
AGB-03,3106.0,33.29,2.3855,0.147,2.391,4349.5,14.0004,0.2159,21.75,0,0,0.097,0.1565,32.614,75.487,42.873,39.2139,0.2253,0
AGB-03,3107.0,36.4,2.372,0.162,2.463,4168.3,14.0482,0.2008,19.53,0,0,0.146,0.1656,32.636,75.511,42.875,35.2194,0.2357,0
AGB-03,3108.0,19.69,2.3895,0.1439,1.865,4517.0,13.5733,0.185,25.13,0,0,0.0263,0.1526,32.658,75.535,42.877,43.4462,0.2077,0
AGB-03,3109.0,28.76,2.3788,0.1641,1.963,4336.7,14.0006,0.2074,20.6,0,0,0.0809,0.1626,32.68,75.56,42.88,39.0302,0.2227,0
AGB-03,3110.0,31.53,2.376,0.1759,1.53,4341.1,14.0538,0.2348,16.49,0,0,0.1058,0.1692,32.702,75.584,42.882,37.39,0.2489,0
AGB-03,3111.0,28.1,2.3743,0.1262,2.366,4414.2,13.8799,0.1784,18.63,0,0,0.048,0.1623,32.724,75.608,42.884,40.7087,0.2168,0
AGB-03,3112.0,22.32,2.37,0.1484,1.676,4303.3,13.9332,0.1738,19.4,0,0,0.0309,0.1669,32.747,75.632,42.886,40.0084,0.1893,0
AGB-03,3113.0,23.17,2.3882,0.1604,2.007,4282.7,13.9957,0.1862,16.03,0,0,0.0589,0.1698,32.769,75.657,42.888,38.9476,0.2093,0
AGB-03,3114.0,24.08,2.3794,0.1499,2.508,4412.6,13.9355,0.2012,17.74,0,0,0.0393,0.1745,32.791,75.681,42.89,39.9216,0.2306,0
AGB-03,3115.0,36.26,2.4372,0.1307,1.821,4238.4,14.0355,0.1921,19.05,0,0,0.1165,0.1648,32.814,75.705,42.892,37.8026,0.2294,0
AGB-03,3116.0,26.78,2.4147,0.1357,2.542,4312.7,13.8371,0.1589,18.34,0,0,0.0388,0.1611,32.836,75.73,42.894,41.0864,0.1862,0
AGB-03,3117.0,41.4,2.3976,0.167,1.853,4034.3,13.9471,0.207,20.15,0,0,0.1765,0.1687,32.858,75.754,42.896,33.4525,0.2338,0
AGB-03,3118.0,34.36,2.3792,0.1769,1.873,4122.2,14.0314,0.1799,15.46,0,0,0.0997,0.1813,32.881,75.778,42.897,35.2688,0.2227,0
AGB-03,3119.0,24.17,2.4069,0.1402,3.961,4479.1,13.6255,0.1743,24.54,0,0,0.0486,0.1498,32.903,75.803,42.899,42.9296,0.2095,0
AGB-03,3120.0,29.47,2.3847,0.1607,2.213,4468.9,13.601,0.1776,23.05,0,0,0.02,0.1538,32.926,75.827,42.901,43.1113,0.1953,0
AGB-03,3121.0,27.19,2.3946,0.1331,2.236,4438.1,13.6883,0.1702,22.69,0,0,0.0377,0.1535,32.949,75.851,42.902,42.4462,0.2,0
AGB-03,3122.0,40.15,2.3786,0.1936,1.585,4004.6,13.8051,0.2207,16.86,0,0,0.1737,0.1835,32.971,75.876,42.904,31.7468,0.2507,0
AGB-03,3123.0,36.47,2.3661,0.1685,1.648,4048.4,13.9149,0.2228,16.09,0,0,0.1655,0.1742,32.994,75.9,42.906,32.975,0.2387,0
AGB-03,3124.0,35.77,2.3662,0.1429,2.022,4221.3,14.0516,0.2083,16.44,1,0,0.1187,0.1611,33.017,75.924,42.907,36.8661,0.2212,0
AGB-03,3125.0,25.15,2.382,0.1613,1.973,4501.0,13.8486,0.2105,23.3,0,0,0.0628,0.1604,33.04,75.948,42.909,41.0071,0.2391,0
AGB-03,3126.0,33.52,2.4202,0.1378,3.633,4261.7,14.0299,0.2256,17.17,0,0,0.1295,0.1551,33.063,75.973,42.91,38.141,0.2262,0
AGB-03,3127.0,21.46,2.3921,0.162,1.979,4464.0,13.7548,0.1966,20.86,0,0,0.0337,0.1618,33.086,75.997,42.911,41.9536,0.2167,0
AGB-03,3128.0,27.6,2.379,0.1587,2.446,4237.9,14.0448,0.1952,18.18,0,0,0.0786,0.1703,33.109,76.021,42.913,37.7493,0.214,0
AGB-03,3129.0,35.02,2.3744,0.1682,2.035,4085.5,13.9654,0.2062,16.21,0,0,0.1549,0.1752,33.132,76.046,42.914,33.5738,0.2409,0
AGB-03,3130.0,27.43,2.3943,0.1618,1.923,4274.7,14.0287,0.1988,20.58,0,0,0.0868,0.1651,33.155,76.07,42.915,38.4329,0.218,0
AGB-03,3131.0,35.13,2.3408,0.1875,2.07,4104.5,14.004,0.2026,16.28,0,0,0.1088,0.1827,33.178,76.094,42.916,34.148,0.2276,0
AGB-03,3132.0,26.62,2.3563,0.164,1.466,4212.0,14.0599,0.1656,18.49,0,0,0.0689,0.1698,33.201,76.119,42.917,37.5963,0.2006,0
AGB-03,3133.0,32.93,2.3841,0.1595,1.973,4391.4,13.9676,0.2056,19.69,0,0,0.0691,0.1639,33.224,76.143,42.919,39.7863,0.228,0
AGB-03,3134.0,28.72,2.3754,0.1436,2.603,4306.4,14.0682,0.2124,16.78,0,0,0.1111,0.164,33.248,76.167,42.92,37.5168,0.2378,0
AGB-03,3135.0,28.99,2.3792,0.1532,2.264,4279.6,14.0241,0.1877,19.65,0,0,0.0603,0.1676,33.271,76.191,42.921,38.933,0.2057,0
AGB-03,3136.0,40.17,2.3879,0.1771,1.473,4011.6,13.9971,0.1961,14.54,0,0,0.1561,0.1705,33.294,76.216,42.921,33.746,0.2183,0
AGB-03,3137.0,44.14,2.3529,0.1923,1.722,4064.9,13.8521,0.2624,15.78,0,0,0.177,0.1801,33.318,76.24,42.922,31.89,0.2582,0
AGB-03,3138.0,43.65,2.4057,0.1767,2.08,4087.9,13.9931,0.222,14.08,0,0,0.1852,0.1683,33.341,76.264,42.923,33.5687,0.2489,0
AGB-03,3139.0,27.11,2.4039,0.1634,2.088,4338.4,13.9702,0.1889,21.68,0,0,0.0651,0.162,33.365,76.289,42.924,40.1008,0.2117,0
AGB-03,3140.0,30.59,2.4167,0.1419,1.302,4344.6,13.9504,0.1729,21.4,0,0,0.0798,0.1557,33.388,76.313,42.925,40.4182,0.2119,0
AGB-03,3141.0,33.85,2.3265,0.18,1.688,4103.6,14.0466,0.1846,15.26,0,0,0.1063,0.1795,33.412,76.337,42.925,34.3084,0.2202,0
AGB-03,3142.0,27.81,2.3799,0.1591,2.443,4608.3,13.6613,0.222,19.66,1,0,0.02,0.162,33.435,76.362,42.926,43.182,0.2359,0
AGB-03,3143.0,39.68,2.3921,0.1823,2.066,4197.6,14.1124,0.2239,19.84,0,0,0.1347,0.1621,33.459,76.386,42.927,36.4476,0.2284,0
AGB-03,3144.0,40.53,2.3875,0.1581,2.085,4161.9,14.0729,0.2346,15.49,0,0,0.172,0.1639,33.483,76.41,42.927,34.6103,0.2477,0
AGB-03,3145.0,34.04,2.371,0.1601,2.046,4266.3,14.1083,0.2015,16.57,0,0,0.0533,0.1801,33.507,76.435,42.928,37.8082,0.2198,0
AGB-03,3146.0,33.46,2.4024,0.1538,2.623,4424.8,14.0696,0.2321,19.08,0,0,0.1126,0.1595,33.531,76.459,42.928,39.0005,0.2526,0
AGB-03,3147.0,21.65,2.4147,0.128,2.67,4609.1,13.4047,0.1892,30.0,0,0,0.02,0.1439,33.554,76.483,42.929,45.0,0.2077,0
AGB-03,3148.0,27.85,2.3733,0.1539,2.192,4345.8,13.9786,0.1834,21.97,0,0,0.0329,0.1645,33.578,76.507,42.929,40.5484,0.1958,0
AGB-03,3149.0,31.71,2.3731,0.191,1.449,4224.2,14.1177,0.2255,14.75,0,0,0.131,0.1742,33.602,76.532,42.929,35.2676,0.2503,0
AGB-03,3150.0,34.36,2.4276,0.1522,2.764,4251.0,14.1074,0.1695,21.45,0,0,0.1208,0.1548,33.626,76.556,42.93,38.5479,0.2178,0
AGB-03,3151.0,38.9,2.3535,0.1584,1.636,4120.3,14.0762,0.2173,15.36,0,0,0.1269,0.1792,33.65,76.58,42.93,34.1049,0.2364,0
AGB-03,3152.0,31.32,2.4222,0.1305,2.068,4332.3,13.937,0.186,23.33,1,0,0.0672,0.1518,33.674,76.605,42.93,41.231,0.1937,0
AGB-03,3153.0,38.28,2.3604,0.1806,1.689,4114.2,14.0838,0.2085,16.87,0,0,0.1475,0.172,33.699,76.629,42.93,34.106,0.2364,0
AGB-03,3154.0,22.98,2.3947,0.15,1.84,4419.6,13.9052,0.2011,18.95,0,0,0.0499,0.156,33.723,76.653,42.93,41.6441,0.2084,0
AGB-03,3155.0,34.13,2.3523,0.1918,2.492,4123.8,14.0516,0.2191,16.58,0,0,0.1639,0.1717,33.747,76.678,42.93,33.4592,0.248,0
AGB-03,3156.0,31.9,2.3747,0.169,2.364,4238.6,14.1674,0.2039,17.1,0,0,0.1118,0.1692,33.771,76.702,42.93,36.5872,0.2336,0
AGB-03,3157.0,29.57,2.3689,0.1759,1.692,4229.1,14.1702,0.195,15.47,0,0,0.0897,0.1715,33.796,76.726,42.93,37.0352,0.2214,0
AGB-03,3158.0,32.86,2.3704,0.14,1.903,4316.0,14.1608,0.2226,19.13,0,0,0.1002,0.1642,33.82,76.75,42.93,37.8944,0.2332,0
AGB-03,3159.0,28.84,2.4047,0.1361,2.075,4421.9,13.8015,0.1597,24.67,0,0,0.0228,0.1566,33.845,76.775,42.93,42.7407,0.1918,0
AGB-03,3160.0,36.42,2.3604,0.161,3.5,4196.9,14.1811,0.1888,17.46,0,0,0.0882,0.1685,33.869,76.799,42.93,37.0201,0.2083,0
AGB-03,3161.0,20.6,2.3729,0.1588,2.135,4374.8,13.9847,0.1619,17.57,0,0,0.0301,0.1615,33.894,76.823,42.93,41.1239,0.195,0
AGB-03,3162.0,29.46,2.4217,0.1323,3.09,4587.0,13.5468,0.2221,19.6,0,0,0.041,0.1466,33.918,76.848,42.93,44.5735,0.2209,0
AGB-03,3163.0,27.76,2.3713,0.1428,1.842,4427.2,13.9988,0.2012,23.02,0,0,0.0666,0.1522,33.943,76.872,42.929,41.0339,0.2145,0
AGB-03,3164.0,25.3,2.3835,0.1493,1.79,4319.9,14.1265,0.194,18.2,0,0,0.04,0.1754,33.967,76.896,42.929,39.2857,0.2142,0
AGB-03,3165.0,34.04,2.3664,0.1685,2.325,4309.6,14.1768,0.249,16.25,0,0,0.1317,0.1752,33.992,76.921,42.928,35.4313,0.2666,0
AGB-03,3166.0,39.67,2.3802,0.1671,3.469,4084.7,14.1756,0.1883,17.71,0,0,0.1115,0.1736,34.017,76.945,42.928,35.3296,0.2089,0
AGB-03,3167.0,25.69,2.3879,0.1406,2.153,4450.2,13.9382,0.1821,26.28,0,0,0.0529,0.1546,34.042,76.969,42.928,41.7644,0.2143,0
AGB-03,3168.0,37.02,2.3882,0.1782,2.166,4121.2,14.1609,0.2048,14.95,0,0,0.1524,0.1673,34.067,76.993,42.927,34.8096,0.2332,0
AGB-03,3169.0,27.8,2.3817,0.1581,5.334,4252.4,14.1893,0.191,20.49,0,0,0.0898,0.1658,34.091,77.018,42.926,37.9159,0.2165,0
AGB-03,3170.0,28.35,2.3833,0.1466,1.626,4470.1,14.0407,0.207,20.11,0,0,0.0614,0.1622,34.116,77.042,42.926,40.7228,0.2354,0
AGB-03,3171.0,37.9,2.4078,0.1396,2.117,4320.3,14.1464,0.1912,20.71,1,0,0.1007,0.1576,34.141,77.066,42.925,39.1506,0.2236,0
AGB-03,3172.0,32.75,2.3935,0.1418,3.039,4414.2,14.1302,0.2179,18.11,0,0,0.0977,0.1588,34.166,77.091,42.924,39.4721,0.2414,0
AGB-03,3173.0,39.16,2.3603,0.1826,2.109,4237.9,14.1994,0.213,21.4,0,0,0.1309,0.166,34.191,77.115,42.924,35.9594,0.2401,0
AGB-03,3174.0,27.23,2.3702,0.1549,2.178,4309.1,14.1493,0.1718,19.05,0,0,0.0867,0.156,34.217,77.139,42.923,39.122,0.2095,0
AGB-03,3175.0,27.77,2.3921,0.1656,2.437,4275.2,14.1596,0.1924,21.64,0,0,0.0876,0.1595,34.242,77.164,42.922,38.8918,0.209,0
AGB-03,3176.0,30.17,2.3697,0.1619,2.254,4273.9,14.1976,0.194,19.5,1,0,0.0852,0.1693,34.267,77.188,42.921,37.6942,0.2239,0
AGB-03,3177.0,24.32,2.3638,0.1583,2.113,4312.7,14.1296,0.1798,19.66,0,0,0.02,0.1769,34.292,77.212,42.92,39.4717,0.2019,0
AGB-03,3178.0,35.24,2.3938,0.1439,1.496,4249.0,14.2014,0.2089,19.48,0,0,0.1183,0.1629,34.317,77.237,42.919,37.3152,0.2294,0
AGB-03,3179.0,33.41,2.398,0.1499,2.464,4160.4,14.2025,0.1645,18.77,0,0,0.1304,0.1617,34.343,77.261,42.918,36.5052,0.2172,0
AGB-03,3180.0,30.12,2.4176,0.1547,2.333,4420.1,14.0742,0.2296,19.13,0,0,0.0878,0.1592,34.368,77.285,42.917,40.264,0.2372,0
AGB-03,3181.0,32.21,2.3887,0.1616,1.602,4296.2,14.1932,0.2049,20.23,0,0,0.0994,0.1693,34.394,77.309,42.916,37.5914,0.2371,0
AGB-03,3182.0,36.76,2.3838,0.1807,2.005,3941.9,13.9133,0.2069,14.27,0,0,0.1619,0.1875,34.419,77.334,42.915,31.5617,0.2375,0
AGB-03,3183.0,28.98,2.3926,0.1607,2.132,4179.9,14.1916,0.1875,20.86,0,0,0.1091,0.1602,34.445,77.358,42.913,37.4264,0.2041,0
AGB-03,3184.0,38.23,2.3829,0.1944,2.338,4053.1,14.0537,0.2117,16.23,0,0,0.1695,0.1739,34.47,77.382,42.912,33.115,0.2417,0
AGB-03,3185.0,30.2,2.3884,0.1479,3.048,4455.0,14.102,0.2475,14.97,0,0,0.0835,0.1638,34.496,77.407,42.911,39.6656,0.2478,0
AGB-03,3186.0,30.41,2.3672,0.1634,3.069,4171.6,14.1871,0.1931,18.71,0,0,0.091,0.1683,34.522,77.431,42.909,36.8721,0.2043,0
AGB-03,3187.0,33.22,2.3698,0.175,1.87,4184.8,14.1822,0.1854,13.73,1,0,0.0734,0.1736,34.547,77.455,42.908,37.1305,0.2046,0
AGB-03,3188.0,27.84,2.3906,0.1594,1.474,4411.0,14.0908,0.206,19.17,0,0,0.073,0.1658,34.573,77.48,42.907,39.663,0.237,0
AGB-03,3189.0,37.8,2.4093,0.1616,2.534,4316.8,14.1667,0.2342,21.89,1,0,0.1415,0.1563,34.599,77.504,42.905,37.7012,0.2458,0
AGB-03,3190.0,41.0,2.3447,0.1963,1.744,4062.8,13.9874,0.2334,15.84,0,0,0.1554,0.1802,34.625,77.528,42.904,32.5451,0.2451,0
AGB-03,3191.0,28.88,2.3958,0.1619,1.527,4408.4,13.9081,0.1785,20.95,0,0,0.02,0.1661,34.651,77.552,42.902,41.705,0.2037,0
AGB-03,3192.0,33.83,2.3981,0.1718,1.453,4230.3,14.1607,0.2067,17.03,0,0,0.1107,0.1665,34.676,77.577,42.9,37.203,0.2268,0
AGB-03,3193.0,101.86,2.2759,0.3386,2.825,1807.4,1.8023,0.4153,5.21,0,3,0.9025,0.2467,34.702,77.601,42.899,2.4167,0.4362,0
AGB-03,3194.0,91.17,2.2872,0.2983,1.688,2360.2,4.142,0.3701,6.17,0,3,0.7576,0.2326,34.728,77.625,42.897,5.8361,0.4024,0
AGB-03,3195.0,91.36,2.2785,0.3342,2.434,1806.2,1.5709,0.3972,4.43,0,3,0.8828,0.2631,34.755,77.65,42.895,2.0979,0.4459,0
AGB-03,3196.0,105.18,2.2408,0.3608,2.761,1811.7,1.4736,0.42,4.57,0,3,0.919,0.2631,34.781,77.674,42.893,1.9647,0.4492,0
AGB-03,3197.0,101.38,2.2515,0.3528,2.214,1899.4,1.6145,0.4066,5.79,0,3,0.8953,0.2561,34.807,77.698,42.892,2.1588,0.4495,0
AGB-03,3198.0,87.27,2.2394,0.3191,1.943,2115.8,2.8757,0.3854,6.17,0,3,0.8085,0.2466,34.833,77.723,42.89,3.945,0.4195,0
AGB-03,3199.0,95.95,2.2413,0.3231,1.796,2013.3,2.2446,0.4069,4.77,0,3,0.838,0.2554,34.859,77.747,42.888,3.0404,0.4339,0
AGB-03,3200.0,91.1,2.2469,0.3329,2.715,1928.1,1.7824,0.42,5.19,0,3,0.8726,0.2584,34.886,77.771,42.886,2.3928,0.445,0
AGB-03,3201.0,92.72,2.2494,0.3534,2.325,1725.8,1.6166,0.4034,5.38,0,3,0.8971,0.2547,34.912,77.796,42.884,2.1639,0.4367,0
AGB-03,3202.0,96.43,2.2455,0.3336,1.773,2015.0,2.5081,0.3831,5.15,0,3,0.815,0.2555,34.938,77.82,42.882,3.4181,0.4242,0
AGB-03,3203.0,86.48,2.2973,0.3074,2.117,2209.2,3.0745,0.3729,5.6,0,3,0.8193,0.2389,34.965,77.844,42.879,4.2412,0.4234,0
AGB-03,3204.0,105.85,2.2458,0.3643,2.431,1706.1,1.4669,0.3996,4.98,0,3,0.9516,0.2565,34.991,77.868,42.877,1.9593,0.442,0
AGB-03,3205.0,93.24,2.2637,0.3192,2.191,2087.4,1.9789,0.3791,6.01,0,3,0.8878,0.2463,35.018,77.893,42.875,2.6706,0.4485,0
AGB-03,3206.0,92.95,2.2261,0.3343,1.419,1887.0,1.9978,0.4056,5.78,0,3,0.8453,0.2601,35.044,77.917,42.873,2.6979,0.4326,0
AGB-03,3207.0,96.18,2.243,0.3428,2.419,1881.4,1.9727,0.397,4.81,0,3,0.8492,0.2601,35.071,77.941,42.87,2.6634,0.4338,0
AGB-03,3208.0,90.93,2.2954,0.3034,1.555,2536.8,4.5238,0.3733,6.43,0,3,0.7599,0.2225,35.098,77.966,42.868,6.4568,0.4081,0
AGB-03,3209.0,99.78,2.2585,0.3545,1.716,1814.7,1.4802,0.42,4.49,0,3,0.9282,0.2611,35.124,77.99,42.866,1.9804,0.4494,0
AGB-03,3210.0,94.42,2.2284,0.3481,1.333,1929.6,1.7266,0.4029,5.26,0,3,0.8543,0.2668,35.151,78.014,42.863,2.3219,0.4465,0
AGB-03,3211.0,99.34,2.2405,0.3729,3.901,1626.9,1.4542,0.4026,5.71,0,3,0.9602,0.2559,35.178,78.039,42.861,1.9458,0.4355,0
AGB-03,3212.0,94.5,2.2989,0.3451,1.941,2077.7,2.8244,0.3801,6.65,0,3,0.8375,0.2387,35.205,78.063,42.858,3.8863,0.42,0
AGB-03,3213.0,95.18,2.291,0.3288,1.52,2041.9,2.6872,0.392,5.86,0,3,0.8357,0.2432,35.231,78.087,42.856,3.6881,0.4214,0
AGB-03,3214.0,95.79,2.2479,0.3243,1.789,2040.2,2.2578,0.4003,5.39,0,3,0.8697,0.2427,35.258,78.111,42.853,3.0725,0.4354,0
AGB-03,3215.0,93.5,2.2531,0.3477,1.302,1888.8,1.6326,0.411,5.92,0,3,0.9024,0.2524,35.285,78.136,42.85,2.1948,0.4479,0
AGB-03,3216.0,93.08,2.2428,0.3302,1.772,2077.7,2.3006,0.4021,4.8,1,3,0.8593,0.2452,35.312,78.16,42.848,3.1356,0.4365,0
AGB-03,3217.0,94.49,2.2521,0.3276,2.243,1966.3,1.811,0.4038,5.53,0,3,0.8906,0.2503,35.339,78.184,42.845,2.4448,0.4462,0
AGB-03,3218.0,89.88,2.3252,0.3067,1.278,2249.9,3.7805,0.3682,5.37,0,3,0.7924,0.2295,35.366,78.209,42.842,5.3223,0.404,0
AGB-03,3219.0,94.19,2.232,0.3461,1.389,2023.1,2.1996,0.402,4.41,0,3,0.8358,0.2571,35.394,78.233,42.839,2.9946,0.4356,0
AGB-03,3220.0,93.34,2.2662,0.3492,1.278,1850.9,2.0749,0.3997,6.32,0,3,0.8662,0.2501,35.421,78.257,42.836,2.8186,0.4271,0
AGB-03,3221.0,88.1,2.2774,0.3196,2.235,2270.9,3.3709,0.3817,5.12,0,3,0.8032,0.2353,35.448,78.282,42.834,4.7075,0.4177,0
AGB-03,3222.0,95.25,2.2587,0.3362,1.167,1958.1,1.835,0.42,5.89,0,3,0.8868,0.251,35.475,78.306,42.831,2.4823,0.4449,0
AGB-03,3223.0,96.53,2.2426,0.3642,1.749,1811.3,1.4638,0.4135,4.72,0,3,0.8784,0.2815,35.503,78.33,42.828,1.9663,0.4492,0
AGB-03,3224.0,101.5,2.1858,0.3704,3.287,1481.2,1.3993,0.3692,4.28,0,3,0.9343,0.2828,35.53,78.354,42.824,1.8779,0.42,0
AGB-03,3225.0,106.82,2.2855,0.3273,2.359,1884.3,1.4943,0.397,6.92,0,3,0.9557,0.2422,35.557,78.379,42.821,2.0097,0.45,0
AGB-03,3226.0,92.25,2.2904,0.3158,1.554,2174.8,3.319,0.358,6.55,0,3,0.8043,0.2362,35.585,78.403,42.818,4.6371,0.4106,0
AGB-03,3227.0,92.02,2.2981,0.3186,1.742,2171.4,3.0762,0.3804,5.75,0,3,0.829,0.2342,35.612,78.427,42.815,4.2767,0.4193,0
AGB-03,3228.0,98.21,2.2512,0.3448,2.136,1942.9,1.7977,0.4008,5.06,0,3,0.8914,0.2502,35.64,78.452,42.812,2.4344,0.445,0
AGB-03,3229.0,91.48,2.2875,0.3358,2.353,2054.6,2.3249,0.3877,4.56,0,3,0.8337,0.2553,35.668,78.476,42.808,3.1831,0.4351,0
AGB-03,3230.0,100.19,2.2717,0.348,1.977,2128.6,2.5154,0.3957,5.4,0,3,0.8585,0.2393,35.695,78.5,42.805,3.4587,0.4336,0
AGB-03,3231.0,96.52,2.2864,0.3181,1.441,2340.5,3.3181,0.3821,6.81,0,3,0.8141,0.233,35.723,78.525,42.802,4.6429,0.4253,0
AGB-03,3232.0,90.17,2.2775,0.306,1.866,2396.4,3.6743,0.3825,5.95,0,3,0.7737,0.2382,35.751,78.549,42.798,5.1838,0.4188,0
AGB-03,3233.0,84.69,2.2825,0.303,1.676,2322.9,3.9151,0.3648,6.48,0,3,0.7814,0.2281,35.778,78.573,42.795,5.5556,0.4043,0
AGB-03,3234.0,102.16,2.2785,0.343,1.725,2054.4,1.8329,0.42,5.04,0,3,0.9135,0.2414,35.806,78.598,42.791,2.4878,0.45,0
AGB-03,3235.0,93.14,2.2492,0.3348,1.088,1933.9,1.9283,0.4091,5.13,0,3,0.8565,0.2586,35.834,78.622,42.788,2.623,0.4393,0
AGB-03,3236.0,95.33,2.2172,0.3677,1.698,1795.6,1.4417,0.413,4.47,0,3,0.8873,0.2757,35.862,78.646,42.784,1.9426,0.4482,0
AGB-03,3237.0,93.45,2.2445,0.3697,2.576,1893.7,1.702,0.4046,4.78,0,3,0.8732,0.2603,35.89,78.67,42.781,2.3059,0.445,0
AGB-03,3238.0,93.93,2.2583,0.3173,2.327,2223.8,2.6961,0.4051,6.07,0,3,0.8348,0.2423,35.918,78.695,42.777,3.7288,0.4341,0
AGB-03,3239.0,99.67,2.2454,0.3426,2.505,1803.4,1.4591,0.42,4.32,0,3,0.9112,0.2669,35.946,78.719,42.773,1.968,0.4487,0
AGB-03,3240.0,90.39,2.2923,0.3345,1.485,2132.8,2.4544,0.3822,5.29,0,3,0.8512,0.2445,35.974,78.743,42.769,3.3787,0.4364,0
AGB-03,3241.0,93.47,2.2297,0.3416,2.018,1795.4,1.4481,0.3979,4.69,0,3,0.9002,0.2673,36.002,78.768,42.766,1.9536,0.4482,0
AGB-03,3242.0,102.75,2.2727,0.337,4.231,1962.8,1.4841,0.4098,4.94,0,3,0.9232,0.2533,36.03,78.792,42.762,2.0039,0.45,0
AGB-03,3243.0,48.14,2.384,0.1838,1.928,3921.6,13.282,0.2436,14.46,0,1,0.2522,0.1766,36.058,78.816,42.758,29.1888,0.2723,0
AGB-03,3244.0,42.14,2.3811,0.1776,1.808,3977.6,13.3566,0.2512,11.71,0,1,0.2319,0.1807,36.087,78.841,42.754,29.7334,0.2762,0
AGB-03,3245.0,58.16,2.3466,0.2114,2.048,3557.2,12.1751,0.2368,12.35,0,1,0.3276,0.1868,36.115,78.865,42.75,23.8135,0.269,0
AGB-03,3246.0,42.92,2.3636,0.1825,1.359,4063.8,13.6089,0.2096,17.14,1,1,0.1953,0.1729,36.143,78.889,42.746,32.0206,0.2582,0
AGB-03,3247.0,45.49,2.3994,0.1674,1.964,4048.7,13.7318,0.2226,19.28,0,1,0.1798,0.1645,36.172,78.913,42.742,33.8155,0.232,0
AGB-03,3248.0,49.03,2.3854,0.1887,2.052,3831.9,13.1881,0.2476,13.87,0,1,0.2593,0.1757,36.2,78.938,42.738,28.6651,0.2593,0
AGB-03,3249.0,50.51,2.3416,0.2038,1.298,3775.6,12.9023,0.2458,14.35,0,1,0.2672,0.1821,36.229,78.962,42.733,27.052,0.2641,0
AGB-03,3250.0,50.06,2.3759,0.2217,1.665,3818.3,12.9026,0.254,14.06,0,1,0.2838,0.1816,36.257,78.986,42.729,27.0623,0.2805,0
AGB-03,3251.0,98.32,2.2606,0.3402,1.553,1804.2,1.5938,0.413,4.86,0,3,0.9025,0.2533,36.286,79.011,42.725,2.159,0.4434,0
AGB-03,3252.0,92.18,2.2676,0.326,2.492,1946.9,2.2979,0.3838,6.05,0,3,0.8653,0.2426,36.314,79.035,42.721,3.1578,0.4261,0
AGB-03,3253.0,92.09,2.2906,0.3179,2.677,2123.2,3.1838,0.3693,6.03,0,3,0.7992,0.2414,36.343,79.059,42.716,4.4592,0.4096,0
AGB-03,3254.0,91.16,2.2776,0.3489,1.57,2020.3,2.066,0.4011,4.73,0,3,0.8598,0.2534,36.372,79.084,42.712,2.8257,0.4411,0
AGB-03,3255.0,94.97,2.2609,0.3416,3.026,1850.8,2.1084,0.3897,5.91,0,3,0.8751,0.2448,36.4,79.108,42.708,2.8863,0.4248,0
AGB-03,3256.0,104.61,2.2635,0.3588,3.251,1710.2,1.4617,0.4142,4.6,0,3,0.9113,0.2571,36.429,79.132,42.703,1.9751,0.4423,0
AGB-03,3257.0,93.62,2.2652,0.3373,1.265,2043.4,2.6549,0.3818,6.72,0,3,0.8298,0.2448,36.458,79.156,42.698,3.6761,0.4208,0
AGB-03,3258.0,90.4,2.2641,0.3302,2.003,2098.5,2.549,0.3747,5.99,0,3,0.8448,0.2427,36.487,79.181,42.694,3.5215,0.4295,0
AGB-03,3259.0,94.92,2.2666,0.357,1.994,1842.7,1.7262,0.4054,5.43,0,3,0.9091,0.2459,36.516,79.205,42.689,2.3447,0.4409,0
AGB-03,3260.0,87.97,2.2827,0.3466,1.196,2099.9,2.903,0.3889,5.54,0,3,0.7981,0.25,36.545,79.229,42.685,4.0407,0.4175,0
AGB-03,3261.0,106.84,2.2224,0.3446,2.123,1669.2,1.433,0.4136,5.25,0,3,0.9758,0.256,36.574,79.254,42.68,1.9349,0.4391,0
AGB-03,3262.0,93.39,2.2197,0.3522,3.447,1870.9,1.5749,0.4025,4.45,0,3,0.8828,0.2607,36.603,79.278,42.675,2.1324,0.4476,0
AGB-03,3263.0,92.74,2.2703,0.3135,2.573,2094.7,2.3335,0.39,5.97,0,3,0.8733,0.239,36.632,79.302,42.67,3.2083,0.4369,0
AGB-03,3264.0,81.3,2.2845,0.3239,1.305,2217.4,3.0975,0.4057,5.75,0,3,0.8038,0.2425,36.661,79.327,42.666,4.3282,0.4216,0
AGB-03,3265.0,92.98,2.2437,0.3238,1.967,2180.1,2.9751,0.4082,6.86,0,3,0.8247,0.2365,36.69,79.351,42.661,4.1457,0.4207,0
AGB-03,3266.0,88.63,2.2394,0.3477,1.847,1963.9,2.2072,0.3853,4.7,0,3,0.8222,0.2615,36.719,79.375,42.656,3.0256,0.4302,0
AGB-03,3267.0,95.62,2.2397,0.3202,1.798,2153.4,2.2101,0.4149,4.91,0,3,0.852,0.2506,36.749,79.4,42.651,3.0294,0.4438,0
AGB-03,3268.0,93.34,2.2842,0.3335,3.177,2009.3,2.8704,0.3655,4.44,0,3,0.813,0.2449,36.778,79.424,42.646,3.9891,0.4094,0
AGB-03,3269.0,98.23,2.259,0.3426,2.145,1798.2,1.6203,0.4074,5.13,0,3,0.9194,0.2457,36.807,79.448,42.641,2.1939,0.4419,0
AGB-03,3270.0,90.5,2.2799,0.3413,1.373,2062.3,2.4919,0.3871,5.43,0,3,0.8321,0.2499,36.837,79.472,42.636,3.4341,0.4293,0
AGB-03,3271.0,92.87,2.198,0.3588,2.18,1772.6,1.4267,0.42,5.51,0,3,0.8798,0.2689,36.866,79.497,42.631,1.9238,0.4467,0
AGB-03,3272.0,102.51,2.2337,0.3758,2.335,1682.9,1.4431,0.4085,4.96,0,3,0.9219,0.2754,36.896,79.521,42.625,1.9463,0.4402,0
AGB-03,3273.0,93.31,2.2477,0.3378,1.383,2139.4,2.1346,0.4092,5.38,0,3,0.8381,0.2588,36.925,79.545,42.62,2.9185,0.4456,0
AGB-03,3274.0,98.38,2.2097,0.3629,2.675,1743.4,1.4329,0.4104,4.27,0,3,0.9062,0.2744,36.955,79.57,42.615,1.9315,0.4447,0
AGB-03,3275.0,99.06,2.2349,0.3672,2.158,1739.3,1.4488,0.4187,4.32,0,3,0.8884,0.2653,36.984,79.594,42.61,1.953,0.4445,0
AGB-03,3276.0,101.51,2.2475,0.3466,3.587,1698.3,1.454,0.4155,5.05,0,3,0.98,0.2572,37.014,79.618,42.604,1.9599,0.4414,0
AGB-03,3277.0,93.54,2.2822,0.3023,1.929,2027.3,2.6606,0.3905,5.59,0,3,0.8369,0.2426,37.044,79.643,42.599,3.6748,0.42,0
AGB-03,3278.0,96.08,2.285,0.3132,2.94,2188.9,2.6758,0.4168,5.58,0,3,0.8544,0.2362,37.074,79.667,42.593,3.6962,0.4333,0
AGB-03,3279.0,97.03,2.2525,0.3542,2.064,1838.5,1.543,0.42,5.06,0,3,0.8809,0.2636,37.103,79.691,42.588,2.0822,0.4479,0
AGB-03,3280.0,89.61,2.268,0.2867,1.536,2387.7,4.2149,0.3904,6.35,0,3,0.7563,0.2289,37.133,79.715,42.582,6.0229,0.4002,0
AGB-03,3281.0,96.87,2.2066,0.3542,1.557,1776.2,1.4351,0.4065,5.02,0,3,0.9187,0.2847,37.163,79.74,42.577,1.9317,0.447,0
AGB-03,3282.0,98.9,2.2081,0.3571,2.55,1578.3,1.4208,0.3948,4.64,0,3,0.9058,0.2847,37.193,79.764,42.571,1.9116,0.4309,0
AGB-03,3283.0,34.48,2.3539,0.1646,1.604,4314.8,13.8467,0.2061,17.86,0,0,0.0824,0.1652,37.223,79.788,42.565,38.1383,0.2243,0
AGB-03,3284.0,38.8,2.3326,0.1698,1.718,3988.4,13.6655,0.2196,12.95,1,0,0.1476,0.1851,37.253,79.813,42.56,31.7861,0.2343,0
AGB-03,3285.0,27.87,2.3766,0.1399,3.424,4314.5,13.8449,0.2029,19.6,0,0,0.0863,0.1639,37.283,79.837,42.554,38.481,0.2246,0
AGB-03,3286.0,24.97,2.3725,0.1649,2.717,4464.0,13.7775,0.2169,15.91,1,0,0.0748,0.1637,37.313,79.861,42.548,39.7558,0.2451,0
AGB-03,3287.0,28.16,2.3675,0.1652,1.5,4375.4,13.8641,0.2093,18.7,0,0,0.0719,0.1733,37.343,79.886,42.542,38.3066,0.2422,0
AGB-03,3288.0,32.96,2.3884,0.1573,2.193,4208.6,13.9068,0.1863,19.12,0,0,0.1197,0.1645,37.373,79.91,42.536,36.7343,0.2258,0
AGB-03,3289.0,31.9,2.3756,0.1378,2.152,4341.7,13.8351,0.2016,21.01,0,0,0.0728,0.1639,37.404,79.934,42.531,39.1299,0.2216,0
AGB-03,3290.0,25.34,2.3876,0.1572,2.713,4514.9,13.4186,0.1959,21.86,0,0,0.02,0.1554,37.434,79.959,42.525,43.3072,0.2087,0
AGB-03,3291.0,24.14,2.3953,0.1271,4.364,4431.6,13.4916,0.1819,20.82,0,0,0.02,0.1551,37.464,79.983,42.519,42.8295,0.1904,0
AGB-03,3292.0,22.53,2.4038,0.1328,1.208,4679.5,13.2126,0.2215,25.01,1,0,0.02,0.1556,37.495,80.007,42.513,44.6798,0.2397,0
AGB-03,3293.0,27.0,2.3726,0.1474,1.403,4242.6,13.8869,0.1695,16.36,0,0,0.0659,0.1651,37.525,80.031,42.506,38.5392,0.1978,0
AGB-03,3294.0,30.57,2.4139,0.1587,2.506,4352.4,13.8302,0.2055,18.31,0,0,0.0762,0.1645,37.555,80.056,42.5,39.6411,0.2268,0
AGB-03,3295.0,28.2,2.3651,0.1494,1.895,4151.0,13.9264,0.1922,15.72,0,0,0.1117,0.1764,37.586,80.08,42.494,35.202,0.2291,0
AGB-03,3296.0,28.43,2.3663,0.1627,1.421,4321.2,13.9388,0.2105,19.88,0,0,0.0946,0.1714,37.616,80.104,42.488,37.2925,0.243,0
AGB-03,3297.0,32.57,2.3917,0.143,2.657,4324.6,13.7825,0.1633,25.48,0,0,0.0535,0.1587,37.647,80.129,42.482,40.4494,0.1961,0
AGB-03,3298.0,24.84,2.4198,0.1632,3.439,4546.4,13.2515,0.1797,25.91,0,0,0.0249,0.1482,37.678,80.153,42.475,44.6369,0.2066,0
AGB-03,3299.0,26.16,2.3675,0.1507,2.891,4308.4,13.8687,0.1782,17.28,0,0,0.0431,0.1688,37.708,80.177,42.469,39.3789,0.2035,0
AGB-03,3300.0,23.51,2.3764,0.1143,2.654,4442.8,13.5686,0.1609,23.92,0,0,0.02,0.155,37.739,80.202,42.462,42.5826,0.1928,0
AGB-03,3301.0,29.89,2.3463,0.1595,1.944,4303.3,13.9614,0.2085,16.02,0,0,0.0868,0.1728,37.77,80.226,42.456,37.0363,0.2373,0
AGB-03,3302.0,31.93,2.394,0.1669,1.844,4131.1,13.9674,0.1967,17.93,0,0,0.1004,0.1716,37.801,80.25,42.45,36.3436,0.209,0
AGB-03,3303.0,35.18,2.3926,0.1655,2.466,4127.3,13.9638,0.1989,16.28,1,0,0.1357,0.1646,37.831,80.274,42.443,35.6938,0.2201,0
AGB-03,3304.0,43.75,2.3575,0.1819,1.864,3798.4,13.1998,0.2472,16.19,0,1,0.2763,0.172,37.862,80.299,42.436,27.8995,0.2582,0
AGB-03,3305.0,48.94,2.2899,0.2307,1.69,3559.9,12.2517,0.2326,10.4,0,1,0.2584,0.208,37.893,80.323,42.43,23.6709,0.261,0
AGB-03,3306.0,53.46,2.367,0.1861,1.59,3527.9,12.4545,0.2295,14.41,0,1,0.3278,0.1801,37.924,80.347,42.423,24.4442,0.2523,0
AGB-03,3307.0,45.66,2.3674,0.196,1.67,3768.9,12.9668,0.2524,16.19,0,1,0.2879,0.1808,37.955,80.372,42.416,26.6708,0.274,0
AGB-03,3308.0,30.92,2.3858,0.1566,1.902,4069.6,13.8686,0.2199,15.7,0,1,0.1678,0.174,37.986,80.396,42.41,33.2333,0.2449,0
AGB-03,3309.0,43.49,2.3369,0.2024,1.772,3778.3,12.8352,0.2374,11.17,0,1,0.2686,0.1916,38.017,80.42,42.403,26.0442,0.2808,0
AGB-03,3310.0,49.97,2.3072,0.2239,1.567,3609.7,12.3733,0.2399,11.9,0,1,0.2699,0.2026,38.049,80.445,42.396,24.1145,0.2689,0
AGB-03,3311.0,46.76,2.3867,0.2272,1.333,3653.7,12.8791,0.2397,12.9,0,1,0.2744,0.1881,38.08,80.469,42.389,26.2411,0.2561,0
AGB-03,3312.0,40.95,2.3703,0.1916,2.288,3725.0,13.2,0.2079,12.22,0,1,0.2494,0.1807,38.111,80.493,42.382,27.859,0.2409,0
AGB-03,3313.0,39.59,2.3422,0.218,1.414,3751.2,13.26,0.2075,13.89,0,1,0.2045,0.1917,38.142,80.517,42.375,28.1962,0.2351,0
AGB-03,3314.0,52.38,2.3504,0.2093,1.628,3838.6,12.9734,0.2693,11.52,0,1,0.3006,0.1762,38.174,80.542,42.368,26.6888,0.2861,0
AGB-03,3315.0,48.31,2.3756,0.1924,1.095,3761.9,13.1323,0.2448,15.82,0,1,0.2642,0.1817,38.205,80.566,42.361,27.4958,0.2596,0
AGB-03,3316.0,37.06,2.3647,0.2029,1.764,3958.6,13.7115,0.2178,20.33,0,1,0.208,0.1687,38.236,80.59,42.354,31.4202,0.2404,0
AGB-03,3317.0,37.99,2.3054,0.1948,1.002,3712.0,12.8463,0.2371,11.75,0,1,0.2347,0.1974,38.268,80.615,42.347,26.0948,0.2574,0
AGB-03,3318.0,47.05,2.3275,0.1946,1.456,3857.4,13.0153,0.2569,11.5,0,1,0.26,0.1875,38.299,80.639,42.34,26.9041,0.2829,0
AGB-03,3319.0,43.42,2.376,0.209,1.974,3893.3,13.3364,0.2401,16.87,0,1,0.273,0.1714,38.331,80.663,42.332,28.6672,0.2724,0
AGB-03,3320.0,47.53,2.3475,0.2082,2.162,3804.6,13.0609,0.2495,12.65,0,1,0.2523,0.1883,38.362,80.688,42.325,27.1439,0.2708,0
AGB-03,3321.0,42.81,2.3546,0.2216,1.847,3824.7,13.1659,0.2462,13.71,0,1,0.2501,0.1849,38.394,80.712,42.318,27.7008,0.2677,0
AGB-03,3322.0,44.67,2.3919,0.1737,1.423,4044.8,13.7952,0.2372,16.59,0,1,0.2078,0.1671,38.426,80.736,42.31,32.3565,0.2541,0
AGB-03,3323.0,48.03,2.3511,0.1783,1.424,3784.2,13.4141,0.1979,16.25,0,1,0.2077,0.1819,38.457,80.761,42.303,29.1906,0.2268,0
AGB-03,3324.0,46.63,2.3901,0.1964,1.434,3831.6,13.4459,0.2159,14.36,0,1,0.2315,0.1784,38.489,80.785,42.296,29.4119,0.2469,0
AGB-03,3325.0,44.52,2.355,0.1888,1.415,3810.5,13.0782,0.2404,13.79,0,1,0.2717,0.1806,38.521,80.809,42.288,27.269,0.2716,0
AGB-03,3326.0,52.58,2.3542,0.2387,1.92,3712.4,12.4233,0.2795,12.05,0,1,0.3025,0.1964,38.553,80.833,42.281,24.3498,0.2963,0
AGB-03,3327.0,48.58,2.3446,0.2012,1.496,3753.5,12.7676,0.2699,13.02,0,1,0.2758,0.1914,38.585,80.858,42.273,25.7964,0.2807,0
AGB-03,3328.0,47.91,2.35,0.2076,1.768,3698.2,12.632,0.2542,13.18,0,1,0.2893,0.1911,38.617,80.882,42.265,25.2159,0.2787,0
AGB-03,3329.0,42.37,2.3397,0.1985,1.769,3950.2,13.5087,0.2277,13.79,0,1,0.1969,0.1851,38.649,80.906,42.258,29.9228,0.2586,0
AGB-03,3330.0,42.93,2.3318,0.1926,1.205,3816.0,13.1397,0.2402,11.98,0,1,0.2302,0.1897,38.681,80.931,42.25,27.6462,0.2619,0
AGB-03,3331.0,50.75,2.3129,0.2293,1.751,3436.2,11.9878,0.2341,12.17,0,1,0.2959,0.2014,38.713,80.955,42.242,22.7757,0.2496,0
AGB-03,3332.0,48.91,2.3519,0.2042,1.599,3769.4,13.0129,0.2474,13.7,0,1,0.279,0.1785,38.745,80.979,42.234,27.0068,0.2654,0
AGB-03,3333.0,43.93,2.4022,0.1527,1.551,3906.6,13.5697,0.2217,13.64,0,1,0.2456,0.167,38.777,81.004,42.227,30.4563,0.2517,0
AGB-03,3334.0,49.82,2.3388,0.2128,1.532,3592.0,12.5089,0.2285,12.06,0,1,0.2773,0.1952,38.809,81.028,42.219,24.7531,0.2582,0
AGB-03,3335.0,54.48,2.3273,0.1947,2.147,3762.4,13.075,0.2363,11.91,0,1,0.2609,0.178,38.841,81.052,42.211,27.3594,0.2518,0
AGB-03,3336.0,49.97,2.3624,0.1967,1.516,3788.1,12.8309,0.2542,13.63,0,1,0.2903,0.1851,38.874,81.076,42.203,26.1666,0.2855,0
AGB-03,3337.0,44.05,2.3513,0.2054,1.024,3782.3,13.091,0.2317,10.93,0,1,0.2614,0.1807,38.906,81.101,42.195,27.4642,0.2605,0
AGB-03,3338.0,50.15,2.3647,0.1962,1.336,3818.6,13.2007,0.23,10.69,0,1,0.2399,0.1856,38.938,81.125,42.187,28.0791,0.2618,0
AGB-03,3339.0,51.19,2.371,0.2052,1.367,3568.7,12.674,0.227,12.12,0,1,0.3007,0.1803,38.971,81.149,42.179,25.4874,0.2429,0
AGB-03,3340.0,44.81,2.3833,0.1741,1.726,4082.9,13.6844,0.2531,15.32,0,1,0.2121,0.1732,39.003,81.174,42.17,31.6126,0.2726,0
AGB-03,3341.0,52.14,2.3546,0.232,1.385,3584.6,12.2031,0.2469,13.86,0,1,0.3366,0.1869,39.036,81.198,42.162,23.6124,0.2809,0
AGB-03,3342.0,96.16,2.25,0.3428,1.82,1863.3,1.7098,0.4105,5.23,0,3,0.8772,0.2586,39.068,81.222,42.154,2.3093,0.4429,0
AGB-03,3343.0,90.38,2.2797,0.3285,2.773,2316.0,3.4755,0.3767,6.64,0,3,0.7943,0.2355,39.101,81.247,42.146,4.8715,0.4183,0
AGB-03,3344.0,94.53,2.2611,0.3339,2.446,1913.8,2.0911,0.4152,4.39,0,3,0.8627,0.2506,39.134,81.271,42.137,2.8464,0.4318,0
AGB-03,3345.0,87.52,2.2718,0.3399,1.923,2199.6,3.1236,0.3901,6.22,0,3,0.7917,0.246,39.166,81.295,42.129,4.3453,0.4191,0
AGB-03,3346.0,91.67,2.2583,0.3343,3.082,2019.9,3.0149,0.3751,5.37,0,3,0.7864,0.2498,39.199,81.32,42.121,4.1846,0.4035,0
AGB-03,3347.0,94.41,2.2422,0.3554,1.506,1945.3,1.6999,0.4198,5.45,0,3,0.8543,0.2677,39.232,81.344,42.112,2.2963,0.4485,0
AGB-03,3348.0,98.99,2.2435,0.3613,2.072,1950.2,1.5631,0.4025,4.19,0,3,0.891,0.2589,39.264,81.368,42.104,2.106,0.45,0
AGB-03,3349.0,93.19,2.275,0.3387,2.526,2239.9,2.4923,0.4026,5.59,0,3,0.8557,0.2413,39.297,81.392,42.095,3.422,0.442,0
AGB-03,3350.0,89.08,2.2582,0.3119,1.991,2151.3,3.3115,0.3745,6.78,0,3,0.7926,0.239,39.33,81.417,42.087,4.6274,0.4066,0
AGB-03,3351.0,84.44,2.3097,0.322,1.626,2464.1,4.0287,0.3764,7.06,0,3,0.7586,0.2356,39.363,81.441,42.078,5.7218,0.4158,0
AGB-03,3352.0,98.61,2.2899,0.3244,2.485,2160.9,2.726,0.3998,7.3,0,3,0.861,0.232,39.396,81.465,42.069,3.7619,0.4299,0
AGB-03,3353.0,92.27,2.2671,0.3142,1.93,2160.4,3.4894,0.3445,5.39,0,3,0.7967,0.2325,39.429,81.49,42.061,4.8959,0.4011,0
AGB-03,3354.0,94.14,2.281,0.3234,3.196,2101.1,2.887,0.3807,6.34,0,3,0.8433,0.2332,39.462,81.514,42.052,3.9979,0.4187,0
AGB-03,3355.0,97.48,2.2448,0.3496,1.62,1859.5,2.0398,0.3981,4.63,0,3,0.8501,0.2565,39.495,81.538,42.043,2.7754,0.4285,0
AGB-03,3356.0,91.85,2.2903,0.3032,1.967,2161.7,3.8433,0.3566,5.47,0,3,0.8051,0.2198,39.528,81.563,42.034,5.4363,0.388,0
AGB-03,3357.0,91.88,2.2141,0.3205,1.364,2180.2,2.2082,0.409,5.41,0,3,0.8579,0.2477,39.562,81.587,42.025,3.0149,0.445,0
AGB-03,3358.0,97.08,2.2497,0.37,2.016,1962.7,1.4743,0.4161,6.0,0,3,0.9083,0.2566,39.595,81.611,42.016,1.9836,0.45,0
AGB-03,3359.0,89.68,2.2865,0.3023,1.116,2174.0,3.5718,0.3663,7.57,0,3,0.7757,0.239,39.628,81.635,42.007,5.0214,0.4006,0
AGB-03,3360.0,91.54,2.2322,0.3344,1.837,2039.9,2.0371,0.4092,5.06,0,3,0.8342,0.263,39.661,81.66,41.998,2.7718,0.4423,0
AGB-03,3361.0,91.3,2.2261,0.3499,1.965,1704.6,1.4635,0.408,4.33,0,3,0.8712,0.2694,39.695,81.684,41.989,1.9687,0.441,0
AGB-03,3362.0,98.13,2.2099,0.3527,2.055,1780.2,1.4391,0.4081,4.25,0,3,0.8784,0.2748,39.728,81.708,41.98,1.9349,0.4472,0
AGB-03,3363.0,92.78,2.2326,0.3622,1.272,1968.2,1.8971,0.42,5.01,0,3,0.819,0.2737,39.762,81.733,41.971,2.5738,0.4425,0
AGB-03,3364.0,89.48,2.2242,0.3598,2.126,1914.4,1.8201,0.4068,5.48,0,3,0.8548,0.2623,39.795,81.757,41.962,2.4655,0.4414,0
AGB-03,3365.0,101.25,2.2714,0.3571,2.303,1994.3,1.7633,0.42,7.27,0,3,0.9099,0.2448,39.829,81.781,41.953,2.3857,0.4499,0
AGB-03,3366.0,89.25,2.2723,0.3301,1.257,2229.5,2.7651,0.4056,6.47,0,3,0.8154,0.248,39.862,81.806,41.943,3.8187,0.4331,0
AGB-03,3367.0,100.69,2.2577,0.3442,3.283,1927.4,1.5757,0.4174,4.35,0,3,0.9052,0.2532,39.896,81.83,41.934,2.1238,0.45,0
AGB-03,3368.0,84.56,2.2858,0.2978,1.427,2262.9,3.8144,0.375,6.72,0,3,0.7615,0.238,39.93,81.854,41.925,5.3903,0.4017,0
AGB-03,3369.0,96.47,2.2862,0.35,2.185,1812.6,1.5756,0.4056,5.0,0,3,0.9047,0.2539,39.963,81.878,41.915,2.1236,0.4458,0
AGB-03,3370.0,89.85,2.2881,0.3274,1.862,2028.7,2.5074,0.415,6.05,0,3,0.8705,0.2347,39.997,81.903,41.906,3.4435,0.4265,0
AGB-03,3371.0,100.97,2.2484,0.3436,3.692,1728.7,1.4606,0.4089,5.72,0,3,0.9343,0.2549,40.031,81.927,41.896,1.9638,0.4437,0
AGB-03,3372.0,94.41,2.2195,0.3748,3.64,1550.3,1.4272,0.3779,4.65,0,3,0.9624,0.2773,40.065,81.951,41.887,1.9176,0.428,0
AGB-03,3373.0,94.42,2.283,0.3337,1.46,2149.3,2.7072,0.3972,4.99,0,3,0.8237,0.2467,40.099,81.976,41.877,3.7328,0.4293,0
AGB-03,3374.0,100.21,2.2312,0.3648,2.068,1885.9,1.4596,0.4175,4.46,0,3,0.8876,0.2724,40.133,82.0,41.867,1.9621,0.45,0
AGB-03,3375.0,91.75,2.2702,0.3186,1.685,2091.6,2.3108,0.4037,4.97,0,3,0.8586,0.2455,40.167,82.024,41.858,3.1595,0.4378,0
AGB-03,3376.0,88.69,2.2229,0.353,2.029,1884.6,1.8276,0.4153,4.93,0,3,0.842,0.2668,40.201,82.049,41.848,2.4744,0.4389,0
AGB-03,3377.0,95.77,2.2254,0.3359,2.208,1818.3,1.7337,0.3969,4.31,0,3,0.8486,0.2677,40.235,82.073,41.838,2.3427,0.4377,0
AGB-03,3378.0,101.61,2.2167,0.3427,2.453,1575.2,1.4285,0.3903,4.41,0,3,0.9483,0.2662,40.269,82.097,41.829,1.9185,0.4306,0
AGB-03,3379.0,97.93,2.2643,0.3553,2.098,1799.3,1.9385,0.3977,5.89,0,3,0.8571,0.2578,40.303,82.122,41.819,2.6297,0.4282,0
AGB-03,3380.0,95.06,2.278,0.3246,1.673,1924.3,2.5238,0.3871,5.88,0,3,0.8425,0.2441,40.337,82.146,41.809,3.4647,0.4151,0
AGB-03,3381.0,96.34,2.2589,0.3148,1.932,2201.3,2.5462,0.3975,4.99,0,3,0.816,0.2541,40.371,82.17,41.799,3.4968,0.4375,0
AGB-03,3382.0,100.88,2.2355,0.3576,1.843,1864.0,1.4619,0.4133,5.03,0,3,0.9079,0.2582,40.406,82.194,41.789,1.9642,0.45,0
AGB-03,3383.0,94.41,2.2506,0.3312,2.719,1798.3,1.4678,0.42,5.11,0,3,0.911,0.2627,40.44,82.219,41.779,1.9721,0.4484,0
AGB-03,3384.0,91.56,2.2544,0.3259,1.504,1901.4,1.8928,0.4058,4.56,0,3,0.8613,0.258,40.474,82.243,41.769,2.5645,0.4386,0
AGB-03,3385.0,91.84,2.2511,0.3449,2.386,1832.0,1.8234,0.4043,4.88,0,3,0.8712,0.2564,40.509,82.267,41.759,2.4669,0.4359,0
AGB-03,3386.0,94.74,2.2264,0.3556,1.367,1881.1,1.7067,0.4124,4.56,0,3,0.8532,0.2672,40.543,82.292,41.749,2.3035,0.4437,0
AGB-03,3387.0,92.27,2.2781,0.3127,1.553,2206.6,3.411,0.3731,5.52,0,3,0.788,0.239,40.578,82.316,41.738,4.7699,0.41,0
AGB-03,3388.0,84.61,2.337,0.2758,1.853,2379.7,4.2978,0.369,6.75,0,3,0.7758,0.2222,40.612,82.34,41.728,6.1321,0.4009,0
AGB-03,3389.0,97.56,2.2777,0.3454,3.037,1924.1,1.5512,0.4086,5.28,0,3,0.9006,0.2565,40.647,82.365,41.718,2.0867,0.45,0
AGB-03,3390.0,86.95,2.2859,0.3196,1.714,2194.2,3.4933,0.3559,5.86,0,3,0.8021,0.2314,40.681,82.389,41.708,4.8926,0.4061,0
AGB-03,3391.0,98.44,2.1877,0.3988,2.783,1547.3,1.4089,0.3858,3.88,0,3,0.9343,0.2905,40.716,82.413,41.697,1.8896,0.4277,0
AGB-03,3392.0,100.9,2.2488,0.3659,3.151,1790.4,1.4672,0.4155,4.73,0,3,0.9213,0.2621,40.751,82.437,41.687,1.9699,0.4479,0
AGB-03,3393.0,38.04,2.3776,0.1872,1.41,4122.1,13.8664,0.2284,18.42,0,0,0.1463,0.1792,40.785,82.462,41.676,33.5752,0.2514,0
AGB-03,3394.0,36.35,2.3925,0.1569,3.42,4345.2,13.8823,0.1893,23.06,0,0,0.1078,0.1526,40.82,82.486,41.666,39.0994,0.2278,0
AGB-03,3395.0,24.96,2.4107,0.1601,1.468,4394.1,13.5861,0.1686,22.14,0,0,0.0249,0.1562,40.855,82.51,41.655,42.4111,0.1897,0
AGB-03,3396.0,36.71,2.3605,0.1592,3.895,4142.6,13.9458,0.2249,19.68,1,0,0.1183,0.1704,40.89,82.535,41.645,35.2859,0.2237,0
AGB-03,3397.0,33.03,2.3661,0.1736,1.97,4107.9,13.8599,0.2093,15.43,0,0,0.1722,0.1692,40.925,82.559,41.634,33.3375,0.249,0
AGB-03,3398.0,35.9,2.3434,0.1631,2.618,4170.6,13.9291,0.2232,12.62,1,0,0.1092,0.18,40.96,82.583,41.623,34.6236,0.2393,0
AGB-03,3399.0,29.62,2.3837,0.1442,2.094,4397.6,13.862,0.2261,20.7,0,0,0.0773,0.1605,40.995,82.608,41.613,39.6398,0.232,0
AGB-03,3400.0,20.38,2.3689,0.1489,2.746,4449.7,13.6267,0.1778,22.09,0,0,0.02,0.1571,41.03,82.632,41.602,42.1904,0.2004,0
AGB-03,3401.0,29.35,2.3787,0.1643,1.299,4255.2,13.9569,0.1836,19.16,0,0,0.0811,0.1694,41.065,82.656,41.591,37.673,0.2209,0
AGB-03,3402.0,21.2,2.362,0.1395,2.444,4504.8,13.6535,0.1765,22.24,0,0,0.0248,0.1599,41.1,82.681,41.58,42.0096,0.2196,0
AGB-03,3403.0,32.3,2.351,0.1784,2.707,4019.0,13.8284,0.214,15.12,1,0,0.1446,0.1791,41.135,82.705,41.569,32.7253,0.2306,0
AGB-03,3404.0,27.25,2.3668,0.1559,1.96,4152.1,13.9791,0.1867,19.16,0,0,0.0969,0.1675,41.171,82.729,41.558,36.43,0.2062,0
AGB-03,3405.0,30.64,2.3589,0.1815,1.61,4241.9,13.9756,0.2249,16.81,0,0,0.116,0.1721,41.206,82.753,41.547,35.7286,0.2445,0
AGB-03,3406.0,32.41,2.3652,0.1573,2.345,4379.9,13.9516,0.2218,18.2,0,0,0.0727,0.1718,41.241,82.778,41.536,38.2603,0.2435,0
AGB-03,3407.0,21.42,2.3729,0.1335,1.377,4359.5,13.8595,0.1792,19.83,0,0,0.0294,0.1709,41.277,82.802,41.525,39.9801,0.2115,0
AGB-03,3408.0,39.3,2.3703,0.1775,1.857,4010.8,13.9347,0.1863,16.82,0,0,0.1327,0.169,41.312,82.826,41.514,34.2199,0.2022,0
AGB-03,3409.0,25.16,2.398,0.1367,1.922,4406.5,13.6731,0.1756,23.4,0,0,0.02,0.1609,41.347,82.851,41.503,42.016,0.1979,0
AGB-03,3410.0,35.68,2.3658,0.1663,1.527,4096.4,13.9311,0.2136,16.66,0,0,0.137,0.1744,41.383,82.875,41.492,34.0512,0.2335,0
AGB-03,3411.0,28.99,2.3915,0.1503,1.76,4185.7,13.9969,0.2119,17.85,0,0,0.1145,0.1659,41.418,82.899,41.481,36.5549,0.2227,0
AGB-03,3412.0,38.13,2.3783,0.1646,1.859,4151.3,13.9883,0.2122,17.29,0,0,0.1312,0.1665,41.454,82.924,41.469,35.4814,0.2277,0
AGB-03,3413.0,45.67,2.3758,0.1846,1.31,3904.8,13.7813,0.1947,14.28,0,0,0.1569,0.1797,41.49,82.948,41.458,31.9303,0.2156,0
AGB-03,3414.0,33.97,2.399,0.2087,1.571,4112.9,13.9581,0.208,17.78,0,0,0.1402,0.1753,41.525,82.972,41.447,34.4071,0.2404,0
AGB-03,3415.0,38.66,2.3743,0.1803,1.754,4098.7,13.9395,0.2088,17.13,0,0,0.1441,0.1738,41.561,82.996,41.435,33.9769,0.2377,0
AGB-03,3416.0,23.92,2.394,0.1387,2.357,4672.7,13.4418,0.2281,21.59,0,0,0.0492,0.1479,41.597,83.021,41.424,43.8853,0.2459,0
AGB-03,3417.0,28.95,2.374,0.1578,2.07,4198.9,14.0031,0.163,15.33,0,0,0.061,0.1741,41.633,83.045,41.412,37.4805,0.204,0
AGB-03,3418.0,67.39,2.2977,0.3113,1.326,2557.2,6.4628,0.301,6.95,0,2,0.5831,0.2378,41.668,83.069,41.401,9.7155,0.3412,0
AGB-03,3419.0,74.14,2.3119,0.2894,1.12,2733.3,6.5461,0.3392,8.62,0,2,0.6151,0.2269,41.704,83.094,41.389,9.8625,0.3681,0
AGB-03,3420.0,71.36,2.2774,0.2812,1.472,2690.5,6.5876,0.3188,6.14,0,2,0.5931,0.2315,41.74,83.118,41.378,9.9354,0.3573,0
AGB-03,3421.0,75.99,2.2746,0.3128,1.014,2518.3,5.0945,0.3755,6.07,0,2,0.6332,0.2537,41.776,83.142,41.366,7.3846,0.3868,0
AGB-03,3422.0,69.58,2.3456,0.2428,1.609,3015.3,8.9969,0.274,9.83,0,2,0.5449,0.1955,41.812,83.167,41.354,14.6646,0.3247,0
AGB-03,3423.0,69.06,2.3122,0.2426,1.229,3220.3,9.0776,0.3346,8.49,0,2,0.5075,0.209,41.848,83.191,41.343,14.8388,0.3515,0
AGB-03,3424.0,79.06,2.2917,0.2637,1.545,2803.0,7.0054,0.3273,6.81,0,2,0.6319,0.208,41.884,83.215,41.331,10.6888,0.3605,0
AGB-03,3425.0,76.75,2.2862,0.2802,0.918,2692.8,6.8829,0.3259,7.1,0,2,0.5708,0.2328,41.921,83.239,41.319,10.4631,0.347,0
AGB-03,3426.0,79.19,2.2619,0.3071,0.831,2357.5,5.2145,0.3338,6.93,0,2,0.6305,0.2488,41.957,83.264,41.307,7.577,0.3573,0
AGB-03,3427.0,77.95,2.2335,0.2864,1.101,2503.0,5.5416,0.3529,6.26,0,2,0.5945,0.254,41.993,83.288,41.295,8.119,0.3651,0
AGB-03,3428.0,65.81,2.3024,0.2448,1.514,3036.3,8.4666,0.3193,8.33,0,2,0.5122,0.2198,42.029,83.312,41.283,13.5291,0.3447,0
AGB-03,3429.0,69.06,2.2945,0.2877,1.864,3018.5,8.3228,0.3051,8.7,0,2,0.5097,0.2238,42.066,83.337,41.271,13.2323,0.3464,0
AGB-03,3430.0,74.35,2.3086,0.282,2.136,2919.5,7.7266,0.3206,9.82,0,2,0.5763,0.2134,42.102,83.361,41.259,12.0448,0.354,0
AGB-03,3431.0,77.23,2.3005,0.2609,1.471,2769.2,7.3164,0.3151,8.46,0,2,0.5852,0.2179,42.138,83.385,41.247,11.2599,0.3444,0
AGB-03,3432.0,75.71,2.3162,0.2748,1.108,2601.1,6.3163,0.3445,6.51,0,2,0.6166,0.2309,42.175,83.41,41.235,9.4428,0.3574,0
AGB-03,3433.0,69.21,2.3078,0.239,1.551,2817.5,8.2116,0.2811,10.7,0,2,0.5415,0.2115,42.211,83.434,41.223,13.0017,0.3153,0
AGB-03,3434.0,66.14,2.3301,0.2503,1.307,3062.0,9.459,0.2848,10.92,0,2,0.4793,0.2075,42.248,83.458,41.21,15.6709,0.3119,0
AGB-03,3435.0,69.17,2.3177,0.2663,1.24,2977.7,7.8485,0.333,8.43,0,2,0.5871,0.2076,42.284,83.483,41.198,12.2772,0.3592,0
AGB-03,3436.0,74.21,2.2937,0.2794,0.888,2959.8,7.4153,0.3609,8.25,0,2,0.5808,0.2194,42.321,83.507,41.186,11.442,0.3687,0
AGB-03,3437.0,69.41,2.32,0.2452,1.756,2934.4,8.3554,0.3017,9.75,0,2,0.555,0.2059,42.358,83.531,41.173,13.2894,0.3339,0
AGB-03,3438.0,67.66,2.3111,0.2612,1.537,2822.8,8.1156,0.2883,9.64,0,2,0.5292,0.2194,42.394,83.555,41.161,12.8034,0.3215,0
AGB-03,3439.0,68.77,2.2756,0.278,1.098,2881.9,8.0189,0.2982,7.26,0,2,0.5059,0.2295,42.431,83.58,41.149,12.6098,0.3331,0
AGB-03,3440.0,70.58,2.2807,0.3127,2.862,2997.2,7.5373,0.3498,6.95,0,2,0.529,0.2358,42.468,83.604,41.136,11.6708,0.3686,0
AGB-03,3441.0,73.51,2.2675,0.2929,1.391,2744.0,6.6748,0.3329,7.68,0,2,0.5791,0.2347,42.505,83.628,41.124,10.0732,0.3617,0
AGB-03,3442.0,71.6,2.2935,0.2648,1.358,2957.1,6.8945,0.3438,8.29,0,2,0.5973,0.2263,42.542,83.653,41.111,10.4703,0.3837,0
AGB-03,3443.0,65.04,2.2867,0.2775,1.4,2773.7,7.7178,0.2996,9.53,0,2,0.5399,0.2234,42.579,83.677,41.098,12.0163,0.3267,0
AGB-03,3444.0,71.93,2.3051,0.2881,1.231,2878.2,8.1298,0.2788,8.23,0,2,0.559,0.2082,42.616,83.701,41.086,12.8275,0.3313,0
AGB-03,3445.0,79.39,2.3196,0.2772,2.075,3033.5,8.2918,0.3234,9.27,0,2,0.5544,0.2095,42.653,83.726,41.073,13.1537,0.3525,0
AGB-03,3446.0,75.67,2.2581,0.2728,1.52,2917.3,7.2286,0.3367,6.6,0,2,0.5564,0.2306,42.69,83.75,41.06,11.0849,0.3662,0
AGB-03,3447.0,76.31,2.3353,0.2963,2.673,2697.0,6.7793,0.3419,8.37,0,2,0.6219,0.2192,42.727,83.774,41.047,10.2593,0.3569,0
AGB-03,3448.0,39.91,2.3383,0.2027,1.53,3629.1,12.7717,0.211,12.75,0,1,0.2696,0.1895,42.764,83.798,41.035,25.5082,0.2532,0
AGB-03,3449.0,41.57,2.3186,0.2112,1.476,3905.3,13.4349,0.2372,11.85,0,1,0.1872,0.1937,42.801,83.823,41.022,28.8609,0.2607,0
AGB-03,3450.0,50.03,2.3237,0.234,1.297,3535.0,11.9504,0.2588,13.38,0,1,0.327,0.1978,42.838,83.847,41.009,22.4101,0.2855,0
AGB-03,3451.0,58.34,2.3466,0.2239,1.513,3609.6,12.0327,0.2856,11.3,0,1,0.3324,0.1974,42.876,83.871,40.996,22.6891,0.3004,0
AGB-03,3452.0,49.76,2.353,0.1928,1.197,3600.8,12.6973,0.2268,11.83,0,1,0.2865,0.1872,42.913,83.896,40.983,25.1875,0.2549,0
AGB-03,3453.0,39.6,2.3567,0.1754,1.925,3980.5,13.7761,0.2252,14.95,0,1,0.1746,0.1804,42.95,83.92,40.97,31.3526,0.2459,0
AGB-03,3454.0,45.37,2.3493,0.2164,1.683,3749.5,13.2374,0.2202,14.86,0,1,0.2449,0.1807,42.988,83.944,40.957,27.7214,0.2461,0
AGB-03,3455.0,45.51,2.324,0.2063,1.623,3752.6,12.8507,0.281,11.76,0,1,0.2411,0.2001,43.025,83.969,40.943,25.8452,0.2759,0
AGB-03,3456.0,49.57,2.3491,0.2258,0.95,3646.7,12.5797,0.2498,12.2,0,1,0.2941,0.1913,43.063,83.993,40.93,24.7054,0.2753,0
AGB-03,3457.0,72.04,2.2901,0.2643,0.965,2951.3,8.0051,0.3055,7.68,1,2,0.5534,0.2139,43.1,84.017,40.917,12.5758,0.3473,0
AGB-03,3458.0,68.93,2.299,0.2805,1.482,3057.5,8.6164,0.2935,8.94,0,2,0.5202,0.2128,43.138,84.042,40.904,13.8198,0.3426,0
AGB-03,3459.0,72.74,2.3109,0.2685,1.683,2923.2,7.7973,0.3196,8.25,0,2,0.5531,0.2206,43.175,84.066,40.89,12.1672,0.3525,0
AGB-03,3460.0,72.93,2.3272,0.2579,1.417,2903.2,8.2246,0.2933,10.87,0,2,0.5678,0.2043,43.213,84.09,40.877,13.0146,0.3346,0
AGB-03,3461.0,65.47,2.3063,0.2442,1.31,3064.6,9.0723,0.2963,10.11,0,2,0.4954,0.2104,43.251,84.114,40.864,14.7934,0.3267,0
AGB-03,3462.0,66.99,2.3067,0.2838,1.6,3017.8,8.1347,0.3102,7.47,0,2,0.5242,0.2239,43.288,84.139,40.85,12.8341,0.3544,0
AGB-03,3463.0,65.98,2.3169,0.2285,1.996,3191.9,9.265,0.3391,9.02,0,2,0.5218,0.1982,43.326,84.163,40.837,15.2181,0.3419,0
AGB-03,3464.0,70.23,2.3462,0.2413,0.905,3021.4,9.145,0.3023,10.71,0,2,0.5015,0.2082,43.364,84.187,40.823,14.9527,0.3203,0
AGB-03,3465.0,66.72,2.3294,0.254,1.087,3039.2,9.1252,0.2902,10.02,0,2,0.51,0.2045,43.402,84.212,40.81,14.9094,0.3225,0
AGB-03,3466.0,74.49,2.3191,0.2813,2.077,2871.2,7.2136,0.3471,7.81,0,2,0.5918,0.2207,43.44,84.236,40.796,11.055,0.3657,0
AGB-03,3467.0,65.51,2.3223,0.273,1.121,3007.8,8.5192,0.305,9.32,0,2,0.5362,0.21,43.478,84.26,40.782,13.6174,0.3406,0
AGB-03,3468.0,77.31,2.3526,0.2544,1.4,2746.5,7.9631,0.2859,7.16,0,2,0.5747,0.2073,43.516,84.285,40.769,12.4929,0.3178,0
AGB-03,3469.0,70.93,2.3617,0.2642,1.472,3074.5,9.1013,0.3176,10.57,0,2,0.5213,0.2042,43.554,84.309,40.755,14.8575,0.3338,0
AGB-03,3470.0,69.45,2.3026,0.2885,1.476,2692.3,7.0551,0.3068,6.82,0,2,0.5526,0.236,43.592,84.333,40.741,10.7618,0.3419,0
AGB-03,3471.0,70.22,2.3167,0.2673,1.697,2904.7,8.094,0.2933,8.44,0,2,0.5499,0.2139,43.63,84.357,40.727,12.7535,0.3389,0
AGB-03,3472.0,67.92,2.2723,0.2892,0.957,2781.8,7.2389,0.3154,6.47,0,2,0.5179,0.2438,43.668,84.382,40.713,11.1031,0.3469,0
AGB-03,3473.0,71.6,2.2911,0.2655,0.695,2777.9,7.4081,0.3258,6.42,0,2,0.5461,0.2297,43.707,84.406,40.699,11.4211,0.3414,0
AGB-03,3474.0,90.56,2.2621,0.3184,2.709,1984.9,2.5065,0.3754,5.36,0,3,0.8092,0.2572,43.745,84.43,40.685,3.4213,0.422,0
AGB-03,3475.0,89.48,2.2666,0.305,1.315,1937.2,2.3168,0.4021,5.33,0,3,0.842,0.2509,43.783,84.455,40.671,3.1501,0.4253,0
AGB-03,3476.0,95.05,2.2152,0.3758,1.538,1860.3,1.4559,0.4,4.93,0,3,0.873,0.2813,43.822,84.479,40.657,1.9461,0.45,0
AGB-03,3477.0,103.26,2.1766,0.3765,2.285,1690.8,1.4203,0.4107,3.74,0,3,0.9287,0.2929,43.86,84.503,40.643,1.8973,0.4408,0
AGB-03,3478.0,89.07,2.2461,0.3453,2.486,2014.8,2.7648,0.3884,4.9,0,3,0.7948,0.2538,43.898,84.528,40.629,3.7945,0.4137,0
AGB-03,3479.0,92.37,2.2202,0.3469,2.556,1944.0,1.9686,0.3945,5.93,0,3,0.8541,0.257,43.937,84.552,40.615,2.6583,0.4381,0
AGB-03,3480.0,104.32,2.2238,0.3827,1.952,1728.5,1.453,0.42,4.05,0,3,0.9537,0.274,43.975,84.576,40.601,1.9423,0.4437,0
AGB-03,3481.0,99.12,2.2818,0.3514,2.987,1960.1,1.9478,0.4002,5.7,0,3,0.8762,0.2511,44.014,84.6,40.586,2.6291,0.442,0
AGB-03,3482.0,97.23,2.2507,0.3356,2.887,1740.2,1.4708,0.4026,4.33,0,3,0.9144,0.2618,44.053,84.625,40.572,1.9669,0.4445,0
AGB-03,3483.0,102.71,2.2481,0.3432,1.632,1781.3,1.4719,0.4135,4.91,0,3,0.9077,0.2722,44.091,84.649,40.558,1.9685,0.4473,0
AGB-03,3484.0,104.15,2.2031,0.376,3.852,1567.4,1.4262,0.4005,4.41,1,3,0.98,0.2842,44.13,84.673,40.543,1.9057,0.4298,0
AGB-03,3485.0,101.21,2.2403,0.366,1.327,1802.2,1.4682,0.4154,4.64,0,3,0.906,0.2626,44.169,84.698,40.529,1.9635,0.4486,0
AGB-03,3486.0,88.63,2.2396,0.3557,1.403,1933.2,2.0413,0.4099,5.59,0,3,0.8198,0.2681,44.208,84.722,40.514,2.761,0.4351,0
AGB-03,3487.0,95.05,2.2731,0.3284,3.021,2077.9,1.9016,0.42,5.82,0,3,0.8615,0.2585,44.246,84.746,40.5,2.5649,0.45,0
AGB-03,3488.0,93.68,2.2264,0.3379,1.877,1864.4,1.7308,0.4096,4.73,0,3,0.8605,0.2632,44.285,84.771,40.485,2.3268,0.4418,0
AGB-03,3489.0,102.39,2.2305,0.3394,1.645,1811.5,1.4623,0.4192,4.53,0,3,0.8781,0.2703,44.324,84.795,40.471,1.9557,0.4492,0
AGB-03,3490.0,96.16,2.2217,0.3897,1.829,1812.9,1.4567,0.414,4.87,0,3,0.9079,0.2647,44.363,84.819,40.456,1.948,0.4493,0
AGB-03,3491.0,86.0,2.238,0.3318,2.199,2148.0,2.7512,0.405,5.27,0,3,0.7923,0.2555,44.402,84.844,40.441,3.7764,0.4265,0
AGB-03,3492.0,101.89,2.261,0.3284,3.173,1838.8,1.988,0.4057,5.31,0,3,0.8659,0.2525,44.441,84.868,40.426,2.6868,0.43,0
AGB-03,3493.0,89.82,2.2822,0.3374,2.376,2119.1,2.6605,0.3957,6.47,0,3,0.8358,0.2431,44.48,84.892,40.412,3.6453,0.4289,0
AGB-03,3494.0,94.62,2.2356,0.3841,1.673,1869.5,1.4686,0.4,4.69,0,3,0.8664,0.2735,44.52,84.916,40.397,1.9648,0.45,0
AGB-03,3495.0,99.39,2.2584,0.3172,1.477,1926.4,1.702,0.417,4.71,0,3,0.8841,0.2563,44.559,84.941,40.382,2.2876,0.448,0
AGB-03,3496.0,98.95,2.2564,0.3466,1.795,1766.2,1.4849,0.42,5.06,0,3,0.8837,0.2644,44.598,84.965,40.367,1.9875,0.4459,0
AGB-03,3497.0,96.61,2.2638,0.3132,2.506,2260.3,2.8443,0.4013,5.65,0,3,0.826,0.241,44.637,84.989,40.352,3.913,0.4331,0
AGB-03,3498.0,103.46,2.1947,0.3721,2.028,1514.1,1.4144,0.3966,3.43,0,3,0.8975,0.2927,44.677,85.014,40.337,1.8908,0.424,0
AGB-03,3499.0,93.68,2.2513,0.3465,2.172,1819.8,1.6072,0.4029,4.87,0,3,0.8867,0.2584,44.716,85.038,40.322,2.1566,0.4444,0
AGB-03,3500.0,102.32,2.2038,0.3615,3.9,1591.6,1.428,0.3899,5.3,0,3,0.98,0.2654,44.755,85.062,40.307,1.9095,0.4322,0
AGB-03,3501.0,94.92,2.2191,0.3531,2.09,1822.1,1.4548,0.42,4.81,0,3,0.8979,0.2752,44.795,85.087,40.292,1.9466,0.4499,0
AGB-03,3502.0,93.46,2.2585,0.3501,2.451,1981.5,2.0569,0.4166,4.87,0,3,0.8685,0.2494,44.834,85.111,40.277,2.7851,0.4387,0
AGB-03,3503.0,98.48,2.1884,0.3761,4.224,1538.6,1.4128,0.3889,3.99,0,3,0.932,0.287,44.874,85.135,40.261,1.889,0.4267,0
AGB-03,3504.0,96.28,2.2526,0.3615,1.708,1537.4,1.4529,0.4074,4.98,0,3,0.9193,0.2631,44.913,85.159,40.246,1.9442,0.4266,0
AGB-03,3505.0,90.17,2.2599,0.3377,1.914,2041.9,2.257,0.4093,5.07,0,3,0.8147,0.2633,44.953,85.184,40.231,3.069,0.436,0
AGB-03,3506.0,93.64,2.2548,0.3595,2.023,1852.6,1.5957,0.42,5.02,0,3,0.8634,0.268,44.993,85.208,40.215,2.1415,0.4471,0
AGB-03,3507.0,93.61,2.2038,0.3732,1.651,1951.1,1.5453,0.42,5.9,0,3,0.8528,0.2729,45.032,85.232,40.2,2.0719,0.45,0
AGB-03,3508.0,102.16,2.2562,0.3586,3.102,1753.5,1.4735,0.4096,4.57,0,3,0.946,0.2653,45.072,85.257,40.184,1.973,0.4454,0
AGB-03,3509.0,93.52,2.2652,0.3532,2.086,1940.9,1.8142,0.4128,5.08,0,3,0.8867,0.2512,45.112,85.281,40.169,2.4454,0.445,0
AGB-03,3510.0,100.96,2.2266,0.3473,3.868,1653.5,1.4472,0.4112,4.11,0,3,0.9645,0.2671,45.152,85.305,40.153,1.9369,0.4378,0
AGB-03,3511.0,88.22,2.2306,0.3443,1.552,1821.3,1.7152,0.4111,4.62,0,3,0.8565,0.2652,45.192,85.33,40.138,2.3077,0.4392,0
AGB-03,3512.0,94.44,2.2245,0.3615,1.591,1895.7,1.8612,0.3979,5.02,0,3,0.8462,0.2636,45.232,85.354,40.122,2.5114,0.4387,0
AGB-03,3513.0,94.58,2.2533,0.3258,2.013,2057.3,2.5581,0.3931,6.37,0,3,0.8399,0.2433,45.272,85.378,40.107,3.501,0.4261,0
AGB-03,3514.0,90.76,2.2409,0.3581,2.31,1991.7,1.9254,0.4073,4.93,0,3,0.838,0.2652,45.312,85.402,40.091,2.6015,0.4436,0
AGB-03,3515.0,99.2,2.2636,0.3486,1.365,1767.9,1.4789,0.4164,4.79,0,3,0.8983,0.2624,45.352,85.427,40.075,1.9808,0.4464,0
AGB-03,3516.0,85.27,2.2499,0.3456,2.128,2085.0,3.2229,0.3742,5.93,0,3,0.764,0.2514,45.392,85.451,40.059,4.4737,0.4026,0
AGB-03,3517.0,101.32,2.2272,0.3733,2.61,1554.2,1.4381,0.3872,4.24,0,3,0.9379,0.2768,45.432,85.475,40.043,1.9247,0.4284,0
AGB-03,3518.0,87.1,2.2255,0.3582,2.445,1750.7,1.4535,0.4013,4.66,0,3,0.8727,0.2715,45.472,85.5,40.027,1.9459,0.4452,0
AGB-03,3519.0,94.5,2.2603,0.3443,3.6,2081.5,2.0773,0.4054,5.35,0,3,0.8636,0.2508,45.512,85.524,40.012,2.8155,0.4448,0
AGB-03,3520.0,99.9,2.2379,0.3614,3.509,1705.8,1.4581,0.4005,4.8,0,3,0.9162,0.2748,45.553,85.548,39.996,1.9524,0.442,0
AGB-03,3521.0,92.84,2.1828,0.3709,1.28,1473.6,1.4012,0.3853,3.53,0,3,0.891,0.3024,45.593,85.573,39.98,1.874,0.4191,0
AGB-03,3522.0,88.9,2.2272,0.3346,1.352,2019.6,2.0856,0.4042,4.41,0,3,0.8222,0.2652,45.633,85.597,39.963,2.8273,0.4394,0
AGB-03,3523.0,91.56,2.251,0.3796,2.803,1708.3,1.4667,0.4046,4.94,0,3,0.9329,0.26,45.674,85.621,39.947,1.9641,0.4422,0
AGB-03,3524.0,87.06,2.2443,0.3321,2.572,2111.1,2.668,0.3951,5.62,0,3,0.7839,0.2611,45.714,85.646,39.931,3.6601,0.4264,0
AGB-03,3525.0,99.57,2.2717,0.3423,1.736,1862.9,2.0634,0.3943,6.17,0,3,0.8725,0.2474,45.755,85.67,39.915,2.7958,0.4292,0
AGB-03,3526.0,95.17,2.2114,0.3931,1.516,1856.9,1.5999,0.42,4.48,0,3,0.8281,0.2801,45.795,85.694,39.899,2.1479,0.446,0
AGB-03,3527.0,94.37,2.2664,0.39,2.672,1703.1,1.4761,0.4048,4.62,0,3,0.8967,0.2649,45.836,85.718,39.882,1.9769,0.4418,0
AGB-03,3528.0,103.06,2.2606,0.3443,2.456,1928.5,1.6395,0.4149,5.61,0,3,0.8883,0.2569,45.877,85.743,39.866,2.2025,0.45,0
AGB-03,3529.0,88.42,2.2331,0.3234,2.166,1738.2,1.7527,0.3974,4.78,0,3,0.8604,0.2619,45.917,85.767,39.85,2.3598,0.4304,0
AGB-03,3530.0,90.1,2.2467,0.3378,1.85,1855.2,1.8832,0.3936,4.82,0,3,0.8502,0.2617,45.958,85.791,39.833,2.542,0.4353,0
AGB-03,3531.0,98.8,2.2732,0.3463,2.092,2011.7,2.5101,0.3959,5.06,0,3,0.8111,0.2564,45.999,85.816,39.817,3.4311,0.4247,0
AGB-03,3532.0,93.04,2.2485,0.3383,1.661,2023.3,2.0176,0.3981,4.97,0,3,0.8513,0.257,46.04,85.84,39.8,2.7302,0.4427,0
AGB-03,3533.0,98.58,2.2246,0.3726,2.041,1659.9,1.4468,0.4,5.03,0,3,0.8815,0.2824,46.08,85.864,39.784,1.9358,0.4383,0
AGB-03,3534.0,104.54,2.2076,0.3766,2.201,1481.2,1.4184,0.3926,4.19,0,3,0.9189,0.2987,46.121,85.889,39.767,1.8966,0.42,0
AGB-03,3535.0,93.44,2.2526,0.3269,1.327,1907.9,1.5007,0.4145,4.91,0,3,0.8878,0.2623,46.162,85.913,39.751,2.0097,0.45,0
AGB-03,3536.0,102.38,2.2359,0.3614,3.264,1883.8,1.4691,0.3981,4.02,0,3,0.8995,0.2591,46.203,85.937,39.734,1.966,0.45,0
AGB-03,3537.0,95.97,2.2197,0.356,2.424,1972.3,1.9155,0.4173,4.5,0,3,0.8315,0.2673,46.244,85.961,39.717,2.5857,0.4421,0
AGB-03,3538.0,96.38,2.2411,0.3585,2.32,1929.6,1.475,0.42,5.44,0,3,0.9145,0.254,46.285,85.986,39.7,1.9738,0.45,0
AGB-03,3539.0,89.61,2.2196,0.3569,1.194,2130.1,2.9501,0.3706,4.69,0,3,0.7777,0.2536,46.326,86.01,39.684,4.067,0.4169,0
AGB-03,3540.0,89.89,2.2007,0.3641,3.146,1757.7,1.4397,0.4101,4.26,0,3,0.8914,0.283,46.368,86.034,39.667,1.9249,0.4457,0
AGB-03,3541.0,87.28,2.2016,0.3536,1.1,1796.0,1.4891,0.42,4.7,0,3,0.8411,0.2791,46.409,86.059,39.65,1.9926,0.4463,0
AGB-03,3542.0,88.82,2.266,0.3278,2.071,2122.4,3.2845,0.37,5.68,0,3,0.7892,0.2406,46.45,86.083,39.633,4.559,0.4056,0
AGB-03,3543.0,95.31,2.2564,0.3327,2.809,1985.7,2.216,0.4136,5.4,0,3,0.8416,0.2539,46.491,86.107,39.616,3.0076,0.4331,0
AGB-03,3544.0,89.78,2.2117,0.3619,1.878,1700.7,1.4445,0.401,4.6,0,3,0.8344,0.2835,46.533,86.132,39.599,1.9306,0.4415,0
AGB-03,3545.0,94.88,2.2549,0.3539,2.325,1731.2,1.4731,0.4039,4.89,0,3,0.8765,0.2715,46.574,86.156,39.582,1.9697,0.4439,0
AGB-03,3546.0,87.75,2.2553,0.3494,1.368,2199.9,2.8303,0.391,5.88,0,3,0.7991,0.2509,46.615,86.18,39.565,3.8888,0.4288,0
AGB-03,3547.0,95.11,2.219,0.3453,3.62,1685.3,1.4472,0.4037,4.45,0,3,0.8675,0.2748,46.657,86.205,39.548,1.9337,0.4404,0
AGB-03,3548.0,102.3,2.1934,0.3895,5.654,1453.7,1.408,0.3842,4.14,0,3,0.9575,0.2829,46.698,86.229,39.53,1.8797,0.4165,0
AGB-03,3549.0,92.99,2.2629,0.3373,1.149,1967.0,1.8844,0.4125,5.15,0,3,0.8732,0.2537,46.74,86.253,39.513,2.5388,0.4442,0
AGB-03,3550.0,96.32,2.2598,0.3629,1.679,1953.2,1.9159,0.4073,4.62,0,3,0.8313,0.2685,46.782,86.277,39.496,2.5825,0.4421,0
AGB-03,3551.0,75.32,2.3411,0.2745,1.699,2770.2,8.0538,0.2643,11.6,0,2,0.5704,0.2051,46.823,86.302,39.478,12.66,0.3175,0
AGB-03,3552.0,73.6,2.3016,0.2736,1.553,2567.4,6.5313,0.3028,6.24,0,2,0.6035,0.2275,46.865,86.326,39.461,9.8029,0.3414,0
AGB-03,3553.0,70.9,2.2886,0.2767,1.368,2797.4,7.5157,0.3101,6.62,0,2,0.5492,0.2249,46.907,86.35,39.444,11.6092,0.3406,0
AGB-03,3554.0,63.16,2.3119,0.2425,1.094,3059.9,9.0788,0.3063,9.6,0,2,0.4888,0.212,46.948,86.375,39.426,14.7824,0.3267,0
AGB-03,3555.0,74.95,2.3152,0.2961,0.699,2700.7,7.3204,0.302,7.87,0,2,0.5581,0.2269,46.99,86.399,39.409,11.2363,0.3338,0
AGB-03,3556.0,77.24,2.2489,0.3053,0.91,2550.6,5.3072,0.3362,6.31,0,2,0.6194,0.2513,47.032,86.423,39.391,7.7068,0.3823,0
AGB-03,3557.0,68.78,2.3118,0.289,1.228,2921.7,7.9135,0.3204,9.24,0,2,0.5395,0.2219,47.074,86.448,39.374,12.3691,0.3486,0
AGB-03,3558.0,74.22,2.2654,0.2977,1.033,2499.5,5.6092,0.3486,6.18,0,2,0.6338,0.2379,47.116,86.472,39.356,8.2055,0.3652,0
AGB-03,3559.0,73.5,2.2379,0.3088,1.169,2586.7,5.531,0.3455,6.18,0,2,0.5865,0.2577,47.158,86.496,39.338,8.0737,0.3784,0
AGB-03,3560.0,61.96,2.2843,0.2422,1.285,3241.1,9.7295,0.2952,9.31,0,2,0.4334,0.2165,47.2,86.52,39.32,16.2288,0.3294,0
AGB-03,3561.0,72.77,2.2514,0.2738,1.8,2709.7,6.7597,0.3312,7.0,0,2,0.586,0.2272,47.242,86.545,39.303,10.1963,0.3523,0
AGB-03,3562.0,65.43,2.2879,0.2629,1.647,3032.6,8.8228,0.3046,9.17,0,2,0.4874,0.2174,47.284,86.569,39.285,14.2095,0.3298,0
AGB-03,3563.0,73.13,2.3011,0.2904,1.83,2618.6,6.8206,0.3039,6.54,0,2,0.5602,0.2373,47.326,86.593,39.267,10.3029,0.3387,0
AGB-03,3564.0,63.93,2.2632,0.3014,0.722,2707.8,7.475,0.2869,6.83,0,2,0.4921,0.2444,47.369,86.618,39.249,11.5106,0.3222,0
AGB-03,3565.0,57.27,2.3118,0.2522,1.548,3068.4,8.7976,0.3217,9.59,0,2,0.4947,0.218,47.411,86.642,39.231,14.1492,0.3399,0
AGB-03,3566.0,65.93,2.3092,0.2688,0.908,2912.3,8.6185,0.2953,7.33,0,2,0.483,0.2239,47.453,86.666,39.213,13.7716,0.3181,0
AGB-03,3567.0,70.09,2.3029,0.2874,1.119,2909.1,7.918,0.3157,6.98,0,2,0.5421,0.22,47.495,86.691,39.195,12.3576,0.3459,0
AGB-03,3568.0,65.47,2.2951,0.2934,0.726,2894.5,8.5793,0.2811,7.99,0,2,0.5054,0.2149,47.538,86.715,39.177,13.6859,0.3144,0
AGB-03,3569.0,64.86,2.299,0.2697,1.432,2922.0,8.5728,0.2836,7.53,0,2,0.4923,0.2211,47.58,86.739,39.159,13.6705,0.321,0
AGB-03,3570.0,66.44,2.3014,0.2869,1.473,2961.7,8.3199,0.3217,7.7,0,2,0.5419,0.2101,47.623,86.763,39.141,13.1516,0.3393,0
AGB-03,3571.0,68.87,2.2701,0.2763,1.408,2754.2,7.2575,0.3153,6.21,0,2,0.5308,0.2371,47.665,86.788,39.122,11.0921,0.3421,0
AGB-03,3572.0,78.98,2.2854,0.2805,0.999,2785.7,6.8257,0.3338,7.75,0,2,0.5931,0.2262,47.708,86.812,39.104,10.3001,0.3649,0
AGB-03,3573.0,75.81,2.3054,0.2565,1.19,2794.6,7.485,0.3095,7.6,0,2,0.5575,0.2239,47.75,86.836,39.086,11.5158,0.3439,0
AGB-03,3574.0,66.76,2.3218,0.251,1.431,2955.9,8.6176,0.2931,8.03,0,2,0.5057,0.2173,47.793,86.861,39.068,13.7548,0.3287,0
AGB-03,3575.0,73.61,2.281,0.3274,1.543,2411.3,4.913,0.362,6.17,0,2,0.656,0.2483,47.836,86.885,39.049,7.049,0.3808,0
AGB-03,3576.0,68.85,2.3162,0.2571,0.791,2900.8,7.9453,0.318,9.23,0,2,0.5629,0.2121,47.879,86.909,39.031,12.3981,0.3452,0
AGB-03,3577.0,75.64,2.3179,0.2968,1.085,2876.3,7.5799,0.3175,8.13,0,2,0.5839,0.2134,47.921,86.934,39.012,11.6917,0.3548,0
AGB-03,3578.0,73.88,2.2733,0.276,1.787,2743.6,6.5441,0.3331,7.1,0,2,0.5921,0.2326,47.964,86.958,38.994,9.7921,0.3677,0
AGB-03,3579.0,76.21,2.3156,0.2523,1.681,3005.5,9.0712,0.2941,9.13,0,2,0.5097,0.2036,48.007,86.982,38.975,14.7093,0.3181,0
AGB-03,3580.0,65.44,2.2989,0.2566,1.385,2911.4,7.7493,0.3293,8.79,0,2,0.5503,0.2211,48.05,87.007,38.957,12.0139,0.3524,0
AGB-03,3581.0,74.59,2.3017,0.2643,1.308,2815.3,7.5728,0.3096,8.16,0,2,0.5547,0.2227,48.093,87.031,38.938,11.6755,0.3437,0
AGB-03,3582.0,96.39,2.2535,0.3779,3.073,1703.8,1.4754,0.4154,5.1,0,3,0.9054,0.2623,48.136,87.055,38.919,1.9657,0.4418,0
AGB-03,3583.0,81.02,2.273,0.3186,1.391,2191.6,3.5609,0.3728,6.12,0,3,0.7543,0.2465,48.179,87.079,38.9,4.9509,0.4037,0
AGB-03,3584.0,93.77,2.2485,0.34,1.839,2009.0,1.9722,0.4194,5.4,0,3,0.833,0.2656,48.222,87.104,38.882,2.653,0.4437,0
AGB-03,3585.0,83.8,2.2503,0.328,1.664,2055.6,2.3323,0.4032,5.91,0,3,0.8215,0.2577,48.265,87.128,38.863,3.1599,0.4345,0
AGB-03,3586.0,95.3,2.2392,0.3751,2.589,1739.3,1.6006,0.3945,4.41,0,3,0.8494,0.2722,48.308,87.152,38.844,2.1376,0.4384,0
AGB-03,3587.0,95.38,2.2676,0.3632,1.728,1925.9,2.1647,0.4031,3.75,0,3,0.8444,0.2547,48.352,87.177,38.825,2.923,0.4309,0
AGB-03,3588.0,95.18,2.2265,0.3705,2.405,1780.3,1.4636,0.4132,3.71,0,3,0.8742,0.2807,48.395,87.201,38.806,1.9495,0.4472,0
AGB-03,3589.0,93.96,2.2121,0.388,1.449,1856.4,1.459,0.42,4.09,0,3,0.8319,0.2879,48.438,87.225,38.787,1.9431,0.45,0
AGB-03,3590.0,93.88,2.2454,0.3847,1.947,1682.7,1.4687,0.3923,4.38,0,3,0.911,0.2773,48.482,87.25,38.768,1.9565,0.4402,0
AGB-03,3591.0,96.89,2.188,0.3562,2.359,1877.1,1.4446,0.42,3.9,0,3,0.8562,0.2951,48.525,87.274,38.749,1.9235,0.45,0
AGB-03,3592.0,100.25,2.2189,0.3604,2.025,1814.4,1.4609,0.4097,4.18,0,3,0.8689,0.276,48.568,87.298,38.73,1.9458,0.4494,0
AGB-03,3593.0,98.14,2.206,0.3873,2.393,1709.6,1.4456,0.42,3.88,0,3,0.8862,0.2784,48.612,87.322,38.711,1.9249,0.4423,0
AGB-03,3594.0,87.54,2.2315,0.3469,1.706,1774.8,2.0359,0.3763,4.6,0,3,0.8244,0.2651,48.655,87.347,38.691,2.7425,0.4204,0
AGB-03,3595.0,93.27,2.2352,0.3329,1.658,1942.4,2.4336,0.3873,5.55,0,3,0.8019,0.2607,48.699,87.371,38.672,3.3045,0.42,0
AGB-03,3596.0,98.87,2.1922,0.3563,2.221,1602.2,1.4278,0.394,4.36,0,3,0.9039,0.282,48.743,87.395,38.653,1.9009,0.4332,0
AGB-03,3597.0,88.08,2.2536,0.349,1.603,1971.7,1.8756,0.4163,5.18,0,3,0.851,0.2621,48.786,87.42,38.633,2.5189,0.4448,0
AGB-03,3598.0,98.12,2.2316,0.3587,2.635,1710.4,1.4617,0.3908,3.85,0,3,0.8898,0.2749,48.83,87.444,38.614,1.9474,0.4423,0
AGB-03,3599.0,99.06,2.2416,0.3415,1.898,1578.5,1.4566,0.395,4.48,0,3,0.943,0.2754,48.874,87.468,38.595,1.9406,0.4309,0
AGB-03,3600.0,94.76,2.2319,0.3515,1.66,1859.5,1.6476,0.4164,5.34,0,3,0.8564,0.2677,48.918,87.493,38.575,2.2032,0.4452,0
AGB-03,3601.0,91.16,2.2489,0.3407,1.12,1834.7,2.1656,0.406,5.15,0,3,0.8214,0.2623,48.961,87.517,38.555,2.9258,0.4213,0
AGB-03,3602.0,94.21,2.2733,0.317,1.955,2006.7,2.6392,0.4046,5.99,0,3,0.8253,0.2464,49.005,87.541,38.536,3.6004,0.4196,0
AGB-03,3603.0,98.86,2.189,0.3901,1.707,1593.5,1.4243,0.403,3.74,0,3,0.9212,0.2949,49.049,87.566,38.516,1.8969,0.4324,0
AGB-03,3604.0,93.2,2.165,0.3428,1.953,1658.8,1.4146,0.4091,5.29,0,3,0.8942,0.2903,49.093,87.59,38.497,1.8839,0.4382,0
AGB-03,3605.0,91.15,2.2638,0.3345,3.303,1932.3,1.9921,0.3958,4.56,0,3,0.854,0.2568,49.137,87.614,38.477,2.6831,0.438,0
AGB-03,3606.0,95.1,2.228,0.3486,2.681,1804.3,1.4648,0.4096,3.86,0,3,0.8482,0.2814,49.181,87.638,38.457,1.9529,0.4488,0
AGB-03,3607.0,95.75,2.2543,0.3893,1.927,1629.8,1.4685,0.4025,4.31,0,3,0.8907,0.2697,49.225,87.663,38.437,1.9581,0.4357,0
AGB-03,3608.0,90.4,2.2329,0.3265,2.99,2050.6,2.5468,0.3955,5.74,0,3,0.8072,0.2551,49.27,87.687,38.417,3.4697,0.4255,0
AGB-03,3609.0,95.3,2.2579,0.3383,2.293,1936.0,1.4908,0.42,5.37,0,3,0.9145,0.2546,49.314,87.711,38.398,1.9891,0.45,0
AGB-03,3610.0,97.36,2.2612,0.3489,1.25,2062.7,2.2536,0.4109,4.63,0,3,0.8499,0.2495,49.358,87.736,38.378,3.0527,0.438,0
AGB-03,3611.0,93.84,2.2462,0.3498,2.5,1863.9,1.7091,0.4135,4.15,0,3,0.8601,0.2642,49.402,87.76,38.358,2.2905,0.4434,0
AGB-03,3612.0,94.8,2.2163,0.3483,3.158,1798.5,1.4561,0.4182,5.05,0,3,0.8865,0.2669,49.447,87.784,38.338,1.9421,0.4484,0
AGB-03,3613.0,95.89,2.2159,0.3694,1.724,1738.8,1.4517,0.4164,4.63,0,3,0.8607,0.2741,49.491,87.809,38.318,1.9364,0.4444,0
AGB-03,3614.0,96.2,2.2454,0.3533,1.938,1841.9,1.7263,0.42,4.96,0,3,0.8647,0.2616,49.535,87.833,38.297,2.3152,0.4411,0
AGB-03,3615.0,100.59,2.2348,0.3632,2.1,1713.6,1.4616,0.4028,4.73,0,3,0.9142,0.2782,49.58,87.857,38.277,1.9504,0.4426,0
AGB-03,3616.0,96.82,2.219,0.361,3.112,1697.7,1.4502,0.4037,4.52,0,3,0.9024,0.2747,49.624,87.881,38.257,1.9351,0.4414,0
AGB-03,3617.0,97.35,2.2445,0.3684,1.0,1857.6,1.9073,0.4117,5.28,0,3,0.8253,0.2699,49.669,87.906,38.237,2.568,0.4347,0
AGB-03,3618.0,95.67,2.1602,0.3909,1.908,1587.7,1.4034,0.4008,4.08,0,3,0.8763,0.2922,49.714,87.93,38.217,1.8713,0.4318,0
AGB-03,3619.0,102.77,2.1752,0.4052,2.899,1450.0,1.3974,0.38,3.27,0,3,0.9758,0.3027,49.758,87.954,38.196,1.8634,0.416,0
AGB-03,3620.0,99.33,2.2442,0.3514,1.304,2120.6,2.1677,0.4093,4.64,0,3,0.8213,0.263,49.803,87.979,38.176,2.935,0.444,0
AGB-03,3621.0,27.16,2.3808,0.1549,2.725,4059.2,14.0469,0.2056,15.93,1,0,0.1067,0.1753,49.848,88.003,38.155,34.5732,0.2157,0
AGB-03,3622.0,32.96,2.398,0.1497,1.194,4245.9,14.074,0.2047,18.44,0,0,0.0769,0.1668,49.892,88.027,38.135,37.8049,0.2211,0
AGB-03,3623.0,32.48,2.3867,0.1616,1.115,4016.8,14.0673,0.1659,16.12,0,0,0.0573,0.1828,49.937,88.052,38.114,35.3177,0.1839,0
AGB-03,3624.0,26.98,2.36,0.1426,1.92,4301.3,14.069,0.2022,19.68,0,0,0.052,0.1745,49.982,88.076,38.094,37.7234,0.229,0
AGB-03,3625.0,36.23,2.3651,0.2141,1.928,3932.5,13.4784,0.2465,12.02,0,0,0.2022,0.1891,50.027,88.1,38.073,29.057,0.2733,0
AGB-03,3626.0,29.8,2.3743,0.1629,1.415,4161.4,14.073,0.1757,17.76,0,0,0.0479,0.1758,50.072,88.124,38.053,37.0501,0.199,0
AGB-03,3627.0,37.77,2.3383,0.1913,1.437,3921.2,13.6588,0.2214,13.44,0,0,0.1523,0.1902,50.117,88.149,38.032,30.3369,0.2431,0
AGB-03,3628.0,24.93,2.3666,0.1828,2.633,4126.6,14.0687,0.1513,17.18,0,0,0.0447,0.1798,50.162,88.173,38.011,36.4401,0.1962,0
AGB-03,3629.0,21.58,2.4045,0.1477,4.096,4390.0,13.8638,0.1808,18.83,0,0,0.0339,0.1607,50.207,88.197,37.99,40.9906,0.2131,0
AGB-03,3630.0,38.19,2.3548,0.2062,1.873,3966.8,13.7523,0.218,14.62,0,0,0.153,0.1856,50.252,88.222,37.97,31.1565,0.2451,0
AGB-03,3631.0,32.66,2.3556,0.1906,1.854,4085.2,13.8906,0.2162,14.02,0,0,0.1387,0.182,50.297,88.246,37.949,32.5761,0.253,0
AGB-03,3632.0,31.59,2.3912,0.1629,2.802,4078.0,13.9861,0.2137,18.23,0,0,0.1512,0.1672,50.343,88.27,37.928,33.9828,0.2357,0
AGB-03,3633.0,38.45,2.3522,0.1957,1.949,4043.9,13.9335,0.2051,12.8,0,0,0.0932,0.1902,50.388,88.295,37.907,33.1836,0.2299,0
AGB-03,3634.0,30.84,2.3912,0.1645,2.094,4301.4,14.0116,0.182,18.26,0,0,0.0625,0.1666,50.433,88.319,37.886,38.5583,0.2233,0
AGB-03,3635.0,25.81,2.3536,0.1739,1.603,4101.4,14.0413,0.1828,18.16,0,0,0.0593,0.1791,50.478,88.343,37.865,35.6402,0.1998,0
AGB-03,3636.0,28.47,2.3828,0.1614,1.525,4237.5,14.0423,0.1794,14.85,0,0,0.058,0.1759,50.524,88.368,37.844,37.3045,0.2231,0
AGB-03,3637.0,38.52,2.3477,0.177,1.448,4161.6,13.9898,0.2301,17.88,0,0,0.1064,0.1793,50.569,88.392,37.823,34.2665,0.2438,0
AGB-03,3638.0,98.55,2.2137,0.3864,2.709,1791.0,1.4499,0.4052,4.06,0,3,0.9005,0.269,50.615,88.416,37.801,1.9392,0.4479,0
AGB-03,3639.0,93.97,2.2207,0.32,2.232,1738.2,1.615,0.4154,4.09,0,3,0.8549,0.2683,50.66,88.44,37.78,2.1672,0.4367,0
AGB-03,3640.0,99.74,2.2226,0.3857,2.531,1651.3,1.4452,0.4028,4.08,0,3,0.8904,0.2825,50.706,88.465,37.759,1.9331,0.4376,0
AGB-03,3641.0,100.56,2.2655,0.3458,1.628,1831.1,1.7091,0.4134,4.16,0,3,0.879,0.2569,50.752,88.489,37.738,2.2979,0.4414,0
AGB-03,3642.0,89.66,2.2287,0.3435,1.846,1928.1,2.137,0.3988,4.18,0,3,0.8055,0.2686,50.797,88.513,37.716,2.8979,0.4304,0
AGB-03,3643.0,94.94,2.2464,0.3539,1.578,1910.9,1.5566,0.4072,4.28,0,3,0.8749,0.2641,50.843,88.538,37.695,2.0868,0.45,0
AGB-03,3644.0,101.44,2.1634,0.3916,2.594,1665.6,1.4087,0.4093,3.57,0,3,0.9207,0.2895,50.889,88.562,37.673,1.8832,0.4388,0
AGB-03,3645.0,89.39,2.2521,0.3424,2.489,2065.1,2.5808,0.4168,6.21,0,3,0.8229,0.248,50.934,88.586,37.652,3.5319,0.426,0
AGB-03,3646.0,100.79,2.1959,0.362,2.384,1770.0,1.4367,0.4101,4.59,0,3,0.862,0.279,50.98,88.611,37.63,1.9217,0.4466,0
AGB-03,3647.0,88.85,2.2366,0.3512,2.154,2012.3,2.2824,0.3963,5.79,0,3,0.8101,0.2622,51.026,88.635,37.609,3.1047,0.432,0
AGB-03,3648.0,89.02,2.2393,0.3107,2.346,1985.9,2.6258,0.386,5.19,0,3,0.7775,0.2631,51.072,88.659,37.587,3.597,0.416,0
AGB-03,3649.0,88.11,2.1942,0.3564,1.902,1717.6,1.432,0.4034,4.08,0,3,0.864,0.2919,51.118,88.683,37.565,1.9154,0.4429,0
AGB-03,3650.0,92.51,2.2207,0.339,2.393,1893.6,2.0432,0.4001,5.07,0,3,0.8083,0.2704,51.164,88.708,37.544,2.7658,0.4309,0
AGB-03,3651.0,93.67,2.23,0.3617,2.765,1872.6,1.7196,0.3941,5.26,0,3,0.8336,0.273,51.21,88.732,37.522,2.313,0.4429,0
AGB-03,3652.0,90.53,2.2256,0.3196,2.509,1812.1,1.5985,0.4144,4.33,0,3,0.867,0.2646,51.256,88.756,37.5,2.145,0.4434,0
AGB-03,3653.0,85.92,2.224,0.3224,2.455,2042.1,2.6162,0.4013,5.51,0,3,0.785,0.2602,51.302,88.781,37.478,3.5831,0.4214,0
AGB-03,3654.0,94.64,2.2493,0.3605,1.57,1917.3,1.9675,0.419,4.75,0,3,0.8372,0.263,51.349,88.805,37.456,2.6593,0.437,0
AGB-03,3655.0,93.04,2.2066,0.3645,2.576,1645.0,1.4343,0.4133,4.36,0,3,0.8684,0.2891,51.395,88.829,37.434,1.9184,0.4371,0
AGB-03,3656.0,96.57,2.2348,0.3685,3.487,1826.2,1.465,0.42,4.44,0,3,0.9217,0.2701,51.441,88.854,37.412,1.9606,0.45,0
AGB-03,3657.0,93.65,2.2225,0.3525,1.487,1985.0,2.1498,0.4025,4.86,0,3,0.8214,0.2618,51.487,88.878,37.39,2.9162,0.4343,0
AGB-03,3658.0,85.87,2.2509,0.3179,1.722,2061.1,2.9456,0.3884,6.51,0,3,0.8057,0.2426,51.534,88.902,37.368,4.0621,0.4114,0
AGB-03,3659.0,92.49,2.2107,0.344,2.931,1816.0,1.4491,0.42,4.57,0,3,0.8525,0.2806,51.58,88.927,37.346,1.9387,0.4495,0
AGB-03,3660.0,97.27,2.2272,0.3745,2.224,1738.8,1.4547,0.4009,4.17,0,3,0.8876,0.2801,51.627,88.951,37.324,1.9463,0.4444,0
AGB-03,3661.0,101.11,2.1984,0.3737,1.29,1585.6,1.424,0.3937,4.0,0,3,0.9103,0.278,51.673,88.975,37.302,1.9041,0.4316,0
AGB-03,3662.0,97.48,2.2049,0.3913,1.948,1507.0,1.42,0.3887,5.0,0,3,0.8957,0.291,51.72,88.999,37.28,1.8985,0.4232,0
AGB-03,3663.0,96.02,2.1925,0.3668,1.373,1676.6,1.4282,0.4128,2.92,0,3,0.8535,0.3011,51.766,89.024,37.257,1.9097,0.4397,0
AGB-03,3664.0,91.94,2.215,0.3631,1.384,1974.3,2.1029,0.4066,5.57,0,3,0.8296,0.26,51.813,89.048,37.235,2.8495,0.435,0
AGB-03,3665.0,91.31,2.253,0.3344,1.718,1835.6,1.8607,0.4046,5.76,0,3,0.8616,0.2573,51.86,89.072,37.213,2.509,0.4349,0
AGB-03,3666.0,90.03,2.1932,0.3514,1.303,1803.5,1.4485,0.4005,3.36,0,3,0.831,0.2836,51.906,89.097,37.19,1.9376,0.4483,0
AGB-03,3667.0,88.06,2.2222,0.3604,1.187,1801.0,1.7605,0.3989,4.5,0,3,0.8098,0.28,51.953,89.121,37.168,2.3692,0.4353,0
AGB-03,3668.0,95.57,2.1819,0.3814,2.942,1450.0,1.3987,0.359,3.5,0,3,0.9658,0.3011,52.0,89.145,37.145,1.8692,0.416,0
AGB-03,3669.0,94.19,2.2123,0.3362,1.239,1833.6,2.0376,0.4002,5.44,0,3,0.8116,0.2686,52.047,89.17,37.123,2.7572,0.4253,0
AGB-03,3670.0,93.61,2.2581,0.3532,2.136,1893.1,1.8685,0.4004,4.77,0,3,0.8397,0.2657,52.094,89.194,37.1,2.5199,0.4394,0
AGB-03,3671.0,98.11,2.1496,0.3726,3.132,1450.0,1.3786,0.368,3.1,0,3,0.9545,0.3028,52.141,89.218,37.077,1.8414,0.416,0
AGB-03,3672.0,90.37,2.2255,0.3658,1.101,1640.4,1.4463,0.4018,3.75,0,3,0.8349,0.2847,52.188,89.242,37.055,1.9344,0.4367,0
AGB-03,3673.0,94.39,2.2139,0.3732,1.676,1480.9,1.4227,0.3917,4.93,0,3,0.9057,0.2931,52.235,89.267,37.032,1.902,0.42,0
AGB-03,3674.0,92.87,2.2366,0.3271,2.183,1886.8,1.5535,0.42,4.44,0,3,0.8734,0.2643,52.282,89.291,37.009,2.0821,0.45,0
AGB-03,3675.0,101.5,2.1591,0.3831,1.117,1617.5,1.4023,0.3913,3.23,0,3,0.8556,0.3057,52.329,89.315,36.986,1.874,0.4346,0
AGB-03,3676.0,97.38,2.1931,0.3707,1.626,1719.9,1.4319,0.42,5.18,0,3,0.9067,0.2897,52.376,89.34,36.964,1.9147,0.443,0
AGB-03,3677.0,91.82,2.2179,0.3519,1.591,1624.5,1.44,0.4075,4.06,0,3,0.8795,0.2944,52.423,89.364,36.941,1.9258,0.4353,0
AGB-03,3678.0,93.13,2.2056,0.3568,1.128,1752.5,1.6233,0.3935,4.61,0,3,0.8311,0.2764,52.471,89.388,36.918,2.1788,0.437,0
AGB-03,3679.0,88.14,2.2224,0.3654,1.14,1799.6,1.5118,0.4064,5.23,0,3,0.8592,0.2707,52.518,89.413,36.895,2.0249,0.4461,0
AGB-03,3680.0,96.82,2.2051,0.3807,2.855,1781.6,1.4434,0.42,3.8,0,3,0.8767,0.2785,52.565,89.437,36.872,1.9308,0.4473,0
AGB-03,3681.0,92.9,2.2396,0.3445,1.156,1918.3,1.9149,0.42,4.81,0,3,0.8103,0.2747,52.613,89.461,36.848,2.5853,0.4388,0
AGB-03,3682.0,95.56,2.2465,0.3209,3.07,1745.7,1.7452,0.3983,4.89,0,3,0.8661,0.2592,52.66,89.485,36.825,2.3485,0.432,0
AGB-03,3683.0,95.35,2.2298,0.3531,3.746,1686.9,1.4523,0.4134,4.54,0,3,0.9438,0.2724,52.708,89.51,36.802,1.9433,0.4405,0
AGB-03,3684.0,95.08,2.1519,0.4004,0.986,1463.7,1.3813,0.3929,3.82,0,3,0.8684,0.3087,52.755,89.534,36.779,1.8458,0.4178,0
AGB-03,3685.0,93.03,2.2193,0.3699,2.496,1615.5,1.4396,0.4103,4.87,0,3,0.9162,0.2762,52.803,89.558,36.756,1.926,0.4345,0
AGB-03,3686.0,95.42,2.2222,0.3694,2.999,1763.0,1.4528,0.4132,4.93,0,3,0.8796,0.2781,52.85,89.583,36.732,1.9442,0.4461,0
AGB-03,3687.0,91.96,2.1739,0.3765,1.895,1768.5,1.4223,0.4137,3.13,0,3,0.8421,0.2948,52.898,89.607,36.709,1.9024,0.4465,0
AGB-03,3688.0,92.33,2.1959,0.4015,2.043,1640.3,1.4268,0.3874,3.76,0,3,0.8852,0.2966,52.946,89.631,36.686,1.9086,0.4367,0
AGB-03,3689.0,95.89,2.2202,0.3549,1.366,1691.9,1.4462,0.401,4.67,0,3,0.8793,0.2728,52.994,89.656,36.662,1.9355,0.4409,0
AGB-03,3690.0,93.71,2.221,0.371,2.266,1669.3,1.4449,0.3936,4.14,0,3,0.8802,0.2765,53.041,89.68,36.639,1.9338,0.4391,0
AGB-03,3691.0,93.76,2.231,0.3831,1.587,1961.2,1.469,0.4102,4.07,0,3,0.866,0.2747,53.089,89.704,36.615,1.967,0.45,0
AGB-03,3692.0,92.48,2.2184,0.3648,2.544,1685.6,1.4444,0.3991,4.1,0,3,0.8509,0.2793,53.137,89.729,36.591,1.9333,0.4404,0
AGB-03,3693.0,97.36,2.2149,0.3586,2.274,1627.4,1.4374,0.42,4.68,0,3,0.9159,0.2829,53.185,89.753,36.568,1.9236,0.4355,0
AGB-03,3694.0,98.33,2.1951,0.3776,1.363,1460.5,1.4073,0.3856,3.04,0,3,0.9056,0.293,53.233,89.777,36.544,1.8823,0.4174,0
AGB-03,3695.0,89.28,2.2475,0.3502,1.47,1882.2,2.0668,0.4166,4.76,0,3,0.8258,0.2631,53.281,89.801,36.52,2.8008,0.4299,0
AGB-03,3696.0,86.76,2.2047,0.3564,2.158,2034.3,1.855,0.42,4.86,0,3,0.8195,0.2725,53.329,89.826,36.497,2.5032,0.4477,0
AGB-03,3697.0,90.88,2.264,0.3523,1.34,1922.9,1.9018,0.3984,5.0,0,3,0.8236,0.2706,53.377,89.85,36.473,2.5689,0.4404,0
AGB-03,3698.0,96.31,2.1821,0.357,1.825,1787.1,1.428,0.42,4.36,0,3,0.8319,0.291,53.425,89.874,36.449,1.9112,0.4477,0
AGB-03,3699.0,86.82,2.2436,0.3418,2.289,1969.3,2.8768,0.3783,4.67,0,3,0.7501,0.2647,53.474,89.899,36.425,3.9647,0.4031,0
AGB-03,3700.0,90.06,2.2081,0.3799,1.873,1775.7,1.4437,0.4169,4.87,0,3,0.8422,0.283,53.522,89.923,36.401,1.9329,0.4469,0
AGB-03,3701.0,95.83,2.2135,0.3724,2.285,1623.3,1.4357,0.3842,3.99,0,3,0.9106,0.2748,53.57,89.947,36.377,1.9219,0.4352,0
AGB-03,3702.0,100.0,2.2416,0.3456,4.522,1919.5,1.6578,0.3979,5.26,0,3,0.8841,0.2559,53.618,89.972,36.353,2.2289,0.4486,0
AGB-03,3703.0,92.82,2.2281,0.3423,1.046,1742.4,1.7324,0.4003,4.89,0,3,0.8281,0.2736,53.667,89.996,36.329,2.3328,0.4315,0
AGB-03,3704.0,95.58,2.2092,0.3544,1.226,1684.4,1.4379,0.4126,4.12,0,3,0.8605,0.2886,53.715,90.02,36.305,1.9251,0.4403,0
AGB-03,3705.0,103.07,2.1973,0.3854,2.819,1528.7,1.4162,0.3918,3.9,0,3,0.9442,0.2974,53.764,90.044,36.281,1.8952,0.4257,0
AGB-03,3706.0,94.81,2.2196,0.3684,3.651,1545.9,1.432,0.4112,3.63,0,3,0.946,0.2827,53.812,90.069,36.256,1.917,0.4275,0
AGB-03,3707.0,98.97,2.2585,0.343,2.468,1775.1,1.4756,0.42,4.08,0,3,0.8683,0.272,53.861,90.093,36.232,1.977,0.4469,0
AGB-03,3708.0,99.56,2.2241,0.3279,2.416,1734.8,1.451,0.42,4.45,0,3,0.893,0.2727,53.909,90.117,36.208,1.9431,0.4441,0
AGB-03,3709.0,91.71,2.2275,0.3151,2.212,1908.3,2.187,0.3845,4.88,0,3,0.79,0.2718,53.958,90.142,36.184,2.9717,0.4263,0
AGB-03,3710.0,97.42,2.2117,0.3682,2.254,1677.3,1.439,0.42,4.05,0,3,0.8895,0.2819,54.007,90.166,36.159,1.9265,0.4398,0
AGB-03,3711.0,98.52,2.2411,0.3536,1.664,1803.8,1.4665,0.4121,3.99,0,3,0.8884,0.2681,54.056,90.19,36.135,1.9644,0.4488,0
AGB-03,3712.0,91.17,2.2123,0.3619,1.921,1788.4,1.4472,0.4087,5.24,0,3,0.8711,0.2686,54.104,90.215,36.11,1.9378,0.4478,0
AGB-03,3713.0,95.04,2.2171,0.3581,1.93,1845.5,1.482,0.4189,4.71,0,3,0.8503,0.275,54.153,90.239,36.086,1.9856,0.45,0
AGB-03,3714.0,92.22,2.213,0.353,1.023,1827.7,1.5785,0.4048,4.22,0,3,0.8285,0.2793,54.202,90.263,36.061,2.1188,0.4449,0
AGB-03,3715.0,37.88,2.3256,0.175,2.65,4028.6,13.9034,0.1931,16.95,0,0,0.1044,0.1767,54.251,90.287,36.036,33.2498,0.2161,0
AGB-03,3716.0,23.29,2.3703,0.1377,1.977,4252.3,13.9606,0.1757,16.98,0,0,0.02,0.1686,54.3,90.312,36.012,38.8756,0.1936,0
AGB-03,3717.0,40.34,2.3474,0.1771,1.724,3996.6,13.7253,0.2407,12.6,1,0,0.1544,0.1815,54.349,90.336,35.987,31.2496,0.2499,0
AGB-03,3718.0,26.15,2.3853,0.1529,2.175,4109.2,14.0175,0.1557,19.37,0,0,0.02,0.18,54.398,90.36,35.962,37.0649,0.1807,0
AGB-03,3719.0,25.62,2.3679,0.1831,1.596,4082.6,14.0116,0.1842,17.66,0,0,0.048,0.1822,54.447,90.385,35.938,35.5531,0.1993,0
AGB-03,3720.0,30.3,2.3067,0.1791,0.863,4049.7,13.8948,0.189,13.33,0,0,0.0629,0.1932,54.496,90.409,35.913,33.0456,0.2218,0
AGB-03,3721.0,22.14,2.3516,0.1675,2.024,4170.3,14.0215,0.1788,20.3,0,0,0.0311,0.1745,54.546,90.433,35.888,37.1011,0.1935,0
AGB-03,3722.0,37.32,2.3538,0.1969,2.102,4008.8,13.7896,0.2108,14.68,0,0,0.1421,0.1816,54.595,90.458,35.863,31.8008,0.2452,0
AGB-03,3723.0,29.95,2.3448,0.1494,2.157,4138.1,14.0007,0.2161,14.99,0,0,0.0663,0.1823,54.644,90.482,35.838,34.943,0.2243,0
AGB-03,3724.0,32.56,2.3483,0.1787,0.947,3913.3,13.793,0.1737,13.48,0,0,0.1057,0.1886,54.693,90.506,35.813,31.8069,0.2132,0
AGB-03,3725.0,23.61,2.3741,0.1385,2.902,4427.0,13.8537,0.2061,23.71,0,0,0.0344,0.1571,54.743,90.531,35.788,40.6704,0.2214,0
AGB-03,3726.0,69.95,2.2771,0.2779,1.85,2982.5,8.5491,0.3037,6.66,0,2,0.468,0.2262,54.792,90.555,35.763,13.7045,0.3293,0
AGB-03,3727.0,69.84,2.3051,0.2914,1.228,2714.9,7.2958,0.3085,6.31,0,2,0.5409,0.23,54.842,90.579,35.738,11.2261,0.3357,0
AGB-03,3728.0,67.55,2.3071,0.2498,2.026,2928.1,7.7988,0.3153,8.27,0,2,0.54,0.2205,54.891,90.603,35.712,12.1892,0.3525,0
AGB-03,3729.0,64.55,2.2871,0.2922,0.802,2645.4,7.6187,0.2749,7.51,0,2,0.4996,0.2334,54.941,90.628,35.687,11.839,0.3015,0
AGB-03,3730.0,69.76,2.265,0.2676,1.2,2616.0,6.5634,0.3256,5.64,0,2,0.5393,0.2463,54.99,90.652,35.662,9.8826,0.3446,0
AGB-03,3731.0,72.58,2.2787,0.2787,1.622,2763.0,7.8284,0.2832,7.77,0,2,0.4889,0.2339,55.04,90.676,35.636,12.2439,0.3178,0
AGB-03,3732.0,65.38,2.2661,0.2938,1.443,2836.5,7.2021,0.3295,9.05,0,2,0.5343,0.2344,55.09,90.701,35.611,11.0463,0.3562,0
AGB-03,3733.0,66.13,2.2999,0.2772,1.178,2701.8,7.5152,0.2923,6.02,0,2,0.5011,0.2383,55.139,90.725,35.586,11.6364,0.3224,0
AGB-03,3734.0,76.1,2.2472,0.3055,1.292,2311.2,4.9872,0.3346,4.17,1,2,0.5921,0.2646,55.189,90.749,35.56,7.2025,0.3583,0
AGB-03,3735.0,66.89,2.2822,0.281,2.164,2668.0,6.5124,0.3263,7.17,0,2,0.5653,0.2396,55.239,90.774,35.535,9.7889,0.3574,0
AGB-03,3736.0,70.53,2.2888,0.2763,1.081,2619.7,6.5172,0.3159,7.37,0,2,0.5976,0.2267,55.289,90.798,35.509,9.7968,0.3498,0
AGB-03,3737.0,64.78,2.2836,0.2716,0.971,2820.9,7.4976,0.3181,6.98,0,2,0.506,0.2381,55.339,90.822,35.483,11.6003,0.3443,0
AGB-03,3738.0,64.79,2.2944,0.2707,1.54,2906.6,7.7938,0.3264,7.33,0,2,0.5007,0.2343,55.389,90.846,35.458,12.1709,0.3482,0
AGB-03,3739.0,62.78,2.2987,0.2312,0.767,3156.7,9.6917,0.294,9.87,0,2,0.4381,0.2101,55.439,90.871,35.432,16.2063,0.3162,0
AGB-03,3740.0,71.68,2.2762,0.2877,2.745,2604.3,6.7676,0.3057,6.55,0,2,0.5804,0.2251,55.489,90.895,35.406,10.2438,0.3346,0
AGB-03,3741.0,68.05,2.2984,0.2755,1.188,2921.0,7.9645,0.319,6.96,0,2,0.5205,0.2226,55.539,90.919,35.38,12.5041,0.3446,0
AGB-03,3742.0,67.71,2.232,0.2958,1.121,2385.8,5.138,0.3309,6.09,0,2,0.587,0.2623,55.589,90.944,35.355,7.4454,0.3631,0
AGB-03,3743.0,68.62,2.2288,0.2894,0.796,2620.3,6.181,0.3287,6.63,0,2,0.5495,0.2505,55.639,90.968,35.329,9.2026,0.3578,0
AGB-03,3744.0,70.32,2.319,0.2566,1.263,2887.3,8.1841,0.3135,8.35,0,2,0.5046,0.2235,55.689,90.992,35.303,12.9408,0.3323,0
AGB-03,3745.0,72.85,2.3006,0.2814,1.159,2664.7,7.0092,0.304,8.06,0,2,0.5725,0.2242,55.74,91.017,35.277,10.6822,0.3384,0
AGB-03,3746.0,70.67,2.2625,0.3057,0.908,2337.7,5.3464,0.316,6.39,0,2,0.5899,0.2562,55.79,91.041,35.251,7.787,0.3475,0
AGB-03,3747.0,70.5,2.2769,0.3027,1.151,2757.7,6.6636,0.3342,5.88,0,2,0.5469,0.2434,55.84,91.065,35.225,10.0539,0.3649,0
AGB-03,3748.0,70.22,2.3093,0.2783,0.873,2763.3,7.3122,0.3251,6.42,0,2,0.5362,0.2322,55.891,91.09,35.199,11.2442,0.3446,0
AGB-03,3749.0,67.72,2.2963,0.2603,1.537,2905.1,7.9937,0.3147,6.74,0,2,0.5056,0.2269,55.941,91.114,35.172,12.5581,0.3407,0
AGB-03,3750.0,69.86,2.2753,0.3065,0.765,2558.1,5.8249,0.3326,5.87,0,2,0.5944,0.245,55.992,91.138,35.146,8.5883,0.3662,0
AGB-03,3751.0,71.19,2.2672,0.3087,1.26,2544.7,6.2868,0.3099,6.05,0,2,0.5568,0.2459,56.042,91.162,35.12,9.3848,0.344,0
AGB-03,3752.0,62.65,2.2687,0.29,0.989,2804.6,7.2528,0.3241,6.87,0,2,0.5212,0.2374,56.093,91.187,35.094,11.1317,0.3497,0
AGB-03,3753.0,79.84,2.2766,0.2768,1.576,2600.2,6.1715,0.3225,7.26,0,2,0.6203,0.2261,56.144,91.211,35.067,9.1835,0.3594,0
AGB-03,3754.0,63.42,2.3067,0.2743,1.229,3095.9,8.1906,0.3325,7.69,0,2,0.5174,0.2208,56.194,91.235,35.041,12.9497,0.3632,0
AGB-03,3755.0,69.86,2.2736,0.3259,1.804,2631.3,6.0955,0.3382,6.3,0,2,0.5782,0.2446,56.245,91.26,35.015,9.0513,0.3668,0
AGB-03,3756.0,70.88,2.2565,0.2674,0.769,2756.8,7.6699,0.3084,6.76,0,2,0.4924,0.2348,56.296,91.284,34.988,11.9225,0.3215,0
AGB-03,3757.0,65.23,2.2756,0.2676,0.833,2641.0,7.5152,0.2841,6.06,0,2,0.483,0.2414,56.347,91.308,34.962,11.6255,0.3049,0
AGB-03,3758.0,68.28,2.2435,0.3005,1.639,2622.3,5.9278,0.3369,5.02,0,2,0.5321,0.2649,56.398,91.333,34.935,8.7623,0.3691,0
AGB-03,3759.0,66.38,2.2631,0.2917,0.551,2689.6,6.4467,0.3262,6.32,0,2,0.5543,0.2443,56.448,91.357,34.908,9.6645,0.3616,0
AGB-03,3760.0,67.97,2.2794,0.2725,1.461,2748.2,7.1052,0.3059,6.77,0,2,0.54,0.2338,56.499,91.381,34.882,10.8547,0.3473,0
AGB-03,3761.0,69.31,2.2336,0.316,0.754,2520.9,5.2141,0.3456,6.18,0,2,0.6011,0.2561,56.55,91.405,34.855,7.5664,0.3803,0
AGB-03,3762.0,76.71,2.278,0.2838,1.121,2804.9,6.772,0.3326,8.39,0,2,0.5564,0.2372,56.601,91.43,34.828,10.2447,0.3679,0
AGB-03,3763.0,72.73,2.232,0.2922,1.023,2530.3,5.9614,0.3176,5.47,0,2,0.5484,0.2555,56.653,91.454,34.802,8.8186,0.3522,0
AGB-03,3764.0,65.63,2.2659,0.2848,1.215,2720.8,7.4522,0.2865,6.05,0,2,0.4843,0.2439,56.704,91.478,34.775,11.5031,0.3255,0
AGB-03,3765.0,74.26,2.2534,0.3005,1.36,2562.6,6.0626,0.339,5.99,0,2,0.5734,0.2449,56.755,91.503,34.748,8.992,0.3556,0
AGB-03,3766.0,55.33,2.3357,0.2369,1.628,3375.0,11.523,0.278,10.34,0,1,0.3136,0.207,56.806,91.527,34.721,21.0356,0.2754,0
AGB-03,3767.0,41.53,2.3431,0.1854,1.871,3718.6,13.0421,0.226,16.07,0,1,0.2284,0.1875,56.857,91.551,34.694,26.7199,0.2555,0
AGB-03,3768.0,46.2,2.35,0.1886,1.29,3710.9,12.9454,0.2601,11.03,0,1,0.2156,0.1982,56.909,91.576,34.667,26.2634,0.2634,0
AGB-03,3769.0,41.36,2.3355,0.1939,1.481,3972.7,13.3462,0.2508,11.21,0,1,0.2034,0.189,56.96,91.6,34.64,28.3108,0.2874,0
AGB-03,3770.0,63.24,2.2929,0.3036,1.328,2867.3,7.3704,0.3442,7.45,0,2,0.5391,0.2296,57.011,91.624,34.613,11.3466,0.3576,0
AGB-03,3771.0,75.84,2.2066,0.323,1.355,2316.8,4.6145,0.3292,5.65,0,2,0.6067,0.2671,57.063,91.648,34.586,6.5973,0.3727,0
AGB-03,3772.0,68.91,2.2492,0.31,1.057,2656.6,7.0092,0.2821,7.45,0,2,0.503,0.2465,57.114,91.673,34.558,10.6739,0.331,0
AGB-03,3773.0,68.36,2.2596,0.2971,0.922,2814.1,6.9703,0.3264,6.08,0,2,0.5085,0.249,57.166,91.697,34.531,10.6026,0.3609,0
AGB-03,3774.0,69.26,2.295,0.257,1.2,2850.0,7.4572,0.3176,7.26,0,2,0.5399,0.2267,57.218,91.721,34.504,11.5096,0.3521,0
AGB-03,3775.0,75.54,2.2278,0.2874,1.189,2391.1,4.7709,0.3469,5.0,0,2,0.6321,0.2547,57.269,91.746,34.476,6.8461,0.379,0
AGB-03,3776.0,65.5,2.2854,0.2543,1.202,3173.7,9.1251,0.3112,8.53,0,2,0.4549,0.2185,57.321,91.77,34.449,14.9032,0.3409,0
AGB-03,3777.0,63.04,2.2947,0.2741,1.256,2888.3,7.9677,0.3185,6.92,0,2,0.4883,0.2332,57.373,91.794,34.422,12.497,0.3388,0
AGB-03,3778.0,67.78,2.2681,0.2511,1.146,3065.8,8.5981,0.2919,7.13,0,2,0.4762,0.2216,57.424,91.819,34.394,13.7756,0.3413,0
AGB-03,3779.0,76.07,2.2622,0.2957,0.73,2558.2,5.8068,0.3478,7.01,0,2,0.5925,0.2449,57.476,91.843,34.367,8.5518,0.3659,0
AGB-03,3780.0,74.72,2.2619,0.2903,1.211,2630.2,5.5594,0.3559,5.57,0,2,0.5972,0.2506,57.528,91.867,34.339,8.1351,0.3844,0
AGB-03,3781.0,68.71,2.2448,0.2959,1.095,2841.0,6.9034,0.3436,6.57,0,2,0.5314,0.2412,57.58,91.892,34.312,10.4793,0.3657,0
AGB-03,3782.0,77.64,2.2817,0.2837,1.12,2550.2,5.9158,0.3376,6.8,0,2,0.5924,0.2429,57.632,91.916,34.284,8.7376,0.3621,0
AGB-03,3783.0,68.71,2.3084,0.2903,1.334,2655.2,7.486,0.2683,7.57,0,2,0.5075,0.2352,57.684,91.94,34.256,11.5637,0.3149,0
AGB-03,3784.0,75.85,2.2818,0.3089,1.366,2624.6,6.3982,0.315,6.74,0,2,0.5663,0.2407,57.736,91.964,34.228,9.5749,0.355,0
AGB-03,3785.0,69.77,2.2938,0.259,0.806,2820.6,7.5763,0.3186,7.35,0,2,0.5436,0.2212,57.788,91.989,34.201,11.7368,0.3425,0
AGB-03,3786.0,72.1,2.2864,0.2898,1.599,2792.9,7.3314,0.3062,6.69,0,2,0.5167,0.2372,57.84,92.013,34.173,11.2726,0.3467,0
AGB-03,3787.0,61.61,2.222,0.3304,0.7,2616.1,5.7461,0.3293,4.57,0,2,0.5067,0.2776,57.892,92.037,34.145,8.4502,0.3732,0
AGB-03,3788.0,72.84,2.2479,0.3124,1.537,2682.3,6.089,0.3378,7.35,0,2,0.5632,0.2488,57.945,92.062,34.117,9.0366,0.3722,0
AGB-03,3789.0,67.1,2.3106,0.2733,1.675,2881.7,7.8161,0.3081,8.16,0,2,0.5255,0.2238,57.997,92.086,34.089,12.2021,0.3452,0
AGB-03,3790.0,62.01,2.3007,0.2642,1.322,2943.1,9.0539,0.258,7.68,0,2,0.4184,0.2299,58.049,92.11,34.061,14.7518,0.3012,0
AGB-03,3791.0,65.36,2.2904,0.2741,1.426,2949.8,8.7523,0.291,7.77,0,2,0.4635,0.2209,58.102,92.135,34.033,14.1048,0.3161,0
AGB-03,3792.0,81.79,2.2371,0.3004,1.024,2630.0,6.3939,0.316,6.03,0,2,0.5336,0.2502,58.154,92.159,34.005,9.5704,0.3517,0
AGB-03,3793.0,70.25,2.2722,0.2728,1.434,2831.2,6.8099,0.328,6.83,0,2,0.5272,0.2466,58.207,92.183,33.977,10.3141,0.3697,0
AGB-03,3794.0,76.48,2.2409,0.2984,1.579,2408.0,5.0302,0.3364,5.82,0,2,0.5967,0.2614,58.259,92.207,33.948,7.267,0.372,0
AGB-03,3795.0,63.17,2.3012,0.2619,1.531,2938.9,7.9324,0.3333,7.33,0,2,0.5157,0.2244,58.312,92.232,33.92,12.4354,0.3491,0
AGB-03,3796.0,63.82,2.2704,0.2777,1.857,2923.0,8.0516,0.3065,7.73,0,2,0.4954,0.2262,58.364,92.256,33.892,12.6727,0.3386,0
AGB-03,3797.0,70.4,2.2522,0.2927,0.951,2531.6,5.8559,0.3434,5.54,0,2,0.5516,0.2577,58.417,92.28,33.864,8.6416,0.3587,0
AGB-03,3798.0,66.56,2.2747,0.2832,1.714,2725.1,6.7968,0.3325,6.69,0,2,0.5183,0.2488,58.47,92.305,33.835,10.2945,0.3549,0
AGB-03,3799.0,70.73,2.2693,0.3086,1.174,2521.9,6.0015,0.3125,6.96,0,2,0.5808,0.2432,58.522,92.329,33.807,8.8923,0.3525,0
AGB-03,3800.0,66.6,2.2226,0.3034,0.968,2609.1,5.9909,0.3343,4.56,0,2,0.5127,0.268,58.575,92.353,33.778,8.8747,0.3629,0
AGB-03,3801.0,31.15,2.3526,0.1517,2.294,4089.3,14.0416,0.1622,20.01,0,0,0.0734,0.1649,58.628,92.378,33.75,35.668,0.194,0
AGB-03,3802.0,27.31,2.3471,0.1992,1.96,3935.0,13.9244,0.161,16.06,0,0,0.0701,0.1833,58.681,92.402,33.721,33.1426,0.189,0
AGB-03,3803.0,25.04,2.3269,0.163,2.635,4198.4,14.0212,0.225,15.65,1,0,0.0645,0.1791,58.734,92.426,33.693,35.0283,0.2361,0
AGB-03,3804.0,29.94,2.3527,0.176,1.405,4019.5,13.9589,0.1944,12.58,0,0,0.0674,0.1852,58.787,92.451,33.664,33.721,0.211,0
AGB-03,3805.0,28.13,2.3331,0.1526,3.222,4037.4,13.9842,0.1969,16.14,0,0,0.0486,0.1843,58.84,92.475,33.635,34.212,0.2004,0
AGB-03,3806.0,30.22,2.3818,0.1517,1.546,4138.3,14.026,0.2073,17.42,0,0,0.0694,0.1784,58.893,92.499,33.606,35.3809,0.2265,0
AGB-03,3807.0,31.11,2.3793,0.1616,2.274,4305.5,14.0234,0.2214,15.46,0,0,0.0594,0.1665,58.946,92.523,33.578,37.7831,0.2343,0
AGB-03,3808.0,29.73,2.3898,0.1794,2.828,4110.4,14.0196,0.19,19.7,0,0,0.0623,0.1818,58.999,92.548,33.549,35.2613,0.222,0
AGB-03,3809.0,24.91,2.3831,0.1478,3.168,4257.1,14.0104,0.1897,17.84,0,0,0.0331,0.1705,59.052,92.572,33.52,38.1061,0.2149,0
AGB-03,3810.0,33.68,2.3635,0.1883,1.774,3865.7,13.703,0.1957,14.52,0,0,0.1146,0.1908,59.105,92.596,33.491,30.9458,0.2198,0
AGB-03,3811.0,34.0,2.3598,0.184,2.003,3998.9,13.9611,0.1762,14.85,0,0,0.0776,0.1776,59.159,92.621,33.462,33.9588,0.2001,0
AGB-03,3812.0,35.97,2.3724,0.1606,1.239,4093.5,13.981,0.2061,18.7,0,0,0.1006,0.1727,59.212,92.645,33.433,34.3809,0.2283,0
AGB-03,3813.0,33.82,2.3579,0.1807,1.817,4040.4,13.9442,0.1981,13.33,0,0,0.0718,0.1855,59.265,92.669,33.404,33.7106,0.2201,0
AGB-03,3814.0,37.05,2.3519,0.1877,1.981,3848.6,13.5237,0.2229,12.94,0,0,0.1503,0.1897,59.319,92.694,33.375,29.6225,0.2387,0
AGB-03,3815.0,39.2,2.3287,0.1662,2.368,3827.5,13.5054,0.2137,12.67,0,0,0.154,0.1849,59.372,92.718,33.346,29.5069,0.2283,0
AGB-03,3816.0,38.07,2.3606,0.184,2.143,3917.8,13.7825,0.1945,15.99,0,0,0.1369,0.1754,59.426,92.742,33.316,31.7433,0.2198,0
AGB-03,3817.0,34.91,2.3435,0.1877,0.986,3829.4,13.614,0.2112,14.44,0,0,0.1237,0.1891,59.479,92.766,33.287,30.2992,0.2155,0
AGB-03,3818.0,33.91,2.3179,0.1843,1.006,3918.5,13.73,0.2003,14.41,1,0,0.0831,0.195,59.533,92.791,33.258,31.2632,0.218,0
AGB-03,3819.0,30.23,2.3347,0.1675,1.783,3887.5,13.7781,0.1811,16.03,0,0,0.1006,0.1828,59.587,92.815,33.229,31.7235,0.2008,0
AGB-03,3820.0,33.12,2.3559,0.1945,2.967,4021.4,13.7313,0.2363,13.53,0,0,0.128,0.1891,59.64,92.839,33.199,31.2891,0.2576,0
AGB-03,3821.0,25.86,2.3357,0.1953,1.643,3882.4,13.7988,0.1651,12.87,0,0,0.0704,0.1911,59.694,92.864,33.17,31.9517,0.1931,0
AGB-03,3822.0,35.66,2.3425,0.2029,1.767,3821.1,13.5508,0.1902,14.71,0,0,0.1257,0.1928,59.748,92.888,33.14,29.8594,0.2222,0
AGB-03,3823.0,36.44,2.3201,0.1865,2.17,3965.5,13.8039,0.2003,14.31,0,0,0.0914,0.1861,59.802,92.912,33.111,32.0122,0.2188,0
AGB-03,3824.0,31.96,2.3631,0.1812,1.504,4049.7,13.85,0.2241,14.77,1,0,0.1068,0.1861,59.855,92.937,33.081,32.5306,0.2461,0
AGB-03,3825.0,31.52,2.3798,0.1703,1.884,4183.0,14.0122,0.2024,13.45,0,0,0.0617,0.1784,59.909,92.961,33.051,35.7856,0.2323,0
AGB-03,3826.0,30.36,2.3531,0.1813,2.439,4053.4,13.9062,0.2038,16.42,0,0,0.087,0.184,59.963,92.985,33.022,33.2767,0.2313,0
AGB-03,3827.0,23.0,2.379,0.1631,1.789,4268.1,13.9851,0.1842,16.87,0,0,0.02,0.1724,60.017,93.009,32.992,38.3017,0.2137,0
AGB-03,3828.0,43.2,2.35,0.2065,1.498,3652.5,12.9015,0.2299,13.66,0,1,0.2188,0.1919,60.071,93.034,32.962,26.2266,0.2479,0
AGB-03,3829.0,43.97,2.3261,0.1851,1.165,3685.8,13.0136,0.2119,13.08,0,1,0.1879,0.1958,60.126,93.058,32.933,26.7568,0.2412,0
AGB-03,3830.0,51.88,2.2917,0.2466,0.889,3198.6,10.6391,0.253,8.87,0,1,0.3161,0.2231,60.18,93.082,32.903,18.5985,0.274,0
AGB-03,3831.0,41.12,2.3483,0.222,0.663,3750.2,13.0476,0.2327,11.59,0,1,0.1969,0.1966,60.234,93.107,32.873,26.9222,0.2613,0
AGB-03,3832.0,45.91,2.3334,0.2238,1.027,3554.5,12.1972,0.2508,12.9,0,1,0.2687,0.2001,60.288,93.131,32.843,23.3663,0.2743,0
AGB-03,3833.0,51.39,2.3203,0.2223,1.138,3391.3,11.3073,0.2535,10.17,0,1,0.2946,0.2175,60.342,93.155,32.813,20.4669,0.288,0
AGB-03,3834.0,43.22,2.3095,0.2134,0.967,3312.1,11.4005,0.2308,9.35,0,1,0.2677,0.2199,60.397,93.18,32.783,20.744,0.2591,0
AGB-03,3835.0,48.66,2.3411,0.1851,1.562,3592.9,12.8835,0.2098,12.26,0,1,0.2037,0.1939,60.451,93.204,32.753,26.1306,0.2285,0
AGB-03,3836.0,47.07,2.3085,0.2272,1.089,3517.4,12.0409,0.2522,9.25,0,1,0.2383,0.2139,60.506,93.228,32.723,22.8057,0.271,0
AGB-03,3837.0,42.61,2.3017,0.228,2.297,3415.4,11.5399,0.2325,9.23,0,1,0.2711,0.2166,60.56,93.253,32.692,21.1657,0.2767,0
AGB-03,3838.0,42.91,2.2946,0.224,1.004,3355.9,11.1701,0.2602,9.0,0,1,0.302,0.2155,60.615,93.277,32.662,20.0581,0.2832,0
AGB-03,3839.0,40.35,2.3391,0.1849,1.832,3794.3,13.2593,0.2288,12.71,0,1,0.1933,0.186,60.669,93.301,32.632,28.0023,0.2512,0
AGB-03,3840.0,52.77,2.344,0.2133,1.292,3471.2,11.8916,0.2315,11.4,0,1,0.2914,0.2019,60.724,93.325,32.602,22.2874,0.2763,0
AGB-03,3841.0,53.33,2.3237,0.2436,1.257,3404.8,11.5402,0.2445,9.81,0,1,0.2986,0.208,60.778,93.35,32.571,21.1569,0.2783,0
AGB-03,3842.0,47.9,2.3169,0.2206,1.572,3443.7,11.8018,0.2497,9.85,0,1,0.2687,0.2099,60.833,93.374,32.541,21.9863,0.27,0
AGB-03,3843.0,44.5,2.3299,0.2029,1.17,3662.8,12.7226,0.2374,12.52,0,1,0.2237,0.1971,60.888,93.398,32.51,25.3902,0.263,0
AGB-03,3844.0,36.32,2.3261,0.2172,1.127,3555.4,12.5958,0.2033,11.16,0,1,0.2099,0.203,60.943,93.423,32.48,24.8581,0.242,0
AGB-03,3845.0,43.18,2.3161,0.2401,1.256,3327.4,11.514,0.242,8.35,0,1,0.2705,0.2156,60.998,93.447,32.449,21.0663,0.2574,0
AGB-03,3846.0,48.39,2.2917,0.2146,1.046,3601.2,12.1075,0.2427,9.32,0,1,0.2503,0.2076,61.052,93.471,32.419,23.0095,0.2843,0
AGB-03,3847.0,47.29,2.3219,0.2116,1.765,3675.4,12.5402,0.2229,11.15,0,1,0.2454,0.1971,61.107,93.496,32.388,24.6209,0.2785,0
AGB-03,3848.0,90.14,2.177,0.3713,1.759,1648.4,1.4161,0.4044,3.94,0,3,0.8503,0.2941,61.162,93.52,32.357,1.8932,0.4374,0
AGB-03,3849.0,91.04,2.1845,0.3737,1.563,1693.8,1.4245,0.4137,3.86,0,3,0.844,0.2889,61.217,93.544,32.327,1.9045,0.4411,0
AGB-03,3850.0,94.88,2.1573,0.3921,1.367,1625.4,1.402,0.42,3.25,0,3,0.809,0.32,61.272,93.568,32.296,1.8734,0.4353,0
AGB-03,3851.0,92.06,2.1909,0.3817,1.362,1630.9,1.4238,0.42,4.41,0,3,0.8513,0.2907,61.328,93.593,32.265,1.9032,0.4358,0
AGB-03,3852.0,97.96,2.162,0.3907,1.306,1515.2,1.3944,0.3739,3.21,0,3,0.8452,0.3118,61.383,93.617,32.234,1.8628,0.4241,0
AGB-03,3853.0,88.3,2.2083,0.3608,1.586,1962.9,2.1923,0.3983,4.79,0,3,0.7763,0.2746,61.438,93.641,32.203,2.9749,0.4304,0
AGB-03,3854.0,91.3,2.1998,0.3774,2.204,1658.1,1.4319,0.4026,4.3,0,3,0.8478,0.2902,61.493,93.666,32.172,1.914,0.4382,0
AGB-03,3855.0,94.77,2.2117,0.3666,1.926,1757.0,1.4469,0.4085,4.55,0,3,0.8722,0.2856,61.549,93.69,32.141,1.9344,0.4457,0
AGB-03,3856.0,87.65,2.2326,0.3269,1.719,2000.8,2.4702,0.4009,5.67,0,3,0.7784,0.265,61.604,93.714,32.11,3.3701,0.4237,0
AGB-03,3857.0,98.02,2.1747,0.3658,1.615,1666.9,1.4171,0.4151,3.82,0,3,0.8569,0.2958,61.659,93.739,32.079,1.8932,0.4389,0
AGB-03,3858.0,98.27,2.2477,0.3597,1.664,1706.6,1.4818,0.4159,4.67,0,3,0.8604,0.27,61.715,93.763,32.048,1.9819,0.4413,0
AGB-03,3859.0,89.44,2.1523,0.3832,1.52,1555.6,1.3933,0.3911,3.46,0,3,0.8438,0.3158,61.77,93.787,32.017,1.8602,0.4286,0
AGB-03,3860.0,92.39,2.1721,0.3618,1.956,1482.8,1.3979,0.382,3.39,0,3,0.8471,0.2915,61.826,93.812,31.986,1.8663,0.4202,0
AGB-03,3861.0,88.45,2.1995,0.3699,1.863,1806.1,1.443,0.4169,3.86,0,3,0.8483,0.2867,61.881,93.836,31.954,1.928,0.4489,0
AGB-03,3862.0,105.05,2.1483,0.3956,2.207,1450.0,1.3792,0.3842,3.12,0,3,0.9491,0.3146,61.937,93.86,31.923,1.8403,0.416,0
AGB-03,3863.0,98.75,2.1858,0.3922,2.365,1454.3,1.4033,0.3837,4.11,0,3,0.9021,0.2937,61.993,93.884,31.892,1.8732,0.4166,0
AGB-03,3864.0,91.69,2.1891,0.3692,1.158,1452.7,1.4053,0.3678,3.56,0,3,0.8848,0.2963,62.048,93.909,31.86,1.8758,0.4163,0
AGB-03,3865.0,85.97,2.2246,0.3515,1.62,2110.9,2.4189,0.3953,5.36,0,3,0.78,0.2663,62.104,93.933,31.829,3.294,0.4345,0
AGB-03,3866.0,100.43,2.1306,0.403,2.838,1450.0,1.3686,0.4005,3.68,0,3,0.9401,0.3085,62.16,93.957,31.797,1.8252,0.416,0
AGB-03,3867.0,100.61,2.176,0.394,3.682,1450.0,1.3971,0.3715,2.87,0,3,0.9444,0.3047,62.216,93.982,31.766,1.8641,0.416,0
AGB-03,3868.0,81.19,2.1495,0.3879,1.653,1624.3,1.399,0.4102,3.61,0,3,0.7906,0.3078,62.272,94.006,31.734,1.8665,0.4352,0
AGB-03,3869.0,95.46,2.1621,0.4083,2.139,1526.0,1.3976,0.3977,3.34,0,3,0.871,0.3059,62.328,94.03,31.703,1.8645,0.4253,0
AGB-03,3870.0,94.59,2.2171,0.349,2.389,1900.8,1.7289,0.4177,4.01,0,3,0.8221,0.2743,62.384,94.055,31.671,2.321,0.4443,0
AGB-03,3871.0,92.04,2.1987,0.3627,1.614,1567.0,1.4252,0.3992,3.6,0,3,0.8489,0.3052,62.44,94.079,31.639,1.9019,0.4297,0
AGB-03,3872.0,92.74,2.172,0.3692,2.093,1481.7,1.3991,0.4056,3.91,0,3,0.8602,0.2904,62.496,94.103,31.607,1.8661,0.4201,0
AGB-03,3873.0,88.75,2.1896,0.3732,1.576,1798.8,1.7247,0.4004,4.56,0,3,0.8294,0.2705,62.552,94.127,31.575,2.3147,0.4358,0
AGB-03,3874.0,92.44,2.1841,0.3595,1.652,1568.4,1.4164,0.393,3.66,0,3,0.8565,0.2991,62.608,94.152,31.544,1.8895,0.4299,0
AGB-03,3875.0,99.96,2.2223,0.3413,1.813,1716.6,1.4533,0.4095,4.4,0,3,0.8605,0.283,62.664,94.176,31.512,1.9399,0.4428,0
AGB-03,3876.0,92.46,2.2328,0.3459,1.106,1756.8,2.0293,0.3881,5.56,0,3,0.7983,0.2718,62.721,94.2,31.48,2.7392,0.4185,0
AGB-03,3877.0,95.94,2.1849,0.3559,2.017,1748.6,1.4319,0.4165,4.08,0,3,0.8269,0.2974,62.777,94.225,31.448,1.9102,0.4451,0
AGB-03,3878.0,90.32,2.2456,0.3245,1.375,1822.2,2.4231,0.3816,4.64,0,3,0.7892,0.2617,62.833,94.249,31.416,3.2963,0.4068,0
AGB-03,3879.0,91.55,2.1982,0.355,1.195,1830.9,1.4457,0.42,3.66,0,3,0.8079,0.2912,62.89,94.273,31.383,1.9289,0.45,0
AGB-03,3880.0,104.08,2.138,0.412,4.316,1450.0,1.3747,0.3873,2.91,0,3,0.98,0.3256,62.946,94.298,31.351,1.8316,0.416,0
AGB-03,3881.0,100.86,2.1758,0.3896,2.759,1553.7,1.4104,0.3997,4.01,0,3,0.8624,0.2909,63.003,94.322,31.319,1.8803,0.4284,0
AGB-03,3882.0,96.96,2.1564,0.4175,2.251,1450.0,1.3864,0.3696,2.84,0,3,0.8651,0.3153,63.059,94.346,31.287,1.8473,0.416,0
AGB-03,3883.0,88.65,2.1822,0.3857,1.491,1541.9,1.4134,0.4009,3.41,0,3,0.8303,0.3013,63.116,94.37,31.255,1.8841,0.4271,0
AGB-03,3884.0,98.3,2.1816,0.419,2.936,1450.0,1.4023,0.3835,3.83,0,3,0.9342,0.3112,63.173,94.395,31.222,1.8689,0.416,0
AGB-03,3885.0,98.38,2.1559,0.3938,2.012,1450.0,1.3863,0.3922,3.01,0,3,0.9047,0.3138,63.229,94.419,31.19,1.8469,0.416,0
AGB-03,3886.0,93.46,2.206,0.3645,1.473,1773.5,1.4478,0.42,3.71,0,3,0.8304,0.2921,63.286,94.443,31.157,1.9309,0.4468,0
AGB-03,3887.0,91.57,2.2034,0.3777,1.811,1824.3,1.4493,0.42,4.02,0,3,0.8035,0.298,63.343,94.468,31.125,1.933,0.45,0
AGB-03,3888.0,91.3,2.1904,0.3403,1.505,1844.3,1.8647,0.4082,4.73,0,3,0.793,0.279,63.4,94.492,31.092,2.5071,0.4335,0
AGB-03,3889.0,92.9,2.2256,0.3379,2.162,1653.5,1.5357,0.4174,4.23,0,3,0.8462,0.2721,63.457,94.516,31.06,2.0515,0.4334,0
AGB-03,3890.0,90.76,2.1874,0.4127,1.685,1646.6,1.4268,0.4065,3.65,0,3,0.8562,0.3004,63.513,94.541,31.027,1.902,0.4372,0
AGB-03,3891.0,94.2,2.1955,0.3756,1.173,1658.6,1.433,0.4012,4.4,0,3,0.8503,0.2918,63.57,94.565,30.995,1.9104,0.4382,0
AGB-03,3892.0,93.39,2.1733,0.3513,1.566,1621.1,1.4157,0.4178,4.19,0,3,0.8603,0.2895,63.627,94.589,30.962,1.8868,0.435,0
AGB-03,3893.0,90.23,2.1508,0.3712,1.264,1714.8,1.4088,0.4157,3.2,0,3,0.835,0.3,63.684,94.614,30.929,1.8772,0.4427,0
AGB-03,3894.0,97.99,2.1924,0.3842,3.184,1621.5,1.4279,0.4007,3.66,0,3,0.8425,0.2963,63.742,94.638,30.896,1.9034,0.435,0
AGB-03,3895.0,94.52,2.1181,0.4102,2.933,1450.0,1.3629,0.3864,2.56,0,3,0.903,0.3252,63.799,94.662,30.863,1.8145,0.416,0
AGB-03,3896.0,92.23,2.1482,0.3889,1.658,1578.0,1.3959,0.3877,3.18,0,3,0.8294,0.3119,63.856,94.686,30.83,1.8596,0.4309,0
AGB-03,3897.0,97.39,2.1822,0.3952,1.387,1688.2,1.4269,0.42,3.17,0,3,0.8368,0.3027,63.913,94.711,30.798,1.902,0.4406,0
AGB-03,3898.0,72.52,2.2778,0.2803,1.32,2478.9,5.8278,0.3352,6.33,0,2,0.5924,0.2411,63.971,94.735,30.765,8.5676,0.354,0
AGB-03,3899.0,69.2,2.2563,0.2993,1.172,2848.4,7.791,0.304,7.19,0,2,0.4842,0.2324,64.028,94.759,30.731,12.1181,0.3352,0
AGB-03,3900.0,66.72,2.2188,0.3025,0.566,2562.9,6.0342,0.3388,5.12,0,2,0.5179,0.2614,64.085,94.784,30.698,8.9198,0.354,0
AGB-03,3901.0,66.45,2.2379,0.3038,1.235,2399.4,6.2898,0.2618,5.9,0,2,0.4848,0.2644,64.143,94.808,30.665,9.3621,0.3076,0
AGB-03,3902.0,78.62,2.2599,0.3108,1.289,2412.3,5.5278,0.317,5.31,0,2,0.5817,0.2516,64.2,94.832,30.632,8.0643,0.3536,0
AGB-03,3903.0,36.57,2.3405,0.2104,1.738,3833.4,13.5407,0.2017,13.66,0,0,0.1211,0.1981,64.258,94.857,30.599,29.234,0.2389,0
AGB-03,3904.0,30.47,2.3468,0.215,1.454,3832.5,13.6206,0.2025,11.55,0,0,0.1134,0.1955,64.315,94.881,30.566,29.7669,0.2293,0
AGB-03,3905.0,27.23,2.3402,0.1515,1.594,4162.8,14.079,0.1916,15.96,0,0,0.0322,0.1893,64.373,94.905,30.532,34.6782,0.2354,0
AGB-03,3906.0,29.9,2.3374,0.1678,1.631,4003.6,13.9726,0.1937,14.75,0,0,0.0857,0.1779,64.431,94.929,30.499,32.9234,0.2178,0
AGB-03,3907.0,25.94,2.3569,0.2146,2.358,4049.9,14.0239,0.2137,15.24,0,0,0.0589,0.186,64.488,94.954,30.465,33.6556,0.224,0
AGB-03,3908.0,31.19,2.3516,0.1975,1.69,3813.7,13.7476,0.1773,14.66,0,0,0.0901,0.1915,64.546,94.978,30.432,30.7249,0.2015,0
AGB-03,3909.0,27.47,2.3625,0.1788,2.006,3954.9,14.0683,0.1263,12.57,0,0,0.0298,0.1791,64.604,95.002,30.398,34.4779,0.167,0
AGB-03,3910.0,30.85,2.3216,0.1681,0.921,3969.0,13.9923,0.1681,15.38,0,0,0.0388,0.1865,64.662,95.027,30.365,33.206,0.1927,0
AGB-03,3911.0,31.73,2.3593,0.1743,2.118,4104.5,14.059,0.1948,16.29,0,0,0.076,0.1758,64.72,95.051,30.331,34.3003,0.2297,0
AGB-03,3912.0,26.75,2.3389,0.1427,1.811,4150.4,14.1124,0.1811,18.65,0,0,0.02,0.1772,64.778,95.075,30.298,35.9984,0.2057,0
AGB-03,3913.0,21.89,2.3073,0.1633,1.265,4049.3,13.9734,0.1993,14.17,0,0,0.0419,0.1918,64.836,95.1,30.264,32.9691,0.2234,0
AGB-03,3914.0,34.85,2.3342,0.1853,2.06,3887.7,13.8028,0.1771,14.28,0,0,0.0988,0.1845,64.894,95.124,30.23,31.2007,0.2132,0
AGB-03,3915.0,25.73,2.337,0.2042,1.878,3949.1,13.9776,0.1778,12.92,0,0,0.02,0.1968,64.952,95.148,30.196,33.0295,0.1944,0
AGB-03,3916.0,24.06,2.3673,0.1713,2.064,4275.6,14.1122,0.2079,15.89,0,0,0.02,0.1757,65.01,95.173,30.163,37.3373,0.2299,0
AGB-03,3917.0,27.55,2.3089,0.2069,1.983,3757.0,13.4108,0.2137,12.43,0,0,0.1112,0.2008,65.068,95.197,30.129,28.4664,0.2219,0
AGB-03,3918.0,30.9,2.3008,0.2026,1.008,3799.0,13.537,0.1771,13.4,0,0,0.0787,0.205,65.126,95.221,30.095,29.2337,0.2165,0
AGB-03,3919.0,27.07,2.2984,0.1919,2.014,3858.0,13.627,0.1899,11.32,1,0,0.0728,0.2033,65.185,95.245,30.061,29.8326,0.223,0
AGB-03,3920.0,35.63,2.3827,0.1772,2.22,3861.0,13.6523,0.213,11.52,0,0,0.1578,0.1816,65.243,95.27,30.027,30.0062,0.2425,0
AGB-03,3921.0,26.59,2.3275,0.2001,1.463,3960.1,13.7771,0.2073,14.71,0,0,0.0841,0.1962,65.301,95.294,29.993,30.9652,0.24,0
AGB-03,3922.0,30.14,2.3186,0.1869,1.327,3816.0,13.6712,0.1753,12.38,0,0,0.0782,0.1974,65.36,95.318,29.959,30.1365,0.2064,0
AGB-03,3923.0,26.98,2.3292,0.1738,1.884,3877.0,13.9162,0.1494,14.77,0,0,0.0576,0.1838,65.418,95.343,29.924,32.2589,0.1796,0
AGB-03,3924.0,30.67,2.3321,0.1767,2.318,3820.6,13.5897,0.1961,12.79,0,0,0.1222,0.1904,65.477,95.367,29.89,29.5522,0.2259,0
AGB-03,3925.0,24.5,2.3539,0.1557,1.422,4073.9,14.0895,0.1926,13.14,0,0,0.02,0.1865,65.535,95.391,29.856,34.8736,0.2064,0
AGB-03,3926.0,35.11,2.3631,0.1821,1.561,3889.1,13.8353,0.1802,11.42,0,0,0.097,0.1865,65.594,95.416,29.822,31.422,0.2175,0
AGB-03,3927.0,31.99,2.3403,0.1869,1.307,3847.7,13.6515,0.2011,14.15,0,0,0.1191,0.1896,65.652,95.44,29.787,29.9492,0.2287,0
AGB-03,3928.0,36.34,2.3244,0.2048,0.897,3730.0,13.2116,0.2164,11.37,0,0,0.1455,0.2018,65.711,95.464,29.753,27.334,0.2422,0
AGB-03,3929.0,33.74,2.2678,0.2091,1.005,3658.4,12.9872,0.2028,9.37,0,0,0.1027,0.2193,65.77,95.488,29.719,26.246,0.2284,0
AGB-03,3930.0,32.12,2.3416,0.1854,2.435,3753.3,13.6398,0.1753,14.73,0,0,0.1011,0.1909,65.829,95.513,29.684,29.8291,0.1961,0
AGB-03,3931.0,28.29,2.3569,0.1645,1.983,3807.9,13.8484,0.1742,12.23,0,0,0.0587,0.1925,65.888,95.537,29.649,31.4489,0.1808,0
AGB-03,3932.0,32.85,2.3236,0.1963,1.383,3693.1,13.4694,0.1717,15.06,0,0,0.1322,0.186,65.946,95.561,29.615,28.7042,0.1948,0
AGB-03,3933.0,21.63,2.3194,0.1766,2.125,4047.3,14.0665,0.1818,13.53,0,0,0.0203,0.1882,66.005,95.586,29.58,33.9967,0.2045,0
AGB-03,3934.0,34.74,2.3111,0.1837,0.973,3887.5,13.6819,0.1969,13.97,1,0,0.0935,0.1956,66.064,95.61,29.546,30.0539,0.2315,0
AGB-03,3935.0,27.69,2.3713,0.1575,2.292,4030.1,14.0844,0.1745,15.05,0,0,0.0418,0.185,66.123,95.634,29.511,34.2127,0.21,0
AGB-03,3936.0,35.36,2.3581,0.179,1.446,3771.0,13.7798,0.1839,12.28,0,0,0.0706,0.194,66.182,95.659,29.476,30.7475,0.1841,0
AGB-03,3937.0,32.98,2.3532,0.1449,1.562,3937.9,13.8672,0.2155,13.82,0,0,0.0815,0.193,66.242,95.683,29.441,31.4615,0.2303,0
AGB-03,3938.0,38.5,2.3561,0.1972,1.531,3758.9,13.5699,0.206,12.34,0,0,0.1208,0.1937,66.301,95.707,29.406,29.2174,0.2186,0
AGB-03,3939.0,36.99,2.3376,0.1778,1.278,3748.2,13.5482,0.2037,14.89,0,0,0.1327,0.1874,66.36,95.731,29.371,29.061,0.2128,0
AGB-03,3940.0,37.03,2.3679,0.17,1.246,3874.9,13.8658,0.2004,13.23,0,0,0.0907,0.1886,66.419,95.756,29.337,31.3526,0.2153,0
AGB-03,3941.0,34.49,2.3573,0.177,1.52,3740.5,13.634,0.1755,14.58,0,0,0.112,0.1911,66.479,95.78,29.302,29.5671,0.2031,0
AGB-03,3942.0,34.39,2.3258,0.207,0.81,3848.6,13.6229,0.2086,11.06,0,0,0.096,0.201,66.538,95.804,29.266,29.4702,0.2351,0
AGB-03,3943.0,33.95,2.3132,0.1975,0.635,3809.5,13.6066,0.1886,12.68,0,0,0.0805,0.204,66.597,95.829,29.231,29.34,0.2214,0
AGB-03,3944.0,35.59,2.2875,0.2157,1.683,3578.3,12.7419,0.2271,8.75,0,0,0.1198,0.2259,66.657,95.853,29.196,25.0226,0.2359,0
AGB-03,3945.0,31.77,2.3392,0.1489,1.028,3916.2,13.8805,0.1956,15.99,0,0,0.0595,0.199,66.716,95.877,29.161,31.3089,0.2225,0
AGB-03,3946.0,25.67,2.3502,0.1888,2.776,4091.2,14.1022,0.2056,13.94,0,0,0.0632,0.1821,66.776,95.902,29.126,33.7497,0.2334,0
AGB-03,3947.0,23.68,2.3425,0.1907,1.393,3846.9,13.925,0.1383,11.87,0,0,0.044,0.1956,66.835,95.926,29.091,31.6329,0.1884,0
AGB-03,3948.0,35.39,2.3622,0.1569,2.451,4048.3,14.1483,0.1893,14.9,0,0,0.0306,0.1859,66.895,95.95,29.055,34.4025,0.2098,0
AGB-03,3949.0,23.82,2.3418,0.2201,1.507,3860.0,13.8105,0.1949,12.89,0,0,0.0603,0.2037,66.955,95.975,29.02,30.6009,0.2191,0
AGB-03,3950.0,24.76,2.3386,0.1765,3.019,4002.6,14.0812,0.1826,13.62,0,0,0.053,0.1842,67.014,95.999,28.984,33.1952,0.2119,0
AGB-03,3951.0,26.94,2.317,0.1734,1.634,3896.6,13.8289,0.1869,10.85,0,0,0.0678,0.1981,67.074,96.023,28.949,30.683,0.2229,0
AGB-03,3952.0,23.8,2.3192,0.1958,0.97,3852.8,13.8472,0.1726,12.07,0,0,0.0621,0.1959,67.134,96.047,28.913,30.7985,0.2047,0
AGB-03,3953.0,23.54,2.3014,0.1903,1.455,3733.6,13.6013,0.1573,10.52,0,0,0.0605,0.2066,67.194,96.072,28.878,29.0678,0.1945,0
AGB-03,3954.0,38.19,2.3357,0.1947,0.735,3652.6,13.1619,0.2026,10.85,0,0,0.1386,0.2076,67.254,96.096,28.842,26.7072,0.234,0
AGB-03,3955.0,29.45,2.2867,0.211,1.692,3807.3,13.3647,0.2146,10.26,1,0,0.112,0.2073,67.314,96.12,28.807,27.6946,0.2486,0
AGB-03,3956.0,27.76,2.3414,0.1976,2.356,3867.8,13.8289,0.2025,12.34,0,0,0.0654,0.2025,67.374,96.145,28.771,30.5372,0.2231,0
AGB-03,3957.0,27.1,2.3536,0.1723,1.253,3787.5,13.5532,0.2218,13.76,0,0,0.1244,0.199,67.434,96.169,28.735,28.6962,0.239,0
AGB-03,3958.0,30.55,2.3295,0.1667,1.344,3792.2,13.7201,0.1884,11.1,0,0,0.0792,0.2001,67.494,96.193,28.699,29.7158,0.2111,0
AGB-03,3959.0,39.51,2.318,0.2194,2.109,3574.7,13.0055,0.1959,10.39,0,0,0.1448,0.2074,67.554,96.218,28.663,25.9288,0.2204,0
AGB-03,3960.0,29.22,2.3141,0.1919,1.631,3882.2,13.7948,0.2057,12.35,0,0,0.0844,0.1958,67.614,96.242,28.627,30.1873,0.2278,0
AGB-03,3961.0,34.08,2.3051,0.1837,1.48,4027.1,14.0139,0.2184,13.35,0,0,0.0497,0.1954,67.675,96.266,28.592,31.9676,0.2353,0
AGB-03,3962.0,29.79,2.3472,0.1918,1.865,3930.0,13.9475,0.1997,13.71,0,0,0.061,0.1991,67.735,96.29,28.556,31.3353,0.2287,0
AGB-03,3963.0,33.32,2.327,0.2029,1.566,3889.7,13.8027,0.2318,12.93,0,0,0.0694,0.2039,67.795,96.315,28.519,30.1842,0.2338,0
AGB-03,3964.0,24.83,2.3467,0.1713,1.639,4035.8,14.1646,0.1964,17.28,0,0,0.0381,0.1875,67.856,96.339,28.483,33.6308,0.2169,0
AGB-03,3965.0,30.22,2.341,0.1786,1.308,3829.8,13.7511,0.1934,11.45,0,0,0.1009,0.1947,67.916,96.363,28.447,29.7955,0.2262,0
AGB-03,3966.0,23.09,2.3105,0.1753,0.645,4039.9,14.0142,0.2127,12.57,0,0,0.0535,0.1966,67.977,96.388,28.411,31.8449,0.2427,0
AGB-03,3967.0,37.37,2.2923,0.1988,1.26,3834.4,13.6826,0.1971,11.22,0,0,0.0649,0.2069,68.037,96.412,28.375,29.3203,0.2245,0
AGB-03,3968.0,30.96,2.3258,0.19,1.532,3805.9,13.5817,0.2221,12.62,1,0,0.1047,0.2027,68.098,96.436,28.339,28.6985,0.2376,0
AGB-03,3969.0,28.04,2.3133,0.2006,0.789,3709.2,13.4299,0.1825,11.83,0,0,0.1025,0.206,68.158,96.461,28.302,27.8517,0.2206,0
AGB-03,3970.0,29.8,2.3134,0.1979,1.275,3832.5,13.7246,0.1983,12.78,0,0,0.0902,0.1972,68.219,96.485,28.266,29.5598,0.2245,0
AGB-03,3971.0,28.11,2.3155,0.1865,1.628,3938.6,13.7182,0.2348,11.42,0,0,0.104,0.1988,68.28,96.509,28.229,29.511,0.2574,0
AGB-03,3972.0,42.86,2.2775,0.2176,0.907,3424.8,12.0399,0.2304,9.79,0,0,0.1997,0.2202,68.34,96.533,28.193,22.2493,0.2503,0
AGB-03,3973.0,27.5,2.3298,0.1649,1.396,3966.8,14.0822,0.181,12.75,0,0,0.0384,0.1934,68.401,96.558,28.156,32.4237,0.2132,0
AGB-03,3974.0,33.66,2.3027,0.2148,1.536,3593.8,12.9784,0.2086,10.03,0,0,0.1509,0.206,68.462,96.582,28.12,25.7059,0.2287,0
AGB-03,3975.0,33.94,2.3028,0.2114,1.758,3670.7,13.2296,0.1953,11.43,0,0,0.1171,0.2091,68.523,96.606,28.083,26.83,0.2285,0
AGB-03,3976.0,31.83,2.3131,0.1994,1.175,3819.2,13.7888,0.1659,13.32,0,0,0.0638,0.2007,68.584,96.631,28.047,29.9612,0.2103,0
AGB-03,3977.0,39.65,2.3271,0.2085,1.608,3565.4,13.2085,0.1887,11.94,0,0,0.1325,0.2003,68.645,96.655,28.01,26.729,0.1968,0
AGB-03,3978.0,33.48,2.3344,0.205,1.54,3773.0,13.7315,0.1961,10.2,0,0,0.0734,0.2019,68.706,96.679,27.973,29.5781,0.2086,0
AGB-03,3979.0,38.53,2.2615,0.2113,0.956,3438.0,11.9251,0.2264,7.67,0,1,0.1829,0.2298,68.767,96.704,27.936,21.877,0.2593,0
AGB-03,3980.0,39.11,2.3254,0.194,1.418,3620.9,12.8736,0.2286,12.29,0,1,0.1887,0.2014,68.828,96.728,27.9,25.2681,0.2529,0
AGB-03,3981.0,42.68,2.2697,0.2287,1.653,3493.8,11.7865,0.2341,8.69,0,1,0.2184,0.2249,68.89,96.752,27.863,21.4455,0.2843,0
AGB-03,3982.0,39.73,2.2734,0.2343,0.898,3279.1,11.2566,0.2495,7.17,0,1,0.2198,0.2362,68.951,96.777,27.826,19.8917,0.2621,0
AGB-03,3983.0,35.99,2.3197,0.2025,1.181,3539.5,12.9258,0.1929,9.2,0,1,0.1669,0.2009,69.012,96.801,27.789,25.4913,0.219,0
AGB-03,3984.0,44.59,2.2817,0.2309,0.597,3254.3,11.3145,0.2383,9.94,0,1,0.2489,0.2224,69.073,96.825,27.752,20.0585,0.2521,0
AGB-03,3985.0,56.78,2.2858,0.2377,0.982,3195.3,10.5634,0.2598,7.55,0,1,0.3108,0.2241,69.135,96.849,27.715,18.0546,0.2846,0
AGB-03,3986.0,43.75,2.3381,0.2111,1.261,3489.3,12.4756,0.2093,10.35,0,1,0.2003,0.2106,69.196,96.874,27.678,23.7547,0.2493,0
AGB-03,3987.0,39.46,2.2994,0.2169,1.338,3422.4,12.2745,0.2223,9.76,0,1,0.185,0.2168,69.258,96.898,27.64,23.0483,0.2349,0
AGB-03,3988.0,45.78,2.2819,0.2222,1.988,3369.3,11.1531,0.261,7.25,0,1,0.2642,0.2269,69.319,96.922,27.603,19.6167,0.2929,0
AGB-03,3989.0,46.51,2.2583,0.2551,1.259,3145.7,10.2509,0.2619,8.38,0,1,0.2725,0.2444,69.381,96.947,27.566,17.2884,0.2846,0
AGB-03,3990.0,55.17,2.2447,0.2667,1.312,3040.5,9.5784,0.2686,6.45,0,1,0.3135,0.2457,69.442,96.971,27.529,15.7187,0.2928,0
AGB-03,3991.0,42.52,2.2867,0.2491,0.91,3352.1,11.5989,0.2338,8.22,0,1,0.2199,0.2268,69.504,96.995,27.491,20.9047,0.2622,0
AGB-03,3992.0,36.38,2.2692,0.1956,1.395,3538.1,12.511,0.2236,9.03,0,1,0.146,0.2223,69.566,97.02,27.454,23.9107,0.2445,0
AGB-03,3993.0,32.95,2.3047,0.2228,1.53,3649.2,12.804,0.2208,10.44,0,1,0.1686,0.2096,69.628,97.044,27.416,25.0412,0.2608,0
AGB-03,3994.0,42.47,2.3247,0.2274,1.458,3481.4,12.01,0.2651,9.33,0,1,0.2339,0.2148,69.689,97.068,27.379,22.192,0.2771,0
AGB-03,3995.0,45.99,2.2934,0.2466,0.747,3247.7,10.9284,0.2513,8.68,0,1,0.2873,0.2222,69.751,97.092,27.341,19.0272,0.2776,0
AGB-03,3996.0,60.11,2.2457,0.2741,0.994,2726.3,7.8151,0.2924,5.68,0,2,0.4228,0.2486,69.813,97.117,27.304,12.0731,0.3091,0
AGB-03,3997.0,64.4,2.2662,0.3094,1.791,2635.8,6.3433,0.3156,4.97,0,2,0.5185,0.254,69.875,97.141,27.266,9.3917,0.3595,0
AGB-03,3998.0,75.53,2.2116,0.319,0.987,2151.9,4.6324,0.3116,5.55,0,2,0.593,0.2643,69.937,97.165,27.228,6.5711,0.3431,0
AGB-03,3999.0,72.11,2.2494,0.3128,1.351,2437.2,5.0273,0.3208,4.77,0,2,0.5832,0.2626,69.999,97.19,27.191,7.1993,0.3785,0
AGB-03,4000.0,74.61,2.1917,0.3259,0.735,2402.3,4.7246,0.3422,4.05,0,2,0.5548,0.2786,70.061,97.214,27.153,6.7177,0.381,0
AGB-03,4001.0,64.34,2.2331,0.2994,0.794,2469.9,5.8504,0.3134,5.22,0,2,0.52,0.2624,70.123,97.238,27.115,8.5537,0.3482,0
AGB-03,4002.0,71.85,2.262,0.3064,1.361,2473.1,5.9224,0.2992,5.34,0,2,0.5419,0.2538,70.186,97.263,27.077,8.6761,0.3485,0
AGB-03,4003.0,76.73,2.1987,0.3462,0.74,2152.8,4.2639,0.3295,4.0,0,2,0.558,0.2885,70.248,97.287,27.039,6.0,0.3621,0
AGB-03,4004.0,71.91,2.2014,0.3401,1.032,2108.3,3.7958,0.3421,4.38,0,2,0.609,0.2832,70.31,97.311,27.001,5.286,0.3781,0
AGB-03,4005.0,76.82,2.1963,0.3377,0.966,2142.7,4.0022,0.3389,4.5,0,2,0.6009,0.2799,70.372,97.336,26.963,5.5997,0.3733,0
AGB-03,4006.0,71.67,2.2193,0.3424,0.417,2192.5,4.0584,0.341,4.63,0,2,0.5944,0.2824,70.435,97.36,26.925,5.6862,0.3804,0
AGB-03,4007.0,75.43,2.191,0.3496,1.595,2285.1,4.7159,0.3404,4.59,0,2,0.5517,0.2781,70.497,97.384,26.887,6.7089,0.363,0
AGB-03,4008.0,76.85,2.1712,0.3518,0.99,2004.9,3.2604,0.3425,3.08,0,2,0.6155,0.2954,70.56,97.408,26.849,4.4899,0.3861,0
AGB-03,4009.0,74.73,2.1401,0.3584,0.945,2073.7,3.3323,0.3622,3.87,0,2,0.5927,0.301,70.622,97.433,26.81,4.5963,0.3905,0
AGB-03,4010.0,65.69,2.2115,0.3122,1.196,2324.9,4.9183,0.3576,4.57,0,2,0.5154,0.2876,70.685,97.457,26.772,7.0328,0.3623,0
AGB-03,4011.0,63.29,2.1949,0.3184,1.07,2489.4,5.907,0.3225,4.32,1,2,0.4826,0.2723,70.747,97.481,26.734,8.659,0.345,0
AGB-03,4012.0,68.62,2.2122,0.3527,0.902,2280.1,4.6143,0.3382,3.97,0,2,0.5709,0.2748,70.81,97.506,26.696,6.5521,0.3686,0
AGB-03,4013.0,72.97,2.231,0.2968,0.793,2355.7,5.3762,0.3234,4.66,0,2,0.5516,0.2614,70.873,97.53,26.657,7.7765,0.3481,0
AGB-03,4014.0,66.63,2.2334,0.2884,1.105,2462.9,6.3811,0.3117,6.16,0,2,0.5154,0.2474,70.936,97.554,26.619,9.4756,0.3197,0
AGB-03,4015.0,67.34,2.2146,0.3253,0.631,2298.1,4.3428,0.363,4.19,0,2,0.605,0.2701,70.998,97.579,26.58,6.1297,0.3831,0
AGB-03,4016.0,75.79,2.1994,0.3536,1.118,2046.9,3.0537,0.3736,3.96,0,2,0.6231,0.3008,71.061,97.603,26.542,4.1901,0.4033,0
AGB-03,4017.0,72.75,2.255,0.2882,1.739,2516.6,5.9498,0.3141,5.38,0,2,0.5387,0.2536,71.124,97.627,26.503,8.7371,0.3541,0
AGB-03,4018.0,82.3,2.2106,0.3509,1.577,1965.4,3.1078,0.358,4.18,0,2,0.6579,0.2853,71.187,97.651,26.464,4.2699,0.3904,0
AGB-03,4019.0,68.98,2.169,0.3352,0.934,2238.8,4.6556,0.3386,4.43,0,2,0.5247,0.2877,71.25,97.676,26.426,6.6219,0.3551,0
AGB-03,4020.0,68.77,2.2555,0.3186,0.906,2418.0,5.6006,0.3177,5.06,0,2,0.5432,0.2602,71.313,97.7,26.387,8.1532,0.3518,0
AGB-03,4021.0,70.89,2.2117,0.349,1.478,2146.6,4.3605,0.3285,3.91,1,2,0.5582,0.2851,71.376,97.724,26.348,6.1608,0.3567,0
AGB-03,4022.0,74.66,2.2058,0.3568,0.917,2196.4,3.7304,0.3549,3.42,0,2,0.5943,0.2913,71.439,97.749,26.309,5.1967,0.3938,0
AGB-03,4023.0,73.11,2.1868,0.3178,1.256,2318.6,4.5518,0.3546,3.88,0,2,0.5534,0.2819,71.503,97.773,26.27,6.4611,0.3751,0
AGB-03,4024.0,61.96,2.2573,0.3105,1.488,2503.7,6.3754,0.3012,6.38,0,2,0.5141,0.2501,71.566,97.797,26.231,9.4762,0.3321,0
AGB-03,4025.0,82.67,2.1793,0.3509,1.029,2054.3,3.1708,0.3651,4.04,0,2,0.6385,0.2898,71.629,97.822,26.192,4.3651,0.3977,0
AGB-03,4026.0,67.98,2.2374,0.3083,0.934,2575.8,6.2807,0.3228,5.23,0,2,0.4915,0.2614,71.692,97.846,26.153,9.3133,0.3484,0
AGB-03,4027.0,59.34,2.2035,0.3061,0.958,2569.5,6.8017,0.2853,5.17,0,2,0.4417,0.2623,71.756,97.87,26.114,10.2336,0.318,0
AGB-03,4028.0,62.27,2.2178,0.2949,1.26,2640.8,6.9226,0.3128,5.43,0,2,0.4399,0.2622,71.819,97.894,26.075,10.4529,0.3296,0
AGB-03,4029.0,72.73,2.207,0.3209,1.117,2243.2,4.1402,0.3591,4.31,0,2,0.5906,0.2801,71.883,97.919,26.036,5.8247,0.383,0
AGB-03,4030.0,70.95,2.2193,0.2893,1.855,2312.6,4.9757,0.3371,4.35,0,2,0.5541,0.2702,71.946,97.943,25.997,7.1393,0.3577,0
AGB-03,4031.0,74.62,2.1777,0.3525,0.575,2079.4,2.8424,0.3863,3.53,0,2,0.6226,0.3068,72.01,97.967,25.958,3.8883,0.4145,0
AGB-03,4032.0,68.6,2.2375,0.334,1.024,2477.7,5.6301,0.3374,4.59,0,2,0.5431,0.2585,72.073,97.992,25.918,8.2124,0.359,0
AGB-03,4033.0,73.94,2.2138,0.3274,1.087,2204.1,4.27,0.3432,4.9,0,2,0.591,0.2756,72.137,98.016,25.879,6.0275,0.3716,0
AGB-03,4034.0,70.77,2.2618,0.3238,1.156,2383.2,4.6588,0.3582,5.11,0,2,0.6016,0.2645,72.201,98.04,25.84,6.6368,0.3854,0
AGB-03,4035.0,69.47,2.2274,0.3431,1.596,2358.2,4.6346,0.3356,5.26,0,2,0.5833,0.27,72.265,98.065,25.8,6.5992,0.3805,0
AGB-03,4036.0,72.87,2.2099,0.3095,0.955,2222.2,4.6442,0.322,3.67,0,2,0.5597,0.2759,72.328,98.089,25.761,6.615,0.3561,0
AGB-03,4037.0,64.22,2.2651,0.3198,1.382,2448.8,6.029,0.3119,4.97,0,2,0.52,0.2567,72.392,98.113,25.721,8.891,0.3381,0
AGB-03,4038.0,69.04,2.2195,0.3242,1.628,2254.4,4.8413,0.331,4.05,0,2,0.567,0.268,72.456,98.138,25.681,6.9296,0.3532,0
AGB-03,4039.0,60.69,2.2132,0.3212,1.276,2392.5,5.3979,0.3428,3.93,0,2,0.5069,0.276,72.52,98.162,25.642,7.8333,0.3517,0
AGB-03,4040.0,64.38,2.2493,0.2756,0.618,2591.6,6.6907,0.2958,5.39,0,2,0.4952,0.2482,72.584,98.186,25.602,10.0498,0.3339,0
AGB-03,4041.0,75.95,2.2054,0.3395,0.641,2186.9,3.9331,0.3439,4.11,0,2,0.5924,0.2846,72.648,98.21,25.562,5.5137,0.3835,0
AGB-03,4042.0,63.37,2.2592,0.2851,1.298,2706.9,7.3116,0.31,6.3,0,2,0.4624,0.2457,72.712,98.235,25.522,11.1845,0.3297,0
AGB-03,4043.0,69.62,2.2065,0.318,0.831,2251.7,4.4016,0.3344,4.62,0,2,0.5661,0.2808,72.776,98.259,25.483,6.2381,0.3725,0
AGB-03,4044.0,68.8,2.1585,0.3274,0.546,2141.1,3.8962,0.3494,3.43,0,2,0.5608,0.2948,72.841,98.283,25.443,5.459,0.3745,0
AGB-03,4045.0,66.69,2.183,0.3111,1.17,2298.5,4.9388,0.3299,4.56,0,2,0.5204,0.2809,72.905,98.308,25.403,7.0905,0.353,0
AGB-03,4046.0,71.48,2.1884,0.338,1.041,2166.7,3.8883,0.3371,4.25,0,2,0.5809,0.2891,72.969,98.332,25.363,5.4478,0.3812,0
AGB-03,4047.0,67.19,2.1675,0.3691,1.307,1998.0,3.1199,0.3539,3.49,0,2,0.5998,0.3044,73.033,98.356,25.323,4.2989,0.3913,0
AGB-03,4048.0,73.95,2.2345,0.339,1.189,2238.5,4.6219,0.3338,3.86,0,2,0.5711,0.2732,73.098,98.381,25.283,6.587,0.3623,0
AGB-03,4049.0,29.94,2.3491,0.2178,0.915,3839.6,13.4533,0.2269,10.11,0,0,0.113,0.1995,73.162,98.405,25.243,28.5854,0.255,0
AGB-03,4050.0,37.23,2.3548,0.179,1.442,3856.3,13.6699,0.2002,11.44,0,0,0.0798,0.1973,73.227,98.429,25.202,29.9854,0.2345,0
AGB-03,4051.0,28.8,2.2659,0.2086,1.342,3729.7,13.1784,0.2056,10.17,0,0,0.0504,0.2229,73.291,98.453,25.162,27.1212,0.2316,0
AGB-03,4052.0,31.14,2.3069,0.2053,1.437,3587.5,13.063,0.1792,11.55,0,0,0.0928,0.2103,73.356,98.478,25.122,26.5693,0.2045,0
AGB-03,4053.0,35.53,2.2958,0.2131,2.131,3557.6,12.5485,0.2348,8.04,0,0,0.14,0.2183,73.421,98.502,25.082,24.3897,0.2461,0
AGB-03,4054.0,33.91,2.3116,0.232,0.96,3671.6,12.9763,0.2326,9.18,0,0,0.0982,0.2197,73.485,98.526,25.041,26.1806,0.2456,0
AGB-03,4055.0,29.33,2.3121,0.1991,1.197,3616.0,12.948,0.2103,11.79,0,0,0.1331,0.2045,73.55,98.551,25.001,26.0582,0.2305,0
AGB-03,4056.0,23.27,2.3134,0.1663,1.752,3913.1,13.8611,0.1812,13.54,0,0,0.02,0.1965,73.615,98.575,24.96,31.5957,0.207,0
AGB-03,4057.0,34.57,2.2797,0.2195,0.994,3601.4,12.7579,0.2212,11.08,0,0,0.1196,0.2146,73.679,98.599,24.92,25.247,0.2362,0
AGB-03,4058.0,19.28,2.343,0.1829,2.178,4038.9,13.9902,0.2212,14.39,0,0,0.02,0.1929,73.744,98.624,24.879,33.0256,0.2289,0
AGB-03,4059.0,34.86,2.2888,0.2185,1.408,3614.3,12.5957,0.2241,8.97,0,0,0.1415,0.2165,73.809,98.648,24.839,24.5962,0.2567,0
AGB-03,4060.0,27.1,2.3326,0.1835,0.84,3790.7,13.6675,0.1845,12.29,0,0,0.0439,0.2008,73.874,98.672,24.798,30.056,0.2029,0
AGB-03,4061.0,22.06,2.3593,0.1395,1.233,3950.0,13.9906,0.1702,16.0,0,0,0.02,0.1881,73.939,98.697,24.757,33.0758,0.2013,0
AGB-03,4062.0,38.38,2.3026,0.2013,1.39,3652.1,12.9078,0.2142,9.96,0,0,0.1343,0.2062,74.004,98.721,24.717,25.9077,0.2433,0
AGB-03,4063.0,34.28,2.3109,0.2159,1.984,3652.7,13.0996,0.2104,9.72,1,0,0.1216,0.2006,74.069,98.745,24.676,26.794,0.2253,0
AGB-03,4064.0,28.15,2.3117,0.1912,0.925,3845.6,13.665,0.1738,12.79,0,0,0.0373,0.2036,74.135,98.769,24.635,30.0646,0.2172,0
AGB-03,4065.0,34.86,2.2858,0.2204,2.79,3612.4,12.0084,0.246,7.89,0,0,0.1705,0.2304,74.2,98.794,24.594,22.4832,0.2947,0
AGB-03,4066.0,33.76,2.2856,0.2158,1.665,3606.0,12.9556,0.1886,9.11,0,0,0.0791,0.2185,74.265,98.818,24.553,26.1327,0.2173,0
AGB-03,4067.0,21.11,2.3057,0.198,0.95,3825.2,13.5531,0.1899,9.75,0,0,0.0337,0.2119,74.33,98.842,24.512,29.3206,0.2252,0
AGB-03,4068.0,30.04,2.3019,0.1973,1.688,3613.4,13.0713,0.1873,9.86,0,0,0.0943,0.2079,74.396,98.867,24.471,26.6806,0.2105,0
AGB-03,4069.0,37.41,2.2611,0.2179,1.29,3553.9,12.326,0.2242,8.71,0,0,0.1283,0.2267,74.461,98.891,24.43,23.6038,0.2543,0
AGB-03,4070.0,36.08,2.3259,0.1849,1.277,3612.2,13.1318,0.1859,8.89,0,0,0.0951,0.207,74.526,98.915,24.389,26.979,0.2095,0
AGB-03,4071.0,28.57,2.3269,0.1946,1.819,3809.1,13.6171,0.201,9.98,0,0,0.0613,0.1974,74.592,98.94,24.348,29.7713,0.2153,0
AGB-03,4072.0,41.15,2.2446,0.2418,0.979,3121.4,10.409,0.23,7.7,0,1,0.2173,0.2489,74.658,98.964,24.306,17.8773,0.2599,0
AGB-03,4073.0,44.87,2.2378,0.2755,1.153,2978.7,9.3296,0.2631,6.11,0,1,0.2749,0.2583,74.723,98.988,24.265,15.3171,0.2857,0
AGB-03,4074.0,43.41,2.2932,0.2332,1.32,3223.6,11.1398,0.2318,7.55,0,1,0.2158,0.2316,74.789,99.012,24.224,19.8351,0.2506,0
AGB-03,4075.0,48.92,2.2205,0.2563,1.094,2973.0,9.603,0.2365,5.93,1,1,0.283,0.2433,74.854,99.037,24.182,15.9387,0.2631,0
AGB-03,4076.0,50.61,2.2804,0.2735,1.166,2970.1,9.5543,0.2441,6.21,0,1,0.3069,0.2421,74.92,99.061,24.141,15.8284,0.2775,0
AGB-03,4077.0,48.31,2.2555,0.2432,0.955,3235.0,10.8679,0.2304,7.53,0,1,0.2338,0.2311,74.986,99.085,24.099,19.0874,0.2652,0
AGB-03,4078.0,37.9,2.3081,0.2318,0.967,3189.0,11.3567,0.1955,7.08,0,1,0.2087,0.2244,75.052,99.11,24.058,20.468,0.223,0
AGB-03,4079.0,48.56,2.2732,0.2551,1.054,3066.9,10.1608,0.2356,7.1,0,1,0.2726,0.2369,75.118,99.134,24.016,17.2683,0.2657,0
AGB-03,4080.0,48.03,2.2342,0.2509,0.897,2993.2,9.2503,0.2853,6.4,1,1,0.3004,0.2506,75.184,99.158,23.975,15.1488,0.2932,0
AGB-03,4081.0,51.67,2.2204,0.2757,0.85,2928.2,9.2262,0.2453,6.72,0,1,0.2744,0.2575,75.25,99.183,23.933,15.0965,0.2741,0
AGB-03,4082.0,48.29,2.3035,0.233,1.065,3484.8,11.9117,0.2483,8.61,0,1,0.1889,0.2227,75.316,99.207,23.891,22.2035,0.2737,0
AGB-03,4083.0,41.34,2.2473,0.2501,1.204,3075.3,9.8022,0.2608,6.26,0,1,0.263,0.2504,75.382,99.231,23.85,16.4126,0.2853,0
AGB-03,4084.0,99.36,2.0611,0.4645,1.42,1450.0,1.326,0.3728,2.57,0,3,0.8856,0.3723,75.448,99.255,23.808,1.7656,0.416,0
AGB-03,4085.0,96.43,2.1083,0.44,2.71,1450.0,1.3555,0.3764,2.03,0,3,0.8878,0.3511,75.514,99.28,23.766,1.8061,0.416,0
AGB-03,4086.0,88.64,2.1374,0.4,1.606,1554.8,1.3855,0.3907,3.17,0,3,0.8237,0.316,75.58,99.304,23.724,1.8472,0.4285,0
AGB-03,4087.0,98.0,2.1298,0.3968,1.385,1450.0,1.3688,0.3737,2.84,0,3,0.8338,0.3244,75.646,99.328,23.682,1.8245,0.416,0
AGB-03,4088.0,89.2,2.1005,0.4264,1.062,1450.0,1.3504,0.385,2.44,0,3,0.8203,0.3523,75.713,99.353,23.64,1.7994,0.416,0
AGB-03,4089.0,103.63,2.0925,0.4288,2.866,1450.0,1.3453,0.3884,2.58,0,3,0.9296,0.3499,75.779,99.377,23.598,1.7926,0.416,0
AGB-03,4090.0,94.93,2.1168,0.4136,1.581,1450.0,1.3605,0.3754,2.53,0,3,0.8177,0.331,75.845,99.401,23.556,1.8134,0.416,0
AGB-03,4091.0,93.55,2.0944,0.4294,2.53,1450.0,1.3463,0.39,2.42,0,3,0.9035,0.349,75.912,99.426,23.514,1.7942,0.416,0
AGB-03,4092.0,96.2,2.1008,0.4195,2.485,1450.0,1.3503,0.3837,2.43,0,3,0.8729,0.3421,75.978,99.45,23.471,1.7997,0.416,0
AGB-03,4093.0,98.74,2.1407,0.394,1.211,1450.0,1.3752,0.3671,3.05,0,3,0.8517,0.3149,76.045,99.474,23.429,1.8339,0.416,0
AGB-03,4094.0,103.1,2.122,0.4066,3.462,1450.0,1.3634,0.3823,2.67,1,3,0.8854,0.3269,76.112,99.499,23.387,1.8178,0.416,0
AGB-03,4095.0,90.08,2.1692,0.3969,1.648,1450.0,1.3928,0.3867,2.81,0,3,0.8353,0.3247,76.178,99.523,23.345,1.8583,0.416,0
AGB-03,4096.0,100.83,2.1125,0.4197,2.134,1450.0,1.3572,0.381,1.99,0,3,0.8919,0.3379,76.245,99.547,23.302,1.8097,0.416,0
AGB-03,4097.0,97.91,2.1191,0.4064,1.564,1450.0,1.3613,0.3984,2.26,0,3,0.8499,0.3343,76.312,99.571,23.26,1.8153,0.416,0
AGB-03,4098.0,92.78,2.1102,0.4335,1.436,1450.0,1.3556,0.3872,2.24,0,3,0.849,0.3432,76.378,99.596,23.217,1.8077,0.416,0
AGB-03,4099.0,97.58,2.0953,0.4339,3.044,1450.0,1.3462,0.384,2.16,0,3,0.8968,0.3585,76.445,99.62,23.175,1.7949,0.416,0
AGB-03,4100.0,93.17,2.1099,0.4409,1.614,1450.0,1.3553,0.3907,2.45,0,3,0.9012,0.3508,76.512,99.644,23.132,1.8075,0.416,0
AGB-03,4101.0,98.36,2.1754,0.3961,1.999,1487.2,1.4008,0.3832,2.88,0,3,0.8197,0.3183,76.579,99.669,23.089,1.8699,0.4208,0
AGB-03,4102.0,32.36,2.3185,0.2084,0.942,3695.0,13.3428,0.176,9.6,0,0,0.0322,0.215,76.646,99.693,23.047,28.2899,0.2055,0
AGB-03,4103.0,38.55,2.288,0.221,1.069,3357.8,11.7639,0.2112,8.02,0,0,0.1572,0.2303,76.713,99.717,23.004,21.7909,0.2425,0
AGB-03,4104.0,38.84,2.2672,0.1923,0.808,3301.4,12.1073,0.1495,7.03,0,0,0.1104,0.2221,76.78,99.742,22.961,22.9442,0.172,0
AGB-03,4105.0,26.22,2.3143,0.1945,1.546,3908.4,13.7208,0.2091,10.63,0,0,0.02,0.2004,76.847,99.766,22.918,30.8832,0.2218,0
AGB-03,4106.0,39.03,2.2502,0.2427,0.74,3439.5,11.6916,0.2396,6.21,0,0,0.1301,0.2428,76.915,99.79,22.876,21.5704,0.2642,0
AGB-03,4107.0,27.37,2.2684,0.2165,1.15,3581.4,12.927,0.1943,7.34,0,0,0.02,0.2312,76.982,99.814,22.833,26.2053,0.1994,0
AGB-03,4108.0,25.84,2.3155,0.1974,1.386,3903.9,13.644,0.2133,13.13,0,0,0.0352,0.2013,77.049,99.839,22.79,30.3114,0.2326,0
AGB-03,4109.0,22.73,2.282,0.2067,1.535,3729.7,12.994,0.2146,7.27,0,0,0.0617,0.2229,77.116,99.863,22.747,26.5301,0.2484,0
AGB-03,4110.0,31.09,2.3144,0.1937,1.467,3541.2,12.9595,0.1605,9.65,0,0,0.1023,0.2009,77.184,99.887,22.704,26.3735,0.192,0
AGB-03,4111.0,28.16,2.2843,0.2364,1.309,3558.6,12.785,0.1842,9.24,0,0,0.062,0.2244,77.251,99.912,22.66,25.5946,0.2129,0
AGB-03,4112.0,44.43,2.2262,0.2716,0.524,3216.8,10.6663,0.2499,4.82,1,0,0.172,0.2541,77.319,99.936,22.617,18.6266,0.2652,0
AGB-03,4113.0,29.56,2.3162,0.2156,1.127,3664.6,13.0035,0.1959,10.2,0,0,0.0911,0.2116,77.386,99.96,22.574,26.5966,0.2354,0
AGB-03,4114.0,29.5,2.2908,0.1991,0.683,3598.6,12.8071,0.1977,8.41,0,0,0.0627,0.2262,77.454,99.985,22.531,25.7053,0.2271,0
AGB-03,4115.0,28.97,2.2918,0.2148,1.453,3679.2,12.9241,0.2216,8.95,0,0,0.071,0.221,77.521,100.009,22.487,26.2353,0.2418,0
AGB-03,4116.0,21.03,2.3098,0.206,1.774,3719.5,13.2147,0.2116,9.29,0,0,0.0345,0.2214,77.589,100.033,22.444,27.6781,0.2274,0
AGB-03,4117.0,25.65,2.3005,0.2214,0.882,3566.3,12.8061,0.1809,9.11,0,0,0.0716,0.2216,77.657,100.058,22.401,25.7145,0.2177,0
AGB-03,4118.0,33.99,2.3135,0.2181,1.064,3581.0,12.7277,0.2036,9.32,0,0,0.0873,0.2231,77.725,100.082,22.357,25.3806,0.2351,0
AGB-03,4119.0,27.39,2.3339,0.2145,1.728,3807.6,13.4602,0.2057,11.19,0,0,0.0502,0.2058,77.792,100.106,22.314,29.1317,0.2312,0
AGB-03,4120.0,33.99,2.3244,0.2053,1.336,3668.8,13.2309,0.1791,9.07,0,0,0.0458,0.2137,77.86,100.13,22.27,27.7903,0.2101,0
AGB-03,4121.0,37.79,2.3131,0.2359,0.678,3476.9,12.364,0.2116,7.43,0,0,0.129,0.2199,77.928,100.155,22.227,23.9367,0.2347,0
AGB-03,4122.0,27.71,2.2818,0.2036,2.03,3697.6,12.9324,0.2269,9.45,0,0,0.0657,0.221,77.996,100.179,22.183,26.305,0.2435,0
AGB-03,4123.0,30.57,2.3002,0.2147,0.929,3572.2,12.6703,0.2043,7.89,0,0,0.0964,0.2195,78.064,100.203,22.139,25.156,0.234,0
AGB-03,4124.0,22.79,2.3372,0.1878,2.118,3731.7,13.6102,0.1405,13.21,0,0,0.02,0.1959,78.132,100.228,22.095,30.1974,0.1728,0
AGB-03,4125.0,28.02,2.2943,0.212,0.967,3582.9,12.8,0.2118,8.46,0,0,0.0711,0.2211,78.2,100.252,22.052,25.7181,0.2221,0
AGB-03,4126.0,27.79,2.3093,0.2259,1.499,3533.0,12.7401,0.2046,8.16,0,0,0.0667,0.225,78.268,100.276,22.008,25.4615,0.2141,0
AGB-03,4127.0,28.66,2.2863,0.2197,1.959,3595.5,12.9549,0.1762,9.53,0,0,0.058,0.2153,78.337,100.301,21.964,26.4277,0.2051,0
AGB-03,4128.0,25.13,2.2672,0.2142,0.845,3645.8,12.5492,0.2346,7.94,0,0,0.0669,0.2361,78.405,100.325,21.92,24.6743,0.2591,0
AGB-03,4129.0,29.76,2.2986,0.2078,0.613,3545.4,12.5742,0.2174,8.84,0,0,0.0843,0.2268,78.473,100.349,21.876,24.7781,0.2336,0
AGB-03,4130.0,35.1,2.3029,0.1998,0.888,3526.4,12.7203,0.1972,8.26,0,0,0.0677,0.2237,78.542,100.373,21.832,25.3871,0.2115,0
AGB-03,4131.0,29.65,2.2641,0.227,2.215,3469.4,12.2134,0.2009,6.69,0,0,0.0822,0.2367,78.61,100.398,21.788,23.4043,0.2327,0
AGB-03,4132.0,25.65,2.3238,0.1983,1.521,3580.1,13.1706,0.1752,11.04,0,0,0.02,0.2177,78.678,100.422,21.744,27.5179,0.177,0
AGB-03,4133.0,25.86,2.2959,0.1892,1.247,3714.7,13.1832,0.2035,12.03,0,0,0.0587,0.2087,78.747,100.446,21.699,27.589,0.2239,0
AGB-03,4134.0,34.74,2.2813,0.2104,1.225,3500.5,12.4926,0.2002,8.39,0,0,0.0878,0.2236,78.815,100.471,21.655,24.4664,0.2205,0
AGB-03,4135.0,30.74,2.3133,0.197,1.23,3594.5,12.8491,0.1886,8.53,0,0,0.0807,0.2166,78.884,100.495,21.611,25.9673,0.2254,0
AGB-03,4136.0,24.53,2.3045,0.1874,1.006,3703.1,13.2313,0.1894,9.09,0,0,0.02,0.2201,78.953,100.519,21.567,27.8606,0.2155,0
AGB-03,4137.0,30.06,2.2775,0.193,1.055,3543.3,12.732,0.1708,9.54,0,0,0.0658,0.2197,79.021,100.544,21.522,25.4586,0.2083,0
AGB-03,4138.0,29.84,2.2856,0.2024,1.627,3612.2,12.9301,0.2047,10.24,0,0,0.0536,0.2181,79.09,100.568,21.478,26.3481,0.214,0
AGB-03,4139.0,25.3,2.3122,0.189,2.622,3705.9,13.3935,0.1931,13.33,0,0,0.02,0.2076,79.159,100.592,21.433,28.8156,0.1932,0
AGB-03,4140.0,32.77,2.2615,0.2092,0.922,3580.0,12.4012,0.2378,7.89,1,0,0.0882,0.2295,79.228,100.616,21.389,24.1254,0.2506,0
AGB-03,4141.0,36.62,2.2652,0.2342,0.704,3414.1,11.8939,0.225,7.0,0,0,0.1029,0.24,79.297,100.641,21.344,22.3146,0.2422,0
AGB-03,4142.0,34.91,2.2817,0.2192,0.669,3598.0,12.334,0.2453,6.48,0,0,0.0909,0.2353,79.366,100.665,21.3,23.8754,0.2654,0
AGB-03,4143.0,28.93,2.3124,0.2039,1.003,3596.3,13.1038,0.1604,8.72,0,0,0.02,0.2208,79.435,100.689,21.255,27.2144,0.1909,0
AGB-03,4144.0,40.01,2.2627,0.23,0.731,3378.0,11.9322,0.2092,7.76,0,0,0.0974,0.2371,79.504,100.714,21.21,22.4505,0.2249,0
AGB-03,4145.0,28.69,2.2876,0.228,0.951,3509.6,12.4839,0.1969,8.72,0,0,0.0869,0.2244,79.573,100.738,21.165,24.462,0.2259,0
AGB-03,4146.0,29.92,2.2992,0.2063,1.4,3600.6,12.7144,0.2103,8.2,0,0,0.1007,0.2134,79.642,100.762,21.121,25.4117,0.2372,0
AGB-03,4147.0,39.3,2.2815,0.2061,0.977,3531.3,12.2355,0.2355,7.43,0,0,0.1098,0.2287,79.711,100.787,21.076,23.5235,0.2541,0
AGB-03,4148.0,29.78,2.329,0.1855,0.789,3606.8,12.6424,0.2297,10.74,0,0,0.1302,0.2104,79.78,100.811,21.031,25.1143,0.2528,0
AGB-03,4149.0,25.97,2.2658,0.242,1.301,3571.8,12.3156,0.2367,5.99,1,0,0.0458,0.249,79.849,100.835,20.986,23.8261,0.2558,0
AGB-03,4150.0,28.78,2.2741,0.2313,0.907,3534.4,12.4871,0.2195,8.88,0,0,0.0857,0.2235,79.919,100.86,20.941,24.4876,0.2304,0
AGB-03,4151.0,28.83,2.2847,0.2216,1.041,3520.5,12.8389,0.1531,7.51,0,0,0.0211,0.2263,79.988,100.884,20.896,25.9738,0.1837,0
AGB-03,4152.0,25.42,2.2715,0.2151,0.878,3592.6,12.8967,0.1689,9.61,0,0,0.0422,0.2184,80.058,100.908,20.851,26.2405,0.2044,0
AGB-03,4153.0,23.03,2.3604,0.1915,1.537,3724.5,13.5249,0.1609,9.59,0,0,0.0275,0.1998,80.127,100.932,20.805,29.751,0.1921,0
AGB-03,4154.0,28.28,2.2827,0.2072,1.639,3588.0,12.724,0.1957,8.75,0,0,0.0535,0.2264,80.197,100.957,20.76,25.4743,0.2269,0
AGB-03,4155.0,36.52,2.2569,0.226,0.842,3432.9,11.6772,0.2299,7.66,0,0,0.1357,0.2352,80.266,100.981,20.715,21.6311,0.2624,0
AGB-03,4156.0,34.47,2.2898,0.2213,1.703,3437.5,12.0349,0.2108,8.68,0,0,0.131,0.2251,80.336,101.005,20.67,22.8224,0.2434,0
AGB-03,4157.0,33.97,2.2844,0.2032,1.108,3416.3,12.0567,0.2217,8.13,1,0,0.1186,0.2266,80.405,101.03,20.624,22.8987,0.2327,0
AGB-03,4158.0,41.98,2.2441,0.2477,1.59,3071.8,10.2893,0.1895,5.89,0,1,0.202,0.2469,80.475,101.054,20.579,17.7092,0.2481,0
AGB-03,4159.0,45.07,2.2213,0.2573,0.784,3008.3,9.4721,0.2312,5.24,0,1,0.2527,0.2524,80.545,101.078,20.533,15.744,0.2795,0
AGB-03,4160.0,43.46,2.2337,0.272,1.701,3021.5,9.1487,0.263,6.13,0,1,0.2622,0.2615,80.615,101.103,20.488,15.0156,0.3031,0
AGB-03,4161.0,54.41,2.2282,0.2914,0.808,2652.9,7.6434,0.26,4.95,0,1,0.3332,0.2712,80.685,101.127,20.442,11.9069,0.2919,0
AGB-03,4162.0,51.09,2.2445,0.2829,0.536,3062.9,9.309,0.3009,5.21,0,1,0.2668,0.2566,80.755,101.151,20.397,15.3729,0.306,0
AGB-03,4163.0,37.95,2.218,0.2648,0.785,2937.4,9.3579,0.2524,4.8,0,1,0.2206,0.2651,80.824,101.175,20.351,15.4833,0.2649,0
AGB-03,4164.0,53.52,2.2402,0.267,0.878,2878.9,8.5188,0.2775,4.49,0,1,0.3263,0.2534,80.895,101.2,20.305,13.6625,0.3033,0
AGB-03,4165.0,40.33,2.2481,0.2766,0.875,3027.4,9.8871,0.2576,5.28,0,1,0.2178,0.254,80.965,101.224,20.26,16.7155,0.2636,0
AGB-03,4166.0,44.7,2.2649,0.2461,0.745,3182.2,10.323,0.2639,5.02,0,1,0.2194,0.2458,81.035,101.248,20.214,17.7919,0.2834,0
AGB-03,4167.0,42.47,2.2249,0.2657,0.902,2966.7,9.7058,0.226,5.64,0,1,0.2126,0.257,81.105,101.273,20.168,16.283,0.2512,0
AGB-03,4168.0,44.82,2.2078,0.2706,0.765,3072.6,9.9052,0.2526,4.99,0,1,0.2014,0.2567,81.175,101.297,20.122,16.7566,0.2679,0
AGB-03,4169.0,94.51,2.0244,0.427,1.351,1450.0,1.2987,0.3742,1.88,0,3,0.8519,0.372,81.245,101.321,20.076,1.7342,0.416,0
AGB-03,4170.0,90.31,2.0988,0.4373,0.962,1450.0,1.3453,0.3727,2.34,0,3,0.8199,0.3446,81.316,101.346,20.03,1.7979,0.416,0
AGB-03,4171.0,88.12,2.0822,0.412,1.329,1450.0,1.335,0.3867,2.27,0,3,0.8262,0.3448,81.386,101.37,19.984,1.7837,0.416,0
AGB-03,4172.0,88.24,2.0835,0.4423,1.435,1450.0,1.3359,0.3771,1.9,0,3,0.8307,0.3633,81.456,101.394,19.938,1.7849,0.416,0
AGB-03,4173.0,88.55,2.0755,0.4127,1.192,1450.0,1.331,0.3872,1.86,0,3,0.8045,0.3574,81.527,101.419,19.892,1.778,0.416,0
AGB-03,4174.0,96.77,2.0883,0.418,1.645,1450.0,1.3391,0.3857,2.24,0,3,0.8635,0.3457,81.597,101.443,19.845,1.789,0.416,0
AGB-03,4175.0,88.38,2.1263,0.4112,1.006,1450.0,1.3629,0.3687,2.61,0,3,0.794,0.3329,81.668,101.467,19.799,1.8215,0.416,0
AGB-03,4176.0,97.61,2.0783,0.4403,1.07,1450.0,1.333,0.3729,1.72,0,3,0.8417,0.3766,81.738,101.491,19.753,1.7804,0.416,0
AGB-03,4177.0,98.08,2.0436,0.4558,1.225,1450.0,1.3113,0.3822,1.71,0,3,0.9053,0.369,81.809,101.516,19.707,1.7506,0.416,0
AGB-03,4178.0,90.06,2.0496,0.4737,0.912,1450.0,1.3152,0.3766,1.69,0,3,0.7844,0.3856,81.88,101.54,19.66,1.7558,0.416,0
AGB-03,4179.0,89.6,2.0607,0.4484,1.201,1450.0,1.3223,0.387,1.78,0,3,0.8138,0.3717,81.951,101.564,19.614,1.7653,0.416,0
AGB-03,4180.0,98.91,2.0545,0.4441,2.549,1450.0,1.3185,0.3761,1.71,0,3,0.9748,0.3783,82.021,101.589,19.567,1.76,0.416,0
AGB-03,4181.0,94.79,2.1019,0.4315,1.349,1450.0,1.3483,0.3979,2.58,0,3,0.8687,0.3408,82.092,101.613,19.521,1.8006,0.416,0
AGB-03,4182.0,90.0,2.058,0.4277,1.4,1450.0,1.3209,0.3827,1.97,0,3,0.833,0.3643,82.163,101.637,19.474,1.763,0.416,0
AGB-03,4183.0,93.6,2.0825,0.4193,1.386,1450.0,1.3363,0.3889,1.75,0,3,0.8403,0.3664,82.234,101.662,19.427,1.784,0.416,0
AGB-03,4184.0,90.1,2.09,0.4231,1.204,1450.0,1.3411,0.3808,2.18,0,3,0.8164,0.3591,82.305,101.686,19.381,1.7904,0.416,0
AGB-03,4185.0,92.05,2.0501,0.4405,0.833,1450.0,1.3163,0.3863,2.12,0,3,0.8015,0.3732,82.376,101.71,19.334,1.7563,0.416,0
AGB-03,4186.0,87.34,2.0801,0.4375,1.791,1450.0,1.3351,0.3907,1.82,0,3,0.8609,0.378,82.447,101.734,19.287,1.7819,0.416,0
AGB-03,4187.0,98.54,2.0877,0.4349,1.2,1450.0,1.3399,0.3982,2.61,0,3,0.8564,0.3523,82.518,101.759,19.24,1.7884,0.416,0
AGB-03,4188.0,88.43,2.0848,0.4152,1.408,1450.0,1.3382,0.3899,2.53,0,3,0.797,0.3472,82.59,101.783,19.194,1.786,0.416,0
AGB-03,4189.0,93.6,2.0129,0.4551,1.273,1450.0,1.2933,0.3817,1.7,0,3,0.8626,0.3858,82.661,101.807,19.147,1.7244,0.416,0
AGB-03,4190.0,95.42,2.0722,0.4567,1.814,1450.0,1.3305,0.3809,2.08,0,3,0.8547,0.3715,82.732,101.832,19.1,1.7752,0.416,0
AGB-03,4191.0,97.34,2.0354,0.4512,1.189,1450.0,1.3075,0.3956,1.52,0,3,0.8671,0.3847,82.803,101.856,19.053,1.7436,0.416,0
AGB-03,4192.0,97.44,2.0754,0.4243,2.066,1450.0,1.3326,0.3939,1.94,0,3,0.9063,0.3576,82.875,101.88,19.005,1.7779,0.416,0
AGB-03,4193.0,94.58,2.0089,0.4776,2.139,1450.0,1.291,0.401,1.27,0,3,0.9438,0.4047,82.946,101.905,18.958,1.7209,0.416,0
AGB-03,4194.0,93.86,2.0425,0.4449,1.872,1450.0,1.3122,0.3837,1.8,0,3,0.813,0.3794,83.018,101.929,18.911,1.7497,0.416,0
AGB-03,4195.0,91.5,2.0679,0.4249,1.224,1450.0,1.3282,0.3892,2.03,0,3,0.7984,0.3575,83.089,101.953,18.864,1.7715,0.416,0
AGB-03,4196.0,94.71,2.0125,0.4752,1.015,1450.0,1.2935,0.3663,1.38,0,3,0.8646,0.4003,83.161,101.977,18.817,1.724,0.416,0
AGB-03,4197.0,92.77,2.0979,0.43,1.256,1450.0,1.347,0.3944,1.88,0,3,0.8595,0.3499,83.232,102.002,18.769,1.7972,0.416,0
AGB-03,4198.0,95.39,2.0736,0.4538,1.518,1450.0,1.3318,0.3871,1.76,0,3,0.8478,0.3671,83.304,102.026,18.722,1.7764,0.416,0
AGB-03,4199.0,99.69,2.0224,0.468,2.137,1450.0,1.2997,0.381,1.88,0,3,0.9052,0.3834,83.376,102.05,18.674,1.7325,0.416,0
AGB-03,4200.0,93.21,2.0993,0.4288,1.474,1450.0,1.3479,0.3841,1.79,0,3,0.8691,0.3632,83.448,102.075,18.627,1.7984,0.416,0
